"Popolazione per età, vista per singola area - Provincia: Pistoia"

"Ricostruzione della popolazione intercensuaria - Popolazione al 1° gennaio per età"
"Tutte le cittadinanze - Provincia: Pistoia"
Età/Anno;2002;2003;2004;2005;2006;2007;2008;2009;2010;2011;2012;2013;2014;2015;2016;2017;2018;2019
Età;Totale
0;2174;2306;2261;2442;2466;2499;2542;2689;2564;2518;2572;2413;2237;2285;2200;2036;2059;2009
1;2223;2235;2331;2300;2451;2473;2537;2561;2691;2531;2539;2575;2407;2272;2308;2211;2064;2074
2;2133;2243;2279;2366;2331;2454;2500;2565;2575;2673;2512;2536;2577;2417;2267;2309;2219;2092
3;2189;2155;2299;2310;2398;2348;2480;2529;2590;2567;2654;2523;2553;2586;2428;2278;2318;2235
4;2117;2228;2195;2349;2353;2428;2393;2513;2514;2595;2570;2655;2535;2550;2589;2428;2279;2341
5;2043;2144;2277;2215;2396;2385;2461;2407;2514;2515;2582;2598;2661;2551;2539;2580;2439;2314
6;2063;2078;2178;2293;2244;2434;2411;2500;2451;2512;2513;2580;2589;2669;2564;2533;2584;2461
7;2005;2093;2120;2208;2338;2274;2466;2453;2506;2477;2526;2521;2578;2587;2677;2575;2534;2580
8;2090;2056;2122;2165;2243;2351;2303;2497;2474;2516;2501;2524;2535;2558;2601;2690;2594;2564
9;2098;2119;2094;2166;2233;2266;2388;2349;2535;2490;2530;2512;2534;2540;2572;2606;2710;2611
10;2180;2112;2142;2123;2188;2265;2339;2438;2369;2555;2495;2535;2502;2537;2541;2586;2615;2730
11;2189;2215;2158;2210;2166;2206;2297;2371;2457;2376;2583;2509;2540;2493;2545;2554;2585;2639
12;2217;2218;2253;2191;2255;2182;2253;2334;2393;2471;2407;2581;2506;2532;2486;2541;2564;2609
13;2183;2225;2247;2279;2220;2292;2225;2287;2350;2424;2492;2403;2582;2498;2539;2490;2561;2582
14;2076;2205;2249;2269;2312;2270;2318;2270;2307;2357;2436;2485;2415;2594;2504;2546;2499;2594
15;2152;2088;2228;2259;2312;2319;2308;2354;2302;2313;2358;2430;2466;2414;2597;2494;2545;2507
16;2319;2168;2116;2271;2286;2332;2345;2349;2373;2325;2321;2346;2430;2466;2422;2595;2503;2562
17;2299;2345;2180;2126;2314;2333;2366;2374;2389;2383;2332;2336;2355;2436;2455;2425;2602;2532
18;2402;2338;2390;2246;2185;2356;2406;2432;2436;2427;2406;2327;2332;2353;2436;2481;2467;2638
19;2425;2460;2406;2446;2295;2241;2436;2500;2519;2479;2454;2413;2345;2354;2391;2489;2601;2532
20;2460;2463;2516;2452;2497;2340;2327;2521;2563;2560;2522;2459;2429;2374;2381;2452;2565;2646
21;2690;2499;2559;2579;2484;2541;2440;2463;2585;2606;2590;2554;2480;2433;2358;2411;2517;2606
22;2892;2720;2585;2618;2633;2521;2675;2551;2507;2630;2654;2594;2586;2500;2436;2410;2469;2560
23;3035;2933;2837;2701;2650;2661;2668;2771;2645;2573;2653;2674;2601;2642;2532;2509;2471;2511
24;3288;3095;3076;2945;2778;2701;2821;2761;2838;2697;2604;2669;2688;2648;2647;2578;2540;2530
25;3468;3376;3231;3175;3003;2843;2848;2902;2845;2899;2706;2639;2704;2747;2658;2681;2642;2569
26;3729;3571;3529;3316;3227;3052;2975;2980;2945;2863;2956;2759;2682;2752;2764;2730;2702;2701
27;3802;3785;3698;3635;3409;3309;3238;3106;3020;2985;2904;2968;2812;2730;2791;2786;2748;2715
28;4079;3871;3924;3813;3683;3475;3487;3353;3155;3083;2992;2932;2987;2846;2740;2829;2816;2792
29;4062;4159;4010;4062;3893;3761;3617;3587;3380;3189;3144;3039;2977;2999;2869;2777;2855;2853
30;4267;4126;4283;4183;4118;3979;3934;3727;3621;3416;3198;3187;3101;2994;2980;2906;2842;2948
31;4166;4328;4217;4420;4286;4155;4135;4056;3754;3627;3417;3245;3190;3143;2983;2970;2952;2911
32;4280;4241;4413;4318;4466;4373;4281;4215;4055;3788;3612;3442;3258;3187;3171;3010;3023;3015
33;4161;4342;4332;4484;4408;4529;4486;4402;4191;4058;3794;3644;3477;3281;3188;3197;3036;3079
34;4199;4272;4442;4437;4537;4471;4625;4569;4426;4184;4055;3850;3668;3484;3295;3212;3216;3081
35;4395;4269;4380;4535;4485;4569;4536;4698;4575;4452;4178;4045;3854;3683;3497;3304;3277;3287
36;4340;4448;4357;4452;4586;4518;4693;4605;4681;4568;4429;4215;4068;3880;3695;3480;3331;3317
37;4494;4390;4521;4448;4516;4668;4621;4776;4625;4709;4538;4452;4215;4099;3885;3705;3500;3345
38;4161;4538;4456;4576;4491;4540;4756;4693;4804;4633;4680;4545;4465;4216;4102;3909;3737;3528
39;4158;4222;4629;4521;4631;4508;4645;4801;4709;4835;4633;4669;4565;4470;4200;4142;3939;3760
40;4203;4187;4307;4687;4588;4653;4585;4677;4806;4709;4824;4636;4670;4573;4503;4220;4165;3965
41;4022;4212;4274;4343;4707;4611;4733;4636;4711;4814;4720;4833;4650;4668;4582;4519;4238;4168
42;3883;4046;4260;4296;4372;4755;4690;4756;4679;4726;4803;4718;4852;4653;4671;4601;4512;4256
43;3702;3905;4115;4288;4323;4409;4830;4715;4763;4720;4715;4811;4718;4844;4650;4658;4634;4532
44;3632;3740;3954;4155;4294;4335;4493;4874;4711;4770;4738;4726;4839;4719;4850;4638;4686;4680
45;3557;3651;3808;3995;4171;4305;4406;4503;4878;4718;4759;4744;4704;4839;4717;4849;4629;4717
46;3636;3564;3696;3853;4010;4214;4375;4446;4526;4906;4722;4747;4738;4717;4816;4710;4866;4643
47;3452;3647;3589;3734;3864;4020;4279;4419;4457;4526;4900;4701;4719;4761;4713;4804;4714;4884
48;3390;3478;3698;3628;3748;3880;4087;4316;4452;4471;4527;4882;4720;4717;4727;4741;4822;4744
49;3502;3402;3515;3728;3646;3756;3926;4137;4332;4465;4470;4528;4895;4716;4731;4724;4734;4833
50;3575;3517;3422;3525;3737;3666;3808;3962;4173;4342;4445;4490;4511;4888;4706;4727;4747;4760
51;3535;3578;3551;3432;3545;3732;3701;3847;3977;4182;4341;4424;4506;4525;4887;4690;4741;4753
52;3656;3546;3593;3575;3455;3566;3748;3749;3858;4006;4172;4321;4407;4486;4529;4903;4699;4746
53;3995;3656;3554;3615;3579;3452;3606;3780;3767;3880;4007;4153;4325;4408;4477;4512;4929;4703
54;4023;4009;3674;3568;3612;3582;3481;3639;3809;3772;3878;3990;4149;4300;4410;4467;4508;4941
55;4092;4038;4005;3703;3564;3622;3609;3488;3653;3820;3754;3881;3982;4153;4285;4404;4453;4530
56;3270;4106;4057;4021;3701;3547;3631;3606;3507;3641;3806;3748;3889;3983;4120;4279;4408;4462
57;3219;3276;4095;4073;4019;3689;3576;3645;3590;3508;3637;3800;3749;3870;3965;4109;4267;4425
58;3369;3227;3288;4119;4077;4030;3695;3597;3650;3597;3495;3628;3785;3727;3866;3967;4090;4265
59;3204;3387;3238;3284;4116;4075;4043;3721;3593;3649;3573;3489;3618;3779;3709;3862;3951;4105
60;3308;3210;3388;3220;3293;4122;4088;4036;3734;3601;3622;3539;3464;3602;3783;3702;3850;3939
61;3654;3291;3201;3391;3220;3285;4116;4110;4036;3718;3578;3601;3524;3461;3590;3752;3703;3841
62;3644;3656;3285;3175;3371;3225;3293;4101;4121;4017;3709;3562;3588;3508;3445;3566;3749;3676
63;3597;3627;3647;3272;3157;3365;3232;3289;4113;4102;3992;3695;3552;3561;3502;3434;3554;3729
64;3542;3594;3607;3629;3260;3143;3346;3233;3284;4088;4087;4000;3667;3535;3538;3487;3426;3549
65;3375;3523;3607;3598;3610;3266;3129;3337;3225;3259;4061;4068;3989;3637;3520;3529;3458;3425
66;3396;3359;3525;3605;3592;3582;3241;3129;3335;3208;3231;4042;4025;3954;3611;3486;3505;3445
67;3118;3354;3333;3505;3571;3581;3557;3226;3102;3298;3190;3200;4004;3997;3916;3587;3451;3478
68;2984;3088;3313;3312;3486;3557;3554;3533;3208;3093;3279;3154;3169;3973;3971;3876;3575;3416
69;3090;2946;3062;3286;3285;3463;3520;3544;3493;3194;3066;3240;3110;3131;3939;3931;3833;3535
70;2948;3063;2914;3051;3256;3251;3416;3509;3499;3455;3165;3026;3202;3095;3100;3899;3892;3787
71;3148;2923;2998;2879;3004;3228;3229;3393;3464;3475;3417;3103;2984;3164;3066;3059;3863;3861
72;2804;3106;2869;2954;2823;2963;3197;3179;3358;3426;3430;3369;3073;2953;3121;3030;3017;3799
73;2867;2774;3045;2824;2899;2792;2927;3155;3115;3331;3358;3394;3303;3039;2918;3060;2981;2995
74;2698;2821;2716;3003;2787;2855;2751;2893;3106;3086;3273;3295;3344;3264;2978;2883;3005;2935
75;2609;2646;2758;2669;2930;2741;2808;2690;2831;3049;3027;3222;3213;3282;3199;2920;2822;2961
76;2574;2546;2586;2695;2603;2865;2666;2750;2635;2774;2984;2954;3149;3134;3205;3138;2857;2759
77;2431;2519;2462;2532;2618;2546;2807;2593;2682;2575;2719;2884;2882;3069;3060;3108;3066;2788
78;2396;2357;2446;2386;2449;2538;2470;2708;2509;2616;2509;2652;2796;2815;2971;2985;3025;2998
79;2343;2295;2259;2392;2308;2371;2457;2387;2602;2417;2559;2427;2582;2713;2726;2875;2875;2943
80;2345;2243;2179;2167;2301;2214;2267;2368;2293;2514;2317;2464;2335;2510;2620;2624;2768;2774
81;2212;2250;2131;2082;2054;2211;2139;2140;2269;2197;2420;2210;2341;2264;2407;2538;2528;2659
82;1333;2078;2133;2018;1975;1969;2099;2028;2044;2147;2083;2302;2108;2244;2176;2304;2431;2425
83;938;1242;1941;2016;1901;1877;1845;1960;1886;1929;2033;1956;2180;2008;2103;2080;2193;2313
84;832;869;1156;1794;1863;1766;1753;1730;1836;1753;1793;1917;1837;2055;1889;1988;1945;2085
85;992;774;789;1059;1668;1730;1650;1620;1598;1700;1642;1664;1793;1722;1911;1777;1864;1817
86;1163;900;702;728;961;1552;1574;1484;1503;1485;1570;1509;1567;1673;1585;1759;1642;1726
87;1152;1042;813;640;652;878;1414;1432;1341;1376;1366;1440;1354;1421;1521;1454;1607;1487
88;928;1028;902;725;570;569;778;1221;1285;1198;1243;1217;1273;1191;1273;1369;1299;1462
89;887;797;895;803;621;494;515;682;1098;1137;1056;1083;1085;1118;1047;1135;1212;1184
90;655;754;661;756;678;542;422;439;603;949;951;919;923;951;973;920;968;1041
91;617;567;631;559;668;552;470;373;373;506;816;810;809;783;821;837;760;821
92;418;504;462;534;432;551;437;390;319;306;425;649;670;676;632;683;687;640
93;331;331;390;377;444;332;436;344;321;263;244;351;535;545;547;543;553;575
94;194;249;260;308;298;362;265;359;286;242;202;189;284;433;421;434;415;432
95;144;146;183;198;224;221;264;208;282;231;191;164;144;219;314;327;337;332
96;102;107;107;134;144;169;170;193;152;210;185;135;126;112;165;244;243;245
97;76;73;76;71;97;93;118;124;151;120;151;135;104;92;86;119;179;196
98;57;49;53;63;51;73;60;70;84;105;91;111;95;78;64;56;88;132
99;40;39;32;28;35;30;47;39;47;58;67;53;75;54;55;41;40;61
100 e oltre;52;61;62;64;59;63;58;74;72;84;94;88;84;105;96;94;86;75
Totale;268614;270652;273792;277028;279113;281108;285469;288895;290420;291373;291524;291426;291254;291267;290612;290462;290665;291413
Età/Anno;2002;2003;2004;2005;2006;2007;2008;2009;2010;2011;2012;2013;2014;2015;2016;2017;2018;2019
Età;Maschi
0;1099;1219;1176;1246;1281;1251;1329;1393;1364;1286;1335;1257;1118;1165;1152;1057;1061;1042
1;1134;1131;1227;1187;1231;1285;1279;1332;1395;1340;1296;1338;1259;1129;1174;1156;1074;1073
2;1083;1149;1157;1248;1194;1244;1296;1297;1345;1389;1306;1300;1346;1250;1133;1167;1168;1092
3;1097;1095;1170;1177;1267;1201;1261;1302;1299;1338;1384;1302;1306;1348;1249;1143;1177;1178
4;1072;1118;1120;1204;1189;1284;1218;1268;1307;1311;1341;1380;1309;1303;1355;1258;1155;1186
5;1044;1077;1148;1144;1233;1194;1302;1230;1274;1304;1313;1358;1379;1316;1296;1352;1272;1177
6;1081;1064;1084;1166;1166;1251;1201;1336;1252;1274;1303;1314;1361;1381;1320;1290;1354;1282
7;1060;1094;1084;1096;1189;1183;1270;1221;1346;1266;1277;1309;1305;1357;1398;1336;1296;1350
8;1045;1091;1111;1110;1121;1203;1190;1287;1239;1352;1274;1272;1327;1300;1366;1398;1346;1319
9;1058;1061;1111;1132;1143;1136;1231;1207;1309;1251;1359;1275;1278;1326;1305;1364;1419;1351
10;1185;1080;1073;1123;1143;1157;1172;1261;1213;1315;1248;1359;1268;1277;1326;1318;1368;1412
11;1116;1203;1097;1102;1150;1152;1164;1187;1275;1218;1335;1252;1362;1269;1287;1328;1311;1386
12;1155;1140;1223;1114;1117;1150;1182;1186;1204;1284;1240;1325;1260;1366;1273;1285;1328;1328
13;1139;1153;1160;1235;1127;1139;1169;1202;1204;1229;1294;1238;1323;1262;1375;1278;1294;1329
14;1033;1149;1172;1167;1254;1150;1151;1194;1222;1206;1232;1290;1239;1331;1262;1381;1283;1310
15;1080;1049;1161;1173;1190;1256;1168;1180;1204;1223;1202;1220;1282;1241;1332;1250;1373;1285
16;1165;1092;1067;1178;1183;1199;1264;1191;1196;1212;1228;1197;1217;1284;1248;1329;1259;1381
17;1241;1188;1096;1084;1196;1211;1222;1287;1218;1205;1211;1231;1212;1217;1275;1250;1336;1266
18;1267;1273;1214;1140;1110;1227;1262;1261;1323;1235;1221;1208;1226;1201;1219;1295;1290;1354
19;1253;1299;1315;1256;1166;1141;1280;1306;1313;1325;1242;1212;1212;1222;1218;1255;1382;1337
20;1217;1268;1326;1339;1265;1181;1185;1313;1323;1314;1341;1240;1216;1216;1234;1261;1314;1409
21;1348;1230;1304;1359;1356;1285;1214;1242;1340;1332;1326;1355;1240;1217;1216;1253;1315;1338
22;1487;1360;1259;1332;1368;1367;1335;1246;1258;1363;1348;1321;1367;1253;1216;1254;1308;1348
23;1552;1501;1412;1320;1340;1391;1418;1359;1266;1300;1355;1349;1324;1377;1264;1264;1310;1307
24;1616;1587;1573;1460;1351;1355;1455;1456;1373;1280;1298;1356;1353;1333;1374;1293;1279;1335
25;1724;1668;1642;1621;1473;1373;1410;1497;1475;1399;1279;1303;1368;1392;1347;1389;1321;1298
26;1868;1771;1739;1679;1647;1480;1426;1449;1503;1482;1431;1288;1311;1387;1403;1398;1403;1345
27;1888;1880;1831;1787;1701;1675;1560;1484;1450;1513;1495;1448;1307;1335;1401;1427;1405;1411
28;2080;1913;1945;1865;1792;1734;1713;1615;1508;1475;1518;1498;1451;1329;1323;1430;1447;1422
29;2096;2114;1986;2004;1891;1835;1814;1757;1624;1529;1507;1535;1518;1441;1326;1327;1446;1451
30;2114;2139;2192;2084;2041;1946;1916;1874;1776;1640;1542;1524;1568;1507;1421;1353;1361;1485
31;2087;2147;2205;2246;2133;2062;2023;1969;1866;1787;1646;1578;1534;1596;1505;1420;1385;1399
32;2169;2128;2180;2260;2266;2167;2135;2038;1971;1881;1784;1660;1585;1556;1610;1532;1469;1426
33;2076;2193;2195;2236;2300;2288;2216;2174;2028;1957;1884;1805;1667;1588;1558;1621;1558;1504
34;2069;2135;2240;2236;2256;2330;2307;2249;2166;2015;1939;1916;1810;1664;1604;1566;1621;1596
35;2210;2109;2195;2303;2255;2260;2357;2331;2240;2185;2007;1934;1912;1834;1675;1604;1598;1668
36;2210;2230;2148;2230;2326;2267;2318;2375;2315;2237;2179;2015;1941;1935;1837;1669;1625;1618
37;2278;2247;2254;2192;2239;2366;2316;2359;2366;2318;2217;2179;2012;1957;1944;1845;1675;1620
38;2011;2306;2285;2282;2216;2251;2411;2337;2363;2351;2316;2225;2187;2018;1962;1958;1848;1684
39;2117;2053;2345;2316;2311;2231;2279;2427;2344;2370;2350;2310;2236;2182;2007;1983;1973;1873
40;2077;2139;2105;2372;2350;2326;2249;2276;2426;2342;2364;2356;2325;2241;2191;2025;2002;1985
41;1977;2078;2175;2111;2371;2348;2358;2271;2290;2426;2338;2373;2353;2313;2245;2206;2024;2015
42;1905;1993;2092;2180;2122;2399;2382;2350;2273;2287;2424;2339;2379;2354;2302;2264;2202;2052
43;1863;1925;2007;2126;2185;2140;2415;2385;2351;2291;2278;2427;2335;2368;2338;2289;2280;2204
44;1758;1878;1945;2034;2129;2190;2175;2435;2384;2353;2307;2283;2441;2337;2382;2334;2301;2308
45;1738;1772;1903;1975;2046;2131;2215;2187;2420;2369;2350;2303;2259;2429;2330;2370;2340;2327
46;1815;1745;1792;1934;1983;2069;2152;2228;2193;2427;2375;2339;2304;2264;2419;2331;2376;2346
47;1725;1818;1761;1812;1937;1987;2088;2174;2223;2193;2426;2365;2329;2304;2264;2422;2341;2386
48;1665;1742;1843;1782;1813;1941;2012;2103;2179;2233;2190;2409;2362;2321;2287;2271;2429;2342
49;1697;1673;1754;1851;1799;1815;1936;2036;2100;2178;2237;2190;2418;2353;2327;2286;2280;2427
50;1826;1709;1682;1755;1851;1816;1827;1946;2049;2104;2163;2242;2189;2414;2351;2318;2294;2294
51;1752;1818;1728;1682;1761;1857;1830;1841;1947;2049;2098;2147;2249;2198;2406;2338;2321;2286
52;1766;1758;1816;1734;1689;1764;1864;1847;1833;1952;2042;2075;2142;2237;2187;2401;2346;2315
53;1970;1767;1756;1825;1733;1683;1772;1865;1853;1845;1954;2037;2077;2145;2234;2174;2424;2347
54;1976;1971;1776;1760;1822;1728;1696;1779;1871;1850;1843;1951;2029;2064;2139;2226;2180;2438
55;1949;1985;1957;1788;1769;1830;1728;1699;1783;1865;1844;1838;1942;2020;2066;2144;2222;2187
56;1598;1957;1986;1960;1787;1771;1829;1718;1704;1780;1858;1830;1840;1943;2012;2067;2144;2231
57;1522;1609;1940;1992;1960;1782;1782;1831;1702;1698;1774;1851;1832;1828;1933;2013;2069;2153
58;1663;1521;1616;1945;1996;1960;1779;1785;1835;1702;1686;1762;1842;1814;1835;1923;2009;2060
59;1536;1671;1525;1606;1949;1987;1958;1788;1771;1842;1690;1680;1755;1838;1803;1820;1911;2012
60;1550;1537;1664;1516;1607;1953;1994;1950;1786;1775;1818;1671;1669;1748;1844;1800;1808;1902
61;1713;1541;1531;1659;1510;1596;1952;2001;1948;1772;1758;1800;1661;1656;1740;1831;1796;1806
62;1786;1716;1532;1512;1639;1512;1589;1940;2006;1938;1770;1752;1784;1654;1643;1724;1829;1765
63;1741;1770;1707;1519;1499;1623;1512;1585;1944;1984;1926;1760;1741;1765;1648;1643;1719;1816
64;1676;1737;1757;1692;1505;1494;1615;1510;1573;1931;1977;1932;1745;1724;1748;1633;1641;1714
65;1581;1658;1741;1742;1680;1510;1483;1606;1504;1557;1916;1969;1918;1722;1716;1741;1616;1641
66;1598;1569;1664;1733;1741;1657;1491;1488;1607;1495;1538;1899;1944;1903;1708;1688;1718;1601
67;1461;1565;1555;1652;1710;1731;1645;1475;1475;1583;1483;1519;1877;1918;1874;1694;1660;1703
68;1364;1437;1536;1533;1636;1711;1708;1631;1459;1468;1572;1460;1490;1865;1902;1849;1685;1641
69;1395;1345;1422;1519;1513;1613;1678;1709;1601;1449;1446;1544;1435;1467;1843;1874;1824;1655
70;1367;1381;1325;1418;1502;1492;1585;1676;1675;1571;1436;1418;1521;1431;1448;1819;1839;1788
71;1423;1352;1353;1305;1387;1482;1471;1571;1638;1649;1554;1398;1386;1502;1414;1422;1787;1821
72;1257;1391;1312;1331;1274;1359;1459;1437;1546;1606;1622;1524;1375;1366;1469;1387;1392;1745
73;1242;1237;1350;1285;1291;1251;1335;1441;1405;1522;1561;1603;1481;1357;1348;1442;1355;1377
74;1160;1203;1203;1329;1267;1262;1224;1312;1410;1383;1492;1525;1574;1460;1313;1320;1405;1323
75;1108;1132;1161;1180;1290;1235;1235;1177;1278;1376;1340;1454;1471;1535;1425;1282;1278;1382
76;1051;1077;1103;1124;1137;1247;1193;1194;1144;1244;1336;1303;1410;1424;1484;1389;1252;1237
77;991;1009;1033;1074;1080;1104;1208;1156;1150;1101;1210;1268;1266;1375;1380;1427;1350;1209
78;987;944;965;986;1028;1029;1056;1146;1102;1119;1054;1172;1217;1220;1320;1324;1387;1312
79;866;935;891;925;941;985;975;1006;1075;1046;1081;1002;1128;1173;1169;1264;1255;1341
80;899;816;876;840;876;890;923;926;950;1024;996;1020;945;1096;1123;1110;1207;1202
81;796;849;761;805;778;827;849;861;865;899;969;929;946;905;1041;1085;1047;1145
82;510;723;786;693;744;737;769;799;800;805;840;903;881;899;862;993;1032;990
83;318;457;657;713;630;701;671;697;727;738;738;777;848;821;831;811;936;967
84;309;286;419;592;635;569;650;610;634;651;653;678;717;787;766;767;748;884
85;310;277;250;380;548;575;510;591;570;565;603;590;622;652;707;705;696;688
86;417;271;237;222;323;494;512;444;543;515;503;537;550;569;580;634;637;631
87;369;366;244;213;194;278;434;467;394;481;471;448;464;485;506;519;553;560
88;290;318;306;209;181;160;229;377;414;338;425;407;391;393;422;440;453;500
89;260;252;277;251;170;144;140;191;330;342;286;350;344;336;328;372;374;404
90;188;225;212;231;202;138;117;116;164;281;273;243;288;300;282;279;301;308
91;164;162;187;176;188;167;114;96;89;132;235;220;198;237;254;237;220;247
92;92;134;130;150;119;151;126;100;83;71;109;182;174;168;179;193;180;183
93;85;69;100;106;115;87;115;97;80;69;61;88;144;131;132;148;151;137
94;40;59;49;76;77;94;70;87;77;57;54;47;61;106;99;98;110;106
95;33;31;38;37;52;51;63;58;62;57;45;43;37;44;66;72;71;83
96;15;27;23;27;26;37;32;42;44;50;44;27;32;25;30;44;46;46
97;12;8;18;15;21;12;31;18;31;29;36;32;22;25;20;19;24;37
98;9;9;6;11;9;16;7;19;8;17;20;27;16;15;15;13;16;14
99;11;6;4;3;4;6;10;6;13;3;12;10;23;9;10;11;8;10
100 e oltre;7;14;14;12;7;7;8;11;11;14;10;12;13;22;15;13;14;12
Totale;128853;130128;131780;133453;134365;135369;137254;138847;139459;139784;139917;139816;139707;139737;139545;139675;140122;140623
Età/Anno;2002;2003;2004;2005;2006;2007;2008;2009;2010;2011;2012;2013;2014;2015;2016;2017;2018;2019
Età;Femmine
0;1075;1087;1085;1196;1185;1248;1213;1296;1200;1232;1237;1156;1119;1120;1048;979;998;967
1;1089;1104;1104;1113;1220;1188;1258;1229;1296;1191;1243;1237;1148;1143;1134;1055;990;1001
2;1050;1094;1122;1118;1137;1210;1204;1268;1230;1284;1206;1236;1231;1167;1134;1142;1051;1000
3;1092;1060;1129;1133;1131;1147;1219;1227;1291;1229;1270;1221;1247;1238;1179;1135;1141;1057
4;1045;1110;1075;1145;1164;1144;1175;1245;1207;1284;1229;1275;1226;1247;1234;1170;1124;1155
5;999;1067;1129;1071;1163;1191;1159;1177;1240;1211;1269;1240;1282;1235;1243;1228;1167;1137
6;982;1014;1094;1127;1078;1183;1210;1164;1199;1238;1210;1266;1228;1288;1244;1243;1230;1179
7;945;999;1036;1112;1149;1091;1196;1232;1160;1211;1249;1212;1273;1230;1279;1239;1238;1230
8;1045;965;1011;1055;1122;1148;1113;1210;1235;1164;1227;1252;1208;1258;1235;1292;1248;1245
9;1040;1058;983;1034;1090;1130;1157;1142;1226;1239;1171;1237;1256;1214;1267;1242;1291;1260
10;995;1032;1069;1000;1045;1108;1167;1177;1156;1240;1247;1176;1234;1260;1215;1268;1247;1318
11;1073;1012;1061;1108;1016;1054;1133;1184;1182;1158;1248;1257;1178;1224;1258;1226;1274;1253
12;1062;1078;1030;1077;1138;1032;1071;1148;1189;1187;1167;1256;1246;1166;1213;1256;1236;1281
13;1044;1072;1087;1044;1093;1153;1056;1085;1146;1195;1198;1165;1259;1236;1164;1212;1267;1253
14;1043;1056;1077;1102;1058;1120;1167;1076;1085;1151;1204;1195;1176;1263;1242;1165;1216;1284
15;1072;1039;1067;1086;1122;1063;1140;1174;1098;1090;1156;1210;1184;1173;1265;1244;1172;1222
16;1154;1076;1049;1093;1103;1133;1081;1158;1177;1113;1093;1149;1213;1182;1174;1266;1244;1181
17;1058;1157;1084;1042;1118;1122;1144;1087;1171;1178;1121;1105;1143;1219;1180;1175;1266;1266
18;1135;1065;1176;1106;1075;1129;1144;1171;1113;1192;1185;1119;1106;1152;1217;1186;1177;1284
19;1172;1161;1091;1190;1129;1100;1156;1194;1206;1154;1212;1201;1133;1132;1173;1234;1219;1195
20;1243;1195;1190;1113;1232;1159;1142;1208;1240;1246;1181;1219;1213;1158;1147;1191;1251;1237
21;1342;1269;1255;1220;1128;1256;1226;1221;1245;1274;1264;1199;1240;1216;1142;1158;1202;1268
22;1405;1360;1326;1286;1265;1154;1340;1305;1249;1267;1306;1273;1219;1247;1220;1156;1161;1212
23;1483;1432;1425;1381;1310;1270;1250;1412;1379;1273;1298;1325;1277;1265;1268;1245;1161;1204
24;1672;1508;1503;1485;1427;1346;1366;1305;1465;1417;1306;1313;1335;1315;1273;1285;1261;1195
25;1744;1708;1589;1554;1530;1470;1438;1405;1370;1500;1427;1336;1336;1355;1311;1292;1321;1271
26;1861;1800;1790;1637;1580;1572;1549;1531;1442;1381;1525;1471;1371;1365;1361;1332;1299;1356
27;1914;1905;1867;1848;1708;1634;1678;1622;1570;1472;1409;1520;1505;1395;1390;1359;1343;1304
28;1999;1958;1979;1948;1891;1741;1774;1738;1647;1608;1474;1434;1536;1517;1417;1399;1369;1370
29;1966;2045;2024;2058;2002;1926;1803;1830;1756;1660;1637;1504;1459;1558;1543;1450;1409;1402
30;2153;1987;2091;2099;2077;2033;2018;1853;1845;1776;1656;1663;1533;1487;1559;1553;1481;1463
31;2079;2181;2012;2174;2153;2093;2112;2087;1888;1840;1771;1667;1656;1547;1478;1550;1567;1512
32;2111;2113;2233;2058;2200;2206;2146;2177;2084;1907;1828;1782;1673;1631;1561;1478;1554;1589
33;2085;2149;2137;2248;2108;2241;2270;2228;2163;2101;1910;1839;1810;1693;1630;1576;1478;1575
34;2130;2137;2202;2201;2281;2141;2318;2320;2260;2169;2116;1934;1858;1820;1691;1646;1595;1485
35;2185;2160;2185;2232;2230;2309;2179;2367;2335;2267;2171;2111;1942;1849;1822;1700;1679;1619
36;2130;2218;2209;2222;2260;2251;2375;2230;2366;2331;2250;2200;2127;1945;1858;1811;1706;1699
37;2216;2143;2267;2256;2277;2302;2305;2417;2259;2391;2321;2273;2203;2142;1941;1860;1825;1725
38;2150;2232;2171;2294;2275;2289;2345;2356;2441;2282;2364;2320;2278;2198;2140;1951;1889;1844
39;2041;2169;2284;2205;2320;2277;2366;2374;2365;2465;2283;2359;2329;2288;2193;2159;1966;1887
40;2126;2048;2202;2315;2238;2327;2336;2401;2380;2367;2460;2280;2345;2332;2312;2195;2163;1980
41;2045;2134;2099;2232;2336;2263;2375;2365;2421;2388;2382;2460;2297;2355;2337;2313;2214;2153
42;1978;2053;2168;2116;2250;2356;2308;2406;2406;2439;2379;2379;2473;2299;2369;2337;2310;2204
43;1839;1980;2108;2162;2138;2269;2415;2330;2412;2429;2437;2384;2383;2476;2312;2369;2354;2328
44;1874;1862;2009;2121;2165;2145;2318;2439;2327;2417;2431;2443;2398;2382;2468;2304;2385;2372
45;1819;1879;1905;2020;2125;2174;2191;2316;2458;2349;2409;2441;2445;2410;2387;2479;2289;2390
46;1821;1819;1904;1919;2027;2145;2223;2218;2333;2479;2347;2408;2434;2453;2397;2379;2490;2297
47;1727;1829;1828;1922;1927;2033;2191;2245;2234;2333;2474;2336;2390;2457;2449;2382;2373;2498
48;1725;1736;1855;1846;1935;1939;2075;2213;2273;2238;2337;2473;2358;2396;2440;2470;2393;2402
49;1805;1729;1761;1877;1847;1941;1990;2101;2232;2287;2233;2338;2477;2363;2404;2438;2454;2406
50;1749;1808;1740;1770;1886;1850;1981;2016;2124;2238;2282;2248;2322;2474;2355;2409;2453;2466
51;1783;1760;1823;1750;1784;1875;1871;2006;2030;2133;2243;2277;2257;2327;2481;2352;2420;2467
52;1890;1788;1777;1841;1766;1802;1884;1902;2025;2054;2130;2246;2265;2249;2342;2502;2353;2431
53;2025;1889;1798;1790;1846;1769;1834;1915;1914;2035;2053;2116;2248;2263;2243;2338;2505;2356
54;2047;2038;1898;1808;1790;1854;1785;1860;1938;1922;2035;2039;2120;2236;2271;2241;2328;2503
55;2143;2053;2048;1915;1795;1792;1881;1789;1870;1955;1910;2043;2040;2133;2219;2260;2231;2343
56;1672;2149;2071;2061;1914;1776;1802;1888;1803;1861;1948;1918;2049;2040;2108;2212;2264;2231
57;1697;1667;2155;2081;2059;1907;1794;1814;1888;1810;1863;1949;1917;2042;2032;2096;2198;2272
58;1706;1706;1672;2174;2081;2070;1916;1812;1815;1895;1809;1866;1943;1913;2031;2044;2081;2205
59;1668;1716;1713;1678;2167;2088;2085;1933;1822;1807;1883;1809;1863;1941;1906;2042;2040;2093
60;1758;1673;1724;1704;1686;2169;2094;2086;1948;1826;1804;1868;1795;1854;1939;1902;2042;2037
61;1941;1750;1670;1732;1710;1689;2164;2109;2088;1946;1820;1801;1863;1805;1850;1921;1907;2035
62;1858;1940;1753;1663;1732;1713;1704;2161;2115;2079;1939;1810;1804;1854;1802;1842;1920;1911
63;1856;1857;1940;1753;1658;1742;1720;1704;2169;2118;2066;1935;1811;1796;1854;1791;1835;1913
64;1866;1857;1850;1937;1755;1649;1731;1723;1711;2157;2110;2068;1922;1811;1790;1854;1785;1835
65;1794;1865;1866;1856;1930;1756;1646;1731;1721;1702;2145;2099;2071;1915;1804;1788;1842;1784
66;1798;1790;1861;1872;1851;1925;1750;1641;1728;1713;1693;2143;2081;2051;1903;1798;1787;1844
67;1657;1789;1778;1853;1861;1850;1912;1751;1627;1715;1707;1681;2127;2079;2042;1893;1791;1775
68;1620;1651;1777;1779;1850;1846;1846;1902;1749;1625;1707;1694;1679;2108;2069;2027;1890;1775
69;1695;1601;1640;1767;1772;1850;1842;1835;1892;1745;1620;1696;1675;1664;2096;2057;2009;1880
70;1581;1682;1589;1633;1754;1759;1831;1833;1824;1884;1729;1608;1681;1664;1652;2080;2053;1999
71;1725;1571;1645;1574;1617;1746;1758;1822;1826;1826;1863;1705;1598;1662;1652;1637;2076;2040
72;1547;1715;1557;1623;1549;1604;1738;1742;1812;1820;1808;1845;1698;1587;1652;1643;1625;2054
73;1625;1537;1695;1539;1608;1541;1592;1714;1710;1809;1797;1791;1822;1682;1570;1618;1626;1618
74;1538;1618;1513;1674;1520;1593;1527;1581;1696;1703;1781;1770;1770;1804;1665;1563;1600;1612
75;1501;1514;1597;1489;1640;1506;1573;1513;1553;1673;1687;1768;1742;1747;1774;1638;1544;1579
76;1523;1469;1483;1571;1466;1618;1473;1556;1491;1530;1648;1651;1739;1710;1721;1749;1605;1522
77;1440;1510;1429;1458;1538;1442;1599;1437;1532;1474;1509;1616;1616;1694;1680;1681;1716;1579
78;1409;1413;1481;1400;1421;1509;1414;1562;1407;1497;1455;1480;1579;1595;1651;1661;1638;1686
79;1477;1360;1368;1467;1367;1386;1482;1381;1527;1371;1478;1425;1454;1540;1557;1611;1620;1602
80;1446;1427;1303;1327;1425;1324;1344;1442;1343;1490;1321;1444;1390;1414;1497;1514;1561;1572
81;1416;1401;1370;1277;1276;1384;1290;1279;1404;1298;1451;1281;1395;1359;1366;1453;1481;1514
82;823;1355;1347;1325;1231;1232;1330;1229;1244;1342;1243;1399;1227;1345;1314;1311;1399;1435
83;620;785;1284;1303;1271;1176;1174;1263;1159;1191;1295;1179;1332;1187;1272;1269;1257;1346
84;523;583;737;1202;1228;1197;1103;1120;1202;1102;1140;1239;1120;1268;1123;1221;1197;1201
85;682;497;539;679;1120;1155;1140;1029;1028;1135;1039;1074;1171;1070;1204;1072;1168;1129
86;746;629;465;506;638;1058;1062;1040;960;970;1067;972;1017;1104;1005;1125;1005;1095
87;783;676;569;427;458;600;980;965;947;895;895;992;890;936;1015;935;1054;927
88;638;710;596;516;389;409;549;844;871;860;818;810;882;798;851;929;846;962
89;627;545;618;552;451;350;375;491;768;795;770;733;741;782;719;763;838;780
90;467;529;449;525;476;404;305;323;439;668;678;676;635;651;691;641;667;733
91;453;405;444;383;480;385;356;277;284;374;581;590;611;546;567;600;540;574
92;326;370;332;384;313;400;311;290;236;235;316;467;496;508;453;490;507;457
93;246;262;290;271;329;245;321;247;241;194;183;263;391;414;415;395;402;438
94;154;190;211;232;221;268;195;272;209;185;148;142;223;327;322;336;305;326
95;111;115;145;161;172;170;201;150;220;174;146;121;107;175;248;255;266;249
96;87;80;84;107;118;132;138;151;108;160;141;108;94;87;135;200;197;199
97;64;65;58;56;76;81;87;106;120;91;115;103;82;67;66;100;155;159
98;48;40;47;52;42;57;53;51;76;88;71;84;79;63;49;43;72;118
99;29;33;28;25;31;24;37;33;34;55;55;43;52;45;45;30;32;51
100 e oltre;45;47;48;52;52;56;50;63;61;70;84;76;71;83;81;81;72;63
Totale;139761;140524;142012;143575;144748;145739;148215;150048;150961;151589;151607;151610;151547;151530;151067;150787;150543;150790

"Ricostruzione della popolazione intercensuaria - Popolazione al 1° gennaio per età"
"Cittadinanza italiana - Provincia: Pistoia"
Età/Anno;2002;2003;2004;2005;2006;2007;2008;2009;2010;2011;2012;2013;2014;2015;2016;2017;2018;2019
Età;Totale
0;2021;2076;2063;2135;2150;2155;2146;2245;2127;2090;2111;1976;1835;1854;1771;1625;1675;1589
1;2074;2064;2102;2093;2158;2168;2185;2168;2270;2103;2109;2108;1974;1853;1889;1804;1678;1701
2;2012;2081;2088;2122;2110;2166;2187;2203;2185;2263;2094;2100;2096;1989;1873;1915;1836;1695
3;2079;2019;2125;2107;2141;2119;2173;2208;2217;2184;2256;2096;2107;2113;2016;1910;1943;1858
4;2015;2097;2047;2158;2139;2153;2137;2192;2196;2226;2191;2262;2099;2117;2149;2046;1941;1956
5;1972;2032;2124;2061;2179;2158;2167;2142;2193;2193;2223;2210;2273;2131;2142;2173;2080;1954
6;1974;1992;2050;2131;2072;2199;2162;2198;2167;2194;2196;2215;2216;2301;2161;2169;2214;2098
7;1920;1986;2017;2071;2149;2097;2205;2187;2196;2181;2192;2202;2222;2227;2345;2209;2199;2232
8;1992;1953;2000;2039;2079;2161;2109;2221;2197;2209;2199;2197;2230;2229;2269;2385;2272;2218
9;1998;2002;1971;2028;2063;2092;2176;2126;2247;2199;2216;2208;2217;2252;2266;2301;2424;2292
10;2092;2000;2009;1975;2040;2076;2121;2196;2129;2248;2203;2226;2221;2238;2276;2297;2329;2445
11;2107;2104;2021;2032;1987;2046;2085;2139;2202;2130;2256;2216;2253;2233;2274;2311;2312;2349
12;2128;2122;2118;2036;2052;1986;2059;2100;2156;2207;2147;2259;2231;2262;2256;2297;2337;2329
13;2109;2127;2135;2123;2035;2068;1999;2064;2102;2176;2221;2147;2273;2236;2280;2281;2318;2340
14;2003;2121;2140;2144;2130;2060;2082;2015;2072;2112;2180;2229;2161;2290;2258;2303;2296;2334
15;2090;2018;2131;2135;2163;2129;2074;2087;2029;2074;2111;2177;2230;2173;2316;2273;2315;2297
16;2249;2101;2034;2141;2145;2164;2137;2083;2086;2034;2078;2105;2187;2241;2188;2334;2288;2322
17;2195;2254;2095;2031;2150;2154;2172;2132;2092;2089;2034;2090;2113;2194;2248;2211;2350;2300
18;2266;2202;2267;2104;2037;2150;2169;2176;2151;2118;2113;2045;2105;2130;2214;2285;2238;2391
19;2292;2283;2214;2274;2110;2046;2162;2175;2180;2157;2128;2113;2054;2100;2140;2228;2314;2269
20;2308;2306;2292;2229;2291;2129;2056;2187;2183;2182;2167;2124;2107;2069;2102;2146;2219;2315
21;2549;2329;2330;2318;2238;2302;2127;2081;2194;2185;2183;2170;2120;2114;2058;2108;2157;2227
22;2736;2550;2349;2339;2340;2253;2305;2135;2077;2193;2195;2179;2185;2132;2115;2086;2131;2158
23;2865;2746;2574;2393;2355;2345;2288;2313;2144;2092;2188;2194;2169;2219;2149;2139;2103;2143
24;3076;2888;2774;2609;2430;2376;2378;2307;2333;2158;2094;2188;2196;2194;2223;2155;2143;2128
25;3270;3134;2920;2804;2644;2470;2394;2387;2333;2347;2172;2105;2196;2231;2209;2258;2163;2147
26;3477;3326;3168;2938;2836;2678;2475;2435;2387;2336;2373;2203;2120;2213;2249;2231;2262;2178
27;3573;3500;3351;3207;2984;2884;2713;2511;2434;2415;2361;2368;2218;2141;2250;2257;2227;2241
28;3836;3599;3520;3395;3227;3032;2924;2740;2522;2470;2424;2376;2372;2239;2163;2266;2262;2235
29;3809;3875;3636;3568;3438;3264;3073;2959;2732;2550;2498;2454;2383;2383;2264;2183;2276;2276
30;4016;3830;3901;3706;3603;3485;3307;3114;2974;2759;2576;2524;2501;2392;2392;2284;2227;2309
31;3904;4039;3844;3961;3780;3633;3515;3364;3128;2984;2768;2618;2521;2538;2408;2389;2321;2260
32;4018;3944;4035;3881;3978;3841;3664;3551;3393;3174;2990;2772;2629;2526;2568;2434;2439;2348
33;3917;4053;3992;4059;3953;4026;3885;3706;3538;3420;3211;3015;2797;2651;2540;2609;2472;2481
34;3937;4018;4090;4052;4087;4015;4036;3939;3738;3575;3439;3249;3024;2810;2681;2554;2639;2490
35;4202;3993;4066;4137;4105;4120;4022;4094;3963;3780;3606;3432;3245;3047;2847;2705;2622;2686
36;4134;4249;4022;4090;4172;4134;4184;4046;4104;3992;3787;3631;3447;3281;3086;2862;2727;2662
37;4302;4170;4259;4078;4105;4215;4158;4223;4066;4130;3981;3814;3637;3469;3293;3119;2883;2727
38;3994;4327;4197;4280;4113;4120;4244;4190;4246;4099;4125;3984;3835;3638;3497;3336;3153;2917
39;3987;4030;4365;4223;4317;4131;4153;4259;4201;4282;4113;4128;4008;3845;3644;3547;3386;3178
40;4031;4011;4059;4386;4255;4336;4137;4161;4262;4225;4287;4120;4135;4032;3898;3677;3578;3410
41;3872;4040;4037;4067;4399;4270;4364;4146;4199;4274;4237;4301;4143;4140;4070;3937;3711;3597
42;3751;3880;4056;4032;4079;4441;4299;4364;4184;4217;4290;4239;4321;4156;4169;4113;3945;3724
43;3581;3781;3914;4075;4047;4123;4477;4324;4377;4229;4229;4308;4246;4328;4161;4176;4160;3966
44;3533;3611;3796;3938;4078;4063;4158;4506;4335;4394;4255;4235;4326;4257;4369;4165;4209;4192
45;3455;3551;3657;3810;3954;4093;4091;4155;4518;4354;4398;4262;4238;4330;4267;4392;4188;4232
46;3524;3452;3563;3675;3822;3986;4105;4100;4185;4546;4357;4389;4256;4255;4348;4276;4424;4205
47;3343;3532;3461;3578;3693;3823;4002;4119;4102;4190;4548;4352;4386;4290;4281;4362;4292;4433
48;3310;3367;3570;3463;3593;3703;3842;4003;4140;4126;4199;4533;4364;4395;4296;4309;4380;4301
49;3422;3322;3380;3580;3477;3601;3696;3862;4007;4150;4129;4197;4547;4374;4408;4306;4322;4385
50;3508;3440;3321;3384;3587;3494;3611;3701;3881;4024;4137;4141;4194;4555;4379;4411;4336;4343
51;3478;3513;3462;3320;3408;3581;3492;3610;3707;3892;4020;4121;4153;4214;4567;4373;4424;4345
52;3603;3484;3514;3472;3338;3417;3582;3508;3616;3719;3889;4005;4119;4151;4228;4580;4384;4410
53;3946;3605;3471;3526;3475;3342;3430;3577;3515;3632;3723;3873;4019;4123;4154;4229;4606;4387
54;3973;3956;3613;3481;3521;3474;3355;3443;3590;3511;3640;3718;3872;4003;4143;4158;4234;4618
55;4039;3985;3947;3624;3485;3526;3478;3353;3445;3591;3509;3638;3702;3870;4003;4151;4151;4247
56;3234;4052;3994;3946;3618;3471;3526;3464;3356;3436;3577;3505;3634;3707;3872;4012;4160;4147
57;3183;3234;4039;4000;3950;3612;3469;3524;3450;3363;3435;3571;3494;3633;3701;3867;4001;4172
58;3334;3187;3241;4055;4000;3953;3607;3470;3514;3452;3352;3428;3557;3481;3645;3711;3861;3991
59;3172;3347;3194;3236;4053;4002;3959;3613;3456;3513;3438;3341;3417;3547;3482;3636;3704;3864
60;3287;3171;3347;3174;3234;4055;4015;3929;3608;3460;3490;3409;3318;3408;3555;3490;3635;3687
61;3620;3269;3158;3341;3164;3226;4049;4021;3919;3587;3445;3470;3389;3307;3403;3536;3488;3618
62;3618;3623;3256;3136;3323;3169;3233;4023;4031;3902;3583;3431;3453;3378;3293;3382;3527;3456
63;3566;3600;3613;3236;3119;3311;3167;3226;4032;4010;3883;3564;3414;3432;3370;3287;3376;3502
64;3517;3561;3579;3595;3223;3105;3291;3157;3218;4004;3992;3889;3540;3395;3413;3350;3278;3362
65;3354;3492;3567;3569;3578;3225;3087;3267;3139;3197;3975;3973;3872;3515;3387;3407;3324;3266
66;3371;3339;3488;3563;3560;3544;3197;3078;3256;3129;3170;3956;3933;3845;3488;3359;3374;3304
67;3096;3331;3313;3465;3533;3547;3510;3178;3049;3219;3110;3138;3922;3906;3809;3469;3325;3346
68;2962;3067;3291;3288;3446;3516;3519;3474;3152;3038;3202;3076;3105;3891;3877;3767;3453;3288
69;3074;2926;3045;3257;3259;3420;3476;3503;3435;3141;3007;3167;3034;3069;3855;3832;3726;3409
70;2936;3043;2894;3029;3229;3225;3379;3457;3455;3397;3113;2964;3126;3019;3037;3811;3791;3679
71;3137;2911;2975;2854;2985;3201;3206;3350;3407;3429;3359;3052;2918;3093;2990;2992;3775;3758
72;2790;3093;2856;2930;2800;2943;3171;3154;3312;3367;3384;3314;3016;2884;3049;2952;2955;3709
73;2856;2760;3033;2813;2873;2768;2905;3119;3085;3287;3302;3346;3248;2987;2853;2990;2903;2932
74;2687;2808;2703;2989;2775;2830;2728;2861;3066;3059;3230;3242;3294;3208;2925;2819;2936;2867
75;2598;2634;2745;2653;2916;2727;2783;2666;2801;3010;2999;3178;3162;3232;3142;2865;2759;2890
76;2560;2536;2572;2679;2587;2850;2651;2715;2609;2746;2946;2926;3107;3084;3150;3083;2803;2695
77;2425;2506;2454;2518;2602;2532;2792;2574;2643;2549;2691;2847;2855;3031;3019;3051;3010;2734
78;2393;2350;2435;2377;2435;2523;2455;2692;2489;2582;2483;2623;2760;2789;2933;2948;2974;2945
79;2339;2292;2253;2380;2301;2353;2446;2371;2586;2400;2523;2402;2551;2683;2701;2836;2838;2895
80;2337;2238;2174;2160;2291;2207;2249;2353;2279;2500;2301;2429;2312;2482;2591;2601;2728;2736
81;2207;2242;2128;2078;2048;2199;2130;2122;2256;2183;2406;2195;2310;2242;2381;2509;2504;2619
82;1329;2070;2127;2014;1971;1963;2088;2020;2029;2133;2068;2287;2096;2216;2156;2282;2404;2401
83;936;1239;1934;2009;1897;1873;1839;1951;1880;1916;2019;1942;2166;1994;2076;2061;2170;2286
84;830;867;1150;1787;1856;1763;1749;1724;1829;1745;1780;1904;1824;2042;1880;1960;1925;2058
85;991;773;788;1054;1658;1723;1648;1616;1595;1694;1634;1652;1780;1713;1901;1766;1837;1800
86;1161;899;702;727;957;1544;1567;1481;1499;1483;1563;1502;1556;1658;1576;1749;1633;1703
87;1149;1039;812;640;651;875;1408;1426;1339;1372;1364;1433;1347;1411;1507;1444;1594;1476
88;926;1025;900;723;570;568;774;1215;1278;1196;1240;1215;1263;1185;1264;1354;1289;1450
89;884;794;892;801;619;494;514;678;1092;1132;1054;1080;1083;1108;1042;1126;1197;1175
90;649;752;657;752;676;540;422;438;599;944;946;918;920;949;963;915;960;1029
91;615;563;630;555;664;550;469;372;373;504;811;805;808;780;820;829;755;815
92;416;502;458;533;429;547;436;390;318;306;424;644;667;675;629;682;682;635
93;331;329;389;374;443;330;432;343;321;262;244;350;531;542;546;540;552;571
94;194;249;260;306;296;361;262;355;285;242;201;189;283;430;418;433;413;431
95;144;146;183;198;222;220;263;205;282;231;191;163;143;218;311;323;336;330
96;102;107;107;134;144;167;169;192;150;210;185;135;125;112;164;241;240;245
97;75;73;76;71;97;93;116;123;150;120;151;135;104;91;86;118;176;195
98;57;48;52;63;51;73;60;68;84;104;91;111;95;78;64;56;87;131
99;40;39;32;28;35;30;47;39;45;58;66;53;75;54;55;41;40;60
100 e oltre;52;59;59;61;56;60;56;72;71;82;92;87;82;103;96;94;86;75
Totale;260401;261255;261812;262769;263490;264361;265046;265599;265769;266078;265876;265182;264517;264375;264285;264216;264099;263607
Età/Anno;2002;2003;2004;2005;2006;2007;2008;2009;2010;2011;2012;2013;2014;2015;2016;2017;2018;2019
Età;Maschi
0;1007;1103;1079;1083;1125;1077;1131;1148;1130;1065;1082;1030;945;940;930;823;868;842
1;1061;1028;1114;1086;1082;1130;1104;1140;1156;1109;1076;1084;1036;953;958;947;853;884
2;1029;1069;1045;1125;1084;1093;1135;1111;1144;1156;1083;1073;1083;1036;962;968;973;866
3;1046;1032;1086;1060;1136;1089;1100;1142;1106;1143;1155;1080;1075;1083;1043;981;984;982
4;1016;1054;1053;1104;1072;1146;1096;1105;1140;1117;1148;1152;1081;1081;1107;1066;1004;995
5;1012;1019;1067;1072;1114;1075;1151;1103;1108;1138;1128;1159;1153;1096;1093;1123;1089;1014
6;1037;1020;1019;1081;1080;1124;1074;1176;1107;1108;1134;1123;1162;1168;1107;1104;1146;1097
7;1010;1040;1032;1026;1092;1095;1125;1083;1177;1114;1104;1140;1125;1169;1202;1132;1121;1156
8;996;1031;1050;1046;1032;1100;1099;1134;1089;1182;1118;1106;1163;1132;1188;1222;1169;1139
9;1011;999;1038;1064;1057;1039;1110;1103;1140;1092;1186;1118;1117;1175;1151;1204;1251;1174
10;1136;1021;1006;1037;1071;1068;1053;1122;1099;1141;1093;1186;1123;1125;1188;1175;1223;1253
11;1075;1140;1028;1011;1047;1074;1070;1059;1129;1097;1146;1099;1203;1133;1153;1202;1177;1236
12;1116;1083;1148;1035;1017;1043;1086;1077;1065;1133;1113;1146;1114;1208;1149;1162;1211;1189
13;1094;1112;1094;1150;1030;1027;1046;1084;1085;1078;1141;1111;1152;1124;1223;1164;1170;1206
14;1002;1099;1126;1102;1156;1041;1033;1054;1100;1090;1075;1148;1112;1158;1134;1235;1176;1177
15;1051;1016;1106;1123;1112;1151;1046;1043;1057;1098;1090;1071;1151;1118;1170;1140;1240;1173
16;1122;1057;1029;1104;1130;1108;1152;1049;1042;1059;1099;1088;1076;1160;1125;1178;1148;1246
17;1179;1127;1052;1031;1104;1134;1113;1153;1054;1048;1056;1104;1094;1079;1162;1142;1192;1146
18;1176;1185;1128;1056;1035;1105;1143;1111;1167;1063;1062;1062;1107;1091;1090;1179;1154;1213
19;1168;1182;1189;1136;1061;1038;1114;1147;1119;1168;1065;1060;1065;1104;1102;1093;1191;1177
20;1133;1174;1184;1194;1143;1071;1048;1125;1156;1117;1176;1069;1059;1073;1103;1105;1088;1190
21;1277;1139;1185;1201;1207;1151;1068;1063;1127;1150;1124;1181;1068;1070;1073;1105;1110;1098
22;1443;1280;1146;1192;1205;1218;1156;1067;1063;1133;1151;1120;1191;1075;1074;1086;1122;1113
23;1475;1444;1290;1165;1196;1219;1233;1157;1067;1071;1129;1154;1114;1203;1084;1084;1102;1118
24;1527;1499;1467;1305;1184;1203;1236;1236;1163;1069;1065;1126;1154;1121;1199;1083;1083;1105
25;1644;1564;1517;1484;1321;1199;1209;1246;1245;1168;1071;1071;1129;1178;1136;1208;1088;1088
26;1767;1669;1586;1527;1507;1331;1200;1225;1233;1249;1186;1077;1072;1137;1188;1142;1204;1092
27;1798;1772;1686;1601;1540;1528;1354;1224;1223;1243;1261;1183;1080;1082;1146;1191;1139;1192
28;1955;1810;1779;1696;1594;1566;1528;1361;1236;1241;1255;1263;1182;1090;1078;1150;1187;1144
29;1973;1971;1836;1795;1714;1621;1598;1544;1354;1253;1260;1269;1264;1186;1094;1062;1152;1184
30;1998;1993;1998;1871;1823;1752;1644;1615;1539;1362;1272;1269;1292;1260;1182;1107;1080;1172
31;1967;2014;2015;2021;1908;1836;1771;1674;1605;1549;1369;1301;1272;1312;1262;1181;1118;1103
32;2037;1990;2003;2044;2037;1934;1858;1767;1690;1621;1550;1370;1308;1288;1325;1276;1211;1135
33;1968;2045;2036;2020;2083;2056;1949;1870;1758;1687;1629;1555;1371;1313;1294;1341;1298;1232
34;1927;2020;2061;2056;2036;2111;2042;1971;1872;1773;1683;1659;1556;1374;1330;1297;1350;1306
35;2111;1954;2047;2088;2078;2042;2109;2055;1970;1889;1781;1676;1653;1573;1402;1339;1323;1378
36;2100;2125;1965;2064;2103;2084;2076;2103;2051;1981;1897;1779;1681;1669;1590;1407;1353;1340
37;2179;2120;2123;1991;2055;2128;2095;2098;2108;2062;1963;1894;1785;1700;1678;1599;1402;1350
38;1925;2195;2137;2135;2012;2065;2144;2104;2105;2116;2067;1972;1901;1788;1712;1699;1600;1411
39;2043;1953;2203;2141;2157;2028;2068;2154;2111;2122;2122;2069;1984;1900;1785;1743;1723;1613
40;1991;2054;1974;2205;2152;2171;2021;2060;2157;2122;2131;2129;2077;2003;1926;1809;1766;1726
41;1911;1990;2067;1965;2203;2156;2178;2024;2083;2167;2125;2136;2136;2070;2032;1953;1815;1786
42;1841;1912;1994;2059;1972;2230;2170;2168;2045;2092;2185;2129;2148;2141;2082;2065;1952;1831
43;1808;1863;1920;2017;2061;2001;2242;2181;2184;2080;2104;2190;2133;2150;2133;2082;2087;1957
44;1716;1820;1870;1939;2019;2065;2020;2255;2197;2201;2110;2109;2208;2140;2171;2131;2103;2108
45;1688;1727;1840;1883;1949;2027;2074;2020;2250;2193;2210;2109;2102;2204;2137;2169;2149;2117
46;1771;1685;1736;1855;1890;1968;2033;2081;2042;2267;2204;2204;2109;2105;2217;2148;2181;2159
47;1676;1767;1694;1744;1861;1893;1976;2043;2080;2051;2273;2203;2203;2116;2120;2228;2161;2188
48;1621;1688;1790;1698;1750;1866;1905;1979;2049;2099;2055;2260;2208;2207;2108;2128;2239;2159
49;1659;1630;1691;1791;1714;1751;1850;1924;1981;2056;2110;2059;2273;2210;2213;2118;2144;2238
50;1793;1672;1633;1687;1792;1728;1750;1851;1935;1991;2047;2114;2067;2280;2215;2211;2136;2154
51;1729;1782;1687;1631;1695;1795;1732;1752;1849;1943;1985;2035;2125;2078;2287;2215;2213;2133
52;1744;1728;1776;1687;1637;1694;1794;1740;1746;1856;1939;1973;2039;2119;2079;2286;2221;2197
53;1946;1745;1721;1781;1686;1634;1699;1787;1742;1762;1856;1938;1981;2044;2119;2075;2305;2223
54;1957;1944;1751;1724;1778;1680;1641;1700;1793;1741;1760;1859;1935;1972;2053;2121;2084;2313
55;1934;1963;1929;1758;1732;1783;1675;1638;1701;1789;1744;1759;1850;1931;1980;2059;2120;2093
56;1583;1939;1963;1927;1752;1732;1783;1661;1640;1696;1786;1733;1760;1856;1934;1989;2061;2122
57;1505;1589;1921;1966;1927;1746;1732;1777;1648;1641;1690;1780;1729;1761;1853;1937;1991;2073
58;1654;1501;1594;1925;1961;1926;1743;1735;1777;1650;1636;1684;1772;1720;1772;1850;1938;1978
59;1524;1659;1503;1583;1925;1956;1922;1747;1719;1779;1638;1633;1680;1770;1720;1762;1845;1941
60;1541;1524;1650;1493;1577;1927;1962;1905;1739;1721;1758;1618;1622;1674;1772;1720;1752;1836
61;1698;1531;1515;1641;1486;1566;1925;1967;1901;1725;1706;1740;1608;1609;1668;1765;1714;1750
62;1779;1703;1520;1499;1620;1487;1563;1910;1970;1890;1723;1701;1725;1605;1595;1658;1761;1682
63;1725;1761;1696;1504;1485;1604;1483;1555;1911;1950;1883;1713;1687;1710;1599;1596;1657;1747
64;1668;1720;1748;1681;1490;1479;1591;1473;1547;1897;1941;1888;1698;1672;1695;1584;1594;1652
65;1577;1645;1721;1732;1669;1492;1467;1577;1463;1532;1882;1932;1875;1674;1668;1691;1568;1589
66;1591;1565;1646;1713;1728;1643;1470;1467;1573;1457;1513;1865;1908;1862;1659;1638;1661;1552
67;1450;1558;1549;1633;1691;1718;1625;1453;1452;1549;1444;1494;1841;1885;1833;1647;1613;1647
68;1356;1427;1530;1527;1618;1688;1695;1606;1435;1444;1538;1423;1466;1828;1866;1810;1636;1594
69;1391;1336;1414;1510;1505;1592;1658;1694;1576;1424;1422;1510;1400;1443;1803;1838;1782;1605
70;1363;1375;1317;1409;1493;1482;1565;1652;1658;1546;1412;1392;1485;1397;1422;1777;1803;1746
71;1420;1348;1344;1295;1377;1473;1461;1548;1611;1634;1529;1376;1361;1468;1379;1393;1747;1783
72;1252;1388;1307;1321;1266;1349;1449;1429;1522;1580;1606;1499;1354;1339;1439;1350;1364;1708
73;1235;1231;1347;1279;1282;1243;1323;1421;1393;1498;1535;1585;1457;1336;1324;1410;1320;1346
74;1154;1194;1198;1326;1260;1253;1216;1293;1390;1373;1469;1501;1555;1437;1293;1297;1376;1291
75;1103;1125;1153;1174;1287;1228;1225;1169;1260;1357;1329;1432;1447;1517;1401;1261;1257;1356
76;1046;1071;1095;1113;1131;1243;1187;1181;1136;1228;1317;1292;1389;1400;1462;1367;1232;1215
77;989;1005;1027;1065;1070;1098;1203;1149;1137;1093;1193;1250;1255;1355;1359;1405;1326;1191
78;984;941;963;979;1019;1020;1050;1141;1095;1106;1046;1154;1200;1211;1303;1307;1367;1290
79;863;932;888;923;935;974;968;1000;1071;1040;1067;995;1109;1159;1160;1247;1237;1323
80;898;813;873;836;875;884;913;916;942;1020;991;1007;938;1079;1110;1103;1191;1183
81;794;847;759;804;775;823;843;852;856;891;965;924;936;898;1023;1072;1039;1129
82;507;721;785;691;743;734;765;793;795;794;831;898;877;891;855;978;1020;983
83;316;456;655;712;628;700;668;694;723;735;727;769;843;816;822;804;921;953
84;308;284;417;590;634;568;649;607;633;647;650;669;711;782;763;758;739;867
85;309;277;249;378;546;573;510;589;569;564;600;587;614;648;703;702;687;679
86;417;270;237;221;322;493;510;443;541;515;501;535;548;561;576;630;633;623
87;368;366;243;213;193;277;433;465;394;479;471;447;462;483;499;515;549;555
88;290;317;306;208;181;159;227;376;413;338;424;407;388;392;420;432;449;496
89;259;250;276;251;169;144;139;189;329;342;286;349;344;333;327;370;366;399
90;187;224;209;229;202;137;117;115;163;280;273;243;287;300;279;278;300;302
91;164;161;186;173;186;167;113;95;89;132;234;220;198;236;254;234;218;247
92;92;134;129;149;117;149;126;100;82;71;109;181;174;168;178;193;178;181
93;85;69;100;105;114;86;113;97;80;68;61;88;144;131;132;147;151;136
94;40;59;49;76;77;93;69;85;77;57;53;47;61;106;99;98;109;106
95;33;31;38;37;52;51;62;57;62;57;45;42;37;44;66;72;71;82
96;15;27;23;27;26;37;32;41;43;50;44;27;31;25;30;44;46;46
97;11;8;18;15;21;12;31;18;30;29;36;32;22;24;20;19;24;37
98;9;8;6;11;9;16;7;19;8;16;20;27;16;15;15;13;16;14
99;11;6;4;3;4;6;10;6;13;3;11;10;23;9;10;11;8;10
100 e oltre;7;12;12;10;5;5;7;10;11;14;10;12;13;22;15;13;14;12
Totale;124947;125526;126009;126504;126864;127375;127737;128083;128201;128377;128408;128114;127897;127946;128019;128028;128080;127968
Età/Anno;2002;2003;2004;2005;2006;2007;2008;2009;2010;2011;2012;2013;2014;2015;2016;2017;2018;2019
Età;Femmine
0;1014;973;984;1052;1025;1078;1015;1097;997;1025;1029;946;890;914;841;802;807;747
1;1013;1036;988;1007;1076;1038;1081;1028;1114;994;1033;1024;938;900;931;857;825;817
2;983;1012;1043;997;1026;1073;1052;1092;1041;1107;1011;1027;1013;953;911;947;863;829
3;1033;987;1039;1047;1005;1030;1073;1066;1111;1041;1101;1016;1032;1030;973;929;959;876
4;999;1043;994;1054;1067;1007;1041;1087;1056;1109;1043;1110;1018;1036;1042;980;937;961
5;960;1013;1057;989;1065;1083;1016;1039;1085;1055;1095;1051;1120;1035;1049;1050;991;940
6;937;972;1031;1050;992;1075;1088;1022;1060;1086;1062;1092;1054;1133;1054;1065;1068;1001
7;910;946;985;1045;1057;1002;1080;1104;1019;1067;1088;1062;1097;1058;1143;1077;1078;1076
8;996;922;950;993;1047;1061;1010;1087;1108;1027;1081;1091;1067;1097;1081;1163;1103;1079
9;987;1003;933;964;1006;1053;1066;1023;1107;1107;1030;1090;1100;1077;1115;1097;1173;1118
10;956;979;1003;938;969;1008;1068;1074;1030;1107;1110;1040;1098;1113;1088;1122;1106;1192
11;1032;964;993;1021;940;972;1015;1080;1073;1033;1110;1117;1050;1100;1121;1109;1135;1113
12;1012;1039;970;1001;1035;943;973;1023;1091;1074;1034;1113;1117;1054;1107;1135;1126;1140
13;1015;1015;1041;973;1005;1041;953;980;1017;1098;1080;1036;1121;1112;1057;1117;1148;1134
14;1001;1022;1014;1042;974;1019;1049;961;972;1022;1105;1081;1049;1132;1124;1068;1120;1157
15;1039;1002;1025;1012;1051;978;1028;1044;972;976;1021;1106;1079;1055;1146;1133;1075;1124
16;1127;1044;1005;1037;1015;1056;985;1034;1044;975;979;1017;1111;1081;1063;1156;1140;1076
17;1016;1127;1043;1000;1046;1020;1059;979;1038;1041;978;986;1019;1115;1086;1069;1158;1154
18;1090;1017;1139;1048;1002;1045;1026;1065;984;1055;1051;983;998;1039;1124;1106;1084;1178
19;1124;1101;1025;1138;1049;1008;1048;1028;1061;989;1063;1053;989;996;1038;1135;1123;1092
20;1175;1132;1108;1035;1148;1058;1008;1062;1027;1065;991;1055;1048;996;999;1041;1131;1125
21;1272;1190;1145;1117;1031;1151;1059;1018;1067;1035;1059;989;1052;1044;985;1003;1047;1129
22;1293;1270;1203;1147;1135;1035;1149;1068;1014;1060;1044;1059;994;1057;1041;1000;1009;1045
23;1390;1302;1284;1228;1159;1126;1055;1156;1077;1021;1059;1040;1055;1016;1065;1055;1001;1025
24;1549;1389;1307;1304;1246;1173;1142;1071;1170;1089;1029;1062;1042;1073;1024;1072;1060;1023
25;1626;1570;1403;1320;1323;1271;1185;1141;1088;1179;1101;1034;1067;1053;1073;1050;1075;1059
26;1710;1657;1582;1411;1329;1347;1275;1210;1154;1087;1187;1126;1048;1076;1061;1089;1058;1086
27;1775;1728;1665;1606;1444;1356;1359;1287;1211;1172;1100;1185;1138;1059;1104;1066;1088;1049
28;1881;1789;1741;1699;1633;1466;1396;1379;1286;1229;1169;1113;1190;1149;1085;1116;1075;1091
29;1836;1904;1800;1773;1724;1643;1475;1415;1378;1297;1238;1185;1119;1197;1170;1121;1124;1092
30;2018;1837;1903;1835;1780;1733;1663;1499;1435;1397;1304;1255;1209;1132;1210;1177;1147;1137
31;1937;2025;1829;1940;1872;1797;1744;1690;1523;1435;1399;1317;1249;1226;1146;1208;1203;1157
32;1981;1954;2032;1837;1941;1907;1806;1784;1703;1553;1440;1402;1321;1238;1243;1158;1228;1213
33;1949;2008;1956;2039;1870;1970;1936;1836;1780;1733;1582;1460;1426;1338;1246;1268;1174;1249
34;2010;1998;2029;1996;2051;1904;1994;1968;1866;1802;1756;1590;1468;1436;1351;1257;1289;1184
35;2091;2039;2019;2049;2027;2078;1913;2039;1993;1891;1825;1756;1592;1474;1445;1366;1299;1308
36;2034;2124;2057;2026;2069;2050;2108;1943;2053;2011;1890;1852;1766;1612;1496;1455;1374;1322
37;2123;2050;2136;2087;2050;2087;2063;2125;1958;2068;2018;1920;1852;1769;1615;1520;1481;1377
38;2069;2132;2060;2145;2101;2055;2100;2086;2141;1983;2058;2012;1934;1850;1785;1637;1553;1506
39;1944;2077;2162;2082;2160;2103;2085;2105;2090;2160;1991;2059;2024;1945;1859;1804;1663;1565
40;2040;1957;2085;2181;2103;2165;2116;2101;2105;2103;2156;1991;2058;2029;1972;1868;1812;1684
41;1961;2050;1970;2102;2196;2114;2186;2122;2116;2107;2112;2165;2007;2070;2038;1984;1896;1811
42;1910;1968;2062;1973;2107;2211;2129;2196;2139;2125;2105;2110;2173;2015;2087;2048;1993;1893
43;1773;1918;1994;2058;1986;2122;2235;2143;2193;2149;2125;2118;2113;2178;2028;2094;2073;2009
44;1817;1791;1926;1999;2059;1998;2138;2251;2138;2193;2145;2126;2118;2117;2198;2034;2106;2084
45;1767;1824;1817;1927;2005;2066;2017;2135;2268;2161;2188;2153;2136;2126;2130;2223;2039;2115
46;1753;1767;1827;1820;1932;2018;2072;2019;2143;2279;2153;2185;2147;2150;2131;2128;2243;2046
47;1667;1765;1767;1834;1832;1930;2026;2076;2022;2139;2275;2149;2183;2174;2161;2134;2131;2245
48;1689;1679;1780;1765;1843;1837;1937;2024;2091;2027;2144;2273;2156;2188;2188;2181;2141;2142
49;1763;1692;1689;1789;1763;1850;1846;1938;2026;2094;2019;2138;2274;2164;2195;2188;2178;2147
50;1715;1768;1688;1697;1795;1766;1861;1850;1946;2033;2090;2027;2127;2275;2164;2200;2200;2189
51;1749;1731;1775;1689;1713;1786;1760;1858;1858;1949;2035;2086;2028;2136;2280;2158;2211;2212
52;1859;1756;1738;1785;1701;1723;1788;1768;1870;1863;1950;2032;2080;2032;2149;2294;2163;2213
53;2000;1860;1750;1745;1789;1708;1731;1790;1773;1870;1867;1935;2038;2079;2035;2154;2301;2164
54;2016;2012;1862;1757;1743;1794;1714;1743;1797;1770;1880;1859;1937;2031;2090;2037;2150;2305
55;2105;2022;2018;1866;1753;1743;1803;1715;1744;1802;1765;1879;1852;1939;2023;2092;2031;2154
56;1651;2113;2031;2019;1866;1739;1743;1803;1716;1740;1791;1772;1874;1851;1938;2023;2099;2025
57;1678;1645;2118;2034;2023;1866;1737;1747;1802;1722;1745;1791;1765;1872;1848;1930;2010;2099
58;1680;1686;1647;2130;2039;2027;1864;1735;1737;1802;1716;1744;1785;1761;1873;1861;1923;2013
59;1648;1688;1691;1653;2128;2046;2037;1866;1737;1734;1800;1708;1737;1777;1762;1874;1859;1923
60;1746;1647;1697;1681;1657;2128;2053;2024;1869;1739;1732;1791;1696;1734;1783;1770;1883;1851
61;1922;1738;1643;1700;1678;1660;2124;2054;2018;1862;1739;1730;1781;1698;1735;1771;1774;1868
62;1839;1920;1736;1637;1703;1682;1670;2113;2061;2012;1860;1730;1728;1773;1698;1724;1766;1774
63;1841;1839;1917;1732;1634;1707;1684;1671;2121;2060;2000;1851;1727;1722;1771;1691;1719;1755
64;1849;1841;1831;1914;1733;1626;1700;1684;1671;2107;2051;2001;1842;1723;1718;1766;1684;1710
65;1777;1847;1846;1837;1909;1733;1620;1690;1676;1665;2093;2041;1997;1841;1719;1716;1756;1677
66;1780;1774;1842;1850;1832;1901;1727;1611;1683;1672;1657;2091;2025;1983;1829;1721;1713;1752
67;1646;1773;1764;1832;1842;1829;1885;1725;1597;1670;1666;1644;2081;2021;1976;1822;1712;1699
68;1606;1640;1761;1761;1828;1828;1824;1868;1717;1594;1664;1653;1639;2063;2011;1957;1817;1694
69;1683;1590;1631;1747;1754;1828;1818;1809;1859;1717;1585;1657;1634;1626;2052;1994;1944;1804
70;1573;1668;1577;1620;1736;1743;1814;1805;1797;1851;1701;1572;1641;1622;1615;2034;1988;1933
71;1717;1563;1631;1559;1608;1728;1745;1802;1796;1795;1830;1676;1557;1625;1611;1599;2028;1975
72;1538;1705;1549;1609;1534;1594;1722;1725;1790;1787;1778;1815;1662;1545;1610;1602;1591;2001
73;1621;1529;1686;1534;1591;1525;1582;1698;1692;1789;1767;1761;1791;1651;1529;1580;1583;1586
74;1533;1614;1505;1663;1515;1577;1512;1568;1676;1686;1761;1741;1739;1771;1632;1522;1560;1576
75;1495;1509;1592;1479;1629;1499;1558;1497;1541;1653;1670;1746;1715;1715;1741;1604;1502;1534
76;1514;1465;1477;1566;1456;1607;1464;1534;1473;1518;1629;1634;1718;1684;1688;1716;1571;1480
77;1436;1501;1427;1453;1532;1434;1589;1425;1506;1456;1498;1597;1600;1676;1660;1646;1684;1543
78;1409;1409;1472;1398;1416;1503;1405;1551;1394;1476;1437;1469;1560;1578;1630;1641;1607;1655
79;1476;1360;1365;1457;1366;1379;1478;1371;1515;1360;1456;1407;1442;1524;1541;1589;1601;1572
80;1439;1425;1301;1324;1416;1323;1336;1437;1337;1480;1310;1422;1374;1403;1481;1498;1537;1553
81;1413;1395;1369;1274;1273;1376;1287;1270;1400;1292;1441;1271;1374;1344;1358;1437;1465;1490
82;822;1349;1342;1323;1228;1229;1323;1227;1234;1339;1237;1389;1219;1325;1301;1304;1384;1418
83;620;783;1279;1297;1269;1173;1171;1257;1157;1181;1292;1173;1323;1178;1254;1257;1249;1333
84;522;583;733;1197;1222;1195;1100;1117;1196;1098;1130;1235;1113;1260;1117;1202;1186;1191
85;682;496;539;676;1112;1150;1138;1027;1026;1130;1034;1065;1166;1065;1198;1064;1150;1121
86;744;629;465;506;635;1051;1057;1038;958;968;1062;967;1008;1097;1000;1119;1000;1080
87;781;673;569;427;458;598;975;961;945;893;893;986;885;928;1008;929;1045;921
88;636;708;594;515;389;409;547;839;865;858;816;808;875;793;844;922;840;954
89;625;544;616;550;450;350;375;489;763;790;768;731;739;775;715;756;831;776
90;462;528;448;523;474;403;305;323;436;664;673;675;633;649;684;637;660;727
91;451;402;444;382;478;383;356;277;284;372;577;585;610;544;566;595;537;568
92;324;368;329;384;312;398;310;290;236;235;315;463;493;507;451;489;504;454
93;246;260;289;269;329;244;319;246;241;194;183;262;387;411;414;393;401;435
94;154;190;211;230;219;268;193;270;208;185;148;142;222;324;319;335;304;325
95;111;115;145;161;170;169;201;148;220;174;146;121;106;174;245;251;265;248
96;87;80;84;107;118;130;137;151;107;160;141;108;94;87;134;197;194;199
97;64;65;58;56;76;81;85;105;120;91;115;103;82;67;66;99;152;158
98;48;40;46;52;42;57;53;49;76;88;71;84;79;63;49;43;71;117
99;29;33;28;25;31;24;37;33;32;55;55;43;52;45;45;30;32;50
100 e oltre;45;47;47;51;51;55;49;62;60;68;82;75;69;81;81;81;72;63
Totale;135454;135729;135803;136265;136626;136986;137309;137516;137568;137701;137468;137068;136620;136429;136266;136188;136019;135639

"Ricostruzione della popolazione intercensuaria - Popolazione al 1° gennaio per età"
"Cittadinanza straniera - Provincia: Pistoia"
Età/Anno;2002;2003;2004;2005;2006;2007;2008;2009;2010;2011;2012;2013;2014;2015;2016;2017;2018;2019
Età;Totale
0;153;230;198;307;316;344;396;444;437;428;461;437;402;431;429;411;384;420
1;149;171;229;207;293;305;352;393;421;428;430;467;433;419;419;407;386;373
2;121;162;191;244;221;288;313;362;390;410;418;436;481;428;394;394;383;397
3;110;136;174;203;257;229;307;321;373;383;398;427;446;473;412;368;375;377
4;102;131;148;191;214;275;256;321;318;369;379;393;436;433;440;382;338;385
5;71;112;153;154;217;227;294;265;321;322;359;388;388;420;397;407;359;360
6;89;86;128;162;172;235;249;302;284;318;317;365;373;368;403;364;370;363
7;85;107;103;137;189;177;261;266;310;296;334;319;356;360;332;366;335;348
8;98;103;122;126;164;190;194;276;277;307;302;327;305;329;332;305;322;346
9;100;117;123;138;170;174;212;223;288;291;314;304;317;288;306;305;286;319
10;88;112;133;148;148;189;218;242;240;307;292;309;281;299;265;289;286;285
11;82;111;137;178;179;160;212;232;255;246;327;293;287;260;271;243;273;290
12;89;96;135;155;203;196;194;234;237;264;260;322;275;270;230;244;227;280
13;74;98;112;156;185;224;226;223;248;248;271;256;309;262;259;209;243;242
14;73;84;109;125;182;210;236;255;235;245;256;256;254;304;246;243;203;260
15;62;70;97;124;149;190;234;267;273;239;247;253;236;241;281;221;230;210
16;70;67;82;130;141;168;208;266;287;291;243;241;243;225;234;261;215;240
17;104;91;85;95;164;179;194;242;297;294;298;246;242;242;207;214;252;232
18;136;136;123;142;148;206;237;256;285;309;293;282;227;223;222;196;229;247
19;133;177;192;172;185;195;274;325;339;322;326;300;291;254;251;261;287;263
20;152;157;224;223;206;211;271;334;380;378;355;335;322;305;279;306;346;331
21;141;170;229;261;246;239;313;382;391;421;407;384;360;319;300;303;360;379
22;156;170;236;279;293;268;370;416;430;437;459;415;401;368;321;324;338;402
23;170;187;263;308;295;316;380;458;501;481;465;480;432;423;383;370;368;368
24;212;207;302;336;348;325;443;454;505;539;510;481;492;454;424;423;397;402
25;198;242;311;371;359;373;454;515;512;552;534;534;508;516;449;423;479;422
26;252;245;361;378;391;374;500;545;558;527;583;556;562;539;515;499;440;523
27;229;285;347;428;425;425;525;595;586;570;543;600;594;589;541;529;521;474
28;243;272;404;418;456;443;563;613;633;613;568;556;615;607;577;563;554;557
29;253;284;374;494;455;497;544;628;648;639;646;585;594;616;605;594;579;577
30;251;296;382;477;515;494;627;613;647;657;622;663;600;602;588;622;615;639
31;262;289;373;459;506;522;620;692;626;643;649;627;669;605;575;581;631;651
32;262;297;378;437;488;532;617;664;662;614;622;670;629;661;603;576;584;667
33;244;289;340;425;455;503;601;696;653;638;583;629;680;630;648;588;564;598
34;262;254;352;385;450;456;589;630;688;609;616;601;644;674;614;658;577;591
35;193;276;314;398;380;449;514;604;612;672;572;613;609;636;650;599;655;601
36;206;199;335;362;414;384;509;559;577;576;642;584;621;599;609;618;604;655
37;192;220;262;370;411;453;463;553;559;579;557;638;578;630;592;586;617;618
38;167;211;259;296;378;420;512;503;558;534;555;561;630;578;605;573;584;611
39;171;192;264;298;314;377;492;542;508;553;520;541;557;625;556;595;553;582
40;172;176;248;301;333;317;448;516;544;484;537;516;535;541;605;543;587;555
41;150;172;237;276;308;341;369;490;512;540;483;532;507;528;512;582;527;571
42;132;166;204;264;293;314;391;392;495;509;513;479;531;497;502;488;567;532
43;121;124;201;213;276;286;353;391;386;491;486;503;472;516;489;482;474;566
44;99;129;158;217;216;272;335;368;376;376;483;491;513;462;481;473;477;488
45;102;100;151;185;217;212;315;348;360;364;361;482;466;509;450;457;441;485
46;112;112;133;178;188;228;270;346;341;360;365;358;482;462;468;434;442;438
47;109;115;128;156;171;197;277;300;355;336;352;349;333;471;432;442;422;451
48;80;111;128;165;155;177;245;313;312;345;328;349;356;322;431;432;442;443
49;80;80;135;148;169;155;230;275;325;315;341;331;348;342;323;418;412;448
50;67;77;101;141;150;172;197;261;292;318;308;349;317;333;327;316;411;417
51;57;65;89;112;137;151;209;237;270;290;321;303;353;311;320;317;317;408
52;53;62;79;103;117;149;166;241;242;287;283;316;288;335;301;323;315;336
53;49;51;83;89;104;110;176;203;252;248;284;280;306;285;323;283;323;316
54;50;53;61;87;91;108;126;196;219;261;238;272;277;297;267;309;274;323
55;53;53;58;79;79;96;131;135;208;229;245;243;280;283;282;253;302;283
56;36;54;63;75;83;76;105;142;151;205;229;243;255;276;248;267;248;315
57;36;42;56;73;69;77;107;121;140;145;202;229;255;237;264;242;266;253
58;35;40;47;64;77;77;88;127;136;145;143;200;228;246;221;256;229;274
59;32;40;44;48;63;73;84;108;137;136;135;148;201;232;227;226;247;241
60;21;39;41;46;59;67;73;107;126;141;132;130;146;194;228;212;215;252
61;34;22;43;50;56;59;67;89;117;131;133;131;135;154;187;216;215;223
62;26;33;29;39;48;56;60;78;90;115;126;131;135;130;152;184;222;220
63;31;27;34;36;38;54;65;63;81;92;109;131;138;129;132;147;178;227
64;25;33;28;34;37;38;55;76;66;84;95;111;127;140;125;137;148;187
65;21;31;40;29;32;41;42;70;86;62;86;95;117;122;133;122;134;159
66;25;20;37;42;32;38;44;51;79;79;61;86;92;109;123;127;131;141
67;22;23;20;40;38;34;47;48;53;79;80;62;82;91;107;118;126;132
68;22;21;22;24;40;41;35;59;56;55;77;78;64;82;94;109;122;128
69;16;20;17;29;26;43;44;41;58;53;59;73;76;62;84;99;107;126
70;12;20;20;22;27;26;37;52;44;58;52;62;76;76;63;88;101;108
71;11;12;23;25;19;27;23;43;57;46;58;51;66;71;76;67;88;103
72;14;13;13;24;23;20;26;25;46;59;46;55;57;69;72;78;62;90
73;11;14;12;11;26;24;22;36;30;44;56;48;55;52;65;70;78;63
74;11;13;13;14;12;25;23;32;40;27;43;53;50;56;53;64;69;68
75;11;12;13;16;14;14;25;24;30;39;28;44;51;50;57;55;63;71
76;14;10;14;16;16;15;15;35;26;28;38;28;42;50;55;55;54;64
77;6;13;8;14;16;14;15;19;39;26;28;37;27;38;41;57;56;54
78;3;7;11;9;14;15;15;16;20;34;26;29;36;26;38;37;51;53
79;4;3;6;12;7;18;11;16;16;17;36;25;31;30;25;39;37;48
80;8;5;5;7;10;7;18;15;14;14;16;35;23;28;29;23;40;38
81;5;8;3;4;6;12;9;18;13;14;14;15;31;22;26;29;24;40
82;4;8;6;4;4;6;11;8;15;14;15;15;12;28;20;22;27;24
83;2;3;7;7;4;4;6;9;6;13;14;14;14;14;27;19;23;27
84;2;2;6;7;7;3;4;6;7;8;13;13;13;13;9;28;20;27
85;1;1;1;5;10;7;2;4;3;6;8;12;13;9;10;11;27;17
86;2;1;0;1;4;8;7;3;4;2;7;7;11;15;9;10;9;23
87;3;3;1;0;1;3;6;6;2;4;2;7;7;10;14;10;13;11
88;2;3;2;2;0;1;4;6;7;2;3;2;10;6;9;15;10;12
89;3;3;3;2;2;0;1;4;6;5;2;3;2;10;5;9;15;9
90;6;2;4;4;2;2;0;1;4;5;5;1;3;2;10;5;8;12
91;2;4;1;4;4;2;1;1;0;2;5;5;1;3;1;8;5;6
92;2;2;4;1;3;4;1;0;1;0;1;5;3;1;3;1;5;5
93;0;2;1;3;1;2;4;1;0;1;0;1;4;3;1;3;1;4
94;0;0;0;2;2;1;3;4;1;0;1;0;1;3;3;1;2;1
95;0;0;0;0;2;1;1;3;0;0;0;1;1;1;3;4;1;2
96;0;0;0;0;0;2;1;1;2;0;0;0;1;0;1;3;3;0
97;1;0;0;0;0;0;2;1;1;0;0;0;0;1;0;1;3;1
98;0;1;1;0;0;0;0;2;0;1;0;0;0;0;0;0;1;1
99;0;0;0;0;0;0;0;0;2;0;1;0;0;0;0;0;0;1
100 e oltre;0;2;3;3;3;3;2;2;1;2;2;1;2;2;0;0;0;0
Totale;8213;9397;11980;14259;15623;16747;20423;23296;24651;25295;25648;26244;26737;26892;26327;26246;26566;27806
Età/Anno;2002;2003;2004;2005;2006;2007;2008;2009;2010;2011;2012;2013;2014;2015;2016;2017;2018;2019
Età;Maschi
0;92;116;97;163;156;174;198;245;234;221;253;227;173;225;222;234;193;200
1;73;103;113;101;149;155;175;192;239;231;220;254;223;176;216;209;221;189
2;54;80;112;123;110;151;161;186;201;233;223;227;263;214;171;199;195;226
3;51;63;84;117;131;112;161;160;193;195;229;222;231;265;206;162;193;196
4;56;64;67;100;117;138;122;163;167;194;193;228;228;222;248;192;151;191
5;32;58;81;72;119;119;151;127;166;166;185;199;226;220;203;229;183;163
6;44;44;65;85;86;127;127;160;145;166;169;191;199;213;213;186;208;185
7;50;54;52;70;97;88;145;138;169;152;173;169;180;188;196;204;175;194
8;49;60;61;64;89;103;91;153;150;170;156;166;164;168;178;176;177;180
9;47;62;73;68;86;97;121;104;169;159;173;157;161;151;154;160;168;177
10;49;59;67;86;72;89;119;139;114;174;155;173;145;152;138;143;145;159
11;41;63;69;91;103;78;94;128;146;121;189;153;159;136;134;126;134;150
12;39;57;75;79;100;107;96;109;139;151;127;179;146;158;124;123;117;139
13;45;41;66;85;97;112;123;118;119;151;153;127;171;138;152;114;124;123
14;31;50;46;65;98;109;118;140;122;116;157;142;127;173;128;146;107;133
15;29;33;55;50;78;105;122;137;147;125;112;149;131;123;162;110;133;112
16;43;35;38;74;53;91;112;142;154;153;129;109;141;124;123;151;111;135
17;62;61;44;53;92;77;109;134;164;157;155;127;118;138;113;108;144;120
18;91;88;86;84;75;122;119;150;156;172;159;146;119;110;129;116;136;141
19;85;117;126;120;105;103;166;159;194;157;177;152;147;118;116;162;191;160
20;84;94;142;145;122;110;137;188;167;197;165;171;157;143;131;156;226;219
21;71;91;119;158;149;134;146;179;213;182;202;174;172;147;143;148;205;240
22;44;80;113;140;163;149;179;179;195;230;197;201;176;178;142;168;186;235
23;77;57;122;155;144;172;185;202;199;229;226;195;210;174;180;180;208;189
24;89;88;106;155;167;152;219;220;210;211;233;230;199;212;175;210;196;230
25;80;104;125;137;152;174;201;251;230;231;208;232;239;214;211;181;233;210
26;101;102;153;152;140;149;226;224;270;233;245;211;239;250;215;256;199;253
27;90;108;145;186;161;147;206;260;227;270;234;265;227;253;255;236;266;219
28;125;103;166;169;198;168;185;254;272;234;263;235;269;239;245;280;260;278
29;123;143;150;209;177;214;216;213;270;276;247;266;254;255;232;265;294;267
30;116;146;194;213;218;194;272;259;237;278;270;255;276;247;239;246;281;313
31;120;133;190;225;225;226;252;295;261;238;277;277;262;284;243;239;267;296
32;132;138;177;216;229;233;277;271;281;260;234;290;277;268;285;256;258;291
33;108;148;159;216;217;232;267;304;270;270;255;250;296;275;264;280;260;272
34;142;115;179;180;220;219;265;278;294;242;256;257;254;290;274;269;271;290
35;99;155;148;215;177;218;248;276;270;296;226;258;259;261;273;265;275;290
36;110;105;183;166;223;183;242;272;264;256;282;236;260;266;247;262;272;278
37;99;127;131;201;184;238;221;261;258;256;254;285;227;257;266;246;273;270
38;86;111;148;147;204;186;267;233;258;235;249;253;286;230;250;259;248;273
39;74;100;142;175;154;203;211;273;233;248;228;241;252;282;222;240;250;260
40;86;85;131;167;198;155;228;216;269;220;233;227;248;238;265;216;236;259
41;66;88;108;146;168;192;180;247;207;259;213;237;217;243;213;253;209;229
42;64;81;98;121;150;169;212;182;228;195;239;210;231;213;220;199;250;221
43;55;62;87;109;124;139;173;204;167;211;174;237;202;218;205;207;193;247
44;42;58;75;95;110;125;155;180;187;152;197;174;233;197;211;203;198;200
45;50;45;63;92;97;104;141;167;170;176;140;194;157;225;193;201;191;210
46;44;60;56;79;93;101;119;147;151;160;171;135;195;159;202;183;195;187
47;49;51;67;68;76;94;112;131;143;142;153;162;126;188;144;194;180;198
48;44;54;53;84;63;75;107;124;130;134;135;149;154;114;179;143;190;183
49;38;43;63;60;85;64;86;112;119;122;127;131;145;143;114;168;136;189
50;33;37;49;68;59;88;77;95;114;113;116;128;122;134;136;107;158;140
51;23;36;41;51;66;62;98;89;98;106;113;112;124;120;119;123;108;153
52;22;30;40;47;52;70;70;107;87;96;103;102;103;118;108;115;125;118
53;24;22;35;44;47;49;73;78;111;83;98;99;96;101;115;99;119;124
54;19;27;25;36;44;48;55;79;78;109;83;92;94;92;86;105;96;125
55;15;22;28;30;37;47;53;61;82;76;100;79;92;89;86;85;102;94
56;15;18;23;33;35;39;46;57;64;84;72;97;80;87;78;78;83;109
57;17;20;19;26;33;36;50;54;54;57;84;71;103;67;80;76;78;80
58;9;20;22;20;35;34;36;50;58;52;50;78;70;94;63;73;71;82
59;12;12;22;23;24;31;36;41;52;63;52;47;75;68;83;58;66;71
60;9;13;14;23;30;26;32;45;47;54;60;53;47;74;72;80;56;66
61;15;10;16;18;24;30;27;34;47;47;52;60;53;47;72;66;82;56
62;7;13;12;13;19;25;26;30;36;48;47;51;59;49;48;66;68;83
63;16;9;11;15;14;19;29;30;33;34;43;47;54;55;49;47;62;69
64;8;17;9;11;15;15;24;37;26;34;36;44;47;52;53;49;47;62
65;4;13;20;10;11;18;16;29;41;25;34;37;43;48;48;50;48;52
66;7;4;18;20;13;14;21;21;34;38;25;34;36;41;49;50;57;49
67;11;7;6;19;19;13;20;22;23;34;39;25;36;33;41;47;47;56
68;8;10;6;6;18;23;13;25;24;24;34;37;24;37;36;39;49;47
69;4;9;8;9;8;21;20;15;25;25;24;34;35;24;40;36;42;50
70;4;6;8;9;9;10;20;24;17;25;24;26;36;34;26;42;36;42
71;3;4;9;10;10;9;10;23;27;15;25;22;25;34;35;29;40;38
72;5;3;5;10;8;10;10;8;24;26;16;25;21;27;30;37;28;37
73;7;6;3;6;9;8;12;20;12;24;26;18;24;21;24;32;35;31
74;6;9;5;3;7;9;8;19;20;10;23;24;19;23;20;23;29;32
75;5;7;8;6;3;7;10;8;18;19;11;22;24;18;24;21;21;26
76;5;6;8;11;6;4;6;13;8;16;19;11;21;24;22;22;20;22
77;2;4;6;9;10;6;5;7;13;8;17;18;11;20;21;22;24;18
78;3;3;2;7;9;9;6;5;7;13;8;18;17;9;17;17;20;22
79;3;3;3;2;6;11;7;6;4;6;14;7;19;14;9;17;18;18
80;1;3;3;4;1;6;10;10;8;4;5;13;7;17;13;7;16;19
81;2;2;2;1;3;4;6;9;9;8;4;5;10;7;18;13;8;16
82;3;2;1;2;1;3;4;6;5;11;9;5;4;8;7;15;12;7
83;2;1;2;1;2;1;3;3;4;3;11;8;5;5;9;7;15;14
84;1;2;2;2;1;1;1;3;1;4;3;9;6;5;3;9;9;17
85;1;0;1;2;2;2;0;2;1;1;3;3;8;4;4;3;9;9
86;0;1;0;1;1;1;2;1;2;0;2;2;2;8;4;4;4;8
87;1;0;1;0;1;1;1;2;0;2;0;1;2;2;7;4;4;5
88;0;1;0;1;0;1;2;1;1;0;1;0;3;1;2;8;4;4
89;1;2;1;0;1;0;1;2;1;0;0;1;0;3;1;2;8;5
90;1;1;3;2;0;1;0;1;1;1;0;0;1;0;3;1;1;6
91;0;1;1;3;2;0;1;1;0;0;1;0;0;1;0;3;2;0
92;0;0;1;1;2;2;0;0;1;0;0;1;0;0;1;0;2;2
93;0;0;0;1;1;1;2;0;0;1;0;0;0;0;0;1;0;1
94;0;0;0;0;0;1;1;2;0;0;1;0;0;0;0;0;1;0
95;0;0;0;0;0;0;1;1;0;0;0;1;0;0;0;0;0;1
96;0;0;0;0;0;0;0;1;1;0;0;0;1;0;0;0;0;0
97;1;0;0;0;0;0;0;0;1;0;0;0;0;1;0;0;0;0
98;0;1;0;0;0;0;0;0;0;1;0;0;0;0;0;0;0;0
99;0;0;0;0;0;0;0;0;0;0;1;0;0;0;0;0;0;0
100 e oltre;0;2;2;2;2;2;1;1;0;0;0;0;0;0;0;0;0;0
Totale;3906;4602;5771;6949;7501;7994;9517;10764;11258;11407;11509;11702;11810;11791;11526;11647;12042;12655
Età/Anno;2002;2003;2004;2005;2006;2007;2008;2009;2010;2011;2012;2013;2014;2015;2016;2017;2018;2019
Età;Femmine
0;61;114;101;144;160;170;198;199;203;207;208;210;229;206;207;177;191;220
1;76;68;116;106;144;150;177;201;182;197;210;213;210;243;203;198;165;184
2;67;82;79;121;111;137;152;176;189;177;195;209;218;214;223;195;188;171
3;59;73;90;86;126;117;146;161;180;188;169;205;215;208;206;206;182;181
4;46;67;81;91;97;137;134;158;151;175;186;165;208;211;192;190;187;194
5;39;54;72;82;98;108;143;138;155;156;174;189;162;200;194;178;176;197
6;45;42;63;77;86;108;122;142;139;152;148;174;174;155;190;178;162;178
7;35;53;51;67;92;89;116;128;141;144;161;150;176;172;136;162;160;154
8;49;43;61;62;75;87;103;123;127;137;146;161;141;161;154;129;145;166
9;53;55;50;70;84;77;91;119;119;132;141;147;156;137;152;145;118;142
10;39;53;66;62;76;100;99;103;126;133;137;136;136;147;127;146;141;126
11;41;48;68;87;76;82;118;104;109;125;138;140;128;124;137;117;139;140
12;50;39;60;76;103;89;98;125;98;113;133;143;129;112;106;121;110;141
13;29;57;46;71;88;112;103;105;129;97;118;129;138;124;107;95;119;119
14;42;34;63;60;84;101;118;115;113;129;99;114;127;131;118;97;96;127
15;33;37;42;74;71;85;112;130;126;114;135;104;105;118;119;111;97;98
16;27;32;44;56;88;77;96;124;133;138;114;132;102;101;111;110;104;105
17;42;30;41;42;72;102;85;108;133;137;143;119;124;104;94;106;108;112
18;45;48;37;58;73;84;118;106;129;137;134;136;108;113;93;80;93;106
19;48;60;66;52;80;92;108;166;145;165;149;148;144;136;135;99;96;103
20;68;63;82;78;84;101;134;146;213;181;190;164;165;162;148;150;120;112
21;70;79;110;103;97;105;167;203;178;239;205;210;188;172;157;155;155;139
22;112;90;123;139;130;119;191;237;235;207;262;214;225;190;179;156;152;167
23;93;130;141;153;151;144;195;256;302;252;239;285;222;249;203;190;160;179
24;123;119;196;181;181;173;224;234;295;328;277;251;293;242;249;213;201;172
25;118;138;186;234;207;199;253;264;282;321;326;302;269;302;238;242;246;212
26;151;143;208;226;251;225;274;321;288;294;338;345;323;289;300;243;241;270
27;139;177;202;242;264;278;319;335;359;300;309;335;367;336;286;293;255;255
28;118;169;238;249;258;275;378;359;361;379;305;321;346;368;332;283;294;279
29;130;141;224;285;278;283;328;415;378;363;399;319;340;361;373;329;285;310
30;135;150;188;264;297;300;355;354;410;379;352;408;324;355;349;376;334;326
31;142;156;183;234;281;296;368;397;365;405;372;350;407;321;332;342;364;355
32;130;159;201;221;259;299;340;393;381;354;388;380;352;393;318;320;326;376
33;136;141;181;209;238;271;334;392;383;368;328;379;384;355;384;308;304;326
34;120;139;173;205;230;237;324;352;394;367;360;344;390;384;340;389;306;301
35;94;121;166;183;203;231;266;328;342;376;346;355;350;375;377;334;380;311
36;96;94;152;196;191;201;267;287;313;320;360;348;361;333;362;356;332;377
37;93;93;131;169;227;215;242;292;301;323;303;353;351;373;326;340;344;348
38;81;100;111;149;174;234;245;270;300;299;306;308;344;348;355;314;336;338
39;97;92;122;123;160;174;281;269;275;305;292;300;305;343;334;355;303;322
40;86;91;117;134;135;162;220;300;275;264;304;289;287;303;340;327;351;296
41;84;84;129;130;140;149;189;243;305;281;270;295;290;285;299;329;318;342
42;68;85;106;143;143;145;179;210;267;314;274;269;300;284;282;289;317;311
43;66;62;114;104;152;147;180;187;219;280;312;266;270;298;284;275;281;319
44;57;71;83;122;106;147;180;188;189;224;286;317;280;265;270;270;279;288
45;52;55;88;93;120;108;174;181;190;188;221;288;309;284;257;256;250;275
46;68;52;77;99;95;127;151;199;190;200;194;223;287;303;266;251;247;251
47;60;64;61;88;95;103;165;169;212;194;199;187;207;283;288;248;242;253
48;36;57;75;81;92;102;138;189;182;211;193;200;202;208;252;289;252;260
49;42;37;72;88;84;91;144;163;206;193;214;200;203;199;209;250;276;259
50;34;40;52;73;91;84;120;166;178;205;192;221;195;199;191;209;253;277
51;34;29;48;61;71;89;111;148;172;184;208;191;229;191;201;194;209;255
52;31;32;39;56;65;79;96;134;155;191;180;214;185;217;193;208;190;218
53;25;29;48;45;57;61;103;125;141;165;186;181;210;184;208;184;204;192
54;31;26;36;51;47;60;71;117;141;152;155;180;183;205;181;204;178;198
55;38;31;30;49;42;49;78;74;126;153;145;164;188;194;196;168;200;189
56;21;36;40;42;48;37;59;85;87;121;157;146;175;189;170;189;165;206
57;19;22;37;47;36;41;57;67;86;88;118;158;152;170;184;166;188;173
58;26;20;25;44;42;43;52;77;78;93;93;122;158;152;158;183;158;192
59;20;28;22;25;39;42;48;67;85;73;83;101;126;164;144;168;181;170
60;12;26;27;23;29;41;41;62;79;87;72;77;99;120;156;132;159;186
61;19;12;27;32;32;29;40;55;70;84;81;71;82;107;115;150;133;167
62;19;20;17;26;29;31;34;48;54;67;79;80;76;81;104;118;154;137
63;15;18;23;21;24;35;36;33;48;58;66;84;84;74;83;100;116;158
64;17;16;19;23;22;23;31;39;40;50;59;67;80;88;72;88;101;125
65;17;18;20;19;21;23;26;41;45;37;52;58;74;74;85;72;86;107
66;18;16;19;22;19;24;23;30;45;41;36;52;56;68;74;77;74;92
67;11;16;14;21;19;21;27;26;30;45;41;37;46;58;66;71;79;76
68;14;11;16;18;22;18;22;34;32;31;43;41;40;45;58;70;73;81
69;12;11;9;20;18;22;24;26;33;28;35;39;41;38;44;63;65;76
70;8;14;12;13;18;16;17;28;27;33;28;36;40;42;37;46;65;66
71;8;8;14;15;9;18;13;20;30;31;33;29;41;37;41;38;48;65
72;9;10;8;14;15;10;16;17;22;33;30;30;36;42;42;41;34;53
73;4;8;9;5;17;16;10;16;18;20;30;30;31;31;41;38;43;32
74;5;4;8;11;5;16;15;13;20;17;20;29;31;33;33;41;40;36
75;6;5;5;10;11;7;15;16;12;20;17;22;27;32;33;34;42;45
76;9;4;6;5;10;11;9;22;18;12;19;17;21;26;33;33;34;42
77;4;9;2;5;6;8;10;12;26;18;11;19;16;18;20;35;32;36
78;0;4;9;2;5;6;9;11;13;21;18;11;19;17;21;20;31;31
79;1;0;3;10;1;7;4;10;12;11;22;18;12;16;16;22;19;30
80;7;2;2;3;9;1;8;5;6;10;11;22;16;11;16;16;24;19
81;3;6;1;3;3;8;3;9;4;6;10;10;21;15;8;16;16;24
82;1;6;5;2;3;3;7;2;10;3;6;10;8;20;13;7;15;17
83;0;2;5;6;2;3;3;6;2;10;3;6;9;9;18;12;8;13
84;1;0;4;5;6;2;3;3;6;4;10;4;7;8;6;19;11;10
85;0;1;0;3;8;5;2;2;2;5;5;9;5;5;6;8;18;8
86;2;0;0;0;3;7;5;2;2;2;5;5;9;7;5;6;5;15
87;2;3;0;0;0;2;5;4;2;2;2;6;5;8;7;6;9;6
88;2;2;2;1;0;0;2;5;6;2;2;2;7;5;7;7;6;8
89;2;1;2;2;1;0;0;2;5;5;2;2;2;7;4;7;7;4
90;5;1;1;2;2;1;0;0;3;4;5;1;2;2;7;4;7;6
91;2;3;0;1;2;2;0;0;0;2;4;5;1;2;1;5;3;6
92;2;2;3;0;1;2;1;0;0;0;1;4;3;1;2;1;3;3
93;0;2;1;2;0;1;2;1;0;0;0;1;4;3;1;2;1;3
94;0;0;0;2;2;0;2;2;1;0;0;0;1;3;3;1;1;1
95;0;0;0;0;2;1;0;2;0;0;0;0;1;1;3;4;1;1
96;0;0;0;0;0;2;1;0;1;0;0;0;0;0;1;3;3;0
97;0;0;0;0;0;0;2;1;0;0;0;0;0;0;0;1;3;1
98;0;0;1;0;0;0;0;2;0;0;0;0;0;0;0;0;1;1
99;0;0;0;0;0;0;0;0;2;0;0;0;0;0;0;0;0;1
100 e oltre;0;0;1;1;1;1;1;1;1;2;2;1;2;2;0;0;0;0
Totale;4307;4795;6209;7310;8122;8753;10906;12532;13393;13888;14139;14542;14927;15101;14801;14599;14524;15151
