"Popolazione per età, vista per singola area - Provincia: Oristano"

"Ricostruzione della popolazione intercensuaria - Popolazione al 1° gennaio per età"
"Tutte le cittadinanze - Provincia: Oristano"
Età/Anno;2002;2003;2004;2005;2006;2007;2008;2009;2010;2011;2012;2013;2014;2015;2016;2017;2018;2019
Età;Totale
0;1242;1206;1236;1174;1170;1146;1158;1147;1131;1175;1103;956;1036;961;924;901;926;803
1;1283;1251;1215;1253;1178;1187;1164;1162;1154;1127;1169;1102;973;1042;963;931;901;924
2;1341;1284;1251;1216;1248;1190;1191;1152;1161;1162;1123;1170;1103;978;1041;963;920;902
3;1263;1342;1298;1266;1218;1252;1192;1197;1165;1174;1170;1126;1157;1096;972;1033;959;927
4;1320;1274;1358;1314;1269;1225;1271;1191;1201;1158;1167;1168;1122;1160;1106;970;1026;959
5;1329;1319;1277;1352;1321;1284;1225;1271;1191;1206;1167;1172;1163;1124;1156;1108;966;1026
6;1396;1343;1338;1290;1357;1324;1293;1235;1273;1201;1218;1168;1172;1161;1120;1155;1104;969
7;1372;1398;1348;1340;1288;1363;1338;1306;1233;1276;1207;1220;1163;1176;1155;1129;1153;1102
8;1471;1387;1403;1355;1350;1315;1367;1335;1316;1228;1268;1208;1208;1169;1175;1149;1121;1155
9;1554;1476;1405;1423;1372;1356;1319;1367;1334;1316;1224;1269;1207;1208;1165;1177;1144;1124
10;1726;1563;1478;1423;1439;1370;1354;1323;1365;1339;1319;1231;1266;1202;1211;1176;1184;1146
11;1735;1730;1571;1499;1436;1439;1377;1358;1333;1375;1343;1319;1234;1264;1201;1216;1175;1187
12;1729;1743;1721;1579;1506;1445;1439;1367;1374;1327;1383;1349;1311;1236;1255;1213;1222;1166
13;1713;1733;1749;1735;1589;1508;1446;1440;1374;1381;1331;1393;1347;1303;1239;1252;1212;1219
14;1833;1724;1739;1752;1732;1594;1510;1450;1447;1372;1383;1336;1377;1348;1301;1238;1254;1210
15;1855;1831;1723;1746;1752;1731;1606;1510;1443;1446;1371;1383;1339;1367;1345;1309;1241;1257
16;1916;1851;1843;1730;1748;1754;1726;1607;1506;1454;1449;1375;1388;1326;1365;1344;1306;1244
17;2074;1921;1849;1853;1742;1748;1761;1718;1610;1518;1459;1452;1374;1396;1324;1364;1347;1311
18;2139;2072;1918;1855;1859;1750;1744;1760;1721;1622;1521;1464;1452;1374;1394;1328;1421;1353
19;2244;2123;2063;1916;1858;1852;1748;1740;1768;1720;1627;1517;1454;1446;1382;1400;1391;1412
20;2201;2225;2110;2061;1912;1833;1852;1730;1730;1747;1712;1619;1511;1443;1453;1379;1423;1353
21;2213;2182;2208;2098;2043;1902;1805;1844;1724;1713;1744;1714;1617;1512;1439;1457;1398;1405
22;2281;2193;2156;2193;2092;2054;1889;1801;1851;1720;1705;1748;1730;1611;1514;1439;1465;1379
23;2412;2236;2174;2128;2190;2074;2049;1891;1809;1864;1709;1706;1751;1724;1604;1508;1442;1447
24;2388;2397;2235;2150;2121;2172;2069;2032;1863;1783;1864;1712;1710;1733;1715;1591;1519;1408
25;2392;2377;2397;2232;2122;2114;2157;2060;2017;1852;1774;1848;1704;1706;1704;1704;1591;1483
26;2468;2382;2395;2382;2214;2115;2094;2140;2052;1995;1843;1774;1845;1682;1676;1662;1678;1553
27;2566;2465;2389;2401;2350;2189;2097;2065;2121;2023;1985;1823;1747;1830;1681;1656;1659;1625
28;2436;2545;2484;2408;2378;2345;2207;2066;2041;2084;2005;1971;1798;1728;1823;1651;1657;1613
29;2481;2437;2548;2474;2409;2374;2323;2190;2023;2020;2053;1946;1928;1765;1695;1778;1638;1626
30;2521;2474;2446;2559;2476;2411;2356;2289;2153;1995;1989;2031;1924;1897;1730;1670;1766;1593
31;2402;2509;2473;2422;2574;2456;2394;2316;2276;2123;1969;1955;2020;1890;1886;1710;1648;1732
32;2496;2386;2476;2435;2369;2513;2425;2335;2300;2228;2060;1964;1923;1981;1887;1853;1684;1615
33;2365;2483;2373;2490;2432;2348;2477;2376;2303;2276;2193;2036;1951;1933;1922;1866;1841;1659
34;2488;2322;2471;2357;2443;2417;2331;2428;2330;2256;2222;2176;2022;1927;1913;1904;1854;1819
35;2530;2492;2314;2461;2354;2431;2412;2332;2412;2317;2208;2222;2153;2020;1902;1908;1908;1830
36;2559;2537;2494;2322;2474;2346;2458;2418;2342;2418;2315;2197;2220;2148;1986;1900;1894;1893
37;2579;2561;2534;2499;2345;2460;2354;2473;2408;2331;2409;2300;2196;2204;2117;1965;1896;1880
38;2481;2581;2558;2544;2520;2351;2473;2361;2500;2409;2325;2381;2294;2188;2196;2108;1967;1891
39;2525;2489;2591;2561;2553;2533;2356;2464;2373;2484;2398;2313;2374;2279;2185;2183;2096;1963
40;2484;2523;2495;2608;2577;2583;2530;2365;2478;2377;2486;2413;2312;2380;2293;2189;2163;2111
41;2397;2486;2542;2523;2621;2591;2593;2541;2380;2491;2389;2477;2407;2313;2374;2289;2188;2162
42;2363;2397;2495;2555;2534;2642;2591;2597;2541;2397;2489;2383;2497;2405;2301;2380;2299;2176
43;2275;2373;2411;2487;2555;2552;2647;2589;2602;2550;2398;2500;2387;2506;2407;2294;2381;2295
44;2381;2286;2370;2432;2493;2563;2555;2643;2579;2610;2557;2401;2501;2394;2505;2397;2302;2377
45;2292;2393;2289;2389;2430;2488;2574;2559;2657;2587;2607;2548;2413;2497;2396;2513;2377;2280
46;2322;2294;2391;2295;2383;2436;2504;2572;2577;2657;2574;2606;2547;2412;2508;2409;2512;2365
47;2292;2322;2292;2410;2298;2381;2441;2501;2575;2584;2675;2584;2619;2550;2408;2502;2405;2504
48;2265;2293;2315;2305;2414;2315;2387;2446;2503;2587;2586;2686;2595;2597;2541;2418;2507;2394
49;2176;2263;2293;2312;2321;2415;2309;2384;2432;2509;2582;2586;2688;2596;2606;2560;2416;2503
50;2254;2177;2270;2306;2317;2334;2404;2319;2390;2442;2506;2570;2592;2694;2597;2619;2545;2403
51;2281;2265;2178;2293;2303;2330;2323;2412;2333;2394;2442;2510;2572;2579;2698;2590;2630;2536
52;2182;2275;2258;2176;2302;2311;2319;2322;2410;2344;2387;2426;2520;2566;2584;2694;2597;2623
53;2194;2171;2284;2251;2187;2307;2311;2332;2321;2422;2338;2404;2421;2522;2570;2590;2688;2581
54;2110;2190;2172;2285;2242;2193;2314;2307;2324;2322;2409;2345;2405;2414;2519;2586;2583;2686
55;2009;2131;2206;2173;2286;2232;2204;2319;2321;2315;2329;2440;2341;2412;2409;2515;2578;2575
56;1897;2017;2123;2213;2168;2302;2240;2210;2308;2320;2306;2324;2441;2340;2410;2407;2518;2578
57;2132;1898;2011;2122;2206;2185;2309;2228;2200;2314;2313;2310;2322;2426;2342;2403;2413;2521
58;1952;2146;1899;2004;2131;2221;2196;2316;2216;2211;2302;2321;2319;2306;2423;2331;2413;2392
59;1925;1946;2145;1887;2009;2142;2211;2193;2300;2215;2204;2298;2303;2310;2289;2417;2334;2403
60;1804;1928;1944;2148;1897;2016;2146;2197;2193;2295;2206;2182;2282;2293;2301;2292;2404;2337
61;2175;1805;1933;1945;2150;1907;2015;2142;2197;2191;2285;2209;2173;2285;2278;2297;2288;2395
62;2104;2186;1801;1933;1948;2159;1903;2030;2138;2179;2181;2279;2206;2173;2276;2267;2282;2279
63;1846;2099;2175;1800;1926;1951;2140;1890;2020;2145;2165;2176;2270;2196;2165;2265;2263;2274
64;1764;1848;2095;2174;1805;1927;1943;2128;1882;2008;2134;2157;2158;2257;2181;2153;2263;2242
65;1841;1768;1843;2085;2159;1800;1915;1942;2119;1870;1986;2124;2146;2148;2239;2162;2141;2248
66;1680;1829;1762;1837;2078;2142;1789;1898;1945;2107;1858;1971;2109;2129;2141;2224;2150;2130
67;1791;1661;1813;1748;1828;2070;2118;1766;1886;1931;2091;1851;1955;2097;2104;2124;2221;2141
68;1938;1765;1656;1783;1741;1816;2058;2097;1744;1884;1919;2065;1830;1939;2059;2074;2114;2199
69;1737;1910;1746;1644;1757;1721;1789;2045;2080;1728;1867;1893;2044;1819;1909;2029;2037;2092
70;1728;1729;1891;1725;1622;1746;1706;1771;2013;2060;1703;1859;1880;2016;1797;1894;2014;2021
71;1698;1694;1697;1875;1708;1595;1719;1705;1744;1982;2032;1682;1842;1850;2001;1773;1861;1986
72;1635;1658;1654;1656;1846;1688;1570;1703;1678;1704;1957;1990;1648;1807;1825;1971;1750;1837
73;1647;1611;1639;1631;1620;1814;1664;1542;1672;1659;1696;1925;1955;1628;1779;1808;1938;1721
74;1394;1612;1573;1603;1603;1584;1776;1632;1517;1647;1620;1661;1894;1894;1596;1744;1767;1901
75;1442;1362;1572;1555;1564;1545;1553;1729;1601;1486;1600;1574;1627;1865;1858;1560;1707;1727
76;1402;1409;1331;1538;1502;1525;1495;1517;1690;1562;1458;1553;1526;1594;1830;1811;1521;1677
77;1392;1363;1379;1298;1492;1465;1468;1438;1486;1649;1531;1418;1513;1479;1563;1771;1782;1485
78;1249;1353;1310;1343;1247;1457;1423;1418;1399;1431;1604;1486;1381;1473;1438;1523;1704;1745
79;1214;1201;1307;1252;1303;1201;1395;1376;1372;1362;1372;1556;1440;1330;1431;1391;1477;1639
80;1012;1172;1133;1263;1206;1255;1155;1348;1321;1332;1301;1324;1495;1385;1268;1381;1344;1423
81;1016;976;1115;1061;1198;1148;1193;1117;1274;1248;1273;1230;1248;1434;1313;1231;1341;1273
82;785;948;905;1051;984;1095;1083;1143;1068;1196;1198;1202;1170;1200;1369;1249;1176;1280
83;516;729;875;842;974;926;1008;998;1037;989;1119;1141;1141;1098;1156;1291;1194;1114
84;514;469;669;804;781;905;853;926;932;975;921;1030;1076;1070;1039;1078;1208;1123
85;547;462;419;619;740;700;847;793;863;876;909;853;960;997;979;973;1014;1115
86;568;497;418;388;565;673;617;772;758;792;802;834;789;892;923;896;891;932
87;477;498;442;379;352;515;594;561;696;691;720;739;761;717;813;841;810;803
88;494;415;419;387;330;307;464;521;482;614;610;642;654;685;633;729;746;735
89;397;401;335;359;346;283;269;405;456;433;533;531;571;574;619;549;642;675
90;292;344;350;279;320;297;253;231;352;395;372;446;449;496;479;557;489;571
91;257;250;275;285;235;259;256;206;192;312;336;313;385;393;410;414;488;433
92;203;207;197;221;239;194;218;221;166;163;263;277;258;318;334;349;339;398
93;156;174;155;166;179;195;154;185;171;135;131;209;231;220;273;278;288;296
94;121;112;140;126;108;137;149;133;148;129;106;107;172;192;174;222;224;236
95;84;89;82;118;91;81;112;121;91;118;97;74;83;130;140;138;167;167
96;51;68;69;61;82;70;53;80;93;73;95;72;55;66;103;104;110;121
97;45;30;47;44;47;63;53;42;62;75;55;65;53;39;47;72;75;87
98;23;35;22;36;30;26;43;35;30;40;59;36;38;39;31;33;56;55
99;15;19;23;18;27;22;19;31;29;21;30;37;24;27;23;24;23;39
100 e oltre;19;21;28;37;34;45;45;41;44;43;36;49;49;54;48;42;42;43
Totale;166575;166397;166287;166391;166244;166119;165792;165278;164816;164393;163594;162768;162007;161055;159947;158935;158197;156623
Età/Anno;2002;2003;2004;2005;2006;2007;2008;2009;2010;2011;2012;2013;2014;2015;2016;2017;2018;2019
Età;Maschi
0;628;614;669;599;608;626;577;599;603;593;591;501;509;504;458;488;487;404
1;676;633;623;673;598;610;641;581;610;596;590;586;503;515;505;469;486;491
2;686;677;632;622;668;602;609;638;578;616;600;583;587;512;508;509;473;487
3;669;689;683;645;624;675;603;611;642;587;622;603;573;581;509;509;505;472
4;711;680;700;693;645;627;682;605;614;634;578;624;602;575;585;505;509;499
5;685;712;685;698;697;653;625;677;603;621;636;581;617;603;577;582;505;509
6;750;695;723;686;702;697;656;634;683;607;628;637;583;626;601;577;581;505
7;702;746;699;725;684;702;698;663;633;685;608;630;638;584;623;606;571;579
8;799;713;747;705;733;692;707;697;663;626;680;610;622;641;585;620;602;572
9;778;804;721;758;715;738;691;707;698;661;619;680;605;621;639;585;617;604
10;922;780;801;732;771;714;733;690;708;701;661;624;677;600;624;646;588;610
11;868;922;785;815;739;767;721;732;696;714;703;660;623;673;596;624;646;588
12;902;871;916;789;823;748;766;715;737;693;718;704;661;627;670;603;635;639
13;875;910;873;929;795;821;746;764;717;742;696;720;706;653;629;668;604;631
14;948;881;914;875;929;802;821;744;768;717;742;699;712;706;652;626;670;604
15;912;945;883;918;875;935;812;821;740;771;719;745;700;704;706;658;628;671
16;993;912;952;888;916;872;936;816;813;750;770;719;745;694;702;706;661;627
17;1063;993;911;957;893;909;880;931;814;823;751;774;717;748;694;701;705;666
18;1110;1057;992;915;959;899;898;879;934;823;824;757;773;713;748;699;759;716
19;1179;1101;1053;994;918;962;900;905;883;933;827;824;755;767;721;756;765;754
20;1113;1174;1099;1053;1000;908;961;894;900;873;928;826;815;748;777;719;781;730
21;1111;1105;1166;1083;1045;998;895;958;890;892;873;927;823;813;749;781;748;768
22;1150;1104;1093;1156;1083;1049;992;891;962;888;885;881;938;817;812;754;790;728
23;1253;1133;1094;1084;1152;1077;1048;986;894;967;885;892;884;940;819;811;761;769
24;1223;1248;1136;1090;1085;1140;1070;1045;973;882;970;887;889;872;932;820;818;734
25;1221;1216;1248;1134;1068;1079;1134;1069;1033;966;884;963;881;889;856;927;828;797
26;1210;1220;1229;1236;1116;1065;1070;1132;1067;1021;959;890;959;876;883;846;919;801
27;1338;1208;1231;1237;1208;1085;1058;1057;1122;1055;1008;953;876;954;868;869;856;889
28;1219;1325;1224;1240;1213;1200;1093;1039;1030;1096;1044;1009;942;867;954;854;878;827
29;1250;1236;1329;1225;1226;1211;1184;1082;1026;1024;1073;1014;989;928;853;934;856;854
30;1284;1251;1227;1337;1229;1247;1217;1170;1067;1006;1008;1072;1006;968;906;846;926;823
31;1250;1277;1250;1222;1341;1231;1240;1204;1162;1054;992;997;1073;993;969;891;838;911
32;1286;1253;1281;1249;1213;1319;1220;1221;1206;1160;1034;986;987;1054;993;951;885;813
33;1155;1293;1255;1298;1252;1195;1314;1202;1213;1195;1149;1020;987;1001;1029;983;941;869
34;1250;1110;1265;1236;1254;1225;1176;1273;1161;1180;1141;1131;1012;974;998;1015;965;931
35;1224;1248;1109;1254;1239;1229;1210;1167;1257;1143;1138;1143;1128;1002;965;988;1022;948
36;1286;1221;1255;1116;1272;1229;1245;1220;1170;1267;1141;1130;1138;1126;991;968;980;1012
37;1252;1284;1225;1255;1136;1262;1244;1247;1215;1170;1266;1139;1132;1124;1113;977;968;971
38;1184;1251;1283;1232;1273;1143;1275;1247;1263;1213;1170;1253;1138;1139;1127;1101;982;965
39;1262;1193;1256;1280;1233;1270;1146;1270;1245;1240;1217;1166;1239;1136;1143;1125;1101;988
40;1250;1269;1191;1266;1289;1252;1266;1149;1276;1245;1232;1219;1164;1243;1142;1139;1111;1101
41;1199;1254;1277;1207;1274;1301;1256;1267;1162;1278;1251;1225;1219;1162;1242;1142;1142;1111
42;1215;1196;1257;1278;1215;1288;1304;1262;1272;1169;1268;1248;1238;1217;1149;1250;1147;1143
43;1121;1219;1198;1250;1280;1221;1288;1304;1264;1277;1166;1273;1246;1243;1216;1146;1246;1141
44;1182;1135;1220;1207;1257;1282;1218;1282;1303;1268;1283;1170;1276;1241;1248;1214;1157;1240
45;1152;1191;1129;1231;1209;1256;1282;1224;1285;1301;1269;1279;1167;1274;1247;1258;1211;1143
46;1175;1154;1191;1126;1228;1207;1253;1276;1236;1286;1289;1265;1274;1163;1277;1255;1252;1202
47;1172;1175;1152;1205;1124;1228;1207;1254;1282;1235;1288;1287;1270;1274;1163;1275;1253;1245
48;1143;1177;1171;1155;1210;1136;1225;1214;1250;1289;1234;1290;1295;1260;1272;1176;1280;1254
49;1102;1142;1174;1165;1160;1210;1130;1223;1205;1256;1289;1228;1293;1299;1260;1280;1178;1283
50;1181;1103;1142;1181;1175;1168;1206;1139;1227;1211;1248;1279;1229;1297;1295;1272;1273;1173
51;1190;1184;1102;1163;1176;1175;1169;1208;1151;1226;1208;1246;1283;1223;1296;1293;1276;1270
52;1101;1180;1171;1101;1168;1176;1162;1162;1203;1154;1218;1202;1249;1282;1232;1297;1296;1273
53;1141;1098;1183;1169;1105;1165;1173;1166;1155;1211;1149;1229;1198;1250;1282;1231;1293;1292
54;1051;1134;1095;1183;1157;1105;1168;1172;1158;1156;1200;1151;1228;1191;1248;1289;1223;1299
55;1025;1068;1141;1098;1176;1151;1102;1170;1178;1152;1161;1211;1145;1232;1189;1244;1285;1217
56;995;1031;1065;1138;1098;1185;1147;1107;1162;1180;1144;1156;1215;1141;1227;1186;1245;1282
57;1047;998;1029;1062;1132;1107;1187;1141;1098;1162;1172;1145;1153;1205;1138;1221;1184;1249
58;919;1058;1001;1017;1058;1138;1107;1197;1132;1104;1148;1171;1156;1141;1194;1133;1221;1170
59;930;912;1058;995;1021;1061;1128;1103;1191;1133;1094;1146;1162;1151;1128;1190;1129;1222
60;880;920;898;1056;1005;1024;1057;1109;1102;1185;1124;1081;1139;1153;1144;1130;1182;1128
61;1033;886;920;901;1053;1003;1024;1052;1102;1105;1175;1120;1074;1137;1138;1148;1131;1177
62;1056;1041;882;915;895;1053;995;1037;1049;1084;1095;1177;1114;1075;1134;1131;1136;1128
63;884;1049;1032;880;909;895;1048;979;1024;1047;1076;1092;1169;1109;1066;1123;1129;1131
64;828;876;1042;1027;884;909;890;1041;969;1016;1038;1068;1077;1161;1097;1056;1122;1118
65;853;841;870;1034;1018;878;912;885;1029;964;999;1038;1061;1069;1150;1089;1051;1110
66;777;847;840;867;1028;1003;872;901;893;1022;957;987;1041;1052;1065;1140;1074;1041
67;865;759;835;826;861;1023;989;853;888;884;1011;948;972;1035;1037;1054;1137;1070
68;888;847;753;820;826;854;1016;975;839;884;876;991;932;965;1006;1020;1042;1122
69;826;871;829;740;795;811;840;999;971;835;872;859;976;922;954;988;996;1027
70;765;817;855;811;722;789;795;824;980;954;818;864;848;958;913;947;974;981
71;762;746;793;843;801;706;775;791;805;965;934;802;853;831;948;899;920;954
72;729;731;712;766;825;784;689;766;772;783;950;906;783;835;812;935;882;906
73;722;715;721;700;740;805;764;673;745;758;774;931;882;771;825;800;911;860
74;589;701;699;694;683;725;781;745;656;732;737;748;912;848;748;801;773;889
75;620;579;671;692;670;657;704;756;728;636;702;711;723;886;828;721;775;746
76;587;593;556;646;656;643;632;680;734;700;619;671;682;699;866;799;701;758
77;584;576;582;540;623;628;609;601;663;715;682;597;649;658;681;835;778;681
78;514;570;546;560;511;594;601;583;576;638;687;656;573;626;637;656;804;749
79;489;494;550;521;541;484;559;570;555;557;595;654;633;549;605;599;629;766
80;367;462;446;527;502;518;458;530;547;537;521;563;614;601;515;573;575;603
81;385;341;431;407;483;468;495;442;484;497;507;486;523;589;565;496;539;534
82;292;340;312;390;359;420;435;469;417;450;476;474;449;499;550;527;462;505
83;197;266;281;281;346;325;372;379;400;369;418;451;435;419;483;520;497;428
84;196;179;238;253;254;296;297;333;350;366;326;376;419;406;397;441;476;463
85;208;167;155;220;232;219;274;272;314;331;330;294;341;384;366;364;407;433
86;211;191;149;144;192;213;195;247;256;282;294;300;265;318;359;335;333;370
87;189;185;175;130;130;172;182;177;223;235;248;262;272;231;285;313;291;292
88;209;159;154;150;107;108;161;168;154;203;194;214;226;238;204;254;270;250
89;166;177;142;139;135;88;88;134;141;139;173;165;192;196;215;167;211;238
90;98;147;155;120;121;117;79;72;114;125;119;142;133;158;158;186;144;185
91;100;81;110;125;104;94;95;65;60;103;106;92;125;113;128;123;155;119
92;63;75;58;88;109;81;82;78;50;51;89;87;71;100;93;108;85;131
93;57;52;56;43;73;93;66;70;54;42;38;70;69;57;86;71;74;73
94;42;41;47;44;26;53;71;56;51;38;33;31;54;47;43;71;56;63
95;31;29;28;38;28;18;44;58;35;40;28;28;21;33;32;35;50;40
96;17;23;23;22;24;19;9;29;42;25;32;21;19;18;24;19;28;33
97;18;12;15;17;14;20;17;7;24;32;16;21;14;13;15;16;15;18
98;10;10;10;10;10;10;15;10;7;17;23;7;10;11;10;9;13;9
99;4;9;6;9;7;7;9;9;5;4;12;15;6;6;6;10;5;9
100 e oltre;5;3;10;10;13;15;12;12;12;7;6;13;18;15;16;14;18;16
Totale;81784;81771;81751;81836;81757;81647;81480;81240;81003;80835;80349;79973;79573;79148;78718;78311;78093;77220
Età/Anno;2002;2003;2004;2005;2006;2007;2008;2009;2010;2011;2012;2013;2014;2015;2016;2017;2018;2019
Età;Femmine
0;614;592;567;575;562;520;581;548;528;582;512;455;527;457;466;413;439;399
1;607;618;592;580;580;577;523;581;544;531;579;516;470;527;458;462;415;433
2;655;607;619;594;580;588;582;514;583;546;523;587;516;466;533;454;447;415
3;594;653;615;621;594;577;589;586;523;587;548;523;584;515;463;524;454;455
4;609;594;658;621;624;598;589;586;587;524;589;544;520;585;521;465;517;460
5;644;607;592;654;624;631;600;594;588;585;531;591;546;521;579;526;461;517
6;646;648;615;604;655;627;637;601;590;594;590;531;589;535;519;578;523;464
7;670;652;649;615;604;661;640;643;600;591;599;590;525;592;532;523;582;523
8;672;674;656;650;617;623;660;638;653;602;588;598;586;528;590;529;519;583
9;776;672;684;665;657;618;628;660;636;655;605;589;602;587;526;592;527;520
10;804;783;677;691;668;656;621;633;657;638;658;607;589;602;587;530;596;536
11;867;808;786;684;697;672;656;626;637;661;640;659;611;591;605;592;529;599
12;827;872;805;790;683;697;673;652;637;634;665;645;650;609;585;610;587;527
13;838;823;876;806;794;687;700;676;657;639;635;673;641;650;610;584;608;588
14;885;843;825;877;803;792;689;706;679;655;641;637;665;642;649;612;584;606
15;943;886;840;828;877;796;794;689;703;675;652;638;639;663;639;651;613;586
16;923;939;891;842;832;882;790;791;693;704;679;656;643;632;663;638;645;617
17;1011;928;938;896;849;839;881;787;796;695;708;678;657;648;630;663;642;645
18;1029;1015;926;940;900;851;846;881;787;799;697;707;679;661;646;629;662;637
19;1065;1022;1010;922;940;890;848;835;885;787;800;693;699;679;661;644;626;658
20;1088;1051;1011;1008;912;925;891;836;830;874;784;793;696;695;676;660;642;623
21;1102;1077;1042;1015;998;904;910;886;834;821;871;787;794;699;690;676;650;637
22;1131;1089;1063;1037;1009;1005;897;910;889;832;820;867;792;794;702;685;675;651
23;1159;1103;1080;1044;1038;997;1001;905;915;897;824;814;867;784;785;697;681;678
24;1165;1149;1099;1060;1036;1032;999;987;890;901;894;825;821;861;783;771;701;674
25;1171;1161;1149;1098;1054;1035;1023;991;984;886;890;885;823;817;848;777;763;686
26;1258;1162;1166;1146;1098;1050;1024;1008;985;974;884;884;886;806;793;816;759;752
27;1228;1257;1158;1164;1142;1104;1039;1008;999;968;977;870;871;876;813;787;803;736
28;1217;1220;1260;1168;1165;1145;1114;1027;1011;988;961;962;856;861;869;797;779;786
29;1231;1201;1219;1249;1183;1163;1139;1108;997;996;980;932;939;837;842;844;782;772
30;1237;1223;1219;1222;1247;1164;1139;1119;1086;989;981;959;918;929;824;824;840;770
31;1152;1232;1223;1200;1233;1225;1154;1112;1114;1069;977;958;947;897;917;819;810;821
32;1210;1133;1195;1186;1156;1194;1205;1114;1094;1068;1026;978;936;927;894;902;799;802
33;1210;1190;1118;1192;1180;1153;1163;1174;1090;1081;1044;1016;964;932;893;883;900;790
34;1238;1212;1206;1121;1189;1192;1155;1155;1169;1076;1081;1045;1010;953;915;889;889;888
35;1306;1244;1205;1207;1115;1202;1202;1165;1155;1174;1070;1079;1025;1018;937;920;886;882
36;1273;1316;1239;1206;1202;1117;1213;1198;1172;1151;1174;1067;1082;1022;995;932;914;881
37;1327;1277;1309;1244;1209;1198;1110;1226;1193;1161;1143;1161;1064;1080;1004;988;928;909
38;1297;1330;1275;1312;1247;1208;1198;1114;1237;1196;1155;1128;1156;1049;1069;1007;985;926
39;1263;1296;1335;1281;1320;1263;1210;1194;1128;1244;1181;1147;1135;1143;1042;1058;995;975
40;1234;1254;1304;1342;1288;1331;1264;1216;1202;1132;1254;1194;1148;1137;1151;1050;1052;1010
41;1198;1232;1265;1316;1347;1290;1337;1274;1218;1213;1138;1252;1188;1151;1132;1147;1046;1051
42;1148;1201;1238;1277;1319;1354;1287;1335;1269;1228;1221;1135;1259;1188;1152;1130;1152;1033
43;1154;1154;1213;1237;1275;1331;1359;1285;1338;1273;1232;1227;1141;1263;1191;1148;1135;1154
44;1199;1151;1150;1225;1236;1281;1337;1361;1276;1342;1274;1231;1225;1153;1257;1183;1145;1137
45;1140;1202;1160;1158;1221;1232;1292;1335;1372;1286;1338;1269;1246;1223;1149;1255;1166;1137
46;1147;1140;1200;1169;1155;1229;1251;1296;1341;1371;1285;1341;1273;1249;1231;1154;1260;1163
47;1120;1147;1140;1205;1174;1153;1234;1247;1293;1349;1387;1297;1349;1276;1245;1227;1152;1259
48;1122;1116;1144;1150;1204;1179;1162;1232;1253;1298;1352;1396;1300;1337;1269;1242;1227;1140
49;1074;1121;1119;1147;1161;1205;1179;1161;1227;1253;1293;1358;1395;1297;1346;1280;1238;1220
50;1073;1074;1128;1125;1142;1166;1198;1180;1163;1231;1258;1291;1363;1397;1302;1347;1272;1230
51;1091;1081;1076;1130;1127;1155;1154;1204;1182;1168;1234;1264;1289;1356;1402;1297;1354;1266
52;1081;1095;1087;1075;1134;1135;1157;1160;1207;1190;1169;1224;1271;1284;1352;1397;1301;1350
53;1053;1073;1101;1082;1082;1142;1138;1166;1166;1211;1189;1175;1223;1272;1288;1359;1395;1289
54;1059;1056;1077;1102;1085;1088;1146;1135;1166;1166;1209;1194;1177;1223;1271;1297;1360;1387
55;984;1063;1065;1075;1110;1081;1102;1149;1143;1163;1168;1229;1196;1180;1220;1271;1293;1358
56;902;986;1058;1075;1070;1117;1093;1103;1146;1140;1162;1168;1226;1199;1183;1221;1273;1296
57;1085;900;982;1060;1074;1078;1122;1087;1102;1152;1141;1165;1169;1221;1204;1182;1229;1272
58;1033;1088;898;987;1073;1083;1089;1119;1084;1107;1154;1150;1163;1165;1229;1198;1192;1222
59;995;1034;1087;892;988;1081;1083;1090;1109;1082;1110;1152;1141;1159;1161;1227;1205;1181
60;924;1008;1046;1092;892;992;1089;1088;1091;1110;1082;1101;1143;1140;1157;1162;1222;1209
61;1142;919;1013;1044;1097;904;991;1090;1095;1086;1110;1089;1099;1148;1140;1149;1157;1218
62;1048;1145;919;1018;1053;1106;908;993;1089;1095;1086;1102;1092;1098;1142;1136;1146;1151
63;962;1050;1143;920;1017;1056;1092;911;996;1098;1089;1084;1101;1087;1099;1142;1134;1143
64;936;972;1053;1147;921;1018;1053;1087;913;992;1096;1089;1081;1096;1084;1097;1141;1124
65;988;927;973;1051;1141;922;1003;1057;1090;906;987;1086;1085;1079;1089;1073;1090;1138
66;903;982;922;970;1050;1139;917;997;1052;1085;901;984;1068;1077;1076;1084;1076;1089
67;926;902;978;922;967;1047;1129;913;998;1047;1080;903;983;1062;1067;1070;1084;1071
68;1050;918;903;963;915;962;1042;1122;905;1000;1043;1074;898;974;1053;1054;1072;1077
69;911;1039;917;904;962;910;949;1046;1109;893;995;1034;1068;897;955;1041;1041;1065
70;963;912;1036;914;900;957;911;947;1033;1106;885;995;1032;1058;884;947;1040;1040
71;936;948;904;1032;907;889;944;914;939;1017;1098;880;989;1019;1053;874;941;1032
72;906;927;942;890;1021;904;881;937;906;921;1007;1084;865;972;1013;1036;868;931
73;925;896;918;931;880;1009;900;869;927;901;922;994;1073;857;954;1008;1027;861
74;805;911;874;909;920;859;995;887;861;915;883;913;982;1046;848;943;994;1012
75;822;783;901;863;894;888;849;973;873;850;898;863;904;979;1030;839;932;981
76;815;816;775;892;846;882;863;837;956;862;839;882;844;895;964;1012;820;919
77;808;787;797;758;869;837;859;837;823;934;849;821;864;821;882;936;1004;804
78;735;783;764;783;736;863;822;835;823;793;917;830;808;847;801;867;900;996
79;725;707;757;731;762;717;836;806;817;805;777;902;807;781;826;792;848;873
80;645;710;687;736;704;737;697;818;774;795;780;761;881;784;753;808;769;820
81;631;635;684;654;715;680;698;675;790;751;766;744;725;845;748;735;802;739
82;493;608;593;661;625;675;648;674;651;746;722;728;721;701;819;722;714;775
83;319;463;594;561;628;601;636;619;637;620;701;690;706;679;673;771;697;686
84;318;290;431;551;527;609;556;593;582;609;595;654;657;664;642;637;732;660
85;339;295;264;399;508;481;573;521;549;545;579;559;619;613;613;609;607;682
86;357;306;269;244;373;460;422;525;502;510;508;534;524;574;564;561;558;562
87;288;313;267;249;222;343;412;384;473;456;472;477;489;486;528;528;519;511
88;285;256;265;237;223;199;303;353;328;411;416;428;428;447;429;475;476;485
89;231;224;193;220;211;195;181;271;315;294;360;366;379;378;404;382;431;437
90;194;197;195;159;199;180;174;159;238;270;253;304;316;338;321;371;345;386
91;157;169;165;160;131;165;161;141;132;209;230;221;260;280;282;291;333;314
92;140;132;139;133;130;113;136;143;116;112;174;190;187;218;241;241;254;267
93;99;122;99;123;106;102;88;115;117;93;93;139;162;163;187;207;214;223
94;79;71;93;82;82;84;78;77;97;91;73;76;118;145;131;151;168;173
95;53;60;54;80;63;63;68;63;56;78;69;46;62;97;108;103;117;127
96;34;45;46;39;58;51;44;51;51;48;63;51;36;48;79;85;82;88
97;27;18;32;27;33;43;36;35;38;43;39;44;39;26;32;56;60;69
98;13;25;12;26;20;16;28;25;23;23;36;29;28;28;21;24;43;46
99;11;10;17;9;20;15;10;22;24;17;18;22;18;21;17;14;18;30
100 e oltre;14;18;18;27;21;30;33;29;32;36;30;36;31;39;32;28;24;27
Totale;84791;84626;84536;84555;84487;84472;84312;84038;83813;83558;83245;82795;82434;81907;81229;80624;80104;79403

"Ricostruzione della popolazione intercensuaria - Popolazione al 1° gennaio per età"
"Cittadinanza italiana - Provincia: Oristano"
Età/Anno;2002;2003;2004;2005;2006;2007;2008;2009;2010;2011;2012;2013;2014;2015;2016;2017;2018;2019
Età;Totale
0;1237;1196;1224;1164;1156;1131;1134;1122;1109;1148;1088;932;1019;948;906;881;906;787
1;1274;1247;1203;1237;1166;1166;1147;1136;1122;1102;1145;1084;941;1025;947;910;879;904
2;1334;1275;1246;1203;1235;1177;1170;1136;1138;1130;1099;1148;1084;944;1023;949;899;877
3;1256;1338;1289;1258;1203;1233;1179;1172;1145;1147;1137;1105;1138;1075;941;1016;946;908
4;1316;1267;1350;1301;1260;1212;1249;1177;1181;1139;1141;1138;1103;1138;1085;938;1011;944
5;1323;1313;1268;1342;1307;1270;1210;1248;1176;1185;1147;1143;1138;1104;1134;1085;937;1006
6;1394;1334;1326;1274;1343;1309;1277;1218;1252;1188;1195;1146;1144;1136;1097;1135;1083;939
7;1368;1394;1340;1328;1270;1345;1318;1290;1213;1252;1192;1198;1144;1151;1135;1104;1133;1081
8;1465;1382;1398;1343;1337;1294;1347;1314;1296;1207;1245;1190;1187;1148;1150;1128;1104;1134
9;1545;1469;1400;1413;1358;1345;1296;1351;1317;1296;1202;1243;1186;1187;1144;1152;1124;1107
10;1722;1553;1473;1413;1427;1354;1344;1301;1348;1319;1298;1203;1243;1179;1197;1154;1157;1124
11;1726;1725;1560;1493;1421;1426;1360;1345;1308;1357;1322;1294;1208;1241;1182;1199;1154;1160
12;1723;1737;1716;1564;1495;1426;1421;1352;1357;1304;1360;1325;1288;1209;1233;1190;1201;1148
13;1710;1728;1738;1726;1573;1496;1423;1426;1359;1364;1305;1365;1323;1284;1214;1231;1191;1196
14;1830;1718;1729;1738;1723;1575;1495;1425;1435;1355;1365;1311;1352;1326;1286;1218;1232;1189
15;1846;1826;1714;1730;1740;1720;1583;1495;1420;1433;1354;1366;1313;1343;1323;1292;1220;1235
16;1912;1840;1835;1720;1730;1743;1715;1586;1490;1427;1433;1356;1369;1304;1340;1323;1287;1223
17;2069;1916;1837;1845;1729;1727;1747;1708;1584;1500;1429;1432;1352;1369;1298;1338;1322;1285
18;2134;2064;1912;1836;1846;1735;1724;1744;1710;1599;1503;1435;1433;1349;1368;1300;1338;1316
19;2234;2118;2052;1907;1838;1836;1732;1710;1742;1704;1599;1494;1426;1426;1351;1365;1302;1341
20;2198;2215;2101;2050;1901;1810;1835;1713;1696;1722;1694;1593;1485;1414;1425;1342;1361;1290
21;2205;2176;2197;2089;2030;1886;1782;1825;1704;1678;1715;1686;1586;1487;1404;1422;1329;1350
22;2273;2180;2146;2177;2081;2038;1862;1773;1820;1699;1663;1706;1693;1582;1482;1395;1409;1323
23;2401;2227;2158;2117;2167;2063;2029;1864;1771;1825;1687;1656;1700;1681;1564;1473;1377;1398
24;2375;2382;2213;2134;2112;2145;2052;2003;1835;1745;1818;1687;1649;1678;1673;1545;1464;1362
25;2372;2364;2373;2208;2106;2097;2120;2038;1982;1819;1737;1799;1673;1635;1649;1654;1523;1438
26;2448;2358;2368;2352;2188;2095;2073;2099;2027;1951;1806;1728;1784;1649;1605;1604;1621;1495
27;2551;2446;2358;2368;2325;2159;2071;2039;2071;1990;1932;1780;1700;1769;1632;1587;1581;1576
28;2420;2526;2442;2368;2339;2312;2162;2035;2006;2022;1966;1908;1744;1674;1754;1597;1577;1553
29;2463;2423;2527;2424;2364;2328;2287;2143;1991;1979;1992;1902;1861;1711;1633;1709;1570;1561
30;2502;2445;2414;2518;2411;2357;2301;2247;2102;1956;1940;1958;1873;1830;1681;1609;1691;1536
31;2385;2486;2433;2386;2529;2392;2341;2259;2231;2076;1926;1899;1943;1836;1824;1655;1575;1657
32;2479;2365;2446;2391;2335;2463;2352;2279;2237;2182;2011;1906;1861;1906;1827;1794;1615;1544
33;2346;2466;2338;2456;2386;2313;2430;2309;2257;2218;2149;1986;1892;1858;1841;1803;1778;1589
34;2473;2297;2447;2315;2409;2364;2283;2387;2266;2206;2164;2128;1971;1860;1839;1817;1791;1758
35;2519;2472;2290;2437;2319;2401;2368;2276;2379;2256;2160;2161;2099;1962;1835;1822;1817;1770
36;2544;2524;2468;2295;2446;2312;2425;2372;2292;2388;2254;2140;2156;2092;1926;1824;1806;1810
37;2573;2545;2515;2468;2312;2438;2326;2437;2368;2281;2372;2238;2128;2137;2057;1903;1818;1796
38;2461;2573;2533;2518;2494;2319;2440;2333;2459;2362;2272;2344;2231;2111;2129;2051;1906;1821
39;2513;2473;2579;2529;2532;2502;2318;2432;2337;2441;2345;2256;2326;2210;2111;2119;2040;1898
40;2472;2503;2473;2593;2541;2557;2496;2326;2443;2337;2441;2355;2258;2331;2225;2110;2094;2050
41;2374;2472;2514;2499;2601;2553;2565;2504;2335;2448;2340;2432;2345;2256;2328;2213;2104;2099
42;2350;2376;2476;2528;2506;2618;2553;2564;2504;2351;2441;2332;2446;2341;2240;2336;2216;2102
43;2262;2360;2389;2467;2524;2528;2627;2552;2564;2509;2345;2446;2331;2458;2340;2237;2330;2217
44;2370;2274;2355;2407;2475;2526;2528;2624;2543;2572;2511;2347;2445;2326;2455;2335;2242;2321
45;2287;2380;2274;2366;2408;2473;2533;2531;2632;2543;2565;2492;2355;2433;2328;2464;2317;2228
46;2315;2288;2378;2278;2356;2410;2480;2532;2540;2626;2528;2563;2491;2357;2442;2336;2458;2298
47;2283;2314;2283;2397;2281;2358;2412;2471;2533;2541;2632;2526;2568;2483;2349;2438;2337;2452
48;2259;2279;2303;2294;2399;2297;2358;2410;2474;2544;2541;2639;2529;2547;2477;2358;2447;2323
49;2170;2258;2277;2299;2309;2400;2290;2358;2397;2476;2538;2536;2642;2534;2555;2488;2355;2441
50;2249;2170;2259;2291;2304;2324;2388;2297;2360;2402;2467;2526;2540;2643;2535;2566;2477;2342
51;2277;2260;2171;2277;2287;2316;2310;2392;2303;2362;2396;2465;2525;2524;2644;2528;2575;2468
52;2175;2271;2254;2166;2289;2297;2305;2304;2392;2312;2352;2377;2473;2521;2531;2643;2532;2568
53;2187;2167;2280;2246;2175;2293;2301;2311;2302;2404;2304;2364;2371;2474;2526;2533;2639;2517
54;2097;2183;2165;2280;2236;2178;2297;2297;2296;2300;2391;2306;2363;2363;2472;2536;2531;2640
55;1999;2116;2199;2167;2279;2226;2189;2299;2309;2291;2302;2410;2301;2374;2365;2467;2524;2523
56;1889;2007;2105;2203;2162;2293;2229;2193;2285;2305;2282;2294;2408;2297;2368;2362;2466;2524
57;2128;1891;2005;2106;2196;2178;2300;2218;2180;2290;2293;2284;2288;2396;2297;2358;2362;2468
58;1946;2141;1892;1998;2111;2211;2184;2300;2203;2192;2276;2297;2278;2274;2391;2286;2367;2343
59;1920;1940;2141;1880;2000;2120;2201;2183;2287;2203;2184;2268;2284;2274;2256;2382;2286;2362
60;1797;1923;1937;2143;1890;2007;2127;2185;2182;2283;2194;2163;2251;2272;2260;2255;2369;2284
61;2174;1798;1929;1935;2147;1898;2006;2127;2183;2178;2273;2189;2153;2250;2258;2257;2252;2364
62;2101;2184;1792;1928;1940;2155;1894;2021;2124;2169;2166;2267;2185;2155;2242;2248;2243;2247
63;1844;2099;2171;1789;1922;1943;2135;1881;2011;2128;2155;2162;2256;2177;2149;2230;2242;2238
64;1763;1842;2093;2169;1795;1923;1932;2122;1871;2001;2118;2144;2144;2246;2161;2137;2228;2220
65;1838;1768;1835;2082;2154;1789;1911;1934;2110;1861;1981;2107;2132;2132;2226;2142;2125;2213
66;1680;1825;1761;1830;2074;2135;1779;1893;1939;2098;1852;1965;2091;2117;2126;2209;2129;2113
67;1791;1661;1807;1747;1819;2067;2112;1756;1881;1922;2081;1845;1948;2079;2091;2110;2201;2122
68;1934;1765;1656;1776;1740;1806;2055;2091;1735;1880;1910;2054;1823;1934;2044;2062;2100;2180
69;1736;1906;1746;1644;1749;1720;1782;2042;2073;1720;1864;1884;2034;1812;1903;2012;2024;2076
70;1723;1727;1888;1725;1622;1736;1705;1762;2009;2054;1695;1856;1871;2007;1790;1888;1996;2006
71;1694;1690;1696;1873;1707;1595;1710;1704;1735;1979;2026;1675;1839;1842;1991;1765;1857;1970
72;1634;1655;1651;1656;1842;1687;1569;1695;1677;1697;1954;1984;1641;1804;1816;1961;1742;1832
73;1647;1608;1636;1630;1619;1810;1663;1541;1662;1658;1689;1922;1950;1620;1777;1799;1930;1713
74;1393;1612;1572;1600;1601;1584;1774;1631;1516;1637;1619;1656;1891;1890;1584;1742;1758;1895
75;1441;1361;1572;1552;1561;1543;1553;1727;1600;1485;1589;1573;1622;1861;1853;1549;1704;1719
76;1400;1408;1330;1538;1499;1522;1494;1515;1687;1561;1457;1544;1523;1589;1827;1806;1511;1674
77;1391;1362;1379;1297;1492;1463;1465;1437;1484;1648;1530;1418;1506;1477;1557;1769;1776;1476
78;1248;1353;1310;1343;1247;1457;1421;1416;1398;1430;1603;1484;1381;1466;1436;1517;1701;1740
79;1213;1201;1307;1251;1303;1201;1395;1373;1370;1360;1371;1555;1438;1330;1422;1389;1471;1637
80;1012;1171;1133;1263;1205;1255;1155;1348;1318;1330;1299;1324;1494;1384;1268;1372;1341;1418
81;1015;975;1115;1061;1198;1147;1193;1117;1274;1246;1271;1228;1248;1433;1311;1231;1334;1270
82;785;947;904;1051;984;1095;1082;1143;1068;1196;1196;1200;1168;1200;1368;1247;1176;1273
83;515;729;874;842;974;926;1008;997;1037;989;1119;1137;1136;1096;1155;1290;1192;1114
84;514;468;669;802;781;905;853;926;931;975;921;1030;1072;1065;1037;1077;1208;1121
85;547;461;419;617;738;700;847;793;863;876;909;853;960;994;974;972;1013;1115
86;567;497;416;388;563;671;617;772;758;792;802;834;789;892;920;891;891;932
87;477;497;442;378;352;513;593;561;696;691;720;739;761;717;813;839;805;803
88;494;415;418;387;330;307;462;520;482;614;610;641;654;685;632;729;745;731
89;397;401;335;358;346;283;269;403;455;433;533;531;570;574;619;548;642;674
90;292;344;350;279;319;297;253;231;351;394;372;446;449;495;479;557;488;570
91;257;250;275;285;235;259;256;206;192;312;335;313;385;393;410;414;488;433
92;203;207;197;221;239;194;218;221;166;163;263;276;258;318;334;349;339;398
93;155;174;155;166;179;195;154;185;171;135;131;209;230;220;273;278;288;296
94;120;112;140;126;108;137;149;133;148;129;106;107;172;192;174;222;224;235
95;84;88;82;118;91;81;112;121;91;118;97;74;83;130;140;138;167;167
96;51;68;69;61;82;70;53;80;93;73;95;72;55;66;103;104;110;121
97;45;30;47;44;46;63;53;42;62;75;55;65;53;39;47;72;75;87
98;23;35;22;36;30;26;43;35;30;40;59;36;38;39;31;33;56;55
99;15;19;23;18;27;22;19;31;29;21;30;37;24;27;23;24;23;39
100 e oltre;19;21;28;37;34;45;45;41;44;43;36;49;49;54;48;42;42;43
Totale;165957;165690;165330;165223;164966;164702;164190;163544;162921;162354;161377;160276;159314;158247;157041;155885;154740;153329
Età/Anno;2002;2003;2004;2005;2006;2007;2008;2009;2010;2011;2012;2013;2014;2015;2016;2017;2018;2019
Età;Maschi
0;624;609;662;593;600;615;565;589;596;579;580;484;502;498;447;477;476;399
1;672;629;617;663;592;600;629;567;593;587;576;573;484;507;498;458;475;479
2;681;673;628;615;660;595;599;626;566;600;591;571;575;491;499;503;462;474
3;665;685;678;639;616;664;595;598;627;571;605;594;562;570;489;502;500;462
4;709;675;694;684;638;620;671;599;605;620;563;609;592;563;574;483;502;493
5;682;708;678;691;687;644;618;667;598;610;622;564;607;592;564;572;485;500
6;749;690;716;678;693;686;647;626;674;603;616;623;567;614;590;564;572;485
7;700;745;695;717;677;692;687;656;625;676;602;619;626;568;616;593;558;571
8;795;710;745;698;724;686;694;684;653;616;671;602;612;630;568;611;594;560
9;772;800;718;752;708;731;685;695;688;651;610;668;596;610;628;569;609;598
10;920;774;798;728;765;705;726;683;695;690;650;610;668;590;616;636;571;602
11;866;920;779;812;734;759;711;725;687;702;692;646;612;664;590;615;635;571
12;896;869;914;782;815;743;755;707;728;684;704;693;645;615;661;595;623;631
13;872;905;871;925;788;814;739;757;709;732;686;703;693;639;618;660;598;619
14;946;877;908;871;924;792;813;734;761;706;731;690;694;696;642;619;662;597
15;905;942;878;907;870;929;800;814;731;763;708;735;687;686;694;649;619;661
16;992;903;947;883;906;869;930;802;807;736;762;706;736;683;683;695;648;617
17;1060;990;902;952;886;902;875;927;799;817;736;761;703;734;681;680;691;647
18;1105;1052;988;902;952;892;893;875;929;810;818;741;759;699;733;682;684;689
19;1177;1096;1047;990;905;954;893;893;874;924;812;815;740;751;697;731;685;690
20;1111;1171;1093;1048;996;894;954;888;883;867;919;811;804;732;754;692;731;676
21;1109;1101;1164;1078;1040;993;881;951;885;876;865;914;807;803;726;753;691;727
22;1149;1099;1088;1153;1078;1042;985;875;950;881;865;862;920;803;795;724;742;684
23;1252;1130;1090;1079;1146;1072;1039;980;874;953;879;870;861;916;799;790;711;732
24;1217;1244;1129;1084;1080;1135;1065;1033;965;861;952;880;866;849;907;792;783;704
25;1217;1210;1238;1127;1062;1073;1127;1064;1021;957;864;947;871;860;833;893;778;774
26;1207;1213;1218;1224;1109;1057;1062;1124;1058;1004;947;869;938;865;851;817;880;764
27;1334;1204;1222;1223;1199;1077;1048;1046;1114;1043;987;937;855;930;851;836;805;860
28;1215;1320;1214;1230;1202;1189;1080;1029;1021;1084;1032;984;921;843;919;831;835;793
29;1243;1232;1325;1210;1216;1197;1172;1070;1016;1010;1060;999;963;907;821;902;822;822
30;1277;1237;1217;1323;1209;1233;1195;1155;1052;994;992;1055;986;941;886;812;888;798
31;1247;1269;1235;1211;1326;1210;1225;1183;1144;1042;976;977;1047;972;945;867;796;878
32;1283;1247;1269;1238;1205;1302;1199;1205;1181;1140;1023;966;961;1027;971;930;854;776
33;1144;1289;1244;1286;1240;1186;1298;1181;1198;1171;1131;1007;965;969;997;957;914;836
34;1246;1099;1262;1222;1241;1211;1158;1258;1142;1166;1116;1111;997;947;965;983;941;907
35;1219;1242;1097;1246;1228;1217;1196;1148;1247;1122;1125;1118;1106;987;937;953;981;927
36;1280;1215;1246;1104;1260;1221;1233;1206;1156;1259;1119;1117;1114;1104;974;939;946;979
37;1248;1277;1214;1244;1121;1255;1235;1237;1202;1154;1258;1113;1113;1103;1086;959;933;941
38;1176;1245;1272;1217;1263;1130;1264;1237;1252;1199;1155;1242;1113;1117;1106;1077;963;929
39;1256;1186;1249;1266;1224;1256;1130;1261;1233;1230;1200;1146;1227;1112;1122;1106;1077;965
40;1246;1259;1181;1257;1274;1241;1254;1134;1268;1233;1221;1200;1147;1227;1119;1119;1089;1075
41;1187;1247;1264;1198;1261;1283;1247;1253;1144;1267;1236;1213;1200;1143;1226;1115;1120;1091
42;1209;1185;1251;1264;1201;1274;1286;1251;1259;1154;1261;1231;1226;1199;1131;1235;1114;1123
43;1117;1214;1188;1243;1264;1211;1278;1292;1250;1264;1150;1265;1228;1231;1196;1132;1230;1111
44;1176;1131;1214;1195;1251;1266;1211;1275;1293;1255;1271;1152;1265;1223;1235;1194;1139;1223
45;1148;1183;1122;1220;1198;1250;1267;1215;1278;1290;1257;1266;1150;1261;1227;1245;1191;1126
46;1169;1150;1183;1119;1217;1195;1246;1263;1224;1279;1279;1252;1263;1148;1264;1238;1236;1179
47;1165;1170;1147;1197;1119;1218;1195;1247;1269;1221;1277;1276;1252;1261;1147;1262;1239;1232
48;1139;1168;1165;1147;1201;1130;1214;1199;1245;1275;1220;1277;1280;1243;1257;1160;1267;1238
49;1100;1139;1165;1160;1153;1201;1123;1215;1189;1250;1274;1216;1280;1284;1245;1262;1162;1270
50;1178;1100;1135;1172;1170;1162;1197;1132;1216;1195;1241;1266;1218;1284;1280;1254;1253;1159
51;1187;1181;1099;1151;1168;1168;1161;1198;1137;1217;1194;1239;1270;1210;1282;1277;1256;1250
52;1101;1177;1169;1096;1159;1169;1156;1155;1195;1138;1209;1185;1240;1269;1219;1283;1277;1255
53;1139;1098;1180;1166;1099;1157;1169;1157;1149;1203;1133;1218;1185;1239;1271;1218;1282;1274
54;1047;1131;1095;1179;1154;1098;1160;1167;1148;1149;1192;1135;1218;1177;1237;1277;1211;1285
55;1021;1062;1136;1097;1172;1148;1094;1161;1172;1142;1152;1201;1128;1221;1176;1230;1271;1206
56;991;1026;1060;1131;1096;1179;1145;1097;1152;1172;1134;1148;1202;1122;1216;1173;1231;1268
57;1045;994;1026;1058;1125;1105;1182;1139;1088;1153;1163;1138;1143;1193;1122;1209;1171;1234
58;918;1056;997;1014;1053;1131;1102;1189;1130;1094;1139;1162;1142;1134;1183;1118;1210;1158
59;930;911;1056;991;1018;1052;1122;1099;1183;1131;1086;1135;1155;1137;1120;1179;1114;1212
60;878;920;894;1053;1001;1020;1050;1102;1096;1179;1122;1073;1130;1146;1128;1121;1171;1108
61;1032;884;920;896;1052;998;1020;1047;1095;1098;1170;1116;1066;1125;1131;1133;1123;1167
62;1056;1040;878;914;890;1052;990;1033;1046;1080;1088;1173;1109;1067;1123;1125;1123;1121
63;883;1049;1031;875;909;890;1047;975;1020;1043;1072;1085;1166;1104;1059;1113;1122;1118
64;828;873;1041;1026;880;908;885;1040;965;1014;1035;1063;1072;1158;1092;1049;1112;1111
65;852;841;866;1032;1017;874;911;881;1026;960;997;1032;1056;1063;1147;1083;1044;1101
66;777;845;839;863;1026;1000;869;900;889;1019;954;986;1034;1048;1058;1137;1068;1033
67;865;759;832;825;857;1022;986;849;887;877;1007;945;970;1027;1033;1048;1131;1064
68;888;847;753;816;825;849;1015;972;835;883;869;987;929;964;1000;1016;1038;1117
69;825;871;829;740;790;810;836;998;967;832;871;852;972;919;953;982;991;1023
70;763;815;855;811;722;784;794;819;978;951;815;863;840;954;910;946;969;975
71;761;744;792;843;800;706;770;790;801;964;931;799;852;824;944;896;920;950
72;728;730;710;766;823;783;688;761;771;780;949;903;780;834;804;931;879;906
73;722;713;720;699;739;803;763;672;739;757;771;930;880;767;824;793;906;857
74;589;701;698;693;681;725;780;744;655;726;736;746;911;847;743;801;767;886
75;620;579;671;689;669;655;704;755;727;635;696;710;721;885;827;716;774;741
76;586;593;556;646;653;642;631;680;732;699;618;667;681;697;865;798;696;757
77;583;576;582;540;623;626;608;600;663;715;681;597;645;657;679;835;776;677
78;514;570;546;560;511;594;599;583;575;638;687;655;573;621;636;654;804;747
79;489;494;550;521;541;484;559;567;555;555;595;654;632;549;599;598;627;766
80;367;462;446;527;502;518;458;530;544;537;519;563;614;600;515;567;573;602
81;384;341;431;407;483;468;495;442;484;495;507;484;523;589;564;496;534;532
82;292;339;311;390;359;420;435;469;417;450;474;474;447;499;550;526;462;500
83;197;266;280;281;346;325;372;379;400;369;418;449;435;417;482;520;496;428
84;196;179;238;252;254;296;297;333;350;366;326;376;417;406;395;440;476;462
85;208;167;155;220;231;219;274;272;314;331;330;294;341;382;366;363;406;433
86;211;191;149;144;192;212;195;247;256;282;294;300;265;318;357;335;333;370
87;189;185;175;130;130;172;181;177;223;235;248;262;272;231;285;311;291;292
88;209;159;154;150;107;108;161;167;154;203;194;213;226;238;204;254;269;250
89;166;177;142;139;135;88;88;134;140;139;173;165;191;196;215;167;211;237
90;98;147;155;120;121;117;79;72;114;124;119;142;133;157;158;186;144;184
91;100;81;110;125;104;94;95;65;60;103;105;92;125;113;128;123;155;119
92;63;75;58;88;109;81;82;78;50;51;89;86;71;100;93;108;85;131
93;57;52;56;43;73;93;66;70;54;42;38;70;68;57;86;71;74;73
94;42;41;47;44;26;53;71;56;51;38;33;31;54;47;43;71;56;63
95;31;29;28;38;28;18;44;58;35;40;28;28;21;33;32;35;50;40
96;17;23;23;22;24;19;9;29;42;25;32;21;19;18;24;19;28;33
97;18;12;15;17;14;20;17;7;24;32;16;21;14;13;15;16;15;18
98;10;10;10;10;10;10;15;10;7;17;23;7;10;11;10;9;13;9
99;4;9;6;9;7;7;9;9;5;4;12;15;6;6;6;10;5;9
100 e oltre;5;3;10;10;13;15;12;12;12;7;6;13;18;15;16;14;18;16
Totale;81534;81456;81344;81324;81215;81058;80840;80577;80286;80067;79537;79049;78576;78095;77585;77103;76518;75812
Età/Anno;2002;2003;2004;2005;2006;2007;2008;2009;2010;2011;2012;2013;2014;2015;2016;2017;2018;2019
Età;Femmine
0;613;587;562;571;556;516;569;533;513;569;508;448;517;450;459;404;430;388
1;602;618;586;574;574;566;518;569;529;515;569;511;457;518;449;452;404;425
2;653;602;618;588;575;582;571;510;572;530;508;577;509;453;524;446;437;403
3;591;653;611;619;587;569;584;574;518;576;532;511;576;505;452;514;446;446
4;607;592;656;617;622;592;578;578;576;519;578;529;511;575;511;455;509;451
5;641;605;590;651;620;626;592;581;578;575;525;579;531;512;570;513;452;506
6;645;644;610;596;650;623;630;592;578;585;579;523;577;522;507;571;511;454
7;668;649;645;611;593;653;631;634;588;576;590;579;518;583;519;511;575;510
8;670;672;653;645;613;608;653;630;643;591;574;588;575;518;582;517;510;574
9;773;669;682;661;650;614;611;656;629;645;592;575;590;577;516;583;515;509
10;802;779;675;685;662;649;618;618;653;629;648;593;575;589;581;518;586;522
11;860;805;781;681;687;667;649;620;621;655;630;648;596;577;592;584;519;589
12;827;868;802;782;680;683;666;645;629;620;656;632;643;594;572;595;578;517
13;838;823;867;801;785;682;684;669;650;632;619;662;630;645;596;571;593;577
14;884;841;821;867;799;783;682;691;674;649;634;621;658;630;644;599;570;592
15;941;884;836;823;870;791;783;681;689;670;646;631;626;657;629;643;601;574
16;920;937;888;837;824;874;785;784;683;691;671;650;633;621;657;628;639;606
17;1009;926;935;893;843;825;872;781;785;683;693;671;649;635;617;658;631;638
18;1029;1012;924;934;894;843;831;869;781;789;685;694;674;650;635;618;654;627
19;1057;1022;1005;917;933;882;839;817;868;780;787;679;686;675;654;634;617;651
20;1087;1044;1008;1002;905;916;881;825;813;855;775;782;681;682;671;650;630;614
21;1096;1075;1033;1011;990;893;901;874;819;802;850;772;779;684;678;669;638;623
22;1124;1081;1058;1024;1003;996;877;898;870;818;798;844;773;779;687;671;667;639
23;1149;1097;1068;1038;1021;991;990;884;897;872;808;786;839;765;765;683;666;666
24;1158;1138;1084;1050;1032;1010;987;970;870;884;866;807;783;829;766;753;681;658
25;1155;1154;1135;1081;1044;1024;993;974;961;862;873;852;802;775;816;761;745;664
26;1241;1145;1150;1128;1079;1038;1011;975;969;947;859;859;846;784;754;787;741;731
27;1217;1242;1136;1145;1126;1082;1023;993;957;947;945;843;845;839;781;751;776;716
28;1205;1206;1228;1138;1137;1123;1082;1006;985;938;934;924;823;831;835;766;742;760
29;1220;1191;1202;1214;1148;1131;1115;1073;975;969;932;903;898;804;812;807;748;739
30;1225;1208;1197;1195;1202;1124;1106;1092;1050;962;948;903;887;889;795;797;803;738
31;1138;1217;1198;1175;1203;1182;1116;1076;1087;1034;950;922;896;864;879;788;779;779
32;1196;1118;1177;1153;1130;1161;1153;1074;1056;1042;988;940;900;879;856;864;761;768
33;1202;1177;1094;1170;1146;1127;1132;1128;1059;1047;1018;979;927;889;844;846;864;753
34;1227;1198;1185;1093;1168;1153;1125;1129;1124;1040;1048;1017;974;913;874;834;850;851
35;1300;1230;1193;1191;1091;1184;1172;1128;1132;1134;1035;1043;993;975;898;869;836;843
36;1264;1309;1222;1191;1186;1091;1192;1166;1136;1129;1135;1023;1042;988;952;885;860;831
37;1325;1268;1301;1224;1191;1183;1091;1200;1166;1127;1114;1125;1015;1034;971;944;885;855
38;1285;1328;1261;1301;1231;1189;1176;1096;1207;1163;1117;1102;1118;994;1023;974;943;892
39;1257;1287;1330;1263;1308;1246;1188;1171;1104;1211;1145;1110;1099;1098;989;1013;963;933
40;1226;1244;1292;1336;1267;1316;1242;1192;1175;1104;1220;1155;1111;1104;1106;991;1005;975
41;1187;1225;1250;1301;1340;1270;1318;1251;1191;1181;1104;1219;1145;1113;1102;1098;984;1008
42;1141;1191;1225;1264;1305;1344;1267;1313;1245;1197;1180;1101;1220;1142;1109;1101;1102;979
43;1145;1146;1201;1224;1260;1317;1349;1260;1314;1245;1195;1181;1103;1227;1144;1105;1100;1106
44;1194;1143;1141;1212;1224;1260;1317;1349;1250;1317;1240;1195;1180;1103;1220;1141;1103;1098
45;1139;1197;1152;1146;1210;1223;1266;1316;1354;1253;1308;1226;1205;1172;1101;1219;1126;1102
46;1146;1138;1195;1159;1139;1215;1234;1269;1316;1347;1249;1311;1228;1209;1178;1098;1222;1119
47;1118;1144;1136;1200;1162;1140;1217;1224;1264;1320;1355;1250;1316;1222;1202;1176;1098;1220
48;1120;1111;1138;1147;1198;1167;1144;1211;1229;1269;1321;1362;1249;1304;1220;1198;1180;1085
49;1070;1119;1112;1139;1156;1199;1167;1143;1208;1226;1264;1320;1362;1250;1310;1226;1193;1171
50;1071;1070;1124;1119;1134;1162;1191;1165;1144;1207;1226;1260;1322;1359;1255;1312;1224;1183
51;1090;1079;1072;1126;1119;1148;1149;1194;1166;1145;1202;1226;1255;1314;1362;1251;1319;1218
52;1074;1094;1085;1070;1130;1128;1149;1149;1197;1174;1143;1192;1233;1252;1312;1360;1255;1313
53;1048;1069;1100;1080;1076;1136;1132;1154;1153;1201;1171;1146;1186;1235;1255;1315;1357;1243
54;1050;1052;1070;1101;1082;1080;1137;1130;1148;1151;1199;1171;1145;1186;1235;1259;1320;1355
55;978;1054;1063;1070;1107;1078;1095;1138;1137;1149;1150;1209;1173;1153;1189;1237;1253;1317
56;898;981;1045;1072;1066;1114;1084;1096;1133;1133;1148;1146;1206;1175;1152;1189;1235;1256
57;1083;897;979;1048;1071;1073;1118;1079;1092;1137;1130;1146;1145;1203;1175;1149;1191;1234
58;1028;1085;895;984;1058;1080;1082;1111;1073;1098;1137;1135;1136;1140;1208;1168;1157;1185
59;990;1029;1085;889;982;1068;1079;1084;1104;1072;1098;1133;1129;1137;1136;1203;1172;1150
60;919;1003;1043;1090;889;987;1077;1083;1086;1104;1072;1090;1121;1126;1132;1134;1198;1176
61;1142;914;1009;1039;1095;900;986;1080;1088;1080;1103;1073;1087;1125;1127;1124;1129;1197
62;1045;1144;914;1014;1050;1103;904;988;1078;1089;1078;1094;1076;1088;1119;1123;1120;1126
63;961;1050;1140;914;1013;1053;1088;906;991;1085;1083;1077;1090;1073;1090;1117;1120;1120
64;935;969;1052;1143;915;1015;1047;1082;906;987;1083;1081;1072;1088;1069;1088;1116;1109
65;986;927;969;1050;1137;915;1000;1053;1084;901;984;1075;1076;1069;1079;1059;1081;1112
66;903;980;922;967;1048;1135;910;993;1050;1079;898;979;1057;1069;1068;1072;1061;1080
67;926;902;975;922;962;1045;1126;907;994;1045;1074;900;978;1052;1058;1062;1070;1058
68;1046;918;903;960;915;957;1040;1119;900;997;1041;1067;894;970;1044;1046;1062;1063
69;911;1035;917;904;959;910;946;1044;1106;888;993;1032;1062;893;950;1030;1033;1053
70;960;912;1033;914;900;952;911;943;1031;1103;880;993;1031;1053;880;942;1027;1031
71;933;946;904;1030;907;889;940;914;934;1015;1095;876;987;1018;1047;869;937;1020
72;906;925;941;890;1019;904;881;934;906;917;1005;1081;861;970;1012;1030;863;926
73;925;895;916;931;880;1007;900;869;923;901;918;992;1070;853;953;1006;1024;856
74;804;911;874;907;920;859;994;887;861;911;883;910;980;1043;841;941;991;1009
75;821;782;901;863;892;888;849;972;873;850;893;863;901;976;1026;833;930;978
76;814;815;774;892;846;880;863;835;955;862;839;877;842;892;962;1008;815;917
77;808;786;797;757;869;837;857;837;821;933;849;821;861;820;878;934;1000;799
78;734;783;764;783;736;863;822;833;823;792;916;829;808;845;800;863;897;993
79;724;707;757;730;762;717;836;806;815;805;776;901;806;781;823;791;844;871
80;645;709;687;736;703;737;697;818;774;793;780;761;880;784;753;805;768;816
81;631;634;684;654;715;679;698;675;790;751;764;744;725;844;747;735;800;738
82;493;608;593;661;625;675;647;674;651;746;722;726;721;701;818;721;714;773
83;318;463;594;561;628;601;636;618;637;620;701;688;701;679;673;770;696;686
84;318;289;431;550;527;609;556;593;581;609;595;654;655;659;642;637;732;659
85;339;294;264;397;507;481;573;521;549;545;579;559;619;612;608;609;607;682
86;356;306;267;244;371;459;422;525;502;510;508;534;524;574;563;556;558;562
87;288;312;267;248;222;341;412;384;473;456;472;477;489;486;528;528;514;511
88;285;256;264;237;223;199;301;353;328;411;416;428;428;447;428;475;476;481
89;231;224;193;219;211;195;181;269;315;294;360;366;379;378;404;381;431;437
90;194;197;195;159;198;180;174;159;237;270;253;304;316;338;321;371;344;386
91;157;169;165;160;131;165;161;141;132;209;230;221;260;280;282;291;333;314
92;140;132;139;133;130;113;136;143;116;112;174;190;187;218;241;241;254;267
93;98;122;99;123;106;102;88;115;117;93;93;139;162;163;187;207;214;223
94;78;71;93;82;82;84;78;77;97;91;73;76;118;145;131;151;168;172
95;53;59;54;80;63;63;68;63;56;78;69;46;62;97;108;103;117;127
96;34;45;46;39;58;51;44;51;51;48;63;51;36;48;79;85;82;88
97;27;18;32;27;32;43;36;35;38;43;39;44;39;26;32;56;60;69
98;13;25;12;26;20;16;28;25;23;23;36;29;28;28;21;24;43;46
99;11;10;17;9;20;15;10;22;24;17;18;22;18;21;17;14;18;30
100 e oltre;14;18;18;27;21;30;33;29;32;36;30;36;31;39;32;28;24;27
Totale;84423;84234;83986;83899;83751;83644;83350;82967;82635;82287;81840;81227;80738;80152;79456;78782;78222;77517

"Ricostruzione della popolazione intercensuaria - Popolazione al 1° gennaio per età"
"Cittadinanza straniera - Provincia: Oristano"
Età/Anno;2002;2003;2004;2005;2006;2007;2008;2009;2010;2011;2012;2013;2014;2015;2016;2017;2018;2019
Età;Totale
0;5;10;12;10;14;15;24;25;22;27;15;24;17;13;18;20;20;16
1;9;4;12;16;12;21;17;26;32;25;24;18;32;17;16;21;22;20
2;7;9;5;13;13;13;21;16;23;32;24;22;19;34;18;14;21;25
3;7;4;9;8;15;19;13;25;20;27;33;21;19;21;31;17;13;19
4;4;7;8;13;9;13;22;14;20;19;26;30;19;22;21;32;15;15
5;6;6;9;10;14;14;15;23;15;21;20;29;25;20;22;23;29;20
6;2;9;12;16;14;15;16;17;21;13;23;22;28;25;23;20;21;30
7;4;4;8;12;18;18;20;16;20;24;15;22;19;25;20;25;20;21
8;6;5;5;12;13;21;20;21;20;21;23;18;21;21;25;21;17;21
9;9;7;5;10;14;11;23;16;17;20;22;26;21;21;21;25;20;17
10;4;10;5;10;12;16;10;22;17;20;21;28;23;23;14;22;27;22
11;9;5;11;6;15;13;17;13;25;18;21;25;26;23;19;17;21;27
12;6;6;5;15;11;19;18;15;17;23;23;24;23;27;22;23;21;18
13;3;5;11;9;16;12;23;14;15;17;26;28;24;19;25;21;21;23
14;3;6;10;14;9;19;15;25;12;17;18;25;25;22;15;20;22;21
15;9;5;9;16;12;11;23;15;23;13;17;17;26;24;22;17;21;22
16;4;11;8;10;18;11;11;21;16;27;16;19;19;22;25;21;19;21
17;5;5;12;8;13;21;14;10;26;18;30;20;22;27;26;26;25;26
18;5;8;6;19;13;15;20;16;11;23;18;29;19;25;26;28;83;37
19;10;5;11;9;20;16;16;30;26;16;28;23;28;20;31;35;89;71
20;3;10;9;11;11;23;17;17;34;25;18;26;26;29;28;37;62;63
21;8;6;11;9;13;16;23;19;20;35;29;28;31;25;35;35;69;55
22;8;13;10;16;11;16;27;28;31;21;42;42;37;29;32;44;56;56
23;11;9;16;11;23;11;20;27;38;39;22;50;51;43;40;35;65;49
24;13;15;22;16;9;27;17;29;28;38;46;25;61;55;42;46;55;46
25;20;13;24;24;16;17;37;22;35;33;37;49;31;71;55;50;68;45
26;20;24;27;30;26;20;21;41;25;44;37;46;61;33;71;58;57;58
27;15;19;31;33;25;30;26;26;50;33;53;43;47;61;49;69;78;49
28;16;19;42;40;39;33;45;31;35;62;39;63;54;54;69;54;80;60
29;18;14;21;50;45;46;36;47;32;41;61;44;67;54;62;69;68;65
30;19;29;32;41;65;54;55;42;51;39;49;73;51;67;49;61;75;57
31;17;23;40;36;45;64;53;57;45;47;43;56;77;54;62;55;73;75
32;17;21;30;44;34;50;73;56;63;46;49;58;62;75;60;59;69;71
33;19;17;35;34;46;35;47;67;46;58;44;50;59;75;81;63;63;70
34;15;25;24;42;34;53;48;41;64;50;58;48;51;67;74;87;63;61
35;11;20;24;24;35;30;44;56;33;61;48;61;54;58;67;86;91;60
36;15;13;26;27;28;34;33;46;50;30;61;57;64;56;60;76;88;83
37;6;16;19;31;33;22;28;36;40;50;37;62;68;67;60;62;78;84
38;20;8;25;26;26;32;33;28;41;47;53;37;63;77;67;57;61;70
39;12;16;12;32;21;31;38;32;36;43;53;57;48;69;74;64;56;65
40;12;20;22;15;36;26;34;39;35;40;45;58;54;49;68;79;69;61
41;23;14;28;24;20;38;28;37;45;43;49;45;62;57;46;76;84;63
42;13;21;19;27;28;24;38;33;37;46;48;51;51;64;61;44;83;74
43;13;13;22;20;31;24;20;37;38;41;53;54;56;48;67;57;51;78
44;11;12;15;25;18;37;27;19;36;38;46;54;56;68;50;62;60;56
45;5;13;15;23;22;15;41;28;25;44;42;56;58;64;68;49;60;52
46;7;6;13;17;27;26;24;40;37;31;46;43;56;55;66;73;54;67
47;9;8;9;13;17;23;29;30;42;43;43;58;51;67;59;64;68;52
48;6;14;12;11;15;18;29;36;29;43;45;47;66;50;64;60;60;71
49;6;5;16;13;12;15;19;26;35;33;44;50;46;62;51;72;61;62
50;5;7;11;15;13;10;16;22;30;40;39;44;52;51;62;53;68;61
51;4;5;7;16;16;14;13;20;30;32;46;45;47;55;54;62;55;68
52;7;4;4;10;13;14;14;18;18;32;35;49;47;45;53;51;65;55
53;7;4;4;5;12;14;10;21;19;18;34;40;50;48;44;57;49;64
54;13;7;7;5;6;15;17;10;28;22;18;39;42;51;47;50;52;46
55;10;15;7;6;7;6;15;20;12;24;27;30;40;38;44;48;54;52
56;8;10;18;10;6;9;11;17;23;15;24;30;33;43;42;45;52;54
57;4;7;6;16;10;7;9;10;20;24;20;26;34;30;45;45;51;53
58;6;5;7;6;20;10;12;16;13;19;26;24;41;32;32;45;46;49
59;5;6;4;7;9;22;10;10;13;12;20;30;19;36;33;35;48;41
60;7;5;7;5;7;9;19;12;11;12;12;19;31;21;41;37;35;53
61;1;7;4;10;3;9;9;15;14;13;12;20;20;35;20;40;36;31
62;3;2;9;5;8;4;9;9;14;10;15;12;21;18;34;19;39;32
63;2;0;4;11;4;8;5;9;9;17;10;14;14;19;16;35;21;36
64;1;6;2;5;10;4;11;6;11;7;16;13;14;11;20;16;35;22
65;3;0;8;3;5;11;4;8;9;9;5;17;14;16;13;20;16;35
66;0;4;1;7;4;7;10;5;6;9;6;6;18;12;15;15;21;17
67;0;0;6;1;9;3;6;10;5;9;10;6;7;18;13;14;20;19
68;4;0;0;7;1;10;3;6;9;4;9;11;7;5;15;12;14;19
69;1;4;0;0;8;1;7;3;7;8;3;9;10;7;6;17;13;16
70;5;2;3;0;0;10;1;9;4;6;8;3;9;9;7;6;18;15
71;4;4;1;2;1;0;9;1;9;3;6;7;3;8;10;8;4;16
72;1;3;3;0;4;1;1;8;1;7;3;6;7;3;9;10;8;5
73;0;3;3;1;1;4;1;1;10;1;7;3;5;8;2;9;8;8
74;1;0;1;3;2;0;2;1;1;10;1;5;3;4;12;2;9;6
75;1;1;0;3;3;2;0;2;1;1;11;1;5;4;5;11;3;8
76;2;1;1;0;3;3;1;2;3;1;1;9;3;5;3;5;10;3
77;1;1;0;1;0;2;3;1;2;1;1;0;7;2;6;2;6;9
78;1;0;0;0;0;0;2;2;1;1;1;2;0;7;2;6;3;5
79;1;0;0;1;0;0;0;3;2;2;1;1;2;0;9;2;6;2
80;0;1;0;0;1;0;0;0;3;2;2;0;1;1;0;9;3;5
81;1;1;0;0;0;1;0;0;0;2;2;2;0;1;2;0;7;3
82;0;1;1;0;0;0;1;0;0;0;2;2;2;0;1;2;0;7
83;1;0;1;0;0;0;0;1;0;0;0;4;5;2;1;1;2;0
84;0;1;0;2;0;0;0;0;1;0;0;0;4;5;2;1;0;2
85;0;1;0;2;2;0;0;0;0;0;0;0;0;3;5;1;1;0
86;1;0;2;0;2;2;0;0;0;0;0;0;0;0;3;5;0;0
87;0;1;0;1;0;2;1;0;0;0;0;0;0;0;0;2;5;0
88;0;0;1;0;0;0;2;1;0;0;0;1;0;0;1;0;1;4
89;0;0;0;1;0;0;0;2;1;0;0;0;1;0;0;1;0;1
90;0;0;0;0;1;0;0;0;1;1;0;0;0;1;0;0;1;1
91;0;0;0;0;0;0;0;0;0;0;1;0;0;0;0;0;0;0
92;0;0;0;0;0;0;0;0;0;0;0;1;0;0;0;0;0;0
93;1;0;0;0;0;0;0;0;0;0;0;0;1;0;0;0;0;0
94;1;0;0;0;0;0;0;0;0;0;0;0;0;0;0;0;0;1
95;0;1;0;0;0;0;0;0;0;0;0;0;0;0;0;0;0;0
96;0;0;0;0;0;0;0;0;0;0;0;0;0;0;0;0;0;0
97;0;0;0;0;1;0;0;0;0;0;0;0;0;0;0;0;0;0
98;0;0;0;0;0;0;0;0;0;0;0;0;0;0;0;0;0;0
99;0;0;0;0;0;0;0;0;0;0;0;0;0;0;0;0;0;0
100 e oltre;0;0;0;0;0;0;0;0;0;0;0;0;0;0;0;0;0;0
Totale;618;707;957;1168;1278;1417;1602;1734;1895;2039;2217;2492;2693;2808;2906;3050;3457;3294
Età/Anno;2002;2003;2004;2005;2006;2007;2008;2009;2010;2011;2012;2013;2014;2015;2016;2017;2018;2019
Età;Maschi
0;4;5;7;6;8;11;12;10;7;14;11;17;7;6;11;11;11;5
1;4;4;6;10;6;10;12;14;17;9;14;13;19;8;7;11;11;12
2;5;4;4;7;8;7;10;12;12;16;9;12;12;21;9;6;11;13
3;4;4;5;6;8;11;8;13;15;16;17;9;11;11;20;7;5;10
4;2;5;6;9;7;7;11;6;9;14;15;15;10;12;11;22;7;6
5;3;4;7;7;10;9;7;10;5;11;14;17;10;11;13;10;20;9
6;1;5;7;8;9;11;9;8;9;4;12;14;16;12;11;13;9;20
7;2;1;4;8;7;10;11;7;8;9;6;11;12;16;7;13;13;8
8;4;3;2;7;9;6;13;13;10;10;9;8;10;11;17;9;8;12
9;6;4;3;6;7;7;6;12;10;10;9;12;9;11;11;16;8;6
10;2;6;3;4;6;9;7;7;13;11;11;14;9;10;8;10;17;8
11;2;2;6;3;5;8;10;7;9;12;11;14;11;9;6;9;11;17
12;6;2;2;7;8;5;11;8;9;9;14;11;16;12;9;8;12;8
13;3;5;2;4;7;7;7;7;8;10;10;17;13;14;11;8;6;12
14;2;4;6;4;5;10;8;10;7;11;11;9;18;10;10;7;8;7
15;7;3;5;11;5;6;12;7;9;8;11;10;13;18;12;9;9;10
16;1;9;5;5;10;3;6;14;6;14;8;13;9;11;19;11;13;10
17;3;3;9;5;7;7;5;4;15;6;15;13;14;14;13;21;14;19
18;5;5;4;13;7;7;5;4;5;13;6;16;14;14;15;17;75;27
19;2;5;6;4;13;8;7;12;9;9;15;9;15;16;24;25;80;64
20;2;3;6;5;4;14;7;6;17;6;9;15;11;16;23;27;50;54
21;2;4;2;5;5;5;14;7;5;16;8;13;16;10;23;28;57;41
22;1;5;5;3;5;7;7;16;12;7;20;19;18;14;17;30;48;44
23;1;3;4;5;6;5;9;6;20;14;6;22;23;24;20;21;50;37
24;6;4;7;6;5;5;5;12;8;21;18;7;23;23;25;28;35;30
25;4;6;10;7;6;6;7;5;12;9;20;16;10;29;23;34;50;23
26;3;7;11;12;7;8;8;8;9;17;12;21;21;11;32;29;39;37
27;4;4;9;14;9;8;10;11;8;12;21;16;21;24;17;33;51;29
28;4;5;10;10;11;11;13;10;9;12;12;25;21;24;35;23;43;34
29;7;4;4;15;10;14;12;12;10;14;13;15;26;21;32;32;34;32
30;7;14;10;14;20;14;22;15;15;12;16;17;20;27;20;34;38;25
31;3;8;15;11;15;21;15;21;18;12;16;20;26;21;24;24;42;33
32;3;6;12;11;8;17;21;16;25;20;11;20;26;27;22;21;31;37
33;11;4;11;12;12;9;16;21;15;24;18;13;22;32;32;26;27;33
34;4;11;3;14;13;14;18;15;19;14;25;20;15;27;33;32;24;24
35;5;6;12;8;11;12;14;19;10;21;13;25;22;15;28;35;41;21
36;6;6;9;12;12;8;12;14;14;8;22;13;24;22;17;29;34;33
37;4;7;11;11;15;7;9;10;13;16;8;26;19;21;27;18;35;30
38;8;6;11;15;10;13;11;10;11;14;15;11;25;22;21;24;19;36
39;6;7;7;14;9;14;16;9;12;10;17;20;12;24;21;19;24;23
40;4;10;10;9;15;11;12;15;8;12;11;19;17;16;23;20;22;26
41;12;7;13;9;13;18;9;14;18;11;15;12;19;19;16;27;22;20
42;6;11;6;14;14;14;18;11;13;15;7;17;12;18;18;15;33;20
43;4;5;10;7;16;10;10;12;14;13;16;8;18;12;20;14;16;30
44;6;4;6;12;6;16;7;7;10;13;12;18;11;18;13;20;18;17
45;4;8;7;11;11;6;15;9;7;11;12;13;17;13;20;13;20;17
46;6;4;8;7;11;12;7;13;12;7;10;13;11;15;13;17;16;23
47;7;5;5;8;5;10;12;7;13;14;11;11;18;13;16;13;14;13
48;4;9;6;8;9;6;11;15;5;14;14;13;15;17;15;16;13;16
49;2;3;9;5;7;9;7;8;16;6;15;12;13;15;15;18;16;13
50;3;3;7;9;5;6;9;7;11;16;7;13;11;13;15;18;20;14
51;3;3;3;12;8;7;8;10;14;9;14;7;13;13;14;16;20;20
52;0;3;2;5;9;7;6;7;8;16;9;17;9;13;13;14;19;18
53;2;0;3;3;6;8;4;9;6;8;16;11;13;11;11;13;11;18
54;4;3;0;4;3;7;8;5;10;7;8;16;10;14;11;12;12;14
55;4;6;5;1;4;3;8;9;6;10;9;10;17;11;13;14;14;11
56;4;5;5;7;2;6;2;10;10;8;10;8;13;19;11;13;14;14
57;2;4;3;4;7;2;5;2;10;9;9;7;10;12;16;12;13;15
58;1;2;4;3;5;7;5;8;2;10;9;9;14;7;11;15;11;12
59;0;1;2;4;3;9;6;4;8;2;8;11;7;14;8;11;15;10
60;2;0;4;3;4;4;7;7;6;6;2;8;9;7;16;9;11;20
61;1;2;0;5;1;5;4;5;7;7;5;4;8;12;7;15;8;10
62;0;1;4;1;5;1;5;4;3;4;7;4;5;8;11;6;13;7
63;1;0;1;5;0;5;1;4;4;4;4;7;3;5;7;10;7;13
64;0;3;1;1;4;1;5;1;4;2;3;5;5;3;5;7;10;7
65;1;0;4;2;1;4;1;4;3;4;2;6;5;6;3;6;7;9
66;0;2;1;4;2;3;3;1;4;3;3;1;7;4;7;3;6;8
67;0;0;3;1;4;1;3;4;1;7;4;3;2;8;4;6;6;6
68;0;0;0;4;1;5;1;3;4;1;7;4;3;1;6;4;4;5
69;1;0;0;0;5;1;4;1;4;3;1;7;4;3;1;6;5;4
70;2;2;0;0;0;5;1;5;2;3;3;1;8;4;3;1;5;6
71;1;2;1;0;1;0;5;1;4;1;3;3;1;7;4;3;0;4
72;1;1;2;0;2;1;1;5;1;3;1;3;3;1;8;4;3;0
73;0;2;1;1;1;2;1;1;6;1;3;1;2;4;1;7;5;3
74;0;0;1;1;2;0;1;1;1;6;1;2;1;1;5;0;6;3
75;0;0;0;3;1;2;0;1;1;1;6;1;2;1;1;5;1;5
76;1;0;0;0;3;1;1;0;2;1;1;4;1;2;1;1;5;1
77;1;0;0;0;0;2;1;1;0;0;1;0;4;1;2;0;2;4
78;0;0;0;0;0;0;2;0;1;0;0;1;0;5;1;2;0;2
79;0;0;0;0;0;0;0;3;0;2;0;0;1;0;6;1;2;0
80;0;0;0;0;0;0;0;0;3;0;2;0;0;1;0;6;2;1
81;1;0;0;0;0;0;0;0;0;2;0;2;0;0;1;0;5;2
82;0;1;1;0;0;0;0;0;0;0;2;0;2;0;0;1;0;5
83;0;0;1;0;0;0;0;0;0;0;0;2;0;2;1;0;1;0
84;0;0;0;1;0;0;0;0;0;0;0;0;2;0;2;1;0;1
85;0;0;0;0;1;0;0;0;0;0;0;0;0;2;0;1;1;0
86;0;0;0;0;0;1;0;0;0;0;0;0;0;0;2;0;0;0
87;0;0;0;0;0;0;1;0;0;0;0;0;0;0;0;2;0;0
88;0;0;0;0;0;0;0;1;0;0;0;1;0;0;0;0;1;0
89;0;0;0;0;0;0;0;0;1;0;0;0;1;0;0;0;0;1
90;0;0;0;0;0;0;0;0;0;1;0;0;0;1;0;0;0;1
91;0;0;0;0;0;0;0;0;0;0;1;0;0;0;0;0;0;0
92;0;0;0;0;0;0;0;0;0;0;0;1;0;0;0;0;0;0
93;0;0;0;0;0;0;0;0;0;0;0;0;1;0;0;0;0;0
94;0;0;0;0;0;0;0;0;0;0;0;0;0;0;0;0;0;0
95;0;0;0;0;0;0;0;0;0;0;0;0;0;0;0;0;0;0
96;0;0;0;0;0;0;0;0;0;0;0;0;0;0;0;0;0;0
97;0;0;0;0;0;0;0;0;0;0;0;0;0;0;0;0;0;0
98;0;0;0;0;0;0;0;0;0;0;0;0;0;0;0;0;0;0
99;0;0;0;0;0;0;0;0;0;0;0;0;0;0;0;0;0;0
100 e oltre;0;0;0;0;0;0;0;0;0;0;0;0;0;0;0;0;0;0
Totale;250;315;407;512;542;589;640;663;717;768;812;924;997;1053;1133;1208;1575;1408
Età/Anno;2002;2003;2004;2005;2006;2007;2008;2009;2010;2011;2012;2013;2014;2015;2016;2017;2018;2019
Età;Femmine
0;1;5;5;4;6;4;12;15;15;13;4;7;10;7;7;9;9;11
1;5;0;6;6;6;11;5;12;15;16;10;5;13;9;9;10;11;8
2;2;5;1;6;5;6;11;4;11;16;15;10;7;13;9;8;10;12
3;3;0;4;2;7;8;5;12;5;11;16;12;8;10;11;10;8;9
4;2;2;2;4;2;6;11;8;11;5;11;15;9;10;10;10;8;9
5;3;2;2;3;4;5;8;13;10;10;6;12;15;9;9;13;9;11
6;1;4;5;8;5;4;7;9;12;9;11;8;12;13;12;7;12;10
7;2;3;4;4;11;8;9;9;12;15;9;11;7;9;13;12;7;13
8;2;2;3;5;4;15;7;8;10;11;14;10;11;10;8;12;9;9
9;3;3;2;4;7;4;17;4;7;10;13;14;12;10;10;9;12;11
10;2;4;2;6;6;7;3;15;4;9;10;14;14;13;6;12;10;14
11;7;3;5;3;10;5;7;6;16;6;10;11;15;14;13;8;10;10
12;0;4;3;8;3;14;7;7;8;14;9;13;7;15;13;15;9;10
13;0;0;9;5;9;5;16;7;7;7;16;11;11;5;14;13;15;11
14;1;2;4;10;4;9;7;15;5;6;7;16;7;12;5;13;14;14
15;2;2;4;5;7;5;11;8;14;5;6;7;13;6;10;8;12;12
16;3;2;3;5;8;8;5;7;10;13;8;6;10;11;6;10;6;11
17;2;2;3;3;6;14;9;6;11;12;15;7;8;13;13;5;11;7
18;0;3;2;6;6;8;15;12;6;10;12;13;5;11;11;11;8;10
19;8;0;5;5;7;8;9;18;17;7;13;14;13;4;7;10;9;7
20;1;7;3;6;7;9;10;11;17;19;9;11;15;13;5;10;12;9
21;6;2;9;4;8;11;9;12;15;19;21;15;15;15;12;7;12;14
22;7;8;5;13;6;9;20;12;19;14;22;23;19;15;15;14;8;12
23;10;6;12;6;17;6;11;21;18;25;16;28;28;19;20;14;15;12
24;7;11;15;10;4;22;12;17;20;17;28;18;38;32;17;18;20;16
25;16;7;14;17;10;11;30;17;23;24;17;33;21;42;32;16;18;22
26;17;17;16;18;19;12;13;33;16;27;25;25;40;22;39;29;18;21
27;11;15;22;19;16;22;16;15;42;21;32;27;26;37;32;36;27;20
28;12;14;32;30;28;22;32;21;26;50;27;38;33;30;34;31;37;26
29;11;10;17;35;35;32;24;35;22;27;48;29;41;33;30;37;34;33
30;12;15;22;27;45;40;33;27;36;27;33;56;31;40;29;27;37;32
31;14;15;25;25;30;43;38;36;27;35;27;36;51;33;38;31;31;42
32;14;15;18;33;26;33;52;40;38;26;38;38;36;48;38;38;38;34
33;8;13;24;22;34;26;31;46;31;34;26;37;37;43;49;37;36;37
34;11;14;21;28;21;39;30;26;45;36;33;28;36;40;41;55;39;37
35;6;14;12;16;24;18;30;37;23;40;35;36;32;43;39;51;50;39
36;9;7;17;15;16;26;21;32;36;22;39;44;40;34;43;47;54;50
37;2;9;8;20;18;15;19;26;27;34;29;36;49;46;33;44;43;54
38;12;2;14;11;16;19;22;18;30;33;38;26;38;55;46;33;42;34
39;6;9;5;18;12;17;22;23;24;33;36;37;36;45;53;45;32;42
40;8;10;12;6;21;15;22;24;27;28;34;39;37;33;45;59;47;35
41;11;7;15;15;7;20;19;23;27;32;34;33;43;38;30;49;62;43
42;7;10;13;13;14;10;20;22;24;31;41;34;39;46;43;29;50;54
43;9;8;12;13;15;14;10;25;24;28;37;46;38;36;47;43;35;48
44;5;8;9;13;12;21;20;12;26;25;34;36;45;50;37;42;42;39
45;1;5;8;12;11;9;26;19;18;33;30;43;41;51;48;36;40;35
46;1;2;5;10;16;14;17;27;25;24;36;30;45;40;53;56;38;44
47;2;3;4;5;12;13;17;23;29;29;32;47;33;54;43;51;54;39
48;2;5;6;3;6;12;18;21;24;29;31;34;51;33;49;44;47;55
49;4;2;7;8;5;6;12;18;19;27;29;38;33;47;36;54;45;49
50;2;4;4;6;8;4;7;15;19;24;32;31;41;38;47;35;48;47
51;1;2;4;4;8;7;5;10;16;23;32;38;34;42;40;46;35;48
52;7;1;2;5;4;7;8;11;10;16;26;32;38;32;40;37;46;37
53;5;4;1;2;6;6;6;12;13;10;18;29;37;37;33;44;38;46
54;9;4;7;1;3;8;9;5;18;15;10;23;32;37;36;38;40;32
55;6;9;2;5;3;3;7;11;6;14;18;20;23;27;31;34;40;41
56;4;5;13;3;4;3;9;7;13;7;14;22;20;24;31;32;38;40
57;2;3;3;12;3;5;4;8;10;15;11;19;24;18;29;33;38;38
58;5;3;3;3;15;3;7;8;11;9;17;15;27;25;21;30;35;37
59;5;5;2;3;6;13;4;6;5;10;12;19;12;22;25;24;33;31
60;5;5;3;2;3;5;12;5;5;6;10;11;22;14;25;28;24;33
61;0;5;4;5;2;4;5;10;7;6;7;16;12;23;13;25;28;21
62;3;1;5;4;3;3;4;5;11;6;8;8;16;10;23;13;26;25
63;1;0;3;6;4;3;4;5;5;13;6;7;11;14;9;25;14;23
64;1;3;1;4;6;3;6;5;7;5;13;8;9;8;15;9;25;15
65;2;0;4;1;4;7;3;4;6;5;3;11;9;10;10;14;9;26
66;0;2;0;3;2;4;7;4;2;6;3;5;11;8;8;12;15;9
67;0;0;3;0;5;2;3;6;4;2;6;3;5;10;9;8;14;13
68;4;0;0;3;0;5;2;3;5;3;2;7;4;4;9;8;10;14
69;0;4;0;0;3;0;3;2;3;5;2;2;6;4;5;11;8;12
70;3;0;3;0;0;5;0;4;2;3;5;2;1;5;4;5;13;9
71;3;2;0;2;0;0;4;0;5;2;3;4;2;1;6;5;4;12
72;0;2;1;0;2;0;0;3;0;4;2;3;4;2;1;6;5;5
73;0;1;2;0;0;2;0;0;4;0;4;2;3;4;1;2;3;5
74;1;0;0;2;0;0;1;0;0;4;0;3;2;3;7;2;3;3
75;1;1;0;0;2;0;0;1;0;0;5;0;3;3;4;6;2;3
76;1;1;1;0;0;2;0;2;1;0;0;5;2;3;2;4;5;2
77;0;1;0;1;0;0;2;0;2;1;0;0;3;1;4;2;4;5
78;1;0;0;0;0;0;0;2;0;1;1;1;0;2;1;4;3;3
79;1;0;0;1;0;0;0;0;2;0;1;1;1;0;3;1;4;2
80;0;1;0;0;1;0;0;0;0;2;0;0;1;0;0;3;1;4
81;0;1;0;0;0;1;0;0;0;0;2;0;0;1;1;0;2;1
82;0;0;0;0;0;0;1;0;0;0;0;2;0;0;1;1;0;2
83;1;0;0;0;0;0;0;1;0;0;0;2;5;0;0;1;1;0
84;0;1;0;1;0;0;0;0;1;0;0;0;2;5;0;0;0;1
85;0;1;0;2;1;0;0;0;0;0;0;0;0;1;5;0;0;0
86;1;0;2;0;2;1;0;0;0;0;0;0;0;0;1;5;0;0
87;0;1;0;1;0;2;0;0;0;0;0;0;0;0;0;0;5;0
88;0;0;1;0;0;0;2;0;0;0;0;0;0;0;1;0;0;4
89;0;0;0;1;0;0;0;2;0;0;0;0;0;0;0;1;0;0
90;0;0;0;0;1;0;0;0;1;0;0;0;0;0;0;0;1;0
91;0;0;0;0;0;0;0;0;0;0;0;0;0;0;0;0;0;0
92;0;0;0;0;0;0;0;0;0;0;0;0;0;0;0;0;0;0
93;1;0;0;0;0;0;0;0;0;0;0;0;0;0;0;0;0;0
94;1;0;0;0;0;0;0;0;0;0;0;0;0;0;0;0;0;1
95;0;1;0;0;0;0;0;0;0;0;0;0;0;0;0;0;0;0
96;0;0;0;0;0;0;0;0;0;0;0;0;0;0;0;0;0;0
97;0;0;0;0;1;0;0;0;0;0;0;0;0;0;0;0;0;0
98;0;0;0;0;0;0;0;0;0;0;0;0;0;0;0;0;0;0
99;0;0;0;0;0;0;0;0;0;0;0;0;0;0;0;0;0;0
100 e oltre;0;0;0;0;0;0;0;0;0;0;0;0;0;0;0;0;0;0
Totale;368;392;550;656;736;828;962;1071;1178;1271;1405;1568;1696;1755;1773;1842;1882;1886
