"Popolazione per età, vista per singola area - Provincia: Varese"

"Ricostruzione della popolazione intercensuaria - Popolazione al 1° gennaio per età"
"Tutte le cittadinanze - Provincia: Varese"
Età/Anno;2002;2003;2004;2005;2006;2007;2008;2009;2010;2011;2012;2013;2014;2015;2016;2017;2018;2019
Età;Totale
0;7223;7417;7528;7980;7927;8261;8239;8421;8462;8318;8150;7922;7930;7527;7391;6910;6663;6479
1;7267;7311;7503;7638;8021;8035;8350;8301;8441;8548;8323;8251;7972;7953;7563;7368;6924;6682
2;7307;7359;7412;7602;7682;8119;8101;8454;8376;8470;8559;8378;8298;8029;7971;7597;7412;7004
3;7159;7411;7556;7496;7680;7775;8189;8126;8489;8402;8463;8654;8398;8331;8049;7922;7619;7433
4;7090;7225;7498;7689;7586;7798;7826;8264;8160;8541;8399;8495;8720;8375;8322;8022;7916;7602
5;7078;7204;7302;7582;7792;7711;7888;7894;8293;8188;8574;8471;8516;8736;8396;8313;8051;7951
6;7007;7148;7288;7421;7649;7861;7782;7940;7950;8304;8241;8618;8525;8495;8730;8388;8330;8073
7;6958;7070;7232;7419;7509;7715;7946;7849;7978;7990;8317;8267;8618;8520;8498;8749;8357;8353
8;7100;7063;7143;7323;7474;7623;7797;7993;7904;8010;8030;8366;8304;8609;8531;8493;8745;8356
9;7383;7182;7133;7236;7426;7584;7703;7866;8036;7919;8038;8053;8375;8295;8606;8516;8512;8768
10;7471;7453;7266;7263;7303;7530;7673;7760;7914;8076;7978;8084;8076;8406;8313;8595;8518;8524
11;7510;7530;7513;7372;7355;7370;7590;7756;7807;7980;8122;8019;8094;8093;8445;8326;8597;8521
12;7232;7542;7575;7607;7448;7399;7395;7679;7790;7860;8024;8181;8045;8087;8104;8446;8318;8632
13;7322;7272;7613;7645;7686;7545;7469;7468;7712;7826;7918;8082;8192;8060;8077;8080;8470;8364
14;7045;7358;7331;7669;7710;7760;7593;7553;7504;7740;7863;7961;8110;8194;8058;8069;8089;8472
15;7086;7102;7402;7402;7699;7781;7809;7665;7615;7543;7784;7909;7992;8114;8224;8059;8074;8107
16;7606;7132;7136;7504;7466;7766;7801;7872;7732;7681;7601;7824;7940;7987;8126;8212;8061;8103
17;7421;7615;7158;7227;7580;7543;7839;7867;7941;7801;7731;7644;7839;7950;7995;8138;8234;8099
18;7902;7443;7669;7246;7338;7720;7658;7950;7923;8017;7882;7800;7710;7866;8000;8043;8213;8269
19;8001;7918;7540;7806;7296;7500;7880;7800;8051;8030;8125;7986;7878;7740;7937;8105;8199;8259
20;8113;8025;8023;7674;7856;7414;7658;8025;7864;8182;8103;8243;8047;7881;7778;8035;8224;8271
21;8308;8162;8163;8235;7767;7973;7566;7870;8079;7979;8278;8208;8308;8058;7915;7850;8157;8310
22;8770;8438;8338;8360;8277;7930;8198;7771;7941;8244;8077;8398;8282;8388;8087;8006;7941;8244
23;9589;8891;8670;8540;8483;8428;8147;8431;7885;8125;8430;8238;8513;8334;8454;8194;8085;8031
24;10269;9715;9239;8938;8674;8649;8652;8400;8569;8104;8273;8547;8360;8617;8421;8509;8306;8235
25;10931;10459;10078;9547;9068;8875;8940;8863;8576;8788;8240;8446;8658;8444;8667;8468;8601;8392
26;12026;11094;10890;10446;9725;9321;9156;9188;9058;8847;8960;8450;8619;8766;8485;8761;8573;8683
27;12341;12182;11485;11259;10597;9955;9602;9364;9337;9327;9025;9186;8622;8669;8882;8632;8838;8709
28;12631;12580;12598;11858;11575;10869;10222;9878;9568;9697;9603;9211;9333;8703;8771;9017;8732;8945
29;13045;12833;12926;12978;12053;11787;11146;10556;10068;9772;9874;9792;9353;9408;8776;8838;9167;8858
30;13056;13240;13273;13358;13194;12344;12120;11532;10711;10357;9980;10070;9904;9420;9464;8848;8898;9314
31;13139;13222;13575;13560;13434;13365;12613;12382;11644;10914;10433;10174;10193;9921;9468;9521;8954;9070
32;13588;13265;13514;13822;13645;13639;13467;12748;12390;11709;10923;10575;10311;10276;9931;9485;9629;9090
33;13589;13634;13524;13718;13894;13709;13708;13566;12775;12424;11697;11045;10680;10327;10301;9987;9607;9707
34;13793;13747;13850;13767;13805;14030;13829;13832;13639;12859;12393;11851;11121;10698;10361;10307;10089;9657
35;14163;13855;13952;14015;13864;13959;14132;13982;13852;13759;12846;12491;11919;11171;10695;10312;10334;10150
36;14646;14360;14083;14233;14097;14078;14123;14277;14017;13937;13822;12975;12550;11933;11192;10701;10322;10415
37;14277;14759;14553;14261;14316;14237;14166;14254;14429;14122;14080;13879;13039;12596;11907;11174;10741;10399
38;13531;14391;14930;14663;14384;14445;14391;14277;14289;14486;14102;14183;13938;13014;12585;11898;11193;10809
39;12754;13626;14527;15072;14742;14442;14592;14499;14292;14395;14515;14192;14238;13906;13015;12602;11932;11302
40;12488;12761;13754;14709;15148;14858;14569;14734;14480;14352;14421;14546;14255;14209;13930;12994;12675;11960
41;12016;12486;12868;13805;14756;15247;14937;14635;14767;14549;14314;14497;14561;14259;14159;13947;13021;12660
42;11767;12074;12612;12976;13865;14866;15321;14986;14655;14846;14581;14404;14518;14582;14264;14105;13976;13063
43;11277;11835;12148;12689;13048;13893;14879;15372;14919;14695;14847;14640;14387;14541;14576;14228;14085;14011
44;11175;11330;11947;12181;12680;13145;13967;14955;15342;14965;14738;14903;14693;14331;14513;14528;14253;14123
45;10936;11224;11410;11998;12215;12726;13152;14066;14965;15388;14970;14803;14943;14714;14311;14532;14572;14221
46;11104;10941;11283;11449;12033;12230;12789;13181;14105;15017;15415;14991;14779;14919;14734;14297;14485;14596
47;10993;11119;11012;11364;11484;12072;12298;12825;13176;14103;14999;15472;15023;14766;14907;14737;14295;14480
48;10789;11008;11160;11083;11346;11509;12163;12343;12798;13219;14114;15012;15455;15046;14706;14922;14751;14303
49;10838;10772;11056;11177;11082;11386;11540;12233;12304;12781;13232;14129;14978;15420;15006;14698;14882;14717
50;10882;10839;10774;11075;11180;11122;11435;11561;12225;12311;12806;13221;14099;14940;15391;15013;14687;14873
51;11368;10898;10890;10823;11054;11237;11156;11413;11561;12251;12312;12839;13192;14063;14895;15331;15004;14693
52;11587;11370;10915;10904;10805;11026;11232;11156;11381;11587;12259;12344;12799;13160;13997;14836;15300;14963
53;11951;11585;11374;10906;10888;10824;11064;11216;11137;11390;11587;12250;12291;12778;13157;13966;14802;15288
54;11611;11925;11589;11367;10879;10874;10841;11083;11186;11133;11368;11565;12253;12262;12747;13140;13960;14780
55;12441;11603;11921;11587;11341;10876;10853;10814;11069;11211;11146;11353;11532;12187;12265;12713;13083;13937
56;9259;12427;11605;11889;11573;11330;10853;10835;10812;11048;11176;11137;11322;11494;12169;12211;12682;13075
57;9616;9249;12406;11590;11866;11547;11303;10833;10811;10831;11018;11151;11108;11308;11482;12129;12185;12625
58;9716;9589;9248;12352;11569;11840;11531;11255;10786;10774;10790;10990;11085;11038;11244;11447;12102;12154
59;10014;9680;9548;9205;12312;11515;11791;11495;11200;10772;10763;10748;10951;11021;10984;11206;11404;12045
60;10528;9972;9648;9530;9148;12293;11454;11754;11419;11148;10708;10737;10692;10912;10948;10922;11153;11330
61;11345;10470;9923;9604;9519;9087;12252;11413;11715;11391;11117;10635;10670;10639;10818;10895;10874;11087
62;11440;11269;10400;9884;9526;9500;9008;12182;11360;11706;11319;11036;10541;10614;10551;10742;10823;10847
63;10868;11352;11181;10371;9832;9480;9429;8956;12115;11293;11653;11251;10940;10489;10552;10481;10696;10750
64;9926;10815;11275;11122;10269;9801;9414;9378;8887;12061;11208;11588;11141;10878;10409;10475;10418;10625
65;9279;9857;10743;11205;11021;10187;9735;9346;9306;8856;11979;11126;11469;11089;10759;10330;10395;10329
66;9356;9163;9779;10631;11120;10934;10093;9690;9279;9218;8781;11867;11019;11371;10999;10679;10258;10331
67;9062;9231;9071;9718;10516;11048;10846;10020;9601;9190;9146;8703;11725;10915;11246;10922;10576;10157
68;8514;8941;9150;8977;9652;10430;10927;10717;9898;9526;9111;9073;8655;11616;10799;11143;10826;10445
69;8559;8416;8829;9023;8874;9564;10329;10801;10590;9818;9414;9001;8960;8580;11463;10685;11006;10715
70;8328;8480;8319;8718;8915;8744;9449;10229;10682;10466;9730;9298;8877;8883;8478;11308;10575;10884
71;8234;8231;8356;8209;8608;8805;8603;9342;10106;10524;10347;9616;9158;8775;8766;8369;11161;10431
72;7559;8089;8073;8223;8115;8471;8675;8485;9222;9981;10405;10200;9468;9014;8647;8636;8240;11003
73;7357;7403;7936;7919;8077;7960;8309;8537;8336;9090;9823;10231;10005;9314;8869;8505;8502;8121
74;7062;7166;7208;7786;7752;7911;7773;8152;8376;8194;8946;9641;10029;9846;9178;8751;8357;8337
75;6821;6905;6944;7044;7579;7562;7696;7568;7968;8198;8035;8759;9469;9806;9609;9027;8589;8202
76;6386;6628;6683;6822;6842;7400;7348;7534;7389;7813;8019;7864;8554;9252;9562;9431;8815;8417
77;6178;6182;6420;6501;6615;6648;7179;7149;7298;7194;7637;7817;7659;8354;9001;9345;9198;8614
78;5682;5983;5960;6235;6312;6423;6416;6939;6932;7097;6994;7361;7610;7455;8087;8761;9082;8942
79;5245;5465;5773;5756;6053;6084;6184;6149;6696;6699;6870;6754;7146;7413;7224;7826;8500;8787
80;5086;5027;5213;5538;5485;5821;5829;5948;5892;6474;6459;6621;6544;6906;7120;6966;7532;8180
81;4929;4857;4776;4940;5292;5243;5560;5581;5690;5626;6175;6166;6323;6296;6617;6839;6692;7265
82;2823;4624;4606;4569;4620;5022;4982;5252;5316;5383;5368;5906;5861;6027;6020;6337;6517;6387
83;1975;2673;4284;4360;4323;4374;4693;4645;4934;4956;5087;5101;5604;5555;5682;5695;6012;6194
84;1971;1848;2473;3999;4058;4043;4095;4343;4314;4597;4592;4772;4800;5284;5233;5351;5347;5681
85;2272;1828;1682;2293;3647;3749;3776;3775;4055;4004;4280;4243;4445;4540;4901;4896;4955;4970
86;2721;2098;1650;1516;2082;3308;3466;3435;3504;3699;3692;3937;3935;4104;4168;4533;4534;4602
87;2549;2431;1819;1494;1362;1867;2983;3092;3130;3212;3377;3323;3592;3612;3692;3816;4138;4138
88;2283;2220;2061;1624;1289;1223;1651;2634;2736;2743;2899;3006;2962;3255;3238;3342;3444;3740
89;1957;1967;1873;1786;1427;1149;1077;1466;2347;2394;2420;2562;2635;2643;2876;2887;2932;2991
90;1612;1656;1632;1622;1533;1254;979;937;1264;2051;2069;2104;2210;2273;2298;2505;2554;2558
91;1295;1327;1362;1362;1336;1313;1052;833;793;1070;1767;1758;1806;1899;1912;1975;2128;2196
92;983;1085;1051;1095;1100;1126;1126;873;700;662;914;1486;1479;1529;1564;1632;1659;1773
93;751;789;858;873;876;879;937;912;706;578;538;747;1205;1207;1215;1286;1317;1387
94;524;570;607;672;674;695;693;733;749;560;464;437;625;1012;958;982;984;1031
95;364;384;414;467;513;519;550;515;597;621;456;363;331;501;770;761;763;767
96;257;276;296;307;333;404;394;413;405;455;512;350;278;265;389;581;561;581
97;155;186;186;225;229;238;291;286;288;310;373;364;249;207;195;280;439;414
98;113;107;113;131;149;155;169;219;217;206;236;256;265;185;144;144;195;301
99;83;83;69;73;81;107;98;112;145;159;153;156;185;188;129;109;97;144
100 e oltre;103;119;132;146;127;136;165;164;193;202;251;252;255;284;294;261;246;222
Totale;813090;818121;826337;835930;841082;848925;856315;863673;867890;873919;877956;882582;885120;885922;885308;884887;884919;885085
Età/Anno;2002;2003;2004;2005;2006;2007;2008;2009;2010;2011;2012;2013;2014;2015;2016;2017;2018;2019
Età;Maschi
0;3768;3836;3792;4062;4081;4168;4370;4365;4392;4275;4202;4046;4052;3912;3842;3526;3406;3320
1;3744;3804;3867;3850;4076;4130;4215;4411;4364;4433;4278;4230;4090;4041;3923;3840;3533;3400
2;3698;3805;3846;3926;3864;4121;4170;4280;4443;4388;4433;4312;4267;4100;4053;3953;3873;3568
3;3608;3745;3941;3902;3968;3935;4179;4187;4299;4456;4376;4485;4328;4288;4120;4027;3958;3841
4;3692;3632;3795;3995;3931;4029;3965;4226;4219;4333;4457;4404;4505;4302;4294;4098;4024;3925
5;3714;3751;3682;3847;4044;4000;4082;3986;4238;4225;4341;4497;4429;4521;4306;4271;4117;4032
6;3550;3745;3782;3737;3885;4063;4037;4099;4015;4258;4253;4350;4527;4417;4514;4308;4293;4131
7;3483;3591;3806;3853;3795;3890;4106;4075;4124;4040;4277;4274;4366;4519;4407;4531;4288;4318
8;3639;3545;3638;3858;3887;3860;3931;4117;4100;4133;4057;4308;4273;4369;4509;4405;4527;4285
9;3807;3662;3594;3692;3917;3951;3914;3956;4129;4104;4145;4070;4312;4273;4368;4506;4411;4549
10;3904;3850;3710;3678;3739;3964;3993;3944;3988;4160;4147;4161;4085;4310;4290;4365;4524;4418
11;3801;3933;3879;3764;3737;3754;3996;4048;3974;4045;4192;4164;4163;4082;4322;4293;4360;4538
12;3638;3815;3964;3920;3798;3763;3767;4043;4065;3997;4074;4223;4170;4146;4100;4324;4283;4383
13;3851;3651;3866;4001;3955;3855;3784;3785;4066;4090;4029;4102;4229;4183;4150;4083;4328;4319
14;3666;3868;3685;3897;4039;3983;3877;3830;3818;4084;4097;4052;4116;4242;4178;4155;4082;4325
15;3615;3695;3891;3710;3901;4101;4009;3917;3872;3850;4100;4126;4058;4112;4263;4175;4152;4106
16;3874;3632;3718;3939;3747;3953;4105;4038;3960;3920;3865;4115;4143;4066;4127;4250;4175;4179
17;3838;3878;3657;3767;3978;3798;3996;4145;4094;4002;3951;3897;4117;4143;4054;4124;4275;4197
18;4093;3860;3913;3712;3842;4058;3864;4048;4182;4121;4039;3994;3940;4145;4164;4091;4194;4297
19;4100;4101;3895;3988;3731;3924;4141;3920;4087;4222;4173;4094;4021;3961;4189;4246;4214;4235
20;4183;4100;4150;3943;3993;3769;4011;4197;3944;4120;4250;4222;4102;4012;3972;4266;4354;4253
21;4178;4202;4188;4238;3971;4031;3841;4101;4196;3985;4156;4301;4236;4084;4018;4023;4362;4399
22;4429;4232;4294;4272;4223;4047;4136;3936;4115;4249;4031;4198;4334;4255;4099;4067;4064;4401
23;4888;4493;4358;4399;4302;4289;4151;4243;3966;4191;4337;4101;4215;4334;4295;4157;4107;4090
24;5210;4938;4673;4503;4443;4371;4393;4270;4290;4062;4268;4401;4172;4259;4362;4317;4231;4191
25;5620;5309;5154;4880;4557;4535;4503;4500;4357;4390;4128;4367;4459;4193;4272;4371;4384;4300
26;6165;5711;5526;5362;4937;4661;4693;4623;4576;4502;4470;4239;4435;4470;4222;4343;4423;4417
27;6377;6246;5916;5748;5423;5012;4797;4774;4680;4720;4597;4577;4315;4446;4536;4287;4391;4493
28;6433;6484;6471;6076;5889;5519;5151;4904;4828;4847;4847;4684;4648;4372;4497;4608;4379;4444
29;6616;6545;6683;6681;6172;5977;5626;5286;5011;4915;4917;4947;4773;4697;4407;4532;4682;4442
30;6688;6762;6806;6890;6787;6312;6157;5773;5360;5162;5037;5019;5005;4797;4719;4427;4577;4774
31;6746;6792;6938;7001;6971;6843;6468;6302;5846;5450;5226;5153;5077;4989;4808;4741;4495;4667
32;6801;6806;6966;7080;7061;7100;6875;6563;6319;5887;5507;5289;5213;5121;4987;4824;4798;4557
33;7009;6842;6908;7095;7134;7065;7138;6929;6559;6348;5889;5599;5347;5195;5144;5014;4921;4838
34;7016;7050;6899;7014;7066;7152;7104;7150;6945;6503;6237;5969;5630;5372;5211;5164;5072;4929
35;7136;7038;7138;7000;7061;7120;7192;7173;7133;6963;6473;6325;5985;5650;5340;5180;5171;5108
36;7427;7226;7171;7288;7049;7182;7227;7243;7174;7134;7002;6560;6337;5985;5639;5326;5190;5197
37;7285;7495;7336;7315;7319;7123;7192;7305;7325;7196;7197;7053;6600;6356;5972;5613;5344;5258
38;6876;7333;7584;7412;7349;7408;7210;7247;7297;7308;7155;7239;7073;6567;6351;5980;5590;5374
39;6394;6928;7406;7672;7455;7366;7502;7266;7240;7342;7307;7197;7254;7047;6564;6366;6013;5651
40;6193;6401;6975;7507;7703;7517;7425;7580;7252;7246;7327;7322;7234;7218;7062;6553;6389;6030
41;6142;6201;6446;6988;7535;7731;7552;7446;7574;7265;7217;7362;7321;7218;7182;7078;6579;6364
42;5792;6188;6254;6502;7028;7598;7739;7563;7457;7585;7273;7269;7377;7339;7208;7173;7081;6609
43;5608;5823;6204;6299;6558;7062;7590;7728;7492;7440;7590;7297;7242;7389;7328;7181;7180;7104
44;5655;5641;5862;6205;6270;6616;7091;7622;7698;7498;7462;7637;7323;7209;7355;7301;7207;7191
45;5423;5676;5679;5864;6217;6291;6595;7130;7606;7694;7484;7496;7651;7321;7215;7357;7320;7204
46;5477;5436;5704;5686;5882;6214;6315;6592;7135;7597;7683;7497;7480;7617;7317;7213;7337;7319
47;5358;5481;5454;5754;5690;5905;6258;6338;6578;7109;7563;7722;7532;7468;7617;7319;7203;7338
48;5350;5363;5497;5484;5738;5697;5950;6284;6306;6575;7104;7563;7695;7534;7413;7631;7307;7201
49;5361;5344;5367;5486;5479;5752;5720;5963;6244;6291;6569;7108;7541;7689;7524;7407;7603;7292
50;5322;5361;5320;5364;5490;5495;5754;5726;5945;6227;6288;6562;7081;7502;7672;7528;7384;7586
51;5624;5347;5368;5338;5356;5521;5499;5720;5710;5917;6196;6309;6528;7048;7476;7610;7511;7398
52;5618;5634;5346;5368;5300;5333;5494;5484;5694;5689;5917;6205;6287;6510;7008;7434;7579;7480
53;5881;5602;5635;5334;5356;5306;5351;5476;5472;5661;5678;5882;6178;6274;6491;6980;7399;7572
54;5662;5877;5582;5623;5312;5338;5300;5368;5441;5440;5636;5659;5882;6152;6248;6477;6975;7370
55;6075;5651;5856;5567;5603;5321;5310;5268;5349;5426;5438;5617;5635;5845;6143;6221;6439;6958
56;4524;6063;5647;5827;5546;5569;5314;5293;5258;5322;5415;5433;5595;5613;5838;6110;6178;6436
57;4687;4514;6043;5625;5806;5514;5544;5289;5271;5264;5313;5397;5396;5584;5596;5794;6088;6139
58;4772;4683;4513;6000;5616;5787;5498;5518;5254;5226;5234;5295;5361;5364;5533;5555;5768;6065
59;4801;4735;4646;4476;5982;5576;5739;5488;5481;5239;5202;5191;5278;5325;5326;5500;5531;5724
60;5154;4782;4711;4608;4447;5958;5525;5716;5428;5436;5186;5179;5146;5245;5281;5278;5457;5483
61;5482;5123;4758;4681;4597;4405;5914;5483;5668;5388;5405;5130;5131;5113;5185;5251;5243;5411
62;5486;5442;5068;4730;4635;4566;4354;5864;5446;5655;5339;5355;5067;5086;5073;5140;5203;5216
63;5212;5419;5373;5040;4686;4596;4521;4316;5813;5404;5622;5281;5296;5022;5054;5026;5105;5153
64;4650;5181;5357;5332;4975;4660;4539;4471;4265;5777;5357;5574;5225;5255;4969;5001;4986;5060
65;4397;4593;5133;5312;5265;4926;4630;4489;4428;4235;5718;5293;5491;5201;5189;4912;4966;4932
66;4414;4319;4546;5069;5246;5207;4859;4586;4444;4372;4176;5634;5219;5415;5151;5128;4881;4920
67;4177;4324;4253;4492;4993;5181;5152;4798;4519;4387;4319;4129;5551;5155;5335;5114;5053;4828
68;3935;4097;4254;4182;4444;4926;5119;5071;4721;4446;4334;4256;4085;5472;5083;5261;5059;4963
69;3836;3861;4008;4183;4115;4368;4845;5036;4996;4658;4373;4255;4189;4041;5365;4993;5169;4983
70;3736;3791;3786;3930;4109;4035;4289;4783;4963;4904;4595;4280;4187;4134;3978;5262;4925;5091
71;3644;3684;3714;3704;3840;4041;3934;4202;4699;4863;4807;4513;4210;4123;4061;3922;5179;4822
72;3285;3545;3577;3625;3636;3753;3940;3858;4129;4606;4779;4728;4413;4126;4044;3984;3851;5091
73;3087;3193;3453;3474;3527;3530;3657;3847;3765;4053;4513;4683;4607;4309;4048;3959;3905;3782
74;2928;2966;3067;3358;3362;3422;3406;3563;3752;3683;3974;4411;4553;4510;4222;3971;3875;3805
75;2747;2835;2834;2960;3238;3232;3282;3294;3453;3648;3585;3861;4309;4428;4361;4112;3862;3767
76;2465;2633;2720;2763;2844;3114;3090;3188;3179;3363;3527;3482;3737;4176;4277;4241;3981;3761
77;2333;2372;2525;2609;2659;2699;2999;2988;3046;3071;3251;3417;3357;3616;4042;4138;4099;3858
78;2034;2214;2256;2417;2503;2546;2556;2858;2873;2925;2952;3089;3277;3242;3465;3904;4000;3940
79;1893;1917;2110;2164;2321;2393;2420;2384;2714;2741;2797;2815;2945;3153;3097;3311;3747;3849
80;1719;1779;1791;1987;2031;2177;2245;2288;2247;2596;2618;2650;2683;2807;2983;2942;3153;3561
81;1637;1586;1632;1650;1857;1909;2045;2111;2153;2096;2422;2463;2495;2547;2654;2824;2796;2994
82;893;1454;1462;1544;1488;1708;1790;1892;1980;1992;1954;2269;2293;2348;2421;2508;2667;2648
83;627;827;1251;1355;1424;1356;1543;1597;1695;1782;1842;1823;2113;2142;2164;2249;2330;2499
84;558;572;736;1137;1218;1282;1266;1375;1430;1534;1579;1697;1673;1959;1988;2004;2084;2181
85;694;511;506;666;1011;1101;1154;1131;1257;1300;1398;1404;1546;1543;1783;1820;1804;1904
86;780;630;442;446;591;897;997;1011;1036;1146;1177;1264;1273;1387;1356;1620;1651;1640
87;697;671;518;378;388;505;786;881;896;925;1012;1019;1125;1147;1194;1195;1438;1463
88;594;599;558;441;307;328;422;669;764;760;816;880;878;989;999;1058;1058;1263
89;511;495;496;450;374;258;283;359;572;660;663;697;727;768;833;859;910;896
90;385;415;397;393;365;315;214;225;304;472;553;570;571;602;649;685;738;757
91;280;292;332;311;299;295;238;161;175;239;392;463;481;466;477;533;561;632
92;203;222;211;263;236;241;235;191;130;139;189;328;368;393;366;382;420;452
93;125;154;158;167;202;183;184;167;152;106;101;142;245;296;301;290;297;343
94;79;91;106;112;123;156;147;138;135;105;82;80;116;198;233;233;223;220
95;47;52;59;72;79;88;115;105;107;113;83;56;54;86;149;174;187;169
96;41;37;32;40;48;58;64;82;88;76;93;61;43;41;63;115;128;139
97;16;28;25;22;31;32;34;38;57;60;62;53;38;29;27;42;84;90
98;17;10;10;17;15;15;22;29;30;41;48;40;41;25;25;17;32;48
99;5;14;4;4;5;12;10;10;16;18;31;24;27;24;13;17;12;19
100 e oltre;12;11;14;11;10;11;18;17;18;19;25;35;39;42;46;35;34;25
Totale;392700;395693;400127;405363;408088;411810;415749;419353;421350;423915;425855;428550;429842;430213;430144;430109;430776;431187
Età/Anno;2002;2003;2004;2005;2006;2007;2008;2009;2010;2011;2012;2013;2014;2015;2016;2017;2018;2019
Età;Femmine
0;3455;3581;3736;3918;3846;4093;3869;4056;4070;4043;3948;3876;3878;3615;3549;3384;3257;3159
1;3523;3507;3636;3788;3945;3905;4135;3890;4077;4115;4045;4021;3882;3912;3640;3528;3391;3282
2;3609;3554;3566;3676;3818;3998;3931;4174;3933;4082;4126;4066;4031;3929;3918;3644;3539;3436
3;3551;3666;3615;3594;3712;3840;4010;3939;4190;3946;4087;4169;4070;4043;3929;3895;3661;3592
4;3398;3593;3703;3694;3655;3769;3861;4038;3941;4208;3942;4091;4215;4073;4028;3924;3892;3677
5;3364;3453;3620;3735;3748;3711;3806;3908;4055;3963;4233;3974;4087;4215;4090;4042;3934;3919
6;3457;3403;3506;3684;3764;3798;3745;3841;3935;4046;3988;4268;3998;4078;4216;4080;4037;3942
7;3475;3479;3426;3566;3714;3825;3840;3774;3854;3950;4040;3993;4252;4001;4091;4218;4069;4035
8;3461;3518;3505;3465;3587;3763;3866;3876;3804;3877;3973;4058;4031;4240;4022;4088;4218;4071
9;3576;3520;3539;3544;3509;3633;3789;3910;3907;3815;3893;3983;4063;4022;4238;4010;4101;4219
10;3567;3603;3556;3585;3564;3566;3680;3816;3926;3916;3831;3923;3991;4096;4023;4230;3994;4106
11;3709;3597;3634;3608;3618;3616;3594;3708;3833;3935;3930;3855;3931;4011;4123;4033;4237;3983
12;3594;3727;3611;3687;3650;3636;3628;3636;3725;3863;3950;3958;3875;3941;4004;4122;4035;4249
13;3471;3621;3747;3644;3731;3690;3685;3683;3646;3736;3889;3980;3963;3877;3927;3997;4142;4045
14;3379;3490;3646;3772;3671;3777;3716;3723;3686;3656;3766;3909;3994;3952;3880;3914;4007;4147
15;3471;3407;3511;3692;3798;3680;3800;3748;3743;3693;3684;3783;3934;4002;3961;3884;3922;4001
16;3732;3500;3418;3565;3719;3813;3696;3834;3772;3761;3736;3709;3797;3921;3999;3962;3886;3924
17;3583;3737;3501;3460;3602;3745;3843;3722;3847;3799;3780;3747;3722;3807;3941;4014;3959;3902
18;3809;3583;3756;3534;3496;3662;3794;3902;3741;3896;3843;3806;3770;3721;3836;3952;4019;3972
19;3901;3817;3645;3818;3565;3576;3739;3880;3964;3808;3952;3892;3857;3779;3748;3859;3985;4024
20;3930;3925;3873;3731;3863;3645;3647;3828;3920;4062;3853;4021;3945;3869;3806;3769;3870;4018
21;4130;3960;3975;3997;3796;3942;3725;3769;3883;3994;4122;3907;4072;3974;3897;3827;3795;3911
22;4341;4206;4044;4088;4054;3883;4062;3835;3826;3995;4046;4200;3948;4133;3988;3939;3877;3843
23;4701;4398;4312;4141;4181;4139;3996;4188;3919;3934;4093;4137;4298;4000;4159;4037;3978;3941
24;5059;4777;4566;4435;4231;4278;4259;4130;4279;4042;4005;4146;4188;4358;4059;4192;4075;4044
25;5311;5150;4924;4667;4511;4340;4437;4363;4219;4398;4112;4079;4199;4251;4395;4097;4217;4092
26;5861;5383;5364;5084;4788;4660;4463;4565;4482;4345;4490;4211;4184;4296;4263;4418;4150;4266
27;5964;5936;5569;5511;5174;4943;4805;4590;4657;4607;4428;4609;4307;4223;4346;4345;4447;4216
28;6198;6096;6127;5782;5686;5350;5071;4974;4740;4850;4756;4527;4685;4331;4274;4409;4353;4501
29;6429;6288;6243;6297;5881;5810;5520;5270;5057;4857;4957;4845;4580;4711;4369;4306;4485;4416
30;6368;6478;6467;6468;6407;6032;5963;5759;5351;5195;4943;5051;4899;4623;4745;4421;4321;4540
31;6393;6430;6637;6559;6463;6522;6145;6080;5798;5464;5207;5021;5116;4932;4660;4780;4459;4403
32;6787;6459;6548;6742;6584;6539;6592;6185;6071;5822;5416;5286;5098;5155;4944;4661;4831;4533
33;6580;6792;6616;6623;6760;6644;6570;6637;6216;6076;5808;5446;5333;5132;5157;4973;4686;4869
34;6777;6697;6951;6753;6739;6878;6725;6682;6694;6356;6156;5882;5491;5326;5150;5143;5017;4728
35;7027;6817;6814;7015;6803;6839;6940;6809;6719;6796;6373;6166;5934;5521;5355;5132;5163;5042
36;7219;7134;6912;6945;7048;6896;6896;7034;6843;6803;6820;6415;6213;5948;5553;5375;5132;5218
37;6992;7264;7217;6946;6997;7114;6974;6949;7104;6926;6883;6826;6439;6240;5935;5561;5397;5141
38;6655;7058;7346;7251;7035;7037;7181;7030;6992;7178;6947;6944;6865;6447;6234;5918;5603;5435
39;6360;6698;7121;7400;7287;7076;7090;7233;7052;7053;7208;6995;6984;6859;6451;6236;5919;5651
40;6295;6360;6779;7202;7445;7341;7144;7154;7228;7106;7094;7224;7021;6991;6868;6441;6286;5930
41;5874;6285;6422;6817;7221;7516;7385;7189;7193;7284;7097;7135;7240;7041;6977;6869;6442;6296
42;5975;5886;6358;6474;6837;7268;7582;7423;7198;7261;7308;7135;7141;7243;7056;6932;6895;6454
43;5669;6012;5944;6390;6490;6831;7289;7644;7427;7255;7257;7343;7145;7152;7248;7047;6905;6907
44;5520;5689;6085;5976;6410;6529;6876;7333;7644;7467;7276;7266;7370;7122;7158;7227;7046;6932
45;5513;5548;5731;6134;5998;6435;6557;6936;7359;7694;7486;7307;7292;7393;7096;7175;7252;7017
46;5627;5505;5579;5763;6151;6016;6474;6589;6970;7420;7732;7494;7299;7302;7417;7084;7148;7277
47;5635;5638;5558;5610;5794;6167;6040;6487;6598;6994;7436;7750;7491;7298;7290;7418;7092;7142
48;5439;5645;5663;5599;5608;5812;6213;6059;6492;6644;7010;7449;7760;7512;7293;7291;7444;7102
49;5477;5428;5689;5691;5603;5634;5820;6270;6060;6490;6663;7021;7437;7731;7482;7291;7279;7425
50;5560;5478;5454;5711;5690;5627;5681;5835;6280;6084;6518;6659;7018;7438;7719;7485;7303;7287
51;5744;5551;5522;5485;5698;5716;5657;5693;5851;6334;6116;6530;6664;7015;7419;7721;7493;7295
52;5969;5736;5569;5536;5505;5693;5738;5672;5687;5898;6342;6139;6512;6650;6989;7402;7721;7483
53;6070;5983;5739;5572;5532;5518;5713;5740;5665;5729;5909;6368;6113;6504;6666;6986;7403;7716
54;5949;6048;6007;5744;5567;5536;5541;5715;5745;5693;5732;5906;6371;6110;6499;6663;6985;7410
55;6366;5952;6065;6020;5738;5555;5543;5546;5720;5785;5708;5736;5897;6342;6122;6492;6644;6979
56;4735;6364;5958;6062;6027;5761;5539;5542;5554;5726;5761;5704;5727;5881;6331;6101;6504;6639
57;4929;4735;6363;5965;6060;6033;5759;5544;5540;5567;5705;5754;5712;5724;5886;6335;6097;6486
58;4944;4906;4735;6352;5953;6053;6033;5737;5532;5548;5556;5695;5724;5674;5711;5892;6334;6089
59;5213;4945;4902;4729;6330;5939;6052;6007;5719;5533;5561;5557;5673;5696;5658;5706;5873;6321
60;5374;5190;4937;4922;4701;6335;5929;6038;5991;5712;5522;5558;5546;5667;5667;5644;5696;5847
61;5863;5347;5165;4923;4922;4682;6338;5930;6047;6003;5712;5505;5539;5526;5633;5644;5631;5676
62;5954;5827;5332;5154;4891;4934;4654;6318;5914;6051;5980;5681;5474;5528;5478;5602;5620;5631
63;5656;5933;5808;5331;5146;4884;4908;4640;6302;5889;6031;5970;5644;5467;5498;5455;5591;5597
64;5276;5634;5918;5790;5294;5141;4875;4907;4622;6284;5851;6014;5916;5623;5440;5474;5432;5565
65;4882;5264;5610;5893;5756;5261;5105;4857;4878;4621;6261;5833;5978;5888;5570;5418;5429;5397
66;4942;4844;5233;5562;5874;5727;5234;5104;4835;4846;4605;6233;5800;5956;5848;5551;5377;5411
67;4885;4907;4818;5226;5523;5867;5694;5222;5082;4803;4827;4574;6174;5760;5911;5808;5523;5329
68;4579;4844;4896;4795;5208;5504;5808;5646;5177;5080;4777;4817;4570;6144;5716;5882;5767;5482
69;4723;4555;4821;4840;4759;5196;5484;5765;5594;5160;5041;4746;4771;4539;6098;5692;5837;5732
70;4592;4689;4533;4788;4806;4709;5160;5446;5719;5562;5135;5018;4690;4749;4500;6046;5650;5793
71;4590;4547;4642;4505;4768;4764;4669;5140;5407;5661;5540;5103;4948;4652;4705;4447;5982;5609
72;4274;4544;4496;4598;4479;4718;4735;4627;5093;5375;5626;5472;5055;4888;4603;4652;4389;5912
73;4270;4210;4483;4445;4550;4430;4652;4690;4571;5037;5310;5548;5398;5005;4821;4546;4597;4339
74;4134;4200;4141;4428;4390;4489;4367;4589;4624;4511;4972;5230;5476;5336;4956;4780;4482;4532
75;4074;4070;4110;4084;4341;4330;4414;4274;4515;4550;4450;4898;5160;5378;5248;4915;4727;4435
76;3921;3995;3963;4059;3998;4286;4258;4346;4210;4450;4492;4382;4817;5076;5285;5190;4834;4656
77;3845;3810;3895;3892;3956;3949;4180;4161;4252;4123;4386;4400;4302;4738;4959;5207;5099;4756
78;3648;3769;3704;3818;3809;3877;3860;4081;4059;4172;4042;4272;4333;4213;4622;4857;5082;5002
79;3352;3548;3663;3592;3732;3691;3764;3765;3982;3958;4073;3939;4201;4260;4127;4515;4753;4938
80;3367;3248;3422;3551;3454;3644;3584;3660;3645;3878;3841;3971;3861;4099;4137;4024;4379;4619
81;3292;3271;3144;3290;3435;3334;3515;3470;3537;3530;3753;3703;3828;3749;3963;4015;3896;4271
82;1930;3170;3144;3025;3132;3314;3192;3360;3336;3391;3414;3637;3568;3679;3599;3829;3850;3739
83;1348;1846;3033;3005;2899;3018;3150;3048;3239;3174;3245;3278;3491;3413;3518;3446;3682;3695
84;1413;1276;1737;2862;2840;2761;2829;2968;2884;3063;3013;3075;3127;3325;3245;3347;3263;3500
85;1578;1317;1176;1627;2636;2648;2622;2644;2798;2704;2882;2839;2899;2997;3118;3076;3151;3066
86;1941;1468;1208;1070;1491;2411;2469;2424;2468;2553;2515;2673;2662;2717;2812;2913;2883;2962
87;1852;1760;1301;1116;974;1362;2197;2211;2234;2287;2365;2304;2467;2465;2498;2621;2700;2675
88;1689;1621;1503;1183;982;895;1229;1965;1972;1983;2083;2126;2084;2266;2239;2284;2386;2477
89;1446;1472;1377;1336;1053;891;794;1107;1775;1734;1757;1865;1908;1875;2043;2028;2022;2095
90;1227;1241;1235;1229;1168;939;765;712;960;1579;1516;1534;1639;1671;1649;1820;1816;1801
91;1015;1035;1030;1051;1037;1018;814;672;618;831;1375;1295;1325;1433;1435;1442;1567;1564
92;780;863;840;832;864;885;891;682;570;523;725;1158;1111;1136;1198;1250;1239;1321
93;626;635;700;706;674;696;753;745;554;472;437;605;960;911;914;996;1020;1044
94;445;479;501;560;551;539;546;595;614;455;382;357;509;814;725;749;761;811
95;317;332;355;395;434;431;435;410;490;508;373;307;277;415;621;587;576;598
96;216;239;264;267;285;346;330;331;317;379;419;289;235;224;326;466;433;442
97;139;158;161;203;198;206;257;248;231;250;311;311;211;178;168;238;355;324
98;96;97;103;114;134;140;147;190;187;165;188;216;224;160;119;127;163;253
99;78;69;65;69;76;95;88;102;129;141;122;132;158;164;116;92;85;125
100 e oltre;91;108;118;135;117;125;147;147;175;183;226;217;216;242;248;226;212;197
Totale;420390;422428;426210;430567;432994;437115;440566;444320;446540;450004;452101;454032;455278;455709;455164;454778;454143;453898

"Ricostruzione della popolazione intercensuaria - Popolazione al 1° gennaio per età"
"Cittadinanza italiana - Provincia: Varese"
Età/Anno;2002;2003;2004;2005;2006;2007;2008;2009;2010;2011;2012;2013;2014;2015;2016;2017;2018;2019
Età;Totale
0;6781;6867;6939;7121;7009;7147;7106;7186;7169;7015;6789;6553;6537;6307;6159;5863;5645;5553
1;6809;6841;6912;7008;7151;7066;7211;7167;7189;7234;7023;6834;6592;6595;6393;6218;5922;5705
2;6865;6864;6882;6968;7030;7221;7095;7287;7235;7217;7249;7013;6892;6661;6704;6502;6318;6019
3;6793;6930;7034;6916;7008;7062;7249;7107;7301;7245;7209;7272;7036;6957;6807;6752;6569;6363
4;6761;6830;6980;7096;6950;7079;7077;7296;7117;7340;7236;7195;7336;7050;7079;6881;6810;6587
5;6764;6829;6870;7013;7141;7002;7128;7110;7305;7137;7334;7261;7239;7393;7178;7175;6959;6855
6;6699;6806;6869;6926;7052;7166;7019;7145;7129;7330;7161;7349;7320;7290;7522;7293;7245;6995
7;6665;6741;6836;6938;6984;7067;7200;7032;7165;7143;7336;7178;7400;7383;7406;7649;7339;7283
8;6824;6722;6760;6867;6953;7047;7095;7210;7056;7171;7149;7363;7259;7470;7500;7519;7709;7388
9;7100;6874;6749;6807;6916;7005;7088;7123;7225;7072;7174;7167;7405;7318;7595;7590;7604;7748
10;7219;7134;6924;6809;6810;6952;7041;7110;7159;7241;7091;7206;7227;7470;7451;7686;7666;7636
11;7261;7245;7143;6948;6853;6836;6992;7088;7140;7198;7249;7127;7239;7297;7613;7533;7743;7688
12;6955;7265;7245;7164;6976;6856;6849;7033;7108;7161;7208;7266;7178;7304;7400;7667;7574;7772
13;7079;6971;7286;7242;7193;7024;6876;6880;7056;7127;7173;7239;7300;7246;7401;7440;7701;7601
14;6818;7103;6998;7291;7266;7229;7042;6911;6905;7054;7125;7183;7274;7333;7341;7447;7454;7702
15;6865;6858;7127;7007;7289;7278;7253;7072;6938;6913;7057;7154;7206;7292;7426;7402;7464;7453
16;7381;6880;6853;7146;7003;7288;7264;7271;7114;6953;6920;7058;7167;7224;7352;7467;7405;7480
17;7192;7376;6857;6842;7147;7014;7293;7260;7284;7138;6960;6933;7059;7181;7274;7399;7488;7417
18;7652;7190;7383;6859;6855;7178;7045;7320;7263;7321;7187;7030;7038;7171;7315;7383;7518;7613
19;7752;7650;7210;7424;6850;6928;7230;7089;7357;7307;7366;7245;7095;7064;7224;7376;7449;7582
20;7873;7751;7656;7236;7430;6889;6967;7233;7106;7372;7311;7379;7240;7054;7073;7220;7351;7435
21;8030;7887;7768;7738;7269;7468;6902;7037;7227;7111;7385;7341;7395;7210;7070;7081;7237;7387
22;8440;8131;7897;7801;7717;7341;7525;6938;7053;7278;7121;7419;7367;7429;7221;7091;7103;7277
23;9234;8506;8171;7935;7832;7784;7377;7581;6954;7083;7343;7166;7461;7419;7515;7273;7117;7154
24;9883;9278;8606;8248;7994;7922;7818;7449;7611;7015;7134;7375;7207;7512;7478;7514;7318;7191
25;10471;9983;9347;8682;8292;8123;8026;7891;7495;7666;7042;7197;7423;7225;7538;7490;7528;7364
26;11540;10536;10096;9463;8760;8414;8170;8093;7952;7586;7717;7126;7259;7473;7261;7570;7527;7562
27;11768;11576;10627;10200;9523;8876;8485;8216;8143;8020;7634;7805;7214;7282;7545;7334;7587;7638
28;12069;11878;11624;10680;10300;9616;8899;8539;8286;8254;8128;7721;7885;7236;7344;7629;7394;7659
29;12379;12154;11857;11678;10712;10389;9693;9060;8591;8340;8293;8234;7786;7933;7275;7378;7732;7489
30;12369;12413;12191;11942;11718;10839;10506;9842;9075;8687;8404;8397;8286;7834;7956;7317;7408;7848
31;12455;12429;12430;12223;11895;11769;10941;10593;9862;9147;8714;8509;8443;8257;7910;7996;7356;7537
32;12871;12502;12471;12460;12227;12018;11755;10995;10581;9867;9149;8765;8539;8485;8276;7924;8066;7471
33;12881;12883;12563;12504;12486;12295;12030;11810;11054;10630;9913;9209;8821;8591;8599;8338;8052;8150
34;13101;12979;12899;12618;12571;12575;12345;12119;11918;11130;10650;9994;9252;8836;8650;8635;8429;8116
35;13452;13165;13013;12987;12687;12710;12700;12479;12230;12052;11212;10729;10034;9288;8883;8663;8664;8505
36;13944;13582;13198;13143;13011;12868;12807;12832;12565;12327;12165;11270;10755;10039;9368;8951;8701;8757
37;13608;14012;13591;13240;13150;13091;12875;12891;12970;12620;12432;12189;11325;10813;10084;9409;8999;8781
38;12897;13681;14023;13588;13275;13212;13147;12920;12887;12978;12586;12496;12224;11332;10879;10172;9492;9087
39;12177;12963;13673;14035;13631;13291;13235;13182;12914;12951;12983;12654;12533;12237;11382;10956;10248;9584
40;11982;12163;12934;13727;14072;13674;13325;13296;13150;12932;12953;13010;12711;12535;12328;11415;11036;10303
41;11512;11951;12168;12914;13741;14106;13677;13318;13317;13208;12899;13028;13021;12728;12604;12416;11481;11039
42;11378;11550;11955;12205;12945;13805;14137;13685;13366;13395;13267;12960;13047;13059;12839;12637;12476;11543
43;10901;11461;11580;11980;12285;12987;13835;14194;13703;13432;13462;13305;12976;13109;13147;12892;12675;12510
44;10817;10949;11502;11578;11975;12328;13021;13876;14206;13751;13494;13502;13350;12974;13172;13187;12935;12715
45;10616;10850;10958;11489;11579;12003;12304;13076;13914;14260;13773;13532;13556;13371;13020;13240;13241;12928
46;10817;10619;10851;10942;11512;11569;12000;12286;13136;13959;14281;13775;13525;13595;13480;13042;13224;13273
47;10709;10842;10630;10857;10967;11515;11572;12010;12284;13121;13950;14340;13812;13542;13683;13541;13056;13222
48;10554;10719;10845;10644;10848;10975;11549;11584;11996;12298;13121;13961;14351;13873;13576;13743;13578;13058
49;10617;10534;10717;10830;10641;10863;10960;11573;11549;11966;12308;13124;13934;14375;13921;13624;13739;13552
50;10673;10617;10487;10691;10816;10658;10886;10977;11552;11520;11971;12300;13096;13962;14421;13981;13631;13718
51;11187;10677;10615;10509;10666;10827;10658;10857;10965;11517;11500;11984;12281;13100;13984;14406;13961;13616
52;11414;11188;10677;10601;10481;10636;10804;10643;10840;10935;11521;11511;11969;12287;13104;13966;14391;13928
53;11803;11421;11167;10637;10588;10485;10635;10783;10632;10828;10914;11502;11487;11957;12326;13118;13933;14363
54;11480;11777;11393;11140;10615;10562;10480;10640;10754;10606;10806;10889;11496;11472;11976;12324;13115;13893
55;12325;11471;11742;11372;11104;10620;10531;10436;10614;10740;10601;10764;10849;11457;11503;11950;12263;13080
56;9168;12296;11453;11701;11342;11080;10580;10501;10424;10561;10693;10580;10724;10805;11467;11479;11926;12245
57;9508;9151;12262;11428;11656;11303;11047;10557;10460;10422;10528;10657;10533;10713;10803;11434;11463;11868
58;9604;9481;9134;12194;11389;11627;11272;10979;10505;10418;10387;10500;10583;10477;10668;10785;11404;11429
59;9900;9566;9424;9086;12147;11347;11557;11221;10917;10472;10389;10341;10465;10529;10448;10633;10745;11358
60;10416;9856;9514;9400;9028;12129;11286;11523;11142;10866;10410;10350;10280;10436;10471;10398;10577;10683
61;11218;10355;9803;9464;9375;8964;12084;11238;11483;11107;10823;10326;10283;10242;10362;10425;10345;10524
62;11330;11140;10280;9753;9384;9357;8890;11998;11193;11457;11032;10739;10237;10233;10152;10298;10364;10311
63;10759;11245;11056;10255;9693;9325;9282;8826;11928;11129;11402;10946;10640;10177;10182;10077;10250;10282
64;9836;10697;11163;10986;10152;9655;9258;9224;8757;11873;11041;11331;10843;10567;10118;10111;10017;10176
65;9186;9765;10628;11086;10886;10053;9581;9191;9156;8723;11785;10950;11222;10783;10470;10040;10022;9930
66;9277;9071;9687;10518;10998;10788;9958;9518;9127;9075;8644;11674;10827;11113;10706;10384;9969;9947
67;8976;9154;8975;9618;10407;10918;10705;9883;9423;9045;8995;8568;11537;10720;11002;10623;10281;9870
68;8440;8853;9061;8871;9545;10314;10801;10579;9760;9349;8961;8914;8509;11431;10612;10890;10523;10152
69;8477;8342;8741;8933;8770;9450;10211;10673;10451;9675;9230;8848;8805;8430;11278;10503;10745;10406
70;8267;8401;8241;8630;8825;8642;9335;10101;10543;10319;9581;9116;8725;8724;8332;11120;10386;10620
71;8179;8169;8279;8125;8520;8716;8505;9225;9971;10388;10199;9462;8978;8616;8604;8217;10971;10240
72;7500;8033;8009;8142;8026;8382;8581;8385;9104;9851;10263;10046;9317;8838;8491;8476;8095;10821
73;7312;7347;7880;7853;7996;7879;8229;8436;8238;8977;9695;10093;9855;9173;8696;8357;8340;7983
74;7011;7125;7153;7724;7686;7834;7701;8071;8280;8094;8832;9519;9891;9697;9034;8582;8212;8175
75;6792;6852;6904;6983;7518;7503;7621;7500;7886;8103;7934;8645;9344;9679;9459;8879;8422;8053
76;6341;6594;6632;6778;6785;7345;7286;7461;7324;7728;7920;7761;8439;9131;9442;9282;8680;8250
77;6138;6141;6387;6445;6565;6593;7124;7091;7229;7131;7552;7720;7553;8239;8888;9229;9048;8482
78;5645;5943;5921;6210;6258;6378;6364;6883;6876;7032;6930;7282;7518;7355;7972;8649;8967;8794
79;5223;5432;5736;5721;6025;6034;6140;6102;6641;6650;6808;6692;7064;7325;7129;7718;8393;8676
80;5057;5007;5185;5501;5449;5792;5785;5903;5849;6421;6411;6561;6479;6824;7037;6878;7424;8077
81;4906;4825;4752;4911;5258;5208;5532;5537;5652;5587;6120;6114;6263;6237;6546;6763;6605;7165
82;2802;4604;4574;4542;4593;4994;4948;5224;5274;5346;5330;5853;5815;5969;5963;6270;6444;6305
83;1959;2653;4268;4326;4298;4351;4665;4614;4908;4919;5050;5064;5561;5510;5632;5642;5952;6127
84;1963;1834;2454;3986;4030;4020;4075;4318;4284;4577;4560;4741;4764;5242;5189;5302;5297;5624
85;2257;1819;1670;2273;3633;3723;3753;3753;4034;3976;4262;4214;4419;4504;4862;4857;4910;4923
86;2711;2082;1642;1506;2065;3293;3442;3415;3484;3682;3667;3917;3909;4077;4131;4494;4497;4558
87;2538;2420;1803;1485;1355;1853;2968;3072;3114;3193;3363;3300;3574;3590;3667;3785;4102;4105
88;2267;2209;2055;1612;1281;1217;1640;2621;2719;2730;2880;2994;2938;3238;3219;3319;3413;3706
89;1945;1955;1866;1781;1417;1142;1071;1454;2333;2382;2409;2546;2626;2620;2862;2867;2913;2962
90;1604;1646;1621;1618;1529;1247;975;932;1254;2040;2057;2094;2195;2264;2280;2491;2537;2542
91;1288;1318;1353;1356;1333;1308;1047;829;789;1063;1756;1750;1798;1885;1905;1962;2115;2182
92;976;1075;1043;1087;1096;1124;1125;869;699;659;909;1479;1470;1523;1554;1626;1648;1762
93;748;782;850;865;869;877;934;910;704;577;535;740;1198;1200;1210;1277;1313;1376
94;523;567;602;665;668;691;692;731;747;559;463;434;618;1004;951;977;974;1027
95;361;383;414;467;507;516;547;514;596;619;455;362;329;495;762;755;759;758
96;257;273;295;307;332;398;393;410;404;454;510;349;277;262;383;574;555;577
97;155;186;184;224;229;237;287;286;285;310;372;362;248;206;192;274;433;409
98;112;106;113;131;147;155;169;214;217;204;236;255;263;184;143;142;189;296
99;83;83;67;73;81;105;98;112;140;159;151;156;185;186;128;108;95;139
100 e oltre;102;118;132;143;125;135;164;164;193;200;250;251;254;284;292;258;242;218
Totale;789579;792008;793045;795672;797022;800550;802438;804679;806164;808001;808913;809684;810064;810624;812225;812875;812188;811286
Età/Anno;2002;2003;2004;2005;2006;2007;2008;2009;2010;2011;2012;2013;2014;2015;2016;2017;2018;2019
Età;Maschi
0;3534;3544;3507;3638;3587;3624;3784;3686;3741;3598;3518;3342;3333;3271;3200;3017;2897;2858
1;3522;3565;3559;3535;3654;3608;3652;3813;3685;3761;3599;3523;3363;3342;3302;3256;3038;2912
2;3483;3564;3569;3597;3540;3677;3629;3698;3851;3713;3758;3598;3563;3389;3399;3358;3319;3075
3;3422;3514;3679;3591;3619;3570;3708;3634;3703;3855;3703;3780;3617;3600;3473;3432;3384;3312
4;3520;3437;3550;3702;3602;3659;3571;3735;3638;3731;3852;3705;3802;3629;3666;3496;3461;3389
5;3542;3558;3467;3570;3719;3624;3682;3575;3736;3641;3727;3877;3728;3842;3686;3710;3536;3480
6;3417;3560;3572;3489;3595;3726;3629;3691;3589;3755;3655;3721;3920;3761;3901;3755;3755;3556
7;3335;3441;3587;3613;3520;3583;3743;3636;3699;3607;3763;3676;3752;3948;3820;3982;3769;3784
8;3500;3379;3458;3603;3626;3558;3594;3729;3645;3701;3606;3788;3716;3793;4000;3881;4011;3794
9;3662;3504;3408;3485;3634;3655;3588;3607;3726;3646;3702;3618;3805;3750;3853;4055;3929;4039
10;3760;3682;3525;3447;3485;3659;3672;3602;3632;3739;3657;3715;3649;3829;3823;3903;4102;3949
11;3675;3777;3680;3542;3469;3487;3683;3705;3622;3663;3751;3673;3722;3673;3891;3863;3924;4117
12;3486;3681;3781;3685;3552;3475;3487;3708;3716;3634;3672;3766;3690;3746;3731;3922;3889;3936
13;3708;3491;3701;3772;3696;3580;3474;3488;3722;3726;3642;3692;3786;3730;3801;3756;3937;3915
14;3534;3719;3510;3709;3783;3712;3583;3490;3519;3723;3715;3649;3705;3801;3770;3828;3760;3944
15;3505;3556;3729;3500;3699;3806;3719;3608;3510;3526;3722;3734;3658;3703;3847;3801;3831;3766
16;3758;3506;3558;3729;3498;3702;3794;3718;3635;3525;3525;3720;3731;3670;3743;3867;3808;3841
17;3717;3751;3498;3553;3723;3509;3696;3787;3727;3649;3529;3536;3714;3728;3698;3769;3888;3814
18;3946;3721;3752;3505;3565;3732;3527;3701;3788;3747;3675;3571;3597;3775;3805;3751;3838;3942
19;3971;3949;3720;3776;3508;3612;3768;3546;3717;3810;3777;3720;3601;3606;3805;3841;3769;3878
20;4075;3968;3949;3730;3774;3534;3650;3770;3560;3727;3819;3798;3709;3584;3612;3803;3836;3762
21;4058;4082;3990;3985;3739;3798;3549;3688;3769;3576;3743;3835;3806;3691;3602;3627;3818;3859
22;4284;4109;4084;3998;3963;3784;3836;3574;3696;3792;3592;3758;3843;3822;3694;3611;3637;3845
23;4737;4326;4150;4103;4008;4015;3806;3861;3578;3715;3838;3621;3765;3865;3874;3739;3618;3658
24;5061;4757;4388;4200;4127;4057;4031;3838;3880;3604;3755;3859;3644;3790;3896;3876;3755;3670
25;5422;5125;4818;4447;4229;4200;4104;4070;3864;3914;3636;3803;3888;3650;3802;3894;3885;3806
26;5954;5469;5187;4863;4486;4293;4239;4127;4097;3929;3955;3700;3833;3901;3690;3840;3909;3900
27;6124;5989;5526;5275;4900;4523;4326;4245;4157;4136;3964;3996;3749;3831;3952;3723;3841;3973
28;6200;6182;6028;5559;5338;4943;4543;4340;4277;4225;4196;4010;4028;3774;3872;3998;3778;3875
29;6299;6254;6193;6046;5581;5375;4955;4597;4379;4296;4231;4251;4054;4062;3802;3890;4037;3813
30;6366;6347;6295;6218;6086;5647;5430;4984;4602;4441;4333;4275;4282;4086;4061;3812;3915;4100
31;6415;6412;6368;6356;6243;6110;5713;5470;4992;4640;4468;4392;4310;4257;4117;4071;3827;3980
32;6465;6430;6442;6382;6391;6332;6092;5746;5457;4994;4664;4470;4399;4334;4264;4134;4091;3867
33;6614;6482;6443;6459;6399;6403;6341;6104;5751;5485;5004;4716;4495;4419;4391;4291;4216;4125
34;6651;6625;6430;6436;6436;6417;6396;6353;6133;5703;5417;5035;4735;4522;4453;4419;4328;4218
35;6748;6649;6607;6458;6454;6480;6437;6432;6365;6160;5691;5453;5040;4741;4512;4440;4428;4359
36;7040;6782;6661;6669;6462;6556;6516;6493;6451;6381;6204;5730;5442;5040;4769;4535;4450;4434
37;6944;7059;6796;6702;6674;6507;6535;6574;6572;6463;6431;6211;5760;5467;5082;4770;4538;4490
38;6514;6950;7073;6801;6695;6722;6545;6560;6554;6566;6424;6429;6215;5758;5499;5158;4792;4583
39;6105;6539;6944;7072;6816;6699;6747;6556;6546;6609;6565;6446;6430;6214;5773;5545;5210;4837
40;5913;6088;6508;6954;7078;6831;6716;6779;6550;6569;6600;6577;6487;6430;6268;5804;5586;5237
41;5830;5896;6085;6481;6957;7072;6836;6715;6777;6588;6561;6631;6575;6491;6465;6323;5861;5578
42;5585;5862;5896;6109;6511;6993;7079;6845;6765;6836;6641;6604;6651;6613;6540;6501;6362;5910
43;5423;5627;5880;5924;6170;6562;7016;7088;6865;6809;6901;6650;6588;6695;6652;6574;6541;6382
44;5464;5452;5645;5883;5917;6207;6578;7046;7115;6911;6876;6939;6672;6599;6724;6671;6604;6549
45;5273;5483;5463;5632;5881;5925;6172;6604;7061;7147;6925;6893;6964;6689;6645;6762;6701;6609
46;5324;5271;5489;5452;5648;5869;5920;6148;6639;7079;7159;6932;6898;6980;6738;6666;6756;6715
47;5221;5331;5269;5495;5457;5649;5881;5930;6143;6636;7065;7202;6971;6906;7043;6782;6665;6753
48;5240;5217;5328;5277;5483;5457;5667;5883;5921;6152;6642;7073;7202;7010;6918;7086;6784;6653
49;5240;5232;5204;5312;5270;5497;5453;5670;5864;5922;6152;6642;7059;7237;7043;6950;7072;6777
50;5243;5238;5197;5190;5307;5285;5491;5453;5645;5846;5923;6157;6612;7076;7264;7077;6941;7053
51;5539;5253;5239;5204;5181;5320;5281;5466;5437;5621;5828;5939;6143;6620;7090;7240;7055;6942
52;5531;5544;5252;5230;5171;5155;5293;5264;5457;5411;5623;5838;5930;6153;6627;7070;7220;7031
53;5815;5517;5541;5237;5217;5174;5162;5271;5258;5432;5396;5594;5824;5934;6168;6634;7045;7204
54;5613;5805;5496;5526;5215;5203;5164;5174;5244;5236;5411;5378;5596;5818;5942;6165;6629;7011
55;6022;5602;5785;5479;5504;5223;5174;5140;5158;5239;5234;5390;5357;5572;5835;5925;6135;6603
56;4484;6004;5592;5754;5456;5468;5210;5148;5131;5126;5220;5222;5369;5346;5582;5814;5896;6135
57;4634;4471;5984;5569;5723;5428;5450;5185;5121;5132;5121;5200;5183;5366;5341;5554;5802;5858
58;4726;4627;4467;5938;5556;5698;5409;5414;5150;5087;5108;5107;5169;5165;5334;5317;5535;5782
59;4759;4687;4582;4427;5914;5518;5642;5390;5381;5133;5061;5070;5091;5148;5145;5308;5293;5498
60;5115;4737;4649;4544;4396;5886;5468;5625;5330;5337;5082;5044;5027;5064;5113;5112;5267;5253
61;5428;5081;4712;4618;4526;4351;5843;5426;5582;5296;5303;5027;5001;4998;5024;5088;5080;5227
62;5447;5387;5025;4679;4575;4500;4303;5791;5391;5561;5246;5247;4972;4962;4959;4994;5049;5054
63;5173;5378;5323;5001;4635;4531;4459;4267;5745;5354;5528;5188;5187;4928;4932;4907;4960;4992
64;4614;5136;5317;5282;4931;4600;4475;4408;4220;5710;5307;5479;5127;5143;4879;4881;4869;4916
65;4345;4559;5090;5264;5213;4878;4562;4427;4363;4190;5650;5239;5406;5099;5088;4822;4838;4816
66;4378;4271;4508;5021;5197;5151;4811;4510;4379;4309;4128;5568;5159;5323;5060;5030;4787;4796
67;4142;4286;4204;4450;4948;5128;5095;4748;4439;4329;4256;4084;5486;5093;5248;5021;4954;4738
68;3903;4059;4209;4126;4397;4878;5068;5014;4668;4368;4273;4194;4041;5406;5024;5171;4963;4861
69;3799;3829;3968;4136;4057;4315;4799;4985;4939;4603;4289;4197;4128;3994;5302;4936;5073;4886
70;3710;3756;3753;3889;4063;3975;4233;4733;4907;4847;4537;4194;4129;4072;3932;5196;4865;4993
71;3614;3656;3682;3667;3800;3992;3880;4143;4648;4808;4749;4451;4129;4066;3999;3871;5112;4763
72;3255;3513;3546;3590;3597;3713;3890;3805;4073;4559;4724;4669;4355;4047;3991;3927;3801;5025
73;3061;3163;3421;3442;3492;3496;3620;3794;3715;4000;4467;4629;4549;4255;3971;3909;3850;3730
74;2905;2940;3035;3324;3331;3386;3378;3525;3699;3634;3921;4367;4502;4453;4170;3900;3824;3748
75;2738;2810;2810;2925;3205;3205;3247;3266;3415;3599;3536;3808;4260;4380;4303;4058;3791;3714
76;2446;2622;2695;2737;2813;3085;3065;3153;3151;3324;3476;3432;3688;4130;4234;4186;3931;3692
77;2321;2354;2513;2582;2628;2668;2969;2964;3014;3043;3211;3366;3309;3568;3998;4094;4045;3811
78;2020;2202;2237;2406;2476;2515;2526;2827;2850;2894;2923;3052;3229;3198;3421;3860;3956;3882
79;1883;1905;2099;2147;2308;2368;2389;2358;2683;2722;2765;2787;2905;3108;3056;3266;3704;3807
80;1707;1769;1784;1977;2015;2165;2222;2257;2225;2570;2600;2621;2655;2768;2939;2901;3109;3524
81;1623;1573;1619;1640;1847;1894;2034;2085;2125;2076;2397;2442;2467;2522;2620;2785;2759;2956
82;885;1444;1449;1527;1480;1701;1775;1882;1955;1966;1936;2245;2273;2321;2397;2477;2630;2614
83;622;818;1246;1341;1409;1349;1537;1585;1686;1761;1816;1805;2092;2123;2142;2226;2305;2466
84;552;567;728;1132;1207;1268;1260;1370;1418;1528;1563;1674;1658;1938;1968;1983;2062;2157
85;686;505;501;657;1006;1090;1141;1123;1253;1288;1393;1390;1528;1529;1763;1803;1786;1882
86;776;622;437;443;583;891;986;1001;1029;1142;1166;1257;1261;1368;1342;1600;1635;1621
87;692;667;510;373;385;499;779;873;888;918;1009;1010;1119;1136;1178;1183;1419;1449
88;591;594;556;434;303;324;417;661;758;753;810;877;869;984;988;1044;1047;1246
89;505;492;493;449;368;255;279;354;564;657;657;692;724;759;830;848;897;885
90;383;409;394;390;364;310;213;222;300;466;550;566;567;599;643;682;730;746
91;277;290;327;310;297;293;234;160;173;235;387;461;479;462;475;529;559;626
92;202;218;209;259;235;240;235;188;129;137;186;324;365;392;363;381;417;450
93;125;152;155;165;198;183;183;167;151;105;99;139;242;294;300;287;297;340
94;79;91;106;110;123;154;147;137;135;105;81;78;113;195;231;232;219;220
95;46;52;59;72;78;88;114;105;107;113;83;55;53;84;146;172;186;165
96;41;36;32;40;48;57;64;81;88;76;93;61;42;40;61;113;125;138
97;16;28;24;22;31;32;33;38;56;60;62;53;38;28;26;40;82;87
98;17;10;10;17;14;15;22;26;30;40;48;40;41;25;24;16;30;46
99;5;14;4;4;5;11;10;10;13;18;30;24;27;24;13;16;11;17
100 e oltre;12;11;14;9;8;10;17;17;18;18;24;34;38;42;46;35;33;23
Totale;381091;382648;383537;385074;386083;387937;389150;390263;391275;392537;393286;394100;394460;395162;396494;397224;397294;397097
Età/Anno;2002;2003;2004;2005;2006;2007;2008;2009;2010;2011;2012;2013;2014;2015;2016;2017;2018;2019
Età;Femmine
0;3247;3323;3432;3483;3422;3523;3322;3500;3428;3417;3271;3211;3204;3036;2959;2846;2748;2695
1;3287;3276;3353;3473;3497;3458;3559;3354;3504;3473;3424;3311;3229;3253;3091;2962;2884;2793
2;3382;3300;3313;3371;3490;3544;3466;3589;3384;3504;3491;3415;3329;3272;3305;3144;2999;2944
3;3371;3416;3355;3325;3389;3492;3541;3473;3598;3390;3506;3492;3419;3357;3334;3320;3185;3051
4;3241;3393;3430;3394;3348;3420;3506;3561;3479;3609;3384;3490;3534;3421;3413;3385;3349;3198
5;3222;3271;3403;3443;3422;3378;3446;3535;3569;3496;3607;3384;3511;3551;3492;3465;3423;3375
6;3282;3246;3297;3437;3457;3440;3390;3454;3540;3575;3506;3628;3400;3529;3621;3538;3490;3439
7;3330;3300;3249;3325;3464;3484;3457;3396;3466;3536;3573;3502;3648;3435;3586;3667;3570;3499
8;3324;3343;3302;3264;3327;3489;3501;3481;3411;3470;3543;3575;3543;3677;3500;3638;3698;3594
9;3438;3370;3341;3322;3282;3350;3500;3516;3499;3426;3472;3549;3600;3568;3742;3535;3675;3709
10;3459;3452;3399;3362;3325;3293;3369;3508;3527;3502;3434;3491;3578;3641;3628;3783;3564;3687
11;3586;3468;3463;3406;3384;3349;3309;3383;3518;3535;3498;3454;3517;3624;3722;3670;3819;3571
12;3469;3584;3464;3479;3424;3381;3362;3325;3392;3527;3536;3500;3488;3558;3669;3745;3685;3836
13;3371;3480;3585;3470;3497;3444;3402;3392;3334;3401;3531;3547;3514;3516;3600;3684;3764;3686
14;3284;3384;3488;3582;3483;3517;3459;3421;3386;3331;3410;3534;3569;3532;3571;3619;3694;3758
15;3360;3302;3398;3507;3590;3472;3534;3464;3428;3387;3335;3420;3548;3589;3579;3601;3633;3687
16;3623;3374;3295;3417;3505;3586;3470;3553;3479;3428;3395;3338;3436;3554;3609;3600;3597;3639
17;3475;3625;3359;3289;3424;3505;3597;3473;3557;3489;3431;3397;3345;3453;3576;3630;3600;3603
18;3706;3469;3631;3354;3290;3446;3518;3619;3475;3574;3512;3459;3441;3396;3510;3632;3680;3671
19;3781;3701;3490;3648;3342;3316;3462;3543;3640;3497;3589;3525;3494;3458;3419;3535;3680;3704
20;3798;3783;3707;3506;3656;3355;3317;3463;3546;3645;3492;3581;3531;3470;3461;3417;3515;3673
21;3972;3805;3778;3753;3530;3670;3353;3349;3458;3535;3642;3506;3589;3519;3468;3454;3419;3528
22;4156;4022;3813;3803;3754;3557;3689;3364;3357;3486;3529;3661;3524;3607;3527;3480;3466;3432
23;4497;4180;4021;3832;3824;3769;3571;3720;3376;3368;3505;3545;3696;3554;3641;3534;3499;3496
24;4822;4521;4218;4048;3867;3865;3787;3611;3731;3411;3379;3516;3563;3722;3582;3638;3563;3521
25;5049;4858;4529;4235;4063;3923;3922;3821;3631;3752;3406;3394;3535;3575;3736;3596;3643;3558
26;5586;5067;4909;4600;4274;4121;3931;3966;3855;3657;3762;3426;3426;3572;3571;3730;3618;3662
27;5644;5587;5101;4925;4623;4353;4159;3971;3986;3884;3670;3809;3465;3451;3593;3611;3746;3665
28;5869;5696;5596;5121;4962;4673;4356;4199;4009;4029;3932;3711;3857;3462;3472;3631;3616;3784
29;6080;5900;5664;5632;5131;5014;4738;4463;4212;4044;4062;3983;3732;3871;3473;3488;3695;3676
30;6003;6066;5896;5724;5632;5192;5076;4858;4473;4246;4071;4122;4004;3748;3895;3505;3493;3748
31;6040;6017;6062;5867;5652;5659;5228;5123;4870;4507;4246;4117;4133;4000;3793;3925;3529;3557
32;6406;6072;6029;6078;5836;5686;5663;5249;5124;4873;4485;4295;4140;4151;4012;3790;3975;3604
33;6267;6401;6120;6045;6087;5892;5689;5706;5303;5145;4909;4493;4326;4172;4208;4047;3836;4025
34;6450;6354;6469;6182;6135;6158;5949;5766;5785;5427;5233;4959;4517;4314;4197;4216;4101;3898
35;6704;6516;6406;6529;6233;6230;6263;6047;5865;5892;5521;5276;4994;4547;4371;4223;4236;4146
36;6904;6800;6537;6474;6549;6312;6291;6339;6114;5946;5961;5540;5313;4999;4599;4416;4251;4323
37;6664;6953;6795;6538;6476;6584;6340;6317;6398;6157;6001;5978;5565;5346;5002;4639;4461;4291
38;6383;6731;6950;6787;6580;6490;6602;6360;6333;6412;6162;6067;6009;5574;5380;5014;4700;4504
39;6072;6424;6729;6963;6815;6592;6488;6626;6368;6342;6418;6208;6103;6023;5609;5411;5038;4747
40;6069;6075;6426;6773;6994;6843;6609;6517;6600;6363;6353;6433;6224;6105;6060;5611;5450;5066
41;5682;6055;6083;6433;6784;7034;6841;6603;6540;6620;6338;6397;6446;6237;6139;6093;5620;5461
42;5793;5688;6059;6096;6434;6812;7058;6840;6601;6559;6626;6356;6396;6446;6299;6136;6114;5633
43;5478;5834;5700;6056;6115;6425;6819;7106;6838;6623;6561;6655;6388;6414;6495;6318;6134;6128
44;5353;5497;5857;5695;6058;6121;6443;6830;7091;6840;6618;6563;6678;6375;6448;6516;6331;6166
45;5343;5367;5495;5857;5698;6078;6132;6472;6853;7113;6848;6639;6592;6682;6375;6478;6540;6319
46;5493;5348;5362;5490;5864;5700;6080;6138;6497;6880;7122;6843;6627;6615;6742;6376;6468;6558
47;5488;5511;5361;5362;5510;5866;5691;6080;6141;6485;6885;7138;6841;6636;6640;6759;6391;6469
48;5314;5502;5517;5367;5365;5518;5882;5701;6075;6146;6479;6888;7149;6863;6658;6657;6794;6405
49;5377;5302;5513;5518;5371;5366;5507;5903;5685;6044;6156;6482;6875;7138;6878;6674;6667;6775
50;5430;5379;5290;5501;5509;5373;5395;5524;5907;5674;6048;6143;6484;6886;7157;6904;6690;6665
51;5648;5424;5376;5305;5485;5507;5377;5391;5528;5896;5672;6045;6138;6480;6894;7166;6906;6674
52;5883;5644;5425;5371;5310;5481;5511;5379;5383;5524;5898;5673;6039;6134;6477;6896;7171;6897
53;5988;5904;5626;5400;5371;5311;5473;5512;5374;5396;5518;5908;5663;6023;6158;6484;6888;7159
54;5867;5972;5897;5614;5400;5359;5316;5466;5510;5370;5395;5511;5900;5654;6034;6159;6486;6882
55;6303;5869;5957;5893;5600;5397;5357;5296;5456;5501;5367;5374;5492;5885;5668;6025;6128;6477
56;4684;6292;5861;5947;5886;5612;5370;5353;5293;5435;5473;5358;5355;5459;5885;5665;6030;6110
57;4874;4680;6278;5859;5933;5875;5597;5372;5339;5290;5407;5457;5350;5347;5462;5880;5661;6010
58;4878;4854;4667;6256;5833;5929;5863;5565;5355;5331;5279;5393;5414;5312;5334;5468;5869;5647
59;5141;4879;4842;4659;6233;5829;5915;5831;5536;5339;5328;5271;5374;5381;5303;5325;5452;5860
60;5301;5119;4865;4856;4632;6243;5818;5898;5812;5529;5328;5306;5253;5372;5358;5286;5310;5430
61;5790;5274;5091;4846;4849;4613;6241;5812;5901;5811;5520;5299;5282;5244;5338;5337;5265;5297
62;5883;5753;5255;5074;4809;4857;4587;6207;5802;5896;5786;5492;5265;5271;5193;5304;5315;5257
63;5586;5867;5733;5254;5058;4794;4823;4559;6183;5775;5874;5758;5453;5249;5250;5170;5290;5290
64;5222;5561;5846;5704;5221;5055;4783;4816;4537;6163;5734;5852;5716;5424;5239;5230;5148;5260
65;4841;5206;5538;5822;5673;5175;5019;4764;4793;4533;6135;5711;5816;5684;5382;5218;5184;5114
66;4899;4800;5179;5497;5801;5637;5147;5008;4748;4766;4516;6106;5668;5790;5646;5354;5182;5151
67;4834;4868;4771;5168;5459;5790;5610;5135;4984;4716;4739;4484;6051;5627;5754;5602;5327;5132
68;4537;4794;4852;4745;5148;5436;5733;5565;5092;4981;4688;4720;4468;6025;5588;5719;5560;5291
69;4678;4513;4773;4797;4713;5135;5412;5688;5512;5072;4941;4651;4677;4436;5976;5567;5672;5520
70;4557;4645;4488;4741;4762;4667;5102;5368;5636;5472;5044;4922;4596;4652;4400;5924;5521;5627
71;4565;4513;4597;4458;4720;4724;4625;5082;5323;5580;5450;5011;4849;4550;4605;4346;5859;5477
72;4245;4520;4463;4552;4429;4669;4691;4580;5031;5292;5539;5377;4962;4791;4500;4549;4294;5796
73;4251;4184;4459;4411;4504;4383;4609;4642;4523;4977;5228;5464;5306;4918;4725;4448;4490;4253
74;4106;4185;4118;4400;4355;4448;4323;4546;4581;4460;4911;5152;5389;5244;4864;4682;4388;4427
75;4054;4042;4094;4058;4313;4298;4374;4234;4471;4504;4398;4837;5084;5299;5156;4821;4631;4339
76;3895;3972;3937;4041;3972;4260;4221;4308;4173;4404;4444;4329;4751;5001;5208;5096;4749;4558
77;3817;3787;3874;3863;3937;3925;4155;4127;4215;4088;4341;4354;4244;4671;4890;5135;5003;4671
78;3625;3741;3684;3804;3782;3863;3838;4056;4026;4138;4007;4230;4289;4157;4551;4789;5011;4912
79;3340;3527;3637;3574;3717;3666;3751;3744;3958;3928;4043;3905;4159;4217;4073;4452;4689;4869
80;3350;3238;3401;3524;3434;3627;3563;3646;3624;3851;3811;3940;3824;4056;4098;3977;4315;4553
81;3283;3252;3133;3271;3411;3314;3498;3452;3527;3511;3723;3672;3796;3715;3926;3978;3846;4209
82;1917;3160;3125;3015;3113;3293;3173;3342;3319;3380;3394;3608;3542;3648;3566;3793;3814;3691
83;1337;1835;3022;2985;2889;3002;3128;3029;3222;3158;3234;3259;3469;3387;3490;3416;3647;3661
84;1411;1267;1726;2854;2823;2752;2815;2948;2866;3049;2997;3067;3106;3304;3221;3319;3235;3467
85;1571;1314;1169;1616;2627;2633;2612;2630;2781;2688;2869;2824;2891;2975;3099;3054;3124;3041
86;1935;1460;1205;1063;1482;2402;2456;2414;2455;2540;2501;2660;2648;2709;2789;2894;2862;2937
87;1846;1753;1293;1112;970;1354;2189;2199;2226;2275;2354;2290;2455;2454;2489;2602;2683;2656
88;1676;1615;1499;1178;978;893;1223;1960;1961;1977;2070;2117;2069;2254;2231;2275;2366;2460
89;1440;1463;1373;1332;1049;887;792;1100;1769;1725;1752;1854;1902;1861;2032;2019;2016;2077
90;1221;1237;1227;1228;1165;937;762;710;954;1574;1507;1528;1628;1665;1637;1809;1807;1796
91;1011;1028;1026;1046;1036;1015;813;669;616;828;1369;1289;1319;1423;1430;1433;1556;1556
92;774;857;834;828;861;884;890;681;570;522;723;1155;1105;1131;1191;1245;1231;1312
93;623;630;695;700;671;694;751;743;553;472;436;601;956;906;910;990;1016;1036
94;444;476;496;555;545;537;545;594;612;454;382;356;505;809;720;745;755;807
95;315;331;355;395;429;428;433;409;489;506;372;307;276;411;616;583;573;593
96;216;237;263;267;284;341;329;329;316;378;417;288;235;222;322;461;430;439
97;139;158;160;202;198;205;254;248;229;250;310;309;210;178;166;234;351;322
98;95;96;103;114;133;140;147;188;187;164;188;215;222;159;119;126;159;250
99;78;69;63;69;76;94;88;102;127;141;121;132;158;162;115;92;84;122
100 e oltre;90;107;118;134;117;125;147;147;175;182;226;217;216;242;246;223;209;195
Totale;408488;409360;409508;410598;410939;412613;413288;414416;414889;415464;415627;415584;415604;415462;415731;415651;414894;414189

"Ricostruzione della popolazione intercensuaria - Popolazione al 1° gennaio per età"
"Cittadinanza straniera - Provincia: Varese"
Età/Anno;2002;2003;2004;2005;2006;2007;2008;2009;2010;2011;2012;2013;2014;2015;2016;2017;2018;2019
Età;Totale
0;442;550;589;859;918;1114;1133;1235;1293;1303;1361;1369;1393;1220;1232;1047;1018;926
1;458;470;591;630;870;969;1139;1134;1252;1314;1300;1417;1380;1358;1170;1150;1002;977
2;442;495;530;634;652;898;1006;1167;1141;1253;1310;1365;1406;1368;1267;1095;1094;985
3;366;481;522;580;672;713;940;1019;1188;1157;1254;1382;1362;1374;1242;1170;1050;1070
4;329;395;518;593;636;719;749;968;1043;1201;1163;1300;1384;1325;1243;1141;1106;1015
5;314;375;432;569;651;709;760;784;988;1051;1240;1210;1277;1343;1218;1138;1092;1096
6;308;342;419;495;597;695;763;795;821;974;1080;1269;1205;1205;1208;1095;1085;1078
7;293;329;396;481;525;648;746;817;813;847;981;1089;1218;1137;1092;1100;1018;1070
8;276;341;383;456;521;576;702;783;848;839;881;1003;1045;1139;1031;974;1036;968
9;283;308;384;429;510;579;615;743;811;847;864;886;970;977;1011;926;908;1020
10;252;319;342;454;493;578;632;650;755;835;887;878;849;936;862;909;852;888
11;249;285;370;424;502;534;598;668;667;782;873;892;855;796;832;793;854;833
12;277;277;330;443;472;543;546;646;682;699;816;915;867;783;704;779;744;860
13;243;301;327;403;493;521;593;588;656;699;745;843;892;814;676;640;769;763
14;227;255;333;378;444;531;551;642;599;686;738;778;836;861;717;622;635;770
15;221;244;275;395;410;503;556;593;677;630;727;755;786;822;798;657;610;654
16;225;252;283;358;463;478;537;601;618;728;681;766;773;763;774;745;656;623
17;229;239;301;385;433;529;546;607;657;663;771;711;780;769;721;739;746;682
18;250;253;286;387;483;542;613;630;660;696;695;770;672;695;685;660;695;656
19;249;268;330;382;446;572;650;711;694;723;759;741;783;676;713;729;750;677
20;240;274;367;438;426;525;691;792;758;810;792;864;807;827;705;815;873;836
21;278;275;395;497;498;505;664;833;852;868;893;867;913;848;845;769;920;923
22;330;307;441;559;560;589;673;833;888;966;956;979;915;959;866;915;838;967
23;355;385;499;605;651;644;770;850;931;1042;1087;1072;1052;915;939;921;968;877
24;386;437;633;690;680;727;834;951;958;1089;1139;1172;1153;1105;943;995;988;1044
25;460;476;731;865;776;752;914;972;1081;1122;1198;1249;1235;1219;1129;978;1073;1028
26;486;558;794;983;965;907;986;1095;1106;1261;1243;1324;1360;1293;1224;1191;1046;1121
27;573;606;858;1059;1074;1079;1117;1148;1194;1307;1391;1381;1408;1387;1337;1298;1251;1071
28;562;702;974;1178;1275;1253;1323;1339;1282;1443;1475;1490;1448;1467;1427;1388;1338;1286
29;666;679;1069;1300;1341;1398;1453;1496;1477;1432;1581;1558;1567;1475;1501;1460;1435;1369
30;687;827;1082;1416;1476;1505;1614;1690;1636;1670;1576;1673;1618;1586;1508;1531;1490;1466
31;684;793;1145;1337;1539;1596;1672;1789;1782;1767;1719;1665;1750;1664;1558;1525;1598;1533
32;717;763;1043;1362;1418;1621;1712;1753;1809;1842;1774;1810;1772;1791;1655;1561;1563;1619
33;708;751;961;1214;1408;1414;1678;1756;1721;1794;1784;1836;1859;1736;1702;1649;1555;1557
34;692;768;951;1149;1234;1455;1484;1713;1721;1729;1743;1857;1869;1862;1711;1672;1660;1541
35;711;690;939;1028;1177;1249;1432;1503;1622;1707;1634;1762;1885;1883;1812;1649;1670;1645
36;702;778;885;1090;1086;1210;1316;1445;1452;1610;1657;1705;1795;1894;1824;1750;1621;1658
37;669;747;962;1021;1166;1146;1291;1363;1459;1502;1648;1690;1714;1783;1823;1765;1742;1618
38;634;710;907;1075;1109;1233;1244;1357;1402;1508;1516;1687;1714;1682;1706;1726;1701;1722
39;577;663;854;1037;1111;1151;1357;1317;1378;1444;1532;1538;1705;1669;1633;1646;1684;1718
40;506;598;820;982;1076;1184;1244;1438;1330;1420;1468;1536;1544;1674;1602;1579;1639;1657
41;504;535;700;891;1015;1141;1260;1317;1450;1341;1415;1469;1540;1531;1555;1531;1540;1621
42;389;524;657;771;920;1061;1184;1301;1289;1451;1314;1444;1471;1523;1425;1468;1500;1520
43;376;374;568;709;763;906;1044;1178;1216;1263;1385;1335;1411;1432;1429;1336;1410;1501
44;358;381;445;603;705;817;946;1079;1136;1214;1244;1401;1343;1357;1341;1341;1318;1408
45;320;374;452;509;636;723;848;990;1051;1128;1197;1271;1387;1343;1291;1292;1331;1293
46;287;322;432;507;521;661;789;895;969;1058;1134;1216;1254;1324;1254;1255;1261;1323
47;284;277;382;507;517;557;726;815;892;982;1049;1132;1211;1224;1224;1196;1239;1258
48;235;289;315;439;498;534;614;759;802;921;993;1051;1104;1173;1130;1179;1173;1245
49;221;238;339;347;441;523;580;660;755;815;924;1005;1044;1045;1085;1074;1143;1165
50;209;222;287;384;364;464;549;584;673;791;835;921;1003;978;970;1032;1056;1155
51;181;221;275;314;388;410;498;556;596;734;812;855;911;963;911;925;1043;1077
52;173;182;238;303;324;390;428;513;541;652;738;833;830;873;893;870;909;1035
53;148;164;207;269;300;339;429;433;505;562;673;748;804;821;831;848;869;925
54;131;148;196;227;264;312;361;443;432;527;562;676;757;790;771;816;845;887
55;116;132;179;215;237;256;322;378;455;471;545;589;683;730;762;763;820;857
56;91;131;152;188;231;250;273;334;388;487;483;557;598;689;702;732;756;830
57;108;98;144;162;210;244;256;276;351;409;490;494;575;595;679;695;722;757
58;112;108;114;158;180;213;259;276;281;356;403;490;502;561;576;662;698;725
59;114;114;124;119;165;168;234;274;283;300;374;407;486;492;536;573;659;687
60;112;116;134;130;120;164;168;231;277;282;298;387;412;476;477;524;576;647
61;127;115;120;140;144;123;168;175;232;284;294;309;387;397;456;470;529;563
62;110;129;120;131;142;143;118;184;167;249;287;297;304;381;399;444;459;536
63;109;107;125;116;139;155;147;130;187;164;251;305;300;312;370;404;446;468
64;90;118;112;136;117;146;156;154;130;188;167;257;298;311;291;364;401;449
65;93;92;115;119;135;134;154;155;150;133;194;176;247;306;289;290;373;399
66;79;92;92;113;122;146;135;172;152;143;137;193;192;258;293;295;289;384
67;86;77;96;100;109;130;141;137;178;145;151;135;188;195;244;299;295;287
68;74;88;89;106;107;116;126;138;138;177;150;159;146;185;187;253;303;293
69;82;74;88;90;104;114;118;128;139;143;184;153;155;150;185;182;261;309
70;61;79;78;88;90;102;114;128;139;147;149;182;152;159;146;188;189;264
71;55;62;77;84;88;89;98;117;135;136;148;154;180;159;162;152;190;191
72;59;56;64;81;89;89;94;100;118;130;142;154;151;176;156;160;145;182
73;45;56;56;66;81;81;80;101;98;113;128;138;150;141;173;148;162;138
74;51;41;55;62;66;77;72;81;96;100;114;122;138;149;144;169;145;162
75;29;53;40;61;61;59;75;68;82;95;101;114;125;127;150;148;167;149
76;45;34;51;44;57;55;62;73;65;85;99;103;115;121;120;149;135;167
77;40;41;33;56;50;55;55;58;69;63;85;97;106;115;113;116;150;132
78;37;40;39;25;54;45;52;56;56;65;64;79;92;100;115;112;115;148
79;22;33;37;35;28;50;44;47;55;49;62;62;82;88;95;108;107;111
80;29;20;28;37;36;29;44;45;43;53;48;60;65;82;83;88;108;103
81;23;32;24;29;34;35;28;44;38;39;55;52;60;59;71;76;87;100
82;21;20;32;27;27;28;34;28;42;37;38;53;46;58;57;67;73;82
83;16;20;16;34;25;23;28;31;26;37;37;37;43;45;50;53;60;67
84;8;14;19;13;28;23;20;25;30;20;32;31;36;42;44;49;50;57
85;15;9;12;20;14;26;23;22;21;28;18;29;26;36;39;39;45;47
86;10;16;8;10;17;15;24;20;20;17;25;20;26;27;37;39;37;44
87;11;11;16;9;7;14;15;20;16;19;14;23;18;22;25;31;36;33
88;16;11;6;12;8;6;11;13;17;13;19;12;24;17;19;23;31;34
89;12;12;7;5;10;7;6;12;14;12;11;16;9;23;14;20;19;29
90;8;10;11;4;4;7;4;5;10;11;12;10;15;9;18;14;17;16
91;7;9;9;6;3;5;5;4;4;7;11;8;8;14;7;13;13;14
92;7;10;8;8;4;2;1;4;1;3;5;7;9;6;10;6;11;11
93;3;7;8;8;7;2;3;2;2;1;3;7;7;7;5;9;4;11
94;1;3;5;7;6;4;1;2;2;1;1;3;7;8;7;5;10;4
95;3;1;0;0;6;3;3;1;1;2;1;1;2;6;8;6;4;9
96;0;3;1;0;1;6;1;3;1;1;2;1;1;3;6;7;6;4
97;0;0;2;1;0;1;4;0;3;0;1;2;1;1;3;6;6;5
98;1;1;0;0;2;0;0;5;0;2;0;1;2;1;1;2;6;5
99;0;0;2;0;0;2;0;0;5;0;2;0;0;2;1;1;2;5
100 e oltre;1;1;0;3;2;1;1;0;0;2;1;1;1;0;2;3;4;4
Totale;23511;26113;33292;40258;44060;48375;53877;58994;61726;65918;69043;72898;75056;75298;73083;72012;72731;73799
Età/Anno;2002;2003;2004;2005;2006;2007;2008;2009;2010;2011;2012;2013;2014;2015;2016;2017;2018;2019
Età;Maschi
0;234;292;285;424;494;544;586;679;651;677;684;704;719;641;642;509;509;462
1;222;239;308;315;422;522;563;598;679;672;679;707;727;699;621;584;495;488
2;215;241;277;329;324;444;541;582;592;675;675;714;704;711;654;595;554;493
3;186;231;262;311;349;365;471;553;596;601;673;705;711;688;647;595;574;529
4;172;195;245;293;329;370;394;491;581;602;605;699;703;673;628;602;563;536
5;172;193;215;277;325;376;400;411;502;584;614;620;701;679;620;561;581;552
6;133;185;210;248;290;337;408;408;426;503;598;629;607;656;613;553;538;575
7;148;150;219;240;275;307;363;439;425;433;514;598;614;571;587;549;519;534
8;139;166;180;255;261;302;337;388;455;432;451;520;557;576;509;524;516;491
9;145;158;186;207;283;296;326;349;403;458;443;452;507;523;515;451;482;510
10;144;168;185;231;254;305;321;342;356;421;490;446;436;481;467;462;422;469
11;126;156;199;222;268;267;313;343;352;382;441;491;441;409;431;430;436;421
12;152;134;183;235;246;288;280;335;349;363;402;457;480;400;369;402;394;447
13;143;160;165;229;259;275;310;297;344;364;387;410;443;453;349;327;391;404
14;132;149;175;188;256;271;294;340;299;361;382;403;411;441;408;327;322;381
15;110;139;162;210;202;295;290;309;362;324;378;392;400;409;416;374;321;340
16;116;126;160;210;249;251;311;320;325;395;340;395;412;396;384;383;367;338
17;121;127;159;214;255;289;300;358;367;353;422;361;403;415;356;355;387;383
18;147;139;161;207;277;326;337;347;394;374;364;423;343;370;359;340;356;355
19;129;152;175;212;223;312;373;374;370;412;396;374;420;355;384;405;445;357
20;108;132;201;213;219;235;361;427;384;393;431;424;393;428;360;463;518;491
21;120;120;198;253;232;233;292;413;427;409;413;466;430;393;416;396;544;540
22;145;123;210;274;260;263;300;362;419;457;439;440;491;433;405;456;427;556
23;151;167;208;296;294;274;345;382;388;476;499;480;450;469;421;418;489;432
24;149;181;285;303;316;314;362;432;410;458;513;542;528;469;466;441;476;521
25;198;184;336;433;328;335;399;430;493;476;492;564;571;543;470;477;499;494
26;211;242;339;499;451;368;454;496;479;573;515;539;602;569;532;503;514;517
27;253;257;390;473;523;489;471;529;523;584;633;581;566;615;584;564;550;520
28;233;302;443;517;551;576;608;564;551;622;651;674;620;598;625;610;601;569
29;317;291;490;635;591;602;671;689;632;619;686;696;719;635;605;642;645;629
30;322;415;511;672;701;665;727;789;758;721;704;744;723;711;658;615;662;674
31;331;380;570;645;728;733;755;832;854;810;758;761;767;732;691;670;668;687
32;336;376;524;698;670;768;783;817;862;893;843;819;814;787;723;690;707;690
33;395;360;465;636;735;662;797;825;808;863;885;883;852;776;753;723;705;713
34;365;425;469;578;630;735;708;797;812;800;820;934;895;850;758;745;744;711
35;388;389;531;542;607;640;755;741;768;803;782;872;945;909;828;740;743;749
36;387;444;510;619;587;626;711;750;723;753;798;830;895;945;870;791;740;763
37;341;436;540;613;645;616;657;731;753;733;766;842;840;889;890;843;806;768
38;362;383;511;611;654;686;665;687;743;742;731;810;858;809;852;822;798;791
39;289;389;462;600;639;667;755;710;694;733;742;751;824;833;791;821;803;814
40;280;313;467;553;625;686;709;801;702;677;727;745;747;788;794;749;803;793
41;312;305;361;507;578;659;716;731;797;677;656;731;746;727;717;755;718;786
42;207;326;358;393;517;605;660;718;692;749;632;665;726;726;668;672;719;699
43;185;196;324;375;388;500;574;640;627;631;689;647;654;694;676;607;639;722
44;191;189;217;322;353;409;513;576;583;587;586;698;651;610;631;630;603;642
45;150;193;216;232;336;366;423;526;545;547;559;603;687;632;570;595;619;595
46;153;165;215;234;234;345;395;444;496;518;524;565;582;637;579;547;581;604
47;137;150;185;259;233;256;377;408;435;473;498;520;561;562;574;537;538;585
48;110;146;169;207;255;240;283;401;385;423;462;490;493;524;495;545;523;548
49;121;112;163;174;209;255;267;293;380;369;417;466;482;452;481;457;531;515
50;79;123;123;174;183;210;263;273;300;381;365;405;469;426;408;451;443;533
51;85;94;129;134;175;201;218;254;273;296;368;370;385;428;386;370;456;456
52;87;90;94;138;129;178;201;220;237;278;294;367;357;357;381;364;359;449
53;66;85;94;97;139;132;189;205;214;229;282;288;354;340;323;346;354;368
54;49;72;86;97;97;135;136;194;197;204;225;281;286;334;306;312;346;359
55;53;49;71;88;99;98;136;128;191;187;204;227;278;273;308;296;304;355
56;40;59;55;73;90;101;104;145;127;196;195;211;226;267;256;296;282;301
57;53;43;59;56;83;86;94;104;150;132;192;197;213;218;255;240;286;281
58;46;56;46;62;60;89;89;104;104;139;126;188;192;199;199;238;233;283
59;42;48;64;49;68;58;97;98;100;106;141;121;187;177;181;192;238;226
60;39;45;62;64;51;72;57;91;98;99;104;135;119;181;168;166;190;230
61;54;42;46;63;71;54;71;57;86;92;102;103;130;115;161;163;163;184
62;39;55;43;51;60;66;51;73;55;94;93;108;95;124;114;146;154;162
63;39;41;50;39;51;65;62;49;68;50;94;93;109;94;122;119;145;161
64;36;45;40;50;44;60;64;63;45;67;50;95;98;112;90;120;117;144
65;52;34;43;48;52;48;68;62;65;45;68;54;85;102;101;90;128;116
66;36;48;38;48;49;56;48;76;65;63;48;66;60;92;91;98;94;124
67;35;38;49;42;45;53;57;50;80;58;63;45;65;62;87;93;99;90
68;32;38;45;56;47;48;51;57;53;78;61;62;44;66;59;90;96;102
69;37;32;40;47;58;53;46;51;57;55;84;58;61;47;63;57;96;97
70;26;35;33;41;46;60;56;50;56;57;58;86;58;62;46;66;60;98
71;30;28;32;37;40;49;54;59;51;55;58;62;81;57;62;51;67;59
72;30;32;31;35;39;40;50;53;56;47;55;59;58;79;53;57;50;66
73;26;30;32;32;35;34;37;53;50;53;46;54;58;54;77;50;55;52
74;23;26;32;34;31;36;28;38;53;49;53;44;51;57;52;71;51;57
75;9;25;24;35;33;27;35;28;38;49;49;53;49;48;58;54;71;53
76;19;11;25;26;31;29;25;35;28;39;51;50;49;46;43;55;50;69
77;12;18;12;27;31;31;30;24;32;28;40;51;48;48;44;44;54;47
78;14;12;19;11;27;31;30;31;23;31;29;37;48;44;44;44;44;58
79;10;12;11;17;13;25;31;26;31;19;32;28;40;45;41;45;43;42
80;12;10;7;10;16;12;23;31;22;26;18;29;28;39;44;41;44;37
81;14;13;13;10;10;15;11;26;28;20;25;21;28;25;34;39;37;38
82;8;10;13;17;8;7;15;10;25;26;18;24;20;27;24;31;37;34
83;5;9;5;14;15;7;6;12;9;21;26;18;21;19;22;23;25;33
84;6;5;8;5;11;14;6;5;12;6;16;23;15;21;20;21;22;24
85;8;6;5;9;5;11;13;8;4;12;5;14;18;14;20;17;18;22
86;4;8;5;3;8;6;11;10;7;4;11;7;12;19;14;20;16;19
87;5;4;8;5;3;6;7;8;8;7;3;9;6;11;16;12;19;14
88;3;5;2;7;4;4;5;8;6;7;6;3;9;5;11;14;11;17
89;6;3;3;1;6;3;4;5;8;3;6;5;3;9;3;11;13;11
90;2;6;3;3;1;5;1;3;4;6;3;4;4;3;6;3;8;11
91;3;2;5;1;2;2;4;1;2;4;5;2;2;4;2;4;2;6
92;1;4;2;4;1;1;0;3;1;2;3;4;3;1;3;1;3;2
93;0;2;3;2;4;0;1;0;1;1;2;3;3;2;1;3;0;3
94;0;0;0;2;0;2;0;1;0;0;1;2;3;3;2;1;4;0
95;1;0;0;0;1;0;1;0;0;0;0;1;1;2;3;2;1;4
96;0;1;0;0;0;1;0;1;0;0;0;0;1;1;2;2;3;1
97;0;0;1;0;0;0;1;0;1;0;0;0;0;1;1;2;2;3
98;0;0;0;0;1;0;0;3;0;1;0;0;0;0;1;1;2;2
99;0;0;0;0;0;1;0;0;3;0;1;0;0;0;0;1;1;2
100 e oltre;0;0;0;2;2;1;1;0;0;1;1;1;1;0;0;0;1;2
Totale;11609;13045;16590;20289;22005;23873;26599;29090;30075;31378;32569;34450;35382;35051;33650;32885;33482;34090
Età/Anno;2002;2003;2004;2005;2006;2007;2008;2009;2010;2011;2012;2013;2014;2015;2016;2017;2018;2019
Età;Femmine
0;208;258;304;435;424;570;547;556;642;626;677;665;674;579;590;538;509;464
1;236;231;283;315;448;447;576;536;573;642;621;710;653;659;549;566;507;489
2;227;254;253;305;328;454;465;585;549;578;635;651;702;657;613;500;540;492
3;180;250;260;269;323;348;469;466;592;556;581;677;651;686;595;575;476;541
4;157;200;273;300;307;349;355;477;462;599;558;601;681;652;615;539;543;479
5;142;182;217;292;326;333;360;373;486;467;626;590;576;664;598;577;511;544
6;175;157;209;247;307;358;355;387;395;471;482;640;598;549;595;542;547;503
7;145;179;177;241;250;341;383;378;388;414;467;491;604;566;505;551;499;536
8;137;175;203;201;260;274;365;395;393;407;430;483;488;563;522;450;520;477
9;138;150;198;222;227;283;289;394;408;389;421;434;463;454;496;475;426;510
10;108;151;157;223;239;273;311;308;399;414;397;432;413;455;395;447;430;419
11;123;129;171;202;234;267;285;325;315;400;432;401;414;387;401;363;418;412
12;125;143;147;208;226;255;266;311;333;336;414;458;387;383;335;377;350;413
13;100;141;162;174;234;246;283;291;312;335;358;433;449;361;327;313;378;359
14;95;106;158;190;188;260;257;302;300;325;356;375;425;420;309;295;313;389
15;111;105;113;185;208;208;266;284;315;306;349;363;386;413;382;283;289;314
16;109;126;123;148;214;227;226;281;293;333;341;371;361;367;390;362;289;285
17;108;112;142;171;178;240;246;249;290;310;349;350;377;354;365;384;359;299
18;103;114;125;180;206;216;276;283;266;322;331;347;329;325;326;320;339;301
19;120;116;155;170;223;260;277;337;324;311;363;367;363;321;329;324;305;320
20;132;142;166;225;207;290;330;365;374;417;361;440;414;399;345;352;355;345
21;158;155;197;244;266;272;372;420;425;459;480;401;483;455;429;373;376;383
22;185;184;231;285;300;326;373;471;469;509;517;539;424;526;461;459;411;411
23;204;218;291;309;357;370;425;468;543;566;588;592;602;446;518;503;479;445
24;237;256;348;387;364;413;472;519;548;631;626;630;625;636;477;554;512;523
25;262;292;395;432;448;417;515;542;588;646;706;685;664;676;659;501;574;534
26;275;316;455;484;514;539;532;599;627;688;728;785;758;724;692;688;532;604
27;320;349;468;586;551;590;646;619;671;723;758;800;842;772;753;734;701;551
28;329;400;531;661;724;677;715;775;731;821;824;816;828;869;802;778;737;717
29;349;388;579;665;750;796;782;807;845;813;895;862;848;840;896;818;790;740
30;365;412;571;744;775;840;887;901;878;949;872;929;895;875;850;916;828;792
31;353;413;575;692;811;863;917;957;928;957;961;904;983;932;867;855;930;846
32;381;387;519;664;748;853;929;936;947;949;931;991;958;1004;932;871;856;929
33;313;391;496;578;673;752;881;931;913;931;899;953;1007;960;949;926;850;844
34;327;343;482;571;604;720;776;916;909;929;923;923;974;1012;953;927;916;830
35;323;301;408;486;570;609;677;762;854;904;852;890;940;974;984;909;927;896
36;315;334;375;471;499;584;605;695;729;857;859;875;900;949;954;959;881;895
37;328;311;422;408;521;530;634;632;706;769;882;848;874;894;933;922;936;850
38;272;327;396;464;455;547;579;670;659;766;785;877;856;873;854;904;903;931
39;288;274;392;437;472;484;602;607;684;711;790;787;881;836;842;825;881;904
40;226;285;353;429;451;498;535;637;628;743;741;791;797;886;808;830;836;864
41;192;230;339;384;437;482;544;586;653;664;759;738;794;804;838;776;822;835
42;182;198;299;378;403;456;524;583;597;702;682;779;745;797;757;796;781;821
43;191;178;244;334;375;406;470;538;589;632;696;688;757;738;753;729;771;779
44;167;192;228;281;352;408;433;503;553;627;658;703;692;747;710;711;715;766
45;170;181;236;277;300;357;425;464;506;581;638;668;700;711;721;697;712;698
46;134;157;217;273;287;316;394;451;473;540;610;651;672;687;675;708;680;719
47;147;127;197;248;284;301;349;407;457;509;551;612;650;662;650;659;701;673
48;125;143;146;232;243;294;331;358;417;498;531;561;611;649;635;634;650;697
49;100;126;176;173;232;268;313;367;375;446;507;539;562;593;604;617;612;650
50;130;99;164;210;181;254;286;311;373;410;470;516;534;552;562;581;613;622
51;96;127;146;180;213;209;280;302;323;438;444;485;526;535;525;555;587;621
52;86;92;144;165;195;212;227;293;304;374;444;466;473;516;512;506;550;586
53;82;79;113;172;161;207;240;228;291;333;391;460;450;481;508;502;515;557
54;82;76;110;130;167;177;225;249;235;323;337;395;471;456;465;504;499;528
55;63;83;108;127;138;158;186;250;264;284;341;362;405;457;454;467;516;502
56;51;72;97;115;141;149;169;189;261;291;288;346;372;422;446;436;474;529
57;55;55;85;106;127;158;162;172;201;277;298;297;362;377;424;455;436;476
58;66;52;68;96;120;124;170;172;177;217;277;302;310;362;377;424;465;442
59;72;66;60;70;97;110;137;176;183;194;233;286;299;315;355;381;421;461
60;73;71;72;66;69;92;111;140;179;183;194;252;293;295;309;358;386;417
61;73;73;74;77;73;69;97;118;146;192;192;206;257;282;295;307;366;379
62;71;74;77;80;82;77;67;111;112;155;194;189;209;257;285;298;305;374
63;70;66;75;77;88;90;85;81;119;114;157;212;191;218;248;285;301;307
64;54;73;72;86;73;86;92;91;85;121;117;162;200;199;201;244;284;305
65;41;58;72;71;83;86;86;93;85;88;126;122;162;204;188;200;245;283
66;43;44;54;65;73;90;87;96;87;80;89;127;132;166;202;197;195;260
67;51;39;47;58;64;77;84;87;98;87;88;90;123;133;157;206;196;197
68;42;50;44;50;60;68;75;81;85;99;89;97;102;119;128;163;207;191
69;45;42;48;43;46;61;72;77;82;88;100;95;94;103;122;125;165;212
70;35;44;45;47;44;42;58;78;83;90;91;96;94;97;100;122;129;166
71;25;34;45;47;48;40;44;58;84;81;90;92;99;102;100;101;123;132
72;29;24;33;46;50;49;44;47;62;83;87;95;93;97;103;103;95;116
73;19;26;24;34;46;47;43;48;48;60;82;84;92;87;96;98;107;86
74;28;15;23;28;35;41;44;43;43;51;61;78;87;92;92;98;94;105
75;20;28;16;26;28;32;40;40;44;46;52;61;76;79;92;94;96;96
76;26;23;26;18;26;26;37;38;37;46;48;53;66;75;77;94;85;98
77;28;23;21;29;19;24;25;34;37;35;45;46;58;67;69;72;96;85
78;23;28;20;14;27;14;22;25;33;34;35;42;44;56;71;68;71;90
79;12;21;26;18;15;25;13;21;24;30;30;34;42;43;54;63;64;69
80;17;10;21;27;20;17;21;14;21;27;30;31;37;43;39;47;64;66
81;9;19;11;19;24;20;17;18;10;19;30;31;32;34;37;37;50;62
82;13;10;19;10;19;21;19;18;17;11;20;29;26;31;33;36;36;48
83;11;11;11;20;10;16;22;19;17;16;11;19;22;26;28;30;35;34
84;2;9;11;8;17;9;14;20;18;14;16;8;21;21;24;28;28;33
85;7;3;7;11;9;15;10;14;17;16;13;15;8;22;19;22;27;25
86;6;8;3;7;9;9;13;10;13;13;14;13;14;8;23;19;21;25
87;6;7;8;4;4;8;8;12;8;12;11;14;12;11;9;19;17;19
88;13;6;4;5;4;2;6;5;11;6;13;9;15;12;8;9;20;17
89;6;9;4;4;4;4;2;7;6;9;5;11;6;14;11;9;6;18
90;6;4;8;1;3;2;3;2;6;5;9;6;11;6;12;11;9;5
91;4;7;4;5;1;3;1;3;2;3;6;6;6;10;5;9;11;8
92;6;6;6;4;3;1;1;1;0;1;2;3;6;5;7;5;8;9
93;3;5;5;6;3;2;2;2;1;0;1;4;4;5;4;6;4;8
94;1;3;5;5;6;2;1;1;2;1;0;1;4;5;5;4;6;4
95;2;1;0;0;5;3;2;1;1;2;1;0;1;4;5;4;3;5
96;0;2;1;0;1;5;1;2;1;1;2;1;0;2;4;5;3;3
97;0;0;1;1;0;1;3;0;2;0;1;2;1;0;2;4;4;2
98;1;1;0;0;1;0;0;2;0;1;0;1;2;1;0;1;4;3
99;0;0;2;0;0;1;0;0;2;0;1;0;0;2;1;0;1;3
100 e oltre;1;1;0;1;0;0;0;0;0;1;0;0;0;0;2;3;3;2
Totale;11902;13068;16702;19969;22055;24502;27278;29904;31651;34540;36474;38448;39674;40247;39433;39127;39249;39709
