"Popolazione per età, vista per singola area - Provincia: Rimini"

"Ricostruzione della popolazione intercensuaria - Popolazione al 1° gennaio per età"
"Tutte le cittadinanze - Provincia: Rimini"
Età/Anno;2002;2003;2004;2005;2006;2007;2008;2009;2010;2011;2012;2013;2014;2015;2016;2017;2018;2019
Età;Totale
0;2696;2801;2787;2832;2959;2928;3078;3238;3093;3187;2972;3007;2914;2810;2744;2548;2429;2331
1;2650;2724;2802;2881;2861;2989;2966;3148;3238;3091;3163;2984;2994;2920;2827;2736;2551;2451
2;2631;2697;2765;2889;2878;2905;3015;3012;3160;3221;3092;3177;3004;2987;2901;2850;2726;2585
3;2403;2704;2744;2838;2913;2904;2910;3068;3041;3203;3216;3150;3212;2996;3011;2918;2845;2756
4;2463;2441;2738;2839;2861;2922;2908;2930;3073;3069;3212;3269;3185;3213;2997;3000;2918;2887
5;2466;2488;2471;2802;2881;2894;2925;2933;2949;3078;3064;3238;3282;3191;3216;3026;3003;2945
6;2450;2514;2535;2571;2845;2920;2911;2938;2930;2976;3086;3111;3251;3287;3191;3258;3037;3012
7;2394;2479;2552;2609;2620;2882;2957;2954;2949;2936;2978;3108;3143;3253;3282;3213;3274;3046
8;2398;2437;2495;2635;2651;2650;2917;2991;2979;2966;2940;3003;3122;3142;3271;3271;3212;3283
9;2464;2425;2478;2582;2672;2699;2677;2950;3006;2993;2974;2965;3012;3131;3142;3275;3273;3223
10;2575;2503;2466;2580;2622;2727;2739;2734;2989;3035;3024;2998;2983;3030;3141;3140;3280;3294
11;2531;2596;2538;2541;2627;2639;2739;2786;2757;3024;3045;3059;3003;2992;3036;3156;3142;3287
12;2468;2558;2605;2582;2601;2672;2653;2766;2812;2769;3035;3075;3068;3020;3011;3046;3160;3169
13;2419;2490;2595;2650;2632;2647;2705;2685;2806;2833;2788;3053;3078;3061;3039;3016;3057;3183
14;2230;2445;2522;2648;2690;2693;2683;2731;2722;2823;2852;2835;3071;3095;3085;3051;3030;3076
15;2367;2249;2457;2572;2701;2729;2729;2722;2754;2731;2847;2870;2846;3082;3106;3088;3068;3048
16;2506;2393;2268;2503;2630;2758;2770;2766;2775;2812;2753;2890;2886;2862;3104;3119;3098;3077
17;2581;2513;2415;2321;2554;2682;2805;2823;2799;2834;2848;2779;2914;2888;2879;3114;3138;3125
18;2693;2598;2524;2479;2378;2602;2709;2832;2855;2844;2874;2876;2807;2940;2926;2900;3155;3175
19;2798;2718;2649;2574;2528;2416;2648;2756;2884;2925;2903;2897;2912;2843;2970;2966;2945;3209
20;2841;2836;2781;2718;2602;2549;2488;2720;2836;2958;2951;2946;2948;2932;2866;2986;3005;3011
21;2851;2897;2926;2841;2771;2654;2619;2613;2791;2904;2998;3021;2994;2981;2927;2922;3041;3051
22;3075;2905;2984;2986;2894;2817;2739;2710;2684;2897;2960;3079;3072;3014;2993;2951;2960;3091
23;3290;3138;2992;3086;3041;2956;2899;2857;2804;2772;2971;3034;3156;3093;3061;3015;3021;3024
24;3609;3350;3230;3089;3151;3157;3029;3022;2976;2917;2833;3082;3100;3176;3118;3114;3092;3102
25;3909;3671;3426;3312;3197;3236;3283;3169;3150;3105;3018;2939;3165;3130;3198;3177;3155;3141
26;4296;3971;3793;3559;3410;3301;3380;3460;3299;3319;3205;3125;3022;3195;3167;3239;3239;3228
27;4472;4361;4114;3859;3642;3512;3426;3538;3555;3435;3389;3284;3206;3070;3230;3235;3296;3271
28;4568;4551;4495;4202;3940;3794;3646;3591;3632;3660;3526;3520;3351;3255;3093;3297;3309;3332
29;4615;4656;4674;4594;4285;4073;3908;3809;3701;3723;3753;3639;3610;3378;3282;3188;3373;3391
30;4855;4696;4781;4760;4675;4396;4244;4083;3920;3822;3746;3846;3686;3648;3408;3356;3263;3449
31;4840;4913;4807;4817;4836;4734;4568;4428;4192;3989;3890;3897;3932;3738;3679;3450;3411;3335
32;4956;4926;5042;4901;4890;4950;4983;4690;4559;4281;4091;3953;3973;3971;3760;3755;3523;3455
33;4919;5043;5035;5123;4955;5061;5195;5107;4812;4607;4381;4156;3978;4008;4000;3851;3782;3610
34;4889;5007;5170;5119;5206;5087;5314;5292;5196;4913;4702;4475;4202;4043;4042;4033;3915;3835
35;5078;4936;5154;5258;5194;5377;5286;5383;5351;5244;5003;4757;4518;4275;4058;4104;4067;3971
36;4973;5175;5081;5300;5355;5309;5463;5341;5439;5386;5305;5044;4814;4564;4305;4125;4129;4159
37;5216;5000;5254;5149;5347;5407;5402;5535;5387;5449;5430;5341;5114;4830;4589;4352;4161;4186
38;4741;5286;5089;5331;5229;5407;5482;5499;5563;5402;5455;5485;5377;5127;4868;4667;4392;4220
39;4718;4801;5380;5168;5414;5293;5488;5554;5547;5596;5361;5541;5554;5389;5173;4927;4676;4451
40;4523;4766;4879;5447;5210;5488;5341;5553;5570;5588;5582;5448;5569;5589;5420;5203;4954;4721
41;4368;4550;4828;4971;5516;5262;5522;5408;5593;5614;5593;5636;5494;5595;5598;5443;5208;5027
42;4303;4411;4606;4894;4991;5585;5307;5544;5434;5629;5618;5634;5690;5516;5625;5638;5456;5268
43;4128;4332;4468;4679;4946;5046;5640;5358;5552;5475;5638;5681;5664;5688;5517;5639;5652;5479
44;4036;4173;4406;4510;4709;5001;5087;5666;5391;5584;5499;5699;5716;5679;5685;5543;5659;5703
45;3944;4071;4229;4452;4549;4761;5053;5162;5700;5420;5583;5532;5720;5705;5699;5695;5555;5682
46;3878;3965;4130;4276;4461;4611;4792;5054;5211;5737;5450;5615;5549;5732;5712;5707;5715;5592
47;3845;3913;4016;4190;4318;4510;4615;4850;5098;5237;5735;5476;5641;5550;5734;5707;5720;5746
48;3648;3859;3943;4057;4218;4367;4549;4666;4877;5125;5216;5794;5476;5646;5541;5720;5704;5739
49;3747;3669;3911;3973;4100;4267;4386;4604;4719;4891;5092;5245;5815;5479;5634;5545;5724;5705
50;3808;3750;3696;3947;3967;4111;4293;4446;4619;4732;4900;5142;5272;5815;5477;5617;5554;5746
51;3931;3800;3783;3733;3957;4005;4146;4335;4472;4662;4735;4939;5155;5250;5816;5470;5597;5605
52;3893;3931;3824;3790;3760;3953;4020;4189;4368;4490;4673;4747;4945;5152;5251;5843;5464;5606
53;4163;3904;3962;3858;3783;3785;3963;4043;4219;4380;4487;4669;4750;4960;5151;5261;5852;5462
54;4076;4169;3946;3969;3865;3791;3777;3992;4062;4247;4396;4511;4668;4745;4946;5126;5243;5842
55;4109;4087;4188;3959;3983;3867;3793;3787;3994;4116;4252;4400;4524;4674;4772;4923;5109;5255
56;3335;4124;4104;4224;3969;3981;3856;3806;3814;4007;4111;4279;4411;4535;4675;4787;4898;5137
57;3383;3339;4124;4093;4226;3989;3978;3876;3822;3808;4017;4131;4284;4402;4501;4667;4777;4889
58;3627;3376;3346;4116;4097;4238;4007;3995;3885;3841;3810;4024;4127;4273;4378;4505;4650;4785
59;3276;3625;3380;3344;4121;4109;4246;4034;3994;3921;3862;3817;4020;4113;4234;4398;4506;4668
60;3443;3285;3630;3373;3335;4153;4099;4256;4033;3983;3911;3862;3843;3993;4105;4229;4392;4508
61;3743;3432;3294;3619;3378;3329;4145;4101;4255;4033;3983;3901;3867;3842;3978;4087;4220;4422
62;3614;3733;3421;3298;3607;3388;3315;4129;4112;4264;4029;3983;3896;3836;3799;3951;4064;4221
63;3864;3626;3728;3398;3285;3586;3373;3295;4119;4125;4243;4018;3998;3876;3814;3804;3941;4068
64;3504;3854;3620;3709;3396;3263;3571;3379;3277;4135;4120;4241;4020;3995;3867;3783;3766;3938
65;3182;3492;3850;3590;3694;3379;3255;3552;3360;3276;4124;4105;4222;3987;3959;3848;3765;3773
66;3350;3159;3495;3822;3571;3678;3357;3233;3536;3339;3260;4114;4091;4200;3969;3961;3829;3738
67;3320;3335;3141;3482;3816;3542;3667;3347;3207;3509;3335;3243;4064;4056;4168;3955;3933;3818
68;3090;3300;3297;3093;3460;3787;3511;3635;3315;3178;3482;3305;3206;4039;4033;4129;3955;3901
69;2956;3073;3277;3274;3079;3430;3757;3493;3620;3296;3169;3460;3256;3171;4008;4002;4101;3918
70;3124;2927;3037;3257;3255;3043;3386;3737;3467;3593;3279;3132;3418;3215;3138;3974;3970;4060
71;3206;3096;2881;2983;3218;3221;3029;3343;3702;3438;3556;3243;3098;3385;3172;3107;3944;3916
72;2712;3168;3047;2838;2960;3185;3164;3009;3311;3648;3412;3512;3203;3044;3345;3144;3069;3912
73;2773;2666;3138;2999;2774;2916;3133;3124;2949;3279;3611;3356;3458;3150;3007;3294;3095;3053
74;2748;2735;2608;3080;2955;2717;2855;3089;3073;2898;3250;3553;3303;3389;3086;2959;3242;3070
75;2718;2690;2680;2555;3010;2914;2667;2804;3045;3030;2852;3174;3494;3260;3344;3041;2917;3170
76;2596;2654;2624;2616;2498;2940;2841;2629;2746;2972;2973;2788;3107;3402;3188;3295;2985;2847
77;2435;2535;2564;2563;2558;2442;2856;2755;2578;2677;2904;2905;2718;3034;3325;3129;3221;2932
78;2499;2365;2470;2494;2491;2467;2378;2789;2656;2494;2596;2848;2810;2668;2948;3254;3040;3124
79;2255;2408;2290;2370;2418;2418;2387;2302;2688;2592;2401;2521;2772;2722;2585;2869;3167;2973
80;2168;2169;2304;2196;2280;2330;2338;2295;2227;2581;2486;2328;2436;2674;2607;2495;2777;3074
81;2071;2075;2068;2203;2112;2172;2205;2230;2191;2145;2454;2394;2223;2344;2567;2513;2410;2667
82;1267;1955;1961;1971;2093;2003;2055;2102;2118;2076;2069;2342;2281;2125;2230;2451;2388;2302
83;836;1181;1795;1885;1847;1978;1878;1913;1978;2003;1965;1946;2209;2162;1997;2122;2335;2289
84;759;786;1094;1649;1785;1707;1848;1739;1816;1857;1844;1860;1849;2118;2037;1881;2009;2205
85;961;700;715;1021;1528;1671;1571;1709;1621;1699;1726;1696;1729;1718;1963;1893;1759;1881
86;1127;879;624;656;931;1401;1529;1435;1577;1466;1561;1593;1569;1604;1594;1800;1716;1629
87;1083;1024;801;567;595;862;1279;1359;1327;1444;1342;1421;1447;1456;1467;1487;1656;1579
88;844;966;885;704;511;544;759;1126;1204;1182;1304;1193;1301;1321;1291;1346;1346;1501
89;801;727;821;768;636;454;493;657;1015;1090;1044;1149;1055;1149;1149;1150;1180;1204
90;587;696;610;691;670;539;404;420;562;898;949;907;1016;935;979;1023;1001;1029
91;487;492;589;541;571;571;457;354;356;472;741;821;778;877;793;831;863;872
92;334;391;385;487;444;460;479;375;307;302;391;619;699;645;729;671;670;747
93;267;275;316;319;397;378;379;393;317;249;236;316;519;586;518;602;548;548
94;182;203;206;259;241;318;295;305;320;248;198;183;251;433;471;431;488;436
95;119;132;160;159;183;196;234;238;254;257;200;151;132;191;330;375;319;382
96;92;78;104;120;103;141;150;179;176;192;187;142;114;102;147;251;278;244
97;65;64;49;71;89;76;98;118;138;138;152;138;101;91;74;113;186;210
98;51;54;47;40;45;59;52;70;105;102;109;112;97;78;64;50;74;131
99;34;30;39;29;27;26;39;34;44;73;63;82;79;70;45;44;35;54
100 e oltre;30;42;42;55;44;37;44;48;61;73;97;95;110;115;104;104;75;76
Totale;290212;293158;297090;301386;304774;308776;312989;317632;321122;324539;326491;329679;331788;332716;333056;334320;334877;336554
Età/Anno;2002;2003;2004;2005;2006;2007;2008;2009;2010;2011;2012;2013;2014;2015;2016;2017;2018;2019
Età;Maschi
0;1367;1467;1417;1419;1510;1531;1582;1674;1551;1601;1500;1561;1533;1447;1387;1271;1254;1246
1;1358;1374;1465;1461;1441;1540;1554;1609;1664;1570;1580;1510;1548;1530;1471;1387;1267;1263
2;1357;1386;1393;1494;1449;1457;1558;1570;1622;1653;1563;1580;1520;1549;1522;1489;1381;1290
3;1217;1400;1418;1434;1504;1455;1454;1578;1579;1647;1652;1586;1596;1510;1568;1534;1493;1390
4;1210;1246;1410;1465;1454;1513;1451;1462;1581;1588;1659;1673;1599;1607;1513;1567;1543;1513
5;1292;1226;1255;1447;1482;1466;1514;1476;1464;1578;1586;1677;1693;1609;1617;1512;1574;1566
6;1299;1317;1252;1304;1467;1516;1475;1522;1473;1479;1587;1617;1685;1679;1609;1652;1525;1575
7;1258;1320;1338;1285;1331;1496;1530;1508;1534;1487;1486;1597;1639;1682;1682;1616;1665;1522
8;1235;1277;1329;1382;1306;1343;1512;1543;1517;1545;1486;1505;1614;1638;1692;1666;1622;1668
9;1277;1252;1296;1364;1393;1334;1362;1543;1553;1509;1542;1499;1505;1614;1637;1700;1672;1621
10;1310;1306;1278;1341;1391;1424;1355;1387;1562;1567;1528;1557;1507;1523;1618;1638;1694;1674
11;1276;1317;1315;1325;1363;1402;1421;1382;1401;1579;1582;1542;1556;1512;1516;1622;1646;1703
12;1287;1288;1319;1330;1357;1392;1407;1432;1395;1409;1585;1593;1541;1562;1520;1515;1616;1662
13;1267;1294;1311;1351;1354;1384;1406;1427;1450;1404;1418;1590;1595;1533;1571;1530;1527;1636
14;1141;1291;1313;1335;1377;1398;1407;1415;1446;1464;1427;1447;1587;1606;1540;1584;1540;1538
15;1192;1155;1296;1343;1364;1399;1426;1434;1422;1455;1474;1435;1452;1591;1617;1548;1592;1552
16;1289;1214;1161;1322;1383;1389;1428;1454;1464;1456;1470;1500;1439;1455;1601;1631;1558;1596
17;1332;1302;1223;1191;1353;1408;1414;1457;1467;1509;1477;1481;1515;1439;1459;1613;1644;1574
18;1366;1333;1307;1252;1226;1374;1428;1434;1480;1506;1530;1484;1486;1536;1462;1480;1652;1664
19;1404;1370;1367;1325;1273;1241;1403;1449;1459;1522;1521;1539;1498;1509;1550;1493;1530;1686
20;1491;1422;1394;1400;1326;1283;1267;1437;1479;1482;1533;1536;1554;1503;1518;1557;1523;1574
21;1406;1510;1469;1407;1408;1345;1306;1310;1459;1507;1504;1570;1545;1561;1504;1556;1595;1558
22;1533;1434;1565;1504;1433;1427;1383;1338;1346;1496;1519;1535;1592;1550;1560;1509;1584;1628
23;1648;1563;1473;1626;1538;1452;1455;1441;1370;1371;1522;1553;1563;1592;1573;1579;1540;1625
24;1848;1689;1633;1525;1646;1580;1487;1513;1496;1420;1392;1570;1584;1565;1590;1584;1616;1597
25;1927;1877;1749;1677;1576;1655;1621;1535;1572;1561;1462;1429;1602;1595;1575;1603;1608;1641
26;2129;1951;1940;1808;1721;1614;1714;1715;1593;1628;1589;1509;1462;1603;1590;1590;1633;1657
27;2220;2162;2018;1974;1849;1773;1673;1774;1750;1651;1652;1620;1536;1496;1612;1608;1622;1663
28;2301;2262;2201;2069;2018;1900;1828;1744;1819;1803;1690;1723;1656;1565;1518;1627;1651;1653
29;2329;2328;2330;2249;2138;2086;1955;1900;1784;1846;1843;1756;1775;1659;1577;1545;1658;1715
30;2485;2355;2383;2363;2304;2180;2171;2024;1949;1842;1855;1893;1784;1773;1669;1610;1599;1716
31;2355;2511;2411;2399;2419;2313;2251;2268;2072;1993;1860;1940;1932;1812;1802;1696;1629;1644
32;2506;2395;2573;2443;2415;2443;2410;2301;2315;2110;2027;1892;1989;1950;1805;1823;1727;1657
33;2465;2555;2457;2620;2485;2489;2582;2468;2352;2323;2152;2064;1923;1993;1953;1844;1837;1777
34;2553;2502;2594;2501;2642;2548;2647;2630;2526;2380;2372;2197;2080;1953;2015;1965;1871;1878
35;2621;2570;2578;2622;2546;2747;2678;2674;2653;2546;2430;2388;2222;2108;1966;2057;1992;1918
36;2557;2687;2634;2651;2672;2582;2795;2695;2700;2656;2586;2465;2410;2231;2119;2014;2066;2038
37;2612;2577;2726;2668;2665;2697;2632;2808;2721;2697;2680;2608;2504;2410;2240;2149;2024;2104
38;2383;2666;2624;2754;2698;2709;2748;2665;2816;2710;2682;2691;2634;2488;2421;2279;2170;2059
39;2412;2414;2716;2659;2789;2735;2734;2781;2695;2803;2689;2730;2722;2640;2504;2450;2291;2208
40;2280;2430;2449;2739;2690;2824;2746;2762;2792;2712;2779;2728;2747;2738;2649;2511;2455;2320
41;2162;2301;2454;2491;2786;2707;2847;2766;2764;2790;2692;2793;2759;2776;2748;2658;2518;2497
42;2141;2191;2315;2475;2491;2828;2725;2860;2779;2770;2780;2725;2814;2762;2791;2774;2667;2549
43;2028;2154;2222;2351;2505;2510;2850;2745;2840;2793;2767;2824;2741;2818;2749;2788;2781;2682
44;2054;2056;2188;2237;2358;2540;2547;2864;2747;2843;2795;2804;2818;2743;2829;2765;2801;2805
45;2008;2067;2075;2214;2243;2381;2551;2563;2860;2738;2818;2804;2817;2808;2739;2833;2763;2816
46;1942;2028;2091;2093;2213;2274;2372;2530;2571;2847;2758;2828;2810;2823;2816;2743;2840;2780
47;1892;1958;2036;2117;2115;2238;2274;2380;2536;2561;2833;2765;2838;2807;2822;2807;2745;2867
48;1777;1904;1971;2055;2122;2119;2250;2288;2382;2520;2538;2847;2751;2840;2804;2817;2810;2747
49;1820;1788;1917;1971;2074;2136;2126;2267;2301;2376;2494;2552;2841;2752;2837;2792;2817;2825
50;1884;1809;1795;1939;1974;2075;2140;2140;2270;2296;2361;2522;2554;2835;2743;2829;2790;2824
51;1940;1881;1819;1805;1936;1979;2084;2145;2141;2268;2290;2385;2527;2541;2831;2747;2809;2807
52;1924;1944;1887;1817;1820;1935;1981;2087;2152;2140;2272;2289;2395;2534;2546;2844;2747;2810
53;2050;1926;1953;1896;1813;1828;1937;1984;2094;2148;2126;2276;2283;2391;2525;2545;2836;2751
54;1994;2048;1937;1941;1895;1822;1821;1947;1986;2099;2145;2132;2260;2292;2381;2513;2530;2820
55;1996;1998;2060;1929;1957;1890;1819;1811;1944;1985;2097;2148;2130;2262;2296;2360;2503;2529
56;1611;1999;2001;2077;1926;1961;1870;1820;1819;1935;1962;2103;2145;2132;2268;2300;2348;2515
57;1606;1609;1992;1997;2075;1930;1955;1856;1826;1812;1931;1964;2086;2135;2117;2257;2295;2346
58;1792;1611;1604;1987;1999;2072;1931;1954;1849;1822;1801;1924;1954;2069;2129;2110;2244;2295
59;1603;1783;1610;1604;1990;2002;2075;1934;1944;1851;1830;1804;1910;1942;2050;2135;2109;2238
60;1692;1614;1788;1608;1591;2009;1984;2086;1923;1936;1840;1824;1803;1893;1942;2045;2123;2103
61;1791;1687;1621;1782;1607;1578;1991;1974;2072;1921;1925;1828;1810;1787;1880;1931;2036;2133
62;1774;1779;1682;1613;1767;1608;1570;1961;1975;2068;1924;1915;1830;1786;1768;1866;1914;2037
63;1852;1783;1778;1667;1604;1760;1602;1561;1958;1981;2058;1918;1914;1816;1776;1757;1855;1906
64;1691;1845;1781;1764;1669;1591;1747;1600;1544;1967;1974;2064;1907;1916;1807;1758;1732;1845
65;1506;1684;1839;1757;1749;1650;1577;1734;1585;1537;1948;1952;2057;1887;1894;1788;1747;1738
66;1563;1486;1687;1815;1734;1739;1637;1565;1715;1578;1526;1944;1940;2030;1873;1888;1775;1729
67;1524;1555;1469;1672;1808;1723;1731;1617;1542;1698;1581;1518;1911;1920;2005;1861;1869;1774
68;1471;1504;1529;1435;1654;1780;1697;1708;1599;1528;1678;1554;1498;1903;1912;1974;1858;1858
69;1396;1457;1485;1504;1429;1628;1763;1682;1695;1591;1522;1657;1520;1472;1882;1895;1950;1835
70;1435;1377;1436;1465;1495;1411;1595;1754;1663;1674;1579;1497;1630;1489;1454;1855;1863;1917
71;1451;1417;1341;1401;1444;1466;1397;1562;1725;1636;1648;1556;1469;1609;1466;1435;1835;1837
72;1231;1422;1385;1316;1381;1428;1428;1383;1541;1693;1614;1621;1529;1429;1584;1451;1420;1813
73;1218;1199;1402;1351;1280;1351;1405;1399;1339;1519;1665;1582;1582;1493;1411;1554;1425;1411
74;1235;1191;1157;1367;1327;1244;1311;1370;1373;1316;1504;1629;1544;1539;1460;1380;1524;1405
75;1164;1196;1159;1128;1315;1303;1210;1284;1342;1341;1289;1461;1596;1514;1509;1424;1353;1487
76;1109;1131;1150;1120;1097;1271;1259;1184;1244;1301;1310;1242;1426;1544;1465;1466;1386;1310
77;1042;1070;1082;1107;1079;1059;1217;1212;1149;1215;1263;1276;1204;1381;1493;1429;1421;1352
78;1018;993;1026;1046;1063;1024;1027;1189;1155;1095;1170;1226;1223;1179;1328;1448;1384;1366
79;862;966;945;967;997;1015;988;979;1119;1106;1037;1122;1179;1164;1131;1270;1405;1340
80;842;811;894;888;921;942;967;932;942;1049;1044;994;1069;1125;1109;1082;1219;1352
81;822;779;758;826;840;864;883;908;882;893;974;1001;930;1016;1064;1051;1034;1159
82;450;752;725;710;763;776;796;832;854;824;855;915;933;863;953;1003;976;970
83;280;403;646;689;652;707;709;720;758;788;778;792;849;868;793;885;934;924
84;253;254;362;577;636;588;645;634;665;707;693;717;739;795;805;737;815;872
85;355;226;230;329;523;578;530;588;573;607;649;622;654;668;719;728;676;752
86;355;313;200;208;295;468;527;478;532;508;552;589;559;602;610;640;645;625
87;368;317;276;174;188;278;419;458;428;494;459;491;521;505;533;560;568;586
88;259;323;262;241;153;173;242;369;391;377;440;402;441;456;436;475;498;490
89;233;208;265;211;212;131;152;200;330;350;331;381;347;390;370;376;403;429
90;171;204;163;220;179;171;114;122;174;277;289;281;318;291;320;326;316;338
91;145;137;166;140;169;150;136;94;98;136;217;242;233;270;238;260;257;266
92;98;105;105;126;111;128;121;108;77;84;103;174;193;197;205;200;197;219
93;63;81;79;83;98;89;109;104;82;69;63;79;137;150;148;175;160;158
94;47;44;58;65;57;77;66;85;76;64;57;46;59;99;112;119;133;118
95;29;31;35;43;42;43;60;53;67;65;52;41;33;42;74;89;82;98
96;19;20;23;23;30;34;36;45;35;46;48;39;32;26;28;52;62;61
97;17;12;14;14;12;24;23;26;35;26;36;33;25;27;19;22;37;43
98;12;13;9;10;9;6;13;14;24;26;19;25;20;22;17;14;16;22
99;3;5;9;6;7;4;3;8;8;14;12;18;14;14;9;10;10;11
100 e oltre;6;8;4;9;7;7;8;4;8;14;20;14;21;21;15;14;7;11
Totale;140871;142452;144332;146301;148042;149947;152020;154066;155445;156778;157507;159141;160056;160376;160550;161114;161559;162772
Età/Anno;2002;2003;2004;2005;2006;2007;2008;2009;2010;2011;2012;2013;2014;2015;2016;2017;2018;2019
Età;Femmine
0;1329;1334;1370;1413;1449;1397;1496;1564;1542;1586;1472;1446;1381;1363;1357;1277;1175;1085
1;1292;1350;1337;1420;1420;1449;1412;1539;1574;1521;1583;1474;1446;1390;1356;1349;1284;1188
2;1274;1311;1372;1395;1429;1448;1457;1442;1538;1568;1529;1597;1484;1438;1379;1361;1345;1295
3;1186;1304;1326;1404;1409;1449;1456;1490;1462;1556;1564;1564;1616;1486;1443;1384;1352;1366
4;1253;1195;1328;1374;1407;1409;1457;1468;1492;1481;1553;1596;1586;1606;1484;1433;1375;1374
5;1174;1262;1216;1355;1399;1428;1411;1457;1485;1500;1478;1561;1589;1582;1599;1514;1429;1379
6;1151;1197;1283;1267;1378;1404;1436;1416;1457;1497;1499;1494;1566;1608;1582;1606;1512;1437
7;1136;1159;1214;1324;1289;1386;1427;1446;1415;1449;1492;1511;1504;1571;1600;1597;1609;1524
8;1163;1160;1166;1253;1345;1307;1405;1448;1462;1421;1454;1498;1508;1504;1579;1605;1590;1615
9;1187;1173;1182;1218;1279;1365;1315;1407;1453;1484;1432;1466;1507;1517;1505;1575;1601;1602
10;1265;1197;1188;1239;1231;1303;1384;1347;1427;1468;1496;1441;1476;1507;1523;1502;1586;1620
11;1255;1279;1223;1216;1264;1237;1318;1404;1356;1445;1463;1517;1447;1480;1520;1534;1496;1584
12;1181;1270;1286;1252;1244;1280;1246;1334;1417;1360;1450;1482;1527;1458;1491;1531;1544;1507
13;1152;1196;1284;1299;1278;1263;1299;1258;1356;1429;1370;1463;1483;1528;1468;1486;1530;1547
14;1089;1154;1209;1313;1313;1295;1276;1316;1276;1359;1425;1388;1484;1489;1545;1467;1490;1538
15;1175;1094;1161;1229;1337;1330;1303;1288;1332;1276;1373;1435;1394;1491;1489;1540;1476;1496
16;1217;1179;1107;1181;1247;1369;1342;1312;1311;1356;1283;1390;1447;1407;1503;1488;1540;1481
17;1249;1211;1192;1130;1201;1274;1391;1366;1332;1325;1371;1298;1399;1449;1420;1501;1494;1551
18;1327;1265;1217;1227;1152;1228;1281;1398;1375;1338;1344;1392;1321;1404;1464;1420;1503;1511
19;1394;1348;1282;1249;1255;1175;1245;1307;1425;1403;1382;1358;1414;1334;1420;1473;1415;1523
20;1350;1414;1387;1318;1276;1266;1221;1283;1357;1476;1418;1410;1394;1429;1348;1429;1482;1437
21;1445;1387;1457;1434;1363;1309;1313;1303;1332;1397;1494;1451;1449;1420;1423;1366;1446;1493
22;1542;1471;1419;1482;1461;1390;1356;1372;1338;1401;1441;1544;1480;1464;1433;1442;1376;1463
23;1642;1575;1519;1460;1503;1504;1444;1416;1434;1401;1449;1481;1593;1501;1488;1436;1481;1399
24;1761;1661;1597;1564;1505;1577;1542;1509;1480;1497;1441;1512;1516;1611;1528;1530;1476;1505
25;1982;1794;1677;1635;1621;1581;1662;1634;1578;1544;1556;1510;1563;1535;1623;1574;1547;1500
26;2167;2020;1853;1751;1689;1687;1666;1745;1706;1691;1616;1616;1560;1592;1577;1649;1606;1571
27;2252;2199;2096;1885;1793;1739;1753;1764;1805;1784;1737;1664;1670;1574;1618;1627;1674;1608
28;2267;2289;2294;2133;1922;1894;1818;1847;1813;1857;1836;1797;1695;1690;1575;1670;1658;1679
29;2286;2328;2344;2345;2147;1987;1953;1909;1917;1877;1910;1883;1835;1719;1705;1643;1715;1676
30;2370;2341;2398;2397;2371;2216;2073;2059;1971;1980;1891;1953;1902;1875;1739;1746;1664;1733
31;2485;2402;2396;2418;2417;2421;2317;2160;2120;1996;2030;1957;2000;1926;1877;1754;1782;1691
32;2450;2531;2469;2458;2475;2507;2573;2389;2244;2171;2064;2061;1984;2021;1955;1932;1796;1798
33;2454;2488;2578;2503;2470;2572;2613;2639;2460;2284;2229;2092;2055;2015;2047;2007;1945;1833
34;2336;2505;2576;2618;2564;2539;2667;2662;2670;2533;2330;2278;2122;2090;2027;2068;2044;1957
35;2457;2366;2576;2636;2648;2630;2608;2709;2698;2698;2573;2369;2296;2167;2092;2047;2075;2053
36;2416;2488;2447;2649;2683;2727;2668;2646;2739;2730;2719;2579;2404;2333;2186;2111;2063;2121
37;2604;2423;2528;2481;2682;2710;2770;2727;2666;2752;2750;2733;2610;2420;2349;2203;2137;2082
38;2358;2620;2465;2577;2531;2698;2734;2834;2747;2692;2773;2794;2743;2639;2447;2388;2222;2161
39;2306;2387;2664;2509;2625;2558;2754;2773;2852;2793;2672;2811;2832;2749;2669;2477;2385;2243
40;2243;2336;2430;2708;2520;2664;2595;2791;2778;2876;2803;2720;2822;2851;2771;2692;2499;2401
41;2206;2249;2374;2480;2730;2555;2675;2642;2829;2824;2901;2843;2735;2819;2850;2785;2690;2530
42;2162;2220;2291;2419;2500;2757;2582;2684;2655;2859;2838;2909;2876;2754;2834;2864;2789;2719
43;2100;2178;2246;2328;2441;2536;2790;2613;2712;2682;2871;2857;2923;2870;2768;2851;2871;2797
44;1982;2117;2218;2273;2351;2461;2540;2802;2644;2741;2704;2895;2898;2936;2856;2778;2858;2898
45;1936;2004;2154;2238;2306;2380;2502;2599;2840;2682;2765;2728;2903;2897;2960;2862;2792;2866
46;1936;1937;2039;2183;2248;2337;2420;2524;2640;2890;2692;2787;2739;2909;2896;2964;2875;2812
47;1953;1955;1980;2073;2203;2272;2341;2470;2562;2676;2902;2711;2803;2743;2912;2900;2975;2879
48;1871;1955;1972;2002;2096;2248;2299;2378;2495;2605;2678;2947;2725;2806;2737;2903;2894;2992
49;1927;1881;1994;2002;2026;2131;2260;2337;2418;2515;2598;2693;2974;2727;2797;2753;2907;2880
50;1924;1941;1901;2008;1993;2036;2153;2306;2349;2436;2539;2620;2718;2980;2734;2788;2764;2922
51;1991;1919;1964;1928;2021;2026;2062;2190;2331;2394;2445;2554;2628;2709;2985;2723;2788;2798
52;1969;1987;1937;1973;1940;2018;2039;2102;2216;2350;2401;2458;2550;2618;2705;2999;2717;2796
53;2113;1978;2009;1962;1970;1957;2026;2059;2125;2232;2361;2393;2467;2569;2626;2716;3016;2711
54;2082;2121;2009;2028;1970;1969;1956;2045;2076;2148;2251;2379;2408;2453;2565;2613;2713;3022
55;2113;2089;2128;2030;2026;1977;1974;1976;2050;2131;2155;2252;2394;2412;2476;2563;2606;2726
56;1724;2125;2103;2147;2043;2020;1986;1986;1995;2072;2149;2176;2266;2403;2407;2487;2550;2622
57;1777;1730;2132;2096;2151;2059;2023;2020;1996;1996;2086;2167;2198;2267;2384;2410;2482;2543
58;1835;1765;1742;2129;2098;2166;2076;2041;2036;2019;2009;2100;2173;2204;2249;2395;2406;2490
59;1673;1842;1770;1740;2131;2107;2171;2100;2050;2070;2032;2013;2110;2171;2184;2263;2397;2430
60;1751;1671;1842;1765;1744;2144;2115;2170;2110;2047;2071;2038;2040;2100;2163;2184;2269;2405
61;1952;1745;1673;1837;1771;1751;2154;2127;2183;2112;2058;2073;2057;2055;2098;2156;2184;2289
62;1840;1954;1739;1685;1840;1780;1745;2168;2137;2196;2105;2068;2066;2050;2031;2085;2150;2184
63;2012;1843;1950;1731;1681;1826;1771;1734;2161;2144;2185;2100;2084;2060;2038;2047;2086;2162
64;1813;2009;1839;1945;1727;1672;1824;1779;1733;2168;2146;2177;2113;2079;2060;2025;2034;2093
65;1676;1808;2011;1833;1945;1729;1678;1818;1775;1739;2176;2153;2165;2100;2065;2060;2018;2035
66;1787;1673;1808;2007;1837;1939;1720;1668;1821;1761;1734;2170;2151;2170;2096;2073;2054;2009
67;1796;1780;1672;1810;2008;1819;1936;1730;1665;1811;1754;1725;2153;2136;2163;2094;2064;2044
68;1619;1796;1768;1658;1806;2007;1814;1927;1716;1650;1804;1751;1708;2136;2121;2155;2097;2043
69;1560;1616;1792;1770;1650;1802;1994;1811;1925;1705;1647;1803;1736;1699;2126;2107;2151;2083
70;1689;1550;1601;1792;1760;1632;1791;1983;1804;1919;1700;1635;1788;1726;1684;2119;2107;2143
71;1755;1679;1540;1582;1774;1755;1632;1781;1977;1802;1908;1687;1629;1776;1706;1672;2109;2079
72;1481;1746;1662;1522;1579;1757;1736;1626;1770;1955;1798;1891;1674;1615;1761;1693;1649;2099
73;1555;1467;1736;1648;1494;1565;1728;1725;1610;1760;1946;1774;1876;1657;1596;1740;1670;1642
74;1513;1544;1451;1713;1628;1473;1544;1719;1700;1582;1746;1924;1759;1850;1626;1579;1718;1665
75;1554;1494;1521;1427;1695;1611;1457;1520;1703;1689;1563;1713;1898;1746;1835;1617;1564;1683
76;1487;1523;1474;1496;1401;1669;1582;1445;1502;1671;1663;1546;1681;1858;1723;1829;1599;1537
77;1393;1465;1482;1456;1479;1383;1639;1543;1429;1462;1641;1629;1514;1653;1832;1700;1800;1580
78;1481;1372;1444;1448;1428;1443;1351;1600;1501;1399;1426;1622;1587;1489;1620;1806;1656;1758
79;1393;1442;1345;1403;1421;1403;1399;1323;1569;1486;1364;1399;1593;1558;1454;1599;1762;1633
80;1326;1358;1410;1308;1359;1388;1371;1363;1285;1532;1442;1334;1367;1549;1498;1413;1558;1722
81;1249;1296;1310;1377;1272;1308;1322;1322;1309;1252;1480;1393;1293;1328;1503;1462;1376;1508
82;817;1203;1236;1261;1330;1227;1259;1270;1264;1252;1214;1427;1348;1262;1277;1448;1412;1332
83;556;778;1149;1196;1195;1271;1169;1193;1220;1215;1187;1154;1360;1294;1204;1237;1401;1365
84;506;532;732;1072;1149;1119;1203;1105;1151;1150;1151;1143;1110;1323;1232;1144;1194;1333
85;606;474;485;692;1005;1093;1041;1121;1048;1092;1077;1074;1075;1050;1244;1165;1083;1129
86;772;566;424;448;636;933;1002;957;1045;958;1009;1004;1010;1002;984;1160;1071;1004
87;715;707;525;393;407;584;860;901;899;950;883;930;926;951;934;927;1088;993
88;585;643;623;463;358;371;517;757;813;805;864;791;860;865;855;871;848;1011
89;568;519;556;557;424;323;341;457;685;740;713;768;708;759;779;774;777;775
90;416;492;447;471;491;368;290;298;388;621;660;626;698;644;659;697;685;691
91;342;355;423;401;402;421;321;260;258;336;524;579;545;607;555;571;606;606
92;236;286;280;361;333;332;358;267;230;218;288;445;506;448;524;471;473;528
93;204;194;237;236;299;289;270;289;235;180;173;237;382;436;370;427;388;390
94;135;159;148;194;184;241;229;220;244;184;141;137;192;334;359;312;355;318
95;90;101;125;116;141;153;174;185;187;192;148;110;99;149;256;286;237;284
96;73;58;81;97;73;107;114;134;141;146;139;103;82;76;119;199;216;183
97;48;52;35;57;77;52;75;92;103;112;116;105;76;64;55;91;149;167
98;39;41;38;30;36;53;39;56;81;76;90;87;77;56;47;36;58;109
99;31;25;30;23;20;22;36;26;36;59;51;64;65;56;36;34;25;43
100 e oltre;24;34;38;46;37;30;36;44;53;59;77;81;89;94;89;90;68;65
Totale;149341;150706;152758;155085;156732;158829;160969;163566;165677;167761;168984;170538;171732;172340;172506;173206;173318;173782

"Ricostruzione della popolazione intercensuaria - Popolazione al 1° gennaio per età"
"Cittadinanza italiana - Provincia: Rimini"
Età/Anno;2002;2003;2004;2005;2006;2007;2008;2009;2010;2011;2012;2013;2014;2015;2016;2017;2018;2019
Età;Totale
0;2568;2629;2609;2583;2652;2589;2681;2726;2596;2658;2481;2459;2404;2313;2241;2092;2033;1939
1;2520;2586;2624;2663;2596;2670;2615;2733;2731;2614;2649;2478;2460;2398;2355;2289;2121;2077
2;2519;2557;2606;2662;2651;2629;2683;2650;2734;2730;2632;2651;2502;2460;2417;2403;2311;2173
3;2312;2581;2595;2651;2665;2662;2619;2713;2666;2765;2728;2651;2699;2514;2513;2471;2425;2343
4;2378;2336;2601;2644;2660;2656;2659;2622;2707;2697;2779;2751;2681;2721;2539;2561;2503;2453
5;2380;2396;2355;2622;2666;2676;2642;2670;2626;2715;2708;2789;2772;2707;2753;2598;2586;2532
6;2356;2412;2421;2417;2641;2685;2682;2653;2654;2629;2726;2732;2808;2806;2729;2844;2628;2599
7;2310;2379;2436;2453;2432;2648;2706;2696;2654;2660;2627;2728;2767;2827;2840;2793;2876;2636
8;2303;2343;2388;2485;2469;2443;2656;2716;2695;2666;2659;2637;2753;2785;2878;2892;2829;2897
9;2367;2315;2360;2430;2504;2486;2451;2668;2719;2696;2664;2669;2661;2773;2797;2922;2910;2844
10;2488;2390;2335;2416;2438;2528;2508;2470;2680;2743;2717;2678;2693;2693;2805;2833;2951;2921
11;2449;2506;2408;2366;2432;2434;2528;2523;2473;2710;2750;2732;2704;2708;2720;2847;2845;2964
12;2389;2462;2502;2411;2386;2446;2437;2529;2535;2471;2710;2765;2753;2729;2746;2759;2861;2862
13;2347;2406;2482;2517;2415;2405;2451;2444;2540;2540;2476;2709;2770;2765;2756;2775;2769;2877
14;2148;2358;2425;2493;2518;2450;2412;2456;2447;2540;2549;2493;2737;2785;2795;2804;2786;2784
15;2288;2164;2366;2442;2518;2530;2453;2416;2458;2445;2546;2548;2503;2752;2798;2825;2815;2790
16;2431;2298;2180;2376;2455;2540;2548;2459;2436;2484;2453;2567;2569;2521;2777;2820;2836;2819
17;2506;2437;2301;2188;2387;2476;2552;2565;2471;2465;2501;2460;2578;2574;2538;2808;2839;2840
18;2601;2514;2443;2315;2201;2410;2480;2554;2569;2487;2511;2522;2494;2610;2609;2602;2844;2893
19;2707;2630;2524;2457;2335;2214;2421;2485;2558;2594;2506;2533;2540;2520;2626;2644;2618;2866
20;2727;2732;2659;2555;2461;2338;2230;2429;2498;2574;2594;2517;2554;2532;2528;2631;2646;2626
21;2735;2772;2755;2664;2561;2485;2354;2258;2436;2509;2586;2613;2528;2570;2523;2543;2660;2653
22;2932;2771;2789;2771;2699;2578;2507;2358;2267;2457;2519;2612;2640;2533;2581;2531;2558;2654
23;3152;2970;2791;2819;2793;2725;2588;2534;2381;2294;2494;2539;2636;2661;2567;2594;2574;2581
24;3421;3180;3005;2824;2853;2858;2733;2597;2550;2409;2315;2528;2565;2647;2679;2601;2627;2599
25;3724;3471;3174;3013;2867;2884;2894;2753;2624;2591;2453;2352;2545;2582;2663;2724;2626;2627
26;4049;3756;3509;3230;3050;2915;2921;2941;2795;2704;2642;2489;2377;2563;2602;2690;2751;2640
27;4221;4091;3772;3497;3267;3095;2950;2961;2948;2852;2727;2655;2512;2398;2611;2627;2699;2735
28;4312;4269;4119;3773;3531;3357;3143;2991;2980;3000;2899;2778;2676;2534;2418;2644;2668;2709
29;4350;4371;4286;4137;3810;3603;3398;3184;3032;3016;3068;2939;2817;2701;2556;2497;2671;2701
30;4552;4385;4391;4298;4152;3849;3679;3479;3231;3085;3026;3095;2956;2846;2718;2611;2538;2706
31;4557;4566;4400;4363;4309;4169;3927;3743;3508;3276;3139;3101;3135;3005;2876;2745;2675;2591
32;4664;4600;4631;4422;4383;4379;4322;3993;3810;3571;3379;3170;3147;3186;3039;2958;2787;2704
33;4612;4724;4651;4661;4445;4517;4522;4366;4056;3858;3663;3408;3174;3183;3219;3108;2979;2843
34;4616;4678;4779;4688;4680;4543;4715;4568;4442;4137;3986;3709;3426;3227;3235;3271;3172;3017
35;4795;4657;4739;4805;4731;4802;4717;4738;4597;4490;4263;4008;3728;3476;3258;3308;3305;3222
36;4677;4889;4727;4796;4857;4810;4874;4726;4750;4634;4565;4281;4029;3773;3516;3351;3330;3372
37;4966;4701;4918;4753;4800;4874;4865;4890;4725;4760;4685;4597;4322;4057;3816;3571;3407;3375
38;4532;5011;4744;4947;4782;4812;4906;4903;4903;4731;4778;4741;4624;4336;4093;3909;3628;3451
39;4462;4568;5045;4765;4968;4819;4839;4919;4912;4924;4724;4839;4787;4648;4372;4173;3952;3669
40;4304;4483;4590;5060;4779;5008;4822;4855;4902;4938;4925;4774;4875;4829;4701;4441;4209;3990
41;4176;4328;4502;4643;5098;4803;5017;4836;4872;4911;4942;4957;4812;4915;4865;4752;4479;4249
42;4123;4203;4346;4517;4645;5137;4831;5002;4835;4899;4941;4954;5000;4850;4970;4955;4796;4532
43;3953;4154;4217;4373;4550;4681;5163;4860;5001;4866;4938;4986;4980;5012;4879;5030;4987;4811
44;3889;3997;4176;4228;4384;4575;4694;5174;4880;5029;4922;4971;5023;5004;5035;4924;5049;5026
45;3808;3917;4020;4201;4235;4413;4599;4718;5169;4893;5051;4936;4993;5037;5028;5065;4936;5060
46;3755;3830;3937;4036;4204;4272;4416;4582;4733;5185;4926;5080;4957;5020;5059;5083;5101;4953
47;3703;3783;3842;3959;4049;4242;4251;4439;4596;4740;5216;4949;5105;4975;5038;5089;5098;5106
48;3522;3724;3773;3856;3971;4070;4253;4258;4429;4601;4736;5248;4953;5106;4990;5072;5108;5111
49;3650;3549;3746;3769;3876;3996;4061;4278;4269;4438;4594;4758;5259;4969;5111;5011;5084;5105
50;3726;3652;3555;3762;3757;3881;3994;4079;4270;4265;4436;4624;4773;5275;4987;5133;5016;5093
51;3837;3721;3659;3573;3758;3775;3890;3999;4080;4275;4270;4457;4626;4765;5292;5014;5129;5050
52;3823;3834;3720;3664;3590;3755;3771;3902;4000;4086;4280;4269;4461;4634;4776;5327;5016;5122
53;4088;3828;3850;3745;3656;3595;3758;3769;3901;3999;4089;4282;4255;4459;4640;4798;5336;5006
54;4011;4093;3848;3842;3750;3657;3587;3757;3778;3921;3999;4096;4265;4263;4462;4652;4796;5320
55;4043;4027;4100;3854;3845;3751;3648;3580;3738;3792;3921;4000;4083;4267;4300;4446;4636;4798
56;3275;4056;4035;4127;3859;3836;3735;3646;3583;3731;3784;3913;3996;4089;4276;4319;4426;4643
57;3325;3279;4048;4023;4126;3863;3830;3730;3650;3580;3733;3790;3898;3992;4084;4279;4326;4417
58;3577;3317;3282;4042;4015;4133;3861;3831;3723;3650;3584;3722;3783;3884;3982;4093;4279;4328
59;3220;3578;3320;3276;4038;4019;4129;3861;3820;3733;3653;3584;3704;3764;3870;3997;4099;4284
60;3388;3229;3578;3309;3268;4061;3999;4119;3851;3809;3718;3640;3592;3685;3761;3864;3998;4095
61;3695;3377;3237;3563;3315;3255;4048;3990;4106;3851;3804;3688;3624;3587;3679;3754;3861;4011
62;3580;3684;3367;3235;3552;3324;3239;4021;3993;4101;3848;3791;3673;3595;3555;3661;3728;3852
63;3821;3586;3669;3343;3216;3531;3307;3220;4002;3995;4082;3840;3782;3660;3585;3551;3645;3726
64;3475;3813;3576;3649;3339;3191;3512;3308;3197;4010;3985;4074;3828;3782;3649;3565;3515;3638
65;3149;3459;3807;3546;3630;3321;3178;3482;3282;3195;3992;3971;4049;3797;3750;3632;3546;3521
66;3313;3123;3459;3781;3525;3612;3296;3153;3458;3262;3175;3983;3952;4023;3788;3737;3606;3519
67;3281;3296;3109;3438;3765;3492;3602;3276;3119;3433;3256;3148;3933;3918;3998;3768;3718;3594
68;3058;3264;3254;3061;3413;3731;3461;3567;3246;3091;3405;3226;3110;3902;3900;3959;3759;3686
69;2932;3038;3244;3234;3037;3383;3699;3438;3550;3231;3079;3385;3177;3080;3879;3874;3933;3723
70;3093;2900;3005;3221;3215;2998;3336;3672;3414;3523;3211;3044;3338;3132;3047;3846;3845;3896
71;3184;3064;2853;2953;3180;3179;2987;3289;3635;3380;3486;3177;3007;3307;3090;3018;3821;3795
72;2683;3146;3013;2806;2925;3146;3113;2958;3249;3582;3351;3441;3134;2962;3267;3060;2987;3792
73;2750;2636;3113;2968;2742;2878;3094;3071;2898;3217;3541;3294;3388;3080;2926;3219;3011;2971
74;2726;2712;2580;3057;2922;2686;2821;3047;3020;2848;3187;3485;3238;3315;3020;2878;3168;2985
75;2697;2668;2656;2527;2986;2880;2635;2772;3001;2981;2804;3108;3420;3196;3270;2971;2842;3097
76;2582;2632;2601;2590;2471;2916;2808;2594;2714;2929;2926;2741;3041;3330;3126;3219;2918;2781
77;2414;2518;2545;2537;2532;2415;2829;2721;2541;2644;2862;2859;2673;2975;3254;3065;3146;2869
78;2475;2343;2452;2473;2467;2442;2349;2759;2622;2459;2563;2807;2766;2624;2893;3190;2983;3048
79;2239;2384;2267;2353;2396;2395;2357;2274;2659;2561;2367;2489;2731;2681;2541;2817;3107;2923
80;2150;2154;2285;2174;2262;2308;2313;2264;2200;2552;2458;2294;2405;2635;2570;2450;2725;3018
81;2056;2058;2055;2185;2093;2153;2183;2205;2162;2119;2425;2366;2194;2315;2531;2479;2368;2620
82;1256;1941;1947;1958;2080;1983;2037;2081;2094;2050;2043;2317;2259;2097;2205;2419;2357;2263
83;826;1172;1785;1870;1834;1964;1860;1894;1960;1983;1941;1924;2187;2141;1971;2097;2305;2258
84;751;776;1085;1642;1772;1695;1832;1722;1797;1841;1823;1839;1826;2098;2017;1860;1992;2175
85;954;693;707;1012;1521;1658;1560;1695;1607;1683;1710;1676;1708;1698;1944;1876;1738;1862
86;1118;872;620;649;923;1392;1517;1423;1565;1457;1547;1577;1550;1585;1579;1783;1700;1612
87;1071;1015;795;563;588;855;1272;1348;1316;1434;1333;1407;1432;1437;1448;1472;1638;1565
88;842;956;879;700;508;537;753;1117;1196;1173;1295;1183;1289;1307;1273;1327;1333;1486
89;793;725;815;763;633;451;486;652;1006;1083;1038;1142;1044;1139;1135;1133;1163;1192
90;581;687;608;685;665;537;400;413;557;889;942;901;1010;924;973;1010;985;1015
91;481;488;582;539;566;565;455;349;348;467;734;816;776;871;785;825;852;858
92;334;385;381;481;443;457;474;373;303;294;386;613;696;643;724;663;667;737
93;266;275;312;317;392;377;376;390;315;245;230;312;515;584;516;597;543;545
94;182;202;206;255;239;314;294;303;317;246;194;179;248;430;469;429;486;431
95;119;132;159;159;181;194;232;237;252;255;198;148;129;188;330;373;317;380
96;92;77;104;120;103;139;148;178;175;191;186;142;112;100;144;251;276;242
97;63;64;48;71;89;76;96;117;137;137;151;137;101;89;72;111;186;210
98;51;52;47;39;45;59;52;69;104;102;108;111;96;78;63;48;72;131
99;34;30;39;29;26;26;39;34;44;73;63;81;78;70;45;43;33;54
100 e oltre;30;42;42;55;44;36;43;47;60;73;97;95;109;114;103;103;74;75
Totale;280816;282882;284297;285832;287108;289063;290670;291877;292695;294162;295361;296324;297047;297702;298322;300146;300492;300839
Età/Anno;2002;2003;2004;2005;2006;2007;2008;2009;2010;2011;2012;2013;2014;2015;2016;2017;2018;2019
Età;Maschi
0;1311;1382;1332;1297;1353;1344;1380;1401;1293;1341;1249;1272;1263;1181;1129;1028;1056;1045
1;1296;1310;1376;1355;1303;1374;1363;1397;1395;1314;1332;1250;1269;1253;1215;1160;1043;1079
2;1304;1313;1313;1384;1342;1322;1379;1375;1398;1393;1315;1327;1264;1274;1268;1242;1173;1075
3;1175;1344;1335;1340;1384;1339;1314;1394;1382;1420;1393;1318;1349;1264;1307;1300;1257;1184
4;1171;1195;1348;1359;1353;1383;1332;1317;1390;1390;1431;1404;1336;1365;1278;1333;1324;1275
5;1242;1181;1202;1360;1369;1360;1374;1344;1316;1390;1402;1446;1427;1353;1380;1301;1351;1349
6;1252;1257;1195;1232;1372;1393;1359;1380;1334;1322;1398;1422;1466;1434;1365;1433;1330;1359
7;1213;1268;1272;1206;1240;1386;1403;1371;1385;1345;1324;1401;1444;1475;1457;1399;1454;1325
8;1183;1228;1269;1300;1220;1243;1387;1410;1368;1391;1340;1337;1423;1446;1500;1477;1421;1464
9;1223;1193;1231;1278;1304;1232;1249;1398;1407;1362;1383;1350;1344;1424;1451;1523;1487;1429
10;1258;1240;1207;1254;1286;1324;1249;1252;1402;1423;1371;1394;1351;1362;1438;1468;1531;1489
11;1240;1265;1244;1226;1257;1285;1320;1254;1256;1413;1424;1380;1404;1358;1364;1456;1481;1542
12;1244;1249;1267;1242;1240;1264;1283;1317;1260;1258;1414;1431;1389;1415;1375;1376;1458;1492
13;1224;1246;1259;1282;1245;1255;1267;1289;1323;1261;1259;1414;1433;1393;1431;1393;1387;1472
14;1099;1238;1253;1264;1286;1269;1265;1263;1291;1326;1272;1272;1416;1443;1401;1459;1401;1399
15;1159;1109;1247;1270;1280;1292;1277;1268;1260;1292;1328;1273;1278;1422;1453;1417;1460;1406
16;1243;1167;1117;1255;1286;1287;1306;1284;1279;1273;1296;1342;1285;1280;1434;1463;1427;1459
17;1289;1254;1165;1124;1265;1298;1289;1315;1288;1297;1281;1298;1353;1286;1286;1448;1472;1427
18;1314;1286;1253;1174;1134;1273;1301;1291;1319;1308;1326;1292;1311;1369;1302;1317;1468;1495
19;1358;1322;1293;1262;1182;1141;1288;1308;1291;1333;1318;1343;1304;1332;1379;1320;1330;1473
20;1434;1372;1323;1305;1251;1183;1151;1296;1316;1300;1337;1319;1352;1301;1338;1384;1321;1332
21;1358;1446;1385;1314;1302;1259;1186;1161;1294;1323;1312;1352;1319;1350;1299;1348;1401;1320
22;1478;1374;1463;1397;1333;1308;1276;1185;1167;1305;1322;1320;1368;1317;1350;1302;1349;1395
23;1592;1498;1384;1490;1415;1352;1315;1283;1193;1181;1327;1334;1334;1373;1341;1365;1316;1369
24;1762;1617;1535;1400;1501;1438;1356;1323;1295;1214;1189;1347;1351;1334;1373;1352;1371;1331
25;1864;1784;1630;1534;1422;1505;1448;1356;1343;1328;1239;1203;1352;1358;1341;1388;1366;1362
26;2034;1878;1815;1654;1552;1442;1516;1473;1369;1377;1348;1249;1209;1359;1349;1360;1397;1373
27;2117;2057;1869;1806;1676;1586;1462;1534;1478;1403;1386;1355;1261;1226;1376;1356;1359;1392
28;2199;2156;2055;1876;1836;1706;1608;1494;1549;1514;1419;1412;1366;1276;1242;1374;1372;1364
29;2218;2214;2172;2074;1919;1879;1727;1633;1508;1566;1548;1448;1435;1372;1282;1268;1379;1392
30;2332;2226;2224;2166;2090;1933;1912;1765;1662;1533;1564;1568;1465;1430;1377;1317;1285;1392
31;2232;2336;2226;2213;2188;2090;1965;1947;1781;1683;1543;1613;1584;1498;1457;1386;1336;1305
32;2361;2245;2372;2232;2216;2203;2140;1992;1979;1808;1722;1559;1639;1613;1502;1489;1407;1341
33;2312;2395;2265;2395;2252;2276;2278;2155;2013;1987;1838;1730;1570;1639;1623;1525;1500;1432
34;2404;2332;2406;2280;2389;2298;2389;2297;2206;2033;2045;1855;1727;1594;1662;1647;1555;1519
35;2456;2413;2348;2408;2311;2459;2395;2392;2311;2220;2099;2052;1858;1744;1617;1695;1670;1587
36;2401;2512;2444;2376;2426;2334;2493;2390;2398;2327;2264;2117;2053;1867;1752;1668;1706;1697
37;2464;2413;2529;2448;2367;2430;2366;2495;2398;2393;2348;2274;2138;2063;1889;1780;1684;1724
38;2277;2493;2432;2536;2454;2386;2450;2377;2506;2401;2402;2362;2289;2133;2066;1940;1812;1708
39;2269;2281;2508;2441;2542;2475;2393;2457;2399;2504;2391;2445;2383;2300;2144;2098;1968;1840
40;2163;2269;2290;2500;2447;2553;2464;2405;2459;2421;2494;2408;2459;2403;2323;2175;2120;1988
41;2055;2180;2281;2315;2531;2452;2564;2468;2413;2466;2418;2502;2438;2486;2424;2339;2199;2139
42;2057;2069;2185;2286;2312;2558;2458;2554;2474;2431;2482;2431;2524;2449;2518;2475;2369;2226
43;1933;2074;2084;2208;2307;2322;2576;2478;2555;2503;2460;2511;2444;2533;2455;2548;2496;2374
44;1976;1959;2085;2095;2213;2320;2347;2589;2489;2578;2541;2482;2515;2452;2559;2486;2557;2513
45;1928;1985;1968;2106;2092;2222;2330;2355;2585;2493;2587;2551;2500;2518;2464;2579;2489;2563
46;1874;1948;2000;1971;2103;2118;2210;2312;2353;2592;2525;2601;2567;2515;2530;2482;2601;2496
47;1813;1889;1946;2005;1984;2120;2113;2221;2317;2349;2609;2533;2615;2575;2530;2543;2483;2609
48;1710;1828;1880;1959;2008;1979;2123;2115;2213;2306;2344;2628;2530;2614;2587;2553;2559;2487
49;1780;1725;1836;1875;1969;2011;1977;2135;2123;2216;2308;2356;2629;2540;2617;2588;2564;2570
50;1844;1769;1721;1851;1876;1971;2007;1983;2130;2123;2216;2330;2368;2635;2551;2627;2585;2557
51;1899;1839;1775;1725;1844;1878;1972;2006;1987;2132;2132;2233;2337;2366;2638;2568;2617;2598
52;1900;1899;1840;1775;1741;1846;1878;1971;2005;1990;2141;2127;2236;2349;2374;2658;2567;2610
53;2024;1901;1902;1850;1764;1744;1847;1876;1970;2006;1989;2147;2126;2228;2344;2384;2657;2559
54;1972;2020;1909;1892;1849;1770;1739;1845;1880;1984;2007;1996;2133;2132;2226;2355;2376;2639
55;1968;1979;2028;1903;1900;1844;1769;1726;1837;1877;1984;2008;1991;2135;2145;2218;2345;2375
56;1587;1970;1980;2045;1900;1899;1825;1766;1731;1833;1866;1983;2010;1995;2146;2150;2212;2350
57;1587;1585;1964;1978;2043;1901;1894;1812;1775;1732;1832;1870;1970;2007;1991;2147;2152;2211
58;1766;1587;1577;1960;1973;2042;1894;1893;1806;1770;1727;1829;1864;1959;2000;1994;2141;2152
59;1584;1761;1584;1574;1955;1971;2043;1886;1882;1806;1775;1726;1818;1858;1953;2011;1998;2134
60;1669;1591;1761;1580;1563;1970;1948;2042;1875;1879;1795;1769;1724;1807;1857;1946;2006;1987
61;1773;1662;1596;1755;1581;1550;1955;1939;2028;1875;1870;1776;1754;1714;1796;1846;1943;2012
62;1759;1759;1658;1584;1741;1580;1541;1921;1938;2021;1878;1858;1775;1730;1699;1779;1830;1936
63;1837;1764;1754;1643;1572;1732;1573;1532;1913;1941;2011;1869;1854;1765;1725;1692;1765;1823
64;1680;1829;1759;1739;1639;1553;1716;1568;1515;1920;1934;2010;1859;1853;1760;1712;1672;1756
65;1492;1672;1821;1736;1720;1620;1537;1699;1548;1509;1900;1912;2002;1839;1834;1747;1700;1679
66;1551;1468;1671;1798;1714;1711;1606;1524;1679;1541;1497;1896;1896;1977;1832;1821;1732;1682
67;1506;1543;1454;1654;1783;1702;1704;1584;1502;1663;1543;1487;1866;1875;1956;1817;1810;1730
68;1451;1488;1516;1418;1635;1753;1676;1682;1566;1488;1643;1520;1463;1852;1869;1922;1809;1797
69;1385;1434;1470;1491;1411;1610;1733;1658;1668;1560;1480;1625;1488;1440;1835;1855;1902;1786
70;1425;1364;1415;1449;1482;1390;1574;1717;1642;1647;1547;1456;1596;1458;1421;1810;1826;1873
71;1438;1403;1328;1380;1427;1452;1377;1541;1685;1614;1621;1525;1429;1577;1436;1401;1791;1798
72;1220;1410;1369;1301;1356;1410;1407;1360;1518;1655;1590;1595;1496;1393;1554;1422;1386;1774
73;1210;1187;1390;1335;1266;1324;1386;1374;1316;1494;1626;1559;1558;1460;1376;1525;1394;1380
74;1227;1182;1145;1356;1311;1232;1287;1350;1346;1292;1478;1590;1517;1512;1429;1347;1499;1375
75;1155;1187;1148;1115;1304;1285;1198;1261;1320;1317;1266;1433;1555;1489;1482;1393;1323;1461
76;1100;1120;1141;1108;1085;1259;1241;1170;1222;1280;1287;1220;1396;1504;1441;1441;1358;1286
77;1035;1061;1072;1097;1067;1047;1204;1192;1133;1192;1243;1256;1180;1355;1455;1405;1396;1327
78;1010;986;1016;1035;1052;1012;1012;1172;1135;1080;1147;1206;1205;1152;1304;1414;1362;1338
79;850;956;936;957;985;1003;973;965;1103;1089;1022;1101;1160;1147;1103;1251;1373;1320
80;834;800;887;879;910;931;956;916;929;1034;1029;979;1049;1107;1091;1056;1198;1323
81;814;771;747;820;832;852;871;897;867;880;959;986;918;997;1049;1036;1010;1140
82;448;745;717;700;761;768;786;822;841;812;842;902;920;854;937;990;962;950
83;274;402;643;681;643;704;701;710;749;779;766;781;837;856;783;870;922;910
84;250;248;360;575;629;579;640;626;655;700;685;706;728;784;792;729;805;859
85;354;223;225;327;521;571;521;585;567;599;643;614;643;660;708;717;668;742
86;351;312;198;204;293;465;520;470;528;504;547;583;551;593;607;632;635;620
87;364;313;274;172;184;277;416;452;421;490;455;486;515;497;525;557;560;577
88;257;320;260;239;152;169;241;364;386;371;437;398;438;450;429;467;495;483
89;229;206;263;210;211;130;148;199;326;344;327;378;343;388;364;370;396;427
90;167;199;162;217;178;171;112;118;173;273;283;277;315;287;319;320;312;332
91;145;134;163;139;167;148;136;92;93;136;214;238;232;267;236;259;252;262
92;98;105;103;123;111;127;119;108;75;79;103;172;191;196;203;198;197;215
93;63;81;79;83;95;89;108;103;82;67;59;79;136;149;147;173;159;158
94;47;44;58;65;57;74;66;84;75;64;55;43;59;98;111;118;133;117
95;29;31;35;43;42;43;58;53;66;64;52;39;30;42;74;88;81;98
96;19;20;23;23;30;34;36;44;35;45;47;39;31;24;28;52;61;60
97;16;12;14;14;12;24;23;26;34;26;35;32;25;26;17;22;37;43
98;12;12;9;10;9;6;13;14;24;26;19;24;19;22;16;12;16;22
99;3;5;9;6;7;4;3;8;8;14;12;18;13;14;9;9;8;11
100 e oltre;6;8;4;9;7;7;8;4;8;14;20;14;21;21;15;14;6;10
Totale;136335;137382;138051;138752;139499;140495;141371;141975;142380;143238;143903;144583;145023;145256;145592;146470;146742;147042
Età/Anno;2002;2003;2004;2005;2006;2007;2008;2009;2010;2011;2012;2013;2014;2015;2016;2017;2018;2019
Età;Femmine
0;1257;1247;1277;1286;1299;1245;1301;1325;1303;1317;1232;1187;1141;1132;1112;1064;977;894
1;1224;1276;1248;1308;1293;1296;1252;1336;1336;1300;1317;1228;1191;1145;1140;1129;1078;998
2;1215;1244;1293;1278;1309;1307;1304;1275;1336;1337;1317;1324;1238;1186;1149;1161;1138;1098
3;1137;1237;1260;1311;1281;1323;1305;1319;1284;1345;1335;1333;1350;1250;1206;1171;1168;1159
4;1207;1141;1253;1285;1307;1273;1327;1305;1317;1307;1348;1347;1345;1356;1261;1228;1179;1178
5;1138;1215;1153;1262;1297;1316;1268;1326;1310;1325;1306;1343;1345;1354;1373;1297;1235;1183
6;1104;1155;1226;1185;1269;1292;1323;1273;1320;1307;1328;1310;1342;1372;1364;1411;1298;1240
7;1097;1111;1164;1247;1192;1262;1303;1325;1269;1315;1303;1327;1323;1352;1383;1394;1422;1311
8;1120;1115;1119;1185;1249;1200;1269;1306;1327;1275;1319;1300;1330;1339;1378;1415;1408;1433
9;1144;1122;1129;1152;1200;1254;1202;1270;1312;1334;1281;1319;1317;1349;1346;1399;1423;1415
10;1230;1150;1128;1162;1152;1204;1259;1218;1278;1320;1346;1284;1342;1331;1367;1365;1420;1432
11;1209;1241;1164;1140;1175;1149;1208;1269;1217;1297;1326;1352;1300;1350;1356;1391;1364;1422
12;1145;1213;1235;1169;1146;1182;1154;1212;1275;1213;1296;1334;1364;1314;1371;1383;1403;1370
13;1123;1160;1223;1235;1170;1150;1184;1155;1217;1279;1217;1295;1337;1372;1325;1382;1382;1405
14;1049;1120;1172;1229;1232;1181;1147;1193;1156;1214;1277;1221;1321;1342;1394;1345;1385;1385
15;1129;1055;1119;1172;1238;1238;1176;1148;1198;1153;1218;1275;1225;1330;1345;1408;1355;1384
16;1188;1131;1063;1121;1169;1253;1242;1175;1157;1211;1157;1225;1284;1241;1343;1357;1409;1360
17;1217;1183;1136;1064;1122;1178;1263;1250;1183;1168;1220;1162;1225;1288;1252;1360;1367;1413
18;1287;1228;1190;1141;1067;1137;1179;1263;1250;1179;1185;1230;1183;1241;1307;1285;1376;1398
19;1349;1308;1231;1195;1153;1073;1133;1177;1267;1261;1188;1190;1236;1188;1247;1324;1288;1393
20;1293;1360;1336;1250;1210;1155;1079;1133;1182;1274;1257;1198;1202;1231;1190;1247;1325;1294
21;1377;1326;1370;1350;1259;1226;1168;1097;1142;1186;1274;1261;1209;1220;1224;1195;1259;1333
22;1454;1397;1326;1374;1366;1270;1231;1173;1100;1152;1197;1292;1272;1216;1231;1229;1209;1259
23;1560;1472;1407;1329;1378;1373;1273;1251;1188;1113;1167;1205;1302;1288;1226;1229;1258;1212
24;1659;1563;1470;1424;1352;1420;1377;1274;1255;1195;1126;1181;1214;1313;1306;1249;1256;1268
25;1860;1687;1544;1479;1445;1379;1446;1397;1281;1263;1214;1149;1193;1224;1322;1336;1260;1265
26;2015;1878;1694;1576;1498;1473;1405;1468;1426;1327;1294;1240;1168;1204;1253;1330;1354;1267
27;2104;2034;1903;1691;1591;1509;1488;1427;1470;1449;1341;1300;1251;1172;1235;1271;1340;1343
28;2113;2113;2064;1897;1695;1651;1535;1497;1431;1486;1480;1366;1310;1258;1176;1270;1296;1345
29;2132;2157;2114;2063;1891;1724;1671;1551;1524;1450;1520;1491;1382;1329;1274;1229;1292;1309
30;2220;2159;2167;2132;2062;1916;1767;1714;1569;1552;1462;1527;1491;1416;1341;1294;1253;1314
31;2325;2230;2174;2150;2121;2079;1962;1796;1727;1593;1596;1488;1551;1507;1419;1359;1339;1286
32;2303;2355;2259;2190;2167;2176;2182;2001;1831;1763;1657;1611;1508;1573;1537;1469;1380;1363
33;2300;2329;2386;2266;2193;2241;2244;2211;2043;1871;1825;1678;1604;1544;1596;1583;1479;1411
34;2212;2346;2373;2408;2291;2245;2326;2271;2236;2104;1941;1854;1699;1633;1573;1624;1617;1498
35;2339;2244;2391;2397;2420;2343;2322;2346;2286;2270;2164;1956;1870;1732;1641;1613;1635;1635
36;2276;2377;2283;2420;2431;2476;2381;2336;2352;2307;2301;2164;1976;1906;1764;1683;1624;1675
37;2502;2288;2389;2305;2433;2444;2499;2395;2327;2367;2337;2323;2184;1994;1927;1791;1723;1651
38;2255;2518;2312;2411;2328;2426;2456;2526;2397;2330;2376;2379;2335;2203;2027;1969;1816;1743
39;2193;2287;2537;2324;2426;2344;2446;2462;2513;2420;2333;2394;2404;2348;2228;2075;1984;1829
40;2141;2214;2300;2560;2332;2455;2358;2450;2443;2517;2431;2366;2416;2426;2378;2266;2089;2002
41;2121;2148;2221;2328;2567;2351;2453;2368;2459;2445;2524;2455;2374;2429;2441;2413;2280;2110
42;2066;2134;2161;2231;2333;2579;2373;2448;2361;2468;2459;2523;2476;2401;2452;2480;2427;2306
43;2020;2080;2133;2165;2243;2359;2587;2382;2446;2363;2478;2475;2536;2479;2424;2482;2491;2437
44;1913;2038;2091;2133;2171;2255;2347;2585;2391;2451;2381;2489;2508;2552;2476;2438;2492;2513
45;1880;1932;2052;2095;2143;2191;2269;2363;2584;2400;2464;2385;2493;2519;2564;2486;2447;2497
46;1881;1882;1937;2065;2101;2154;2206;2270;2380;2593;2401;2479;2390;2505;2529;2601;2500;2457
47;1890;1894;1896;1954;2065;2122;2138;2218;2279;2391;2607;2416;2490;2400;2508;2546;2615;2497
48;1812;1896;1893;1897;1963;2091;2130;2143;2216;2295;2392;2620;2423;2492;2403;2519;2549;2624
49;1870;1824;1910;1894;1907;1985;2084;2143;2146;2222;2286;2402;2630;2429;2494;2423;2520;2535
50;1882;1883;1834;1911;1881;1910;1987;2096;2140;2142;2220;2294;2405;2640;2436;2506;2431;2536
51;1938;1882;1884;1848;1914;1897;1918;1993;2093;2143;2138;2224;2289;2399;2654;2446;2512;2452
52;1923;1935;1880;1889;1849;1909;1893;1931;1995;2096;2139;2142;2225;2285;2402;2669;2449;2512
53;2064;1927;1948;1895;1892;1851;1911;1893;1931;1993;2100;2135;2129;2231;2296;2414;2679;2447
54;2039;2073;1939;1950;1901;1887;1848;1912;1898;1937;1992;2100;2132;2131;2236;2297;2420;2681
55;2075;2048;2072;1951;1945;1907;1879;1854;1901;1915;1937;1992;2092;2132;2155;2228;2291;2423
56;1688;2086;2055;2082;1959;1937;1910;1880;1852;1898;1918;1930;1986;2094;2130;2169;2214;2293
57;1738;1694;2084;2045;2083;1962;1936;1918;1875;1848;1901;1920;1928;1985;2093;2132;2174;2206
58;1811;1730;1705;2082;2042;2091;1967;1938;1917;1880;1857;1893;1919;1925;1982;2099;2138;2176
59;1636;1817;1736;1702;2083;2048;2086;1975;1938;1927;1878;1858;1886;1906;1917;1986;2101;2150
60;1719;1638;1817;1729;1705;2091;2051;2077;1976;1930;1923;1871;1868;1878;1904;1918;1992;2108
61;1922;1715;1641;1808;1734;1705;2093;2051;2078;1976;1934;1912;1870;1873;1883;1908;1918;1999
62;1821;1925;1709;1651;1811;1744;1698;2100;2055;2080;1970;1933;1898;1865;1856;1882;1898;1916
63;1984;1822;1915;1700;1644;1799;1734;1688;2089;2054;2071;1971;1928;1895;1860;1859;1880;1903
64;1795;1984;1817;1910;1700;1638;1796;1740;1682;2090;2051;2064;1969;1929;1889;1853;1843;1882
65;1657;1787;1986;1810;1910;1701;1641;1783;1734;1686;2092;2059;2047;1958;1916;1885;1846;1842
66;1762;1655;1788;1983;1811;1901;1690;1629;1779;1721;1678;2087;2056;2046;1956;1916;1874;1837
67;1775;1753;1655;1784;1982;1790;1898;1692;1617;1770;1713;1661;2067;2043;2042;1951;1908;1864
68;1607;1776;1738;1643;1778;1978;1785;1885;1680;1603;1762;1706;1647;2050;2031;2037;1950;1889
69;1547;1604;1774;1743;1626;1773;1966;1780;1882;1671;1599;1760;1689;1640;2044;2019;2031;1937
70;1668;1536;1590;1772;1733;1608;1762;1955;1772;1876;1664;1588;1742;1674;1626;2036;2019;2023
71;1746;1661;1525;1573;1753;1727;1610;1748;1950;1766;1865;1652;1578;1730;1654;1617;2030;1997
72;1463;1736;1644;1505;1569;1736;1706;1598;1731;1927;1761;1846;1638;1569;1713;1638;1601;2018
73;1540;1449;1723;1633;1476;1554;1708;1697;1582;1723;1915;1735;1830;1620;1550;1694;1617;1591
74;1499;1530;1435;1701;1611;1454;1534;1697;1674;1556;1709;1895;1721;1803;1591;1531;1669;1610
75;1542;1481;1508;1412;1682;1595;1437;1511;1681;1664;1538;1675;1865;1707;1788;1578;1519;1636
76;1482;1512;1460;1482;1386;1657;1567;1424;1492;1649;1639;1521;1645;1826;1685;1778;1560;1495
77;1379;1457;1473;1440;1465;1368;1625;1529;1408;1452;1619;1603;1493;1620;1799;1660;1750;1542
78;1465;1357;1436;1438;1415;1430;1337;1587;1487;1379;1416;1601;1561;1472;1589;1776;1621;1710
79;1389;1428;1331;1396;1411;1392;1384;1309;1556;1472;1345;1388;1571;1534;1438;1566;1734;1603
80;1316;1354;1398;1295;1352;1377;1357;1348;1271;1518;1429;1315;1356;1528;1479;1394;1527;1695
81;1242;1287;1308;1365;1261;1301;1312;1308;1295;1239;1466;1380;1276;1318;1482;1443;1358;1480
82;808;1196;1230;1258;1319;1215;1251;1259;1253;1238;1201;1415;1339;1243;1268;1429;1395;1313
83;552;770;1142;1189;1191;1260;1159;1184;1211;1204;1175;1143;1350;1285;1188;1227;1383;1348
84;501;528;725;1067;1143;1116;1192;1096;1142;1141;1138;1133;1098;1314;1225;1131;1187;1316
85;600;470;482;685;1000;1087;1039;1110;1040;1084;1067;1062;1065;1038;1236;1159;1070;1120
86;767;560;422;445;630;927;997;953;1037;953;1000;994;999;992;972;1151;1065;992
87;707;702;521;391;404;578;856;896;895;944;878;921;917;940;923;915;1078;988
88;585;636;619;461;356;368;512;753;810;802;858;785;851;857;844;860;838;1003
89;564;519;552;553;422;321;338;453;680;739;711;764;701;751;771;763;767;765
90;414;488;446;468;487;366;288;295;384;616;659;624;695;637;654;690;673;683
91;336;354;419;400;399;417;319;257;255;331;520;578;544;604;549;566;600;596
92;236;280;278;358;332;330;355;265;228;215;283;441;505;447;521;465;470;522
93;203;194;233;234;297;288;268;287;233;178;171;233;379;435;369;424;384;387
94;135;158;148;190;182;240;228;219;242;182;139;136;189;332;358;311;353;314
95;90;101;124;116;139;151;174;184;186;191;146;109;99;146;256;285;236;282
96;73;57;81;97;73;105;112;134;140;146;139;103;81;76;116;199;215;182
97;47;52;34;57;77;52;73;91;103;111;116;105;76;63;55;89;149;167
98;39;40;38;29;36;53;39;55;80;76;89;87;77;56;47;36;56;109
99;31;25;30;23;19;22;36;26;36;59;51;63;65;56;36;34;25;43
100 e oltre;24;34;38;46;37;29;35;43;52;59;77;81;88;93;88;89;68;65
Totale;144481;145500;146246;147080;147609;148568;149299;149902;150315;150924;151458;151741;152024;152446;152730;153676;153750;153797

"Ricostruzione della popolazione intercensuaria - Popolazione al 1° gennaio per età"
"Cittadinanza straniera - Provincia: Rimini"
Età/Anno;2002;2003;2004;2005;2006;2007;2008;2009;2010;2011;2012;2013;2014;2015;2016;2017;2018;2019
Età;Totale
0;128;172;178;249;307;339;397;512;497;529;491;548;510;497;503;456;396;392
1;130;138;178;218;265;319;351;415;507;477;514;506;534;522;472;447;430;374
2;112;140;159;227;227;276;332;362;426;491;460;526;502;527;484;447;415;412
3;91;123;149;187;248;242;291;355;375;438;488;499;513;482;498;447;420;413
4;85;105;137;195;201;266;249;308;366;372;433;518;504;492;458;439;415;434
5;86;92;116;180;215;218;283;263;323;363;356;449;510;484;463;428;417;413
6;94;102;114;154;204;235;229;285;276;347;360;379;443;481;462;414;409;413
7;84;100;116;156;188;234;251;258;295;276;351;380;376;426;442;420;398;410
8;95;94;107;150;182;207;261;275;284;300;281;366;369;357;393;379;383;386
9;97;110;118;152;168;213;226;282;287;297;310;296;351;358;345;353;363;379
10;87;113;131;164;184;199;231;264;309;292;307;320;290;337;336;307;329;373
11;82;90;130;175;195;205;211;263;284;314;295;327;299;284;316;309;297;323
12;79;96;103;171;215;226;216;237;277;298;325;310;315;291;265;287;299;307
13;72;84;113;133;217;242;254;241;266;293;312;344;308;296;283;241;288;306
14;82;87;97;155;172;243;271;275;275;283;303;342;334;310;290;247;244;292
15;79;85;91;130;183;199;276;306;296;286;301;322;343;330;308;263;253;258
16;75;95;88;127;175;218;222;307;339;328;300;323;317;341;327;299;262;258
17;75;76;114;133;167;206;253;258;328;369;347;319;336;314;341;306;299;285
18;92;84;81;164;177;192;229;278;286;357;363;354;313;330;317;298;311;282
19;91;88;125;117;193;202;227;271;326;331;397;364;372;323;344;322;327;343
20;114;104;122;163;141;211;258;291;338;384;357;429;394;400;338;355;359;385
21;116;125;171;177;210;169;265;355;355;395;412;408;466;411;404;379;381;398
22;143;134;195;215;195;239;232;352;417;440;441;467;432;481;412;420;402;437
23;138;168;201;267;248;231;311;323;423;478;477;495;520;432;494;421;447;443
24;188;170;225;265;298;299;296;425;426;508;518;554;535;529;439;513;465;503
25;185;200;252;299;330;352;389;416;526;514;565;587;620;548;535;453;529;514
26;247;215;284;329;360;386;459;519;504;615;563;636;645;632;565;549;488;588
27;251;270;342;362;375;417;476;577;607;583;662;629;694;672;619;608;597;536
28;256;282;376;429;409;437;503;600;652;660;627;742;675;721;675;653;641;623
29;265;285;388;457;475;470;510;625;669;707;685;700;793;677;726;691;702;690
30;303;311;390;462;523;547;565;604;689;737;720;751;730;802;690;745;725;743
31;283;347;407;454;527;565;641;685;684;713;751;796;797;733;803;705;736;744
32;292;326;411;479;507;571;661;697;749;710;712;783;826;785;721;797;736;751
33;307;319;384;462;510;544;673;741;756;749;718;748;804;825;781;743;803;767
34;273;329;391;431;526;544;599;724;754;776;716;766;776;816;807;762;743;818
35;283;279;415;453;463;575;569;645;754;754;740;749;790;799;800;796;762;749
36;296;286;354;504;498;499;589;615;689;752;740;763;785;791;789;774;799;787
37;250;299;336;396;547;533;537;645;662;689;745;744;792;773;773;781;754;811
38;209;275;345;384;447;595;576;596;660;671;677;744;753;791;775;758;764;769
39;256;233;335;403;446;474;649;635;635;672;637;702;767;741;801;754;724;782
40;219;283;289;387;431;480;519;698;668;650;657;674;694;760;719;762;745;731
41;192;222;326;328;418;459;505;572;721;703;651;679;682;680;733;691;729;778
42;180;208;260;377;346;448;476;542;599;730;677;680;690;666;655;683;660;736
43;175;178;251;306;396;365;477;498;551;609;700;695;684;676;638;609;665;668
44;147;176;230;282;325;426;393;492;511;555;577;728;693;675;650;619;610;677
45;136;154;209;251;314;348;454;444;531;527;532;596;727;668;671;630;619;622
46;123;135;193;240;257;339;376;472;478;552;524;535;592;712;653;624;614;639
47;142;130;174;231;269;268;364;411;502;497;519;527;536;575;696;618;622;640
48;126;135;170;201;247;297;296;408;448;524;480;546;523;540;551;648;596;628
49;97;120;165;204;224;271;325;326;450;453;498;487;556;510;523;534;640;600
50;82;98;141;185;210;230;299;367;349;467;464;518;499;540;490;484;538;653
51;94;79;124;160;199;230;256;336;392;387;465;482;529;485;524;456;468;555
52;70;97;104;126;170;198;249;287;368;404;393;478;484;518;475;516;448;484
53;75;76;112;113;127;190;205;274;318;381;398;387;495;501;511;463;516;456
54;65;76;98;127;115;134;190;235;284;326;397;415;403;482;484;474;447;522
55;66;60;88;105;138;116;145;207;256;324;331;400;441;407;472;477;473;457
56;60;68;69;97;110;145;121;160;231;276;327;366;415;446;399;468;472;494
57;58;60;76;70;100;126;148;146;172;228;284;341;386;410;417;388;451;472
58;50;59;64;74;82;105;146;164;162;191;226;302;344;389;396;412;371;457
59;56;47;60;68;83;90;117;173;174;188;209;233;316;349;364;401;407;384
60;55;56;52;64;67;92;100;137;182;174;193;222;251;308;344;365;394;413
61;48;55;57;56;63;74;97;111;149;182;179;213;243;255;299;333;359;411
62;34;49;54;63;55;64;76;108;119;163;181;192;223;241;244;290;336;369
63;43;40;59;55;69;55;66;75;117;130;161;178;216;216;229;253;296;342
64;29;41;44;60;57;72;59;71;80;125;135;167;192;213;218;218;251;300
65;33;33;43;44;64;58;77;70;78;81;132;134;173;190;209;216;219;252
66;37;36;36;41;46;66;61;80;78;77;85;131;139;177;181;224;223;219
67;39;39;32;44;51;50;65;71;88;76;79;95;131;138;170;187;215;224
68;32;36;43;32;47;56;50;68;69;87;77;79;96;137;133;170;196;215
69;24;35;33;40;42;47;58;55;70;65;90;75;79;91;129;128;168;195
70;31;27;32;36;40;45;50;65;53;70;68;88;80;83;91;128;125;164
71;22;32;28;30;38;42;42;54;67;58;70;66;91;78;82;89;123;121
72;29;22;34;32;35;39;51;51;62;66;61;71;69;82;78;84;82;120
73;23;30;25;31;32;38;39;53;51;62;70;62;70;70;81;75;84;82
74;22;23;28;23;33;31;34;42;53;50;63;68;65;74;66;81;74;85
75;21;22;24;28;24;34;32;32;44;49;48;66;74;64;74;70;75;73
76;14;22;23;26;27;24;33;35;32;43;47;47;66;72;62;76;67;66
77;21;17;19;26;26;27;27;34;37;33;42;46;45;59;71;64;75;63
78;24;22;18;21;24;25;29;30;34;35;33;41;44;44;55;64;57;76
79;16;24;23;17;22;23;30;28;29;31;34;32;41;41;44;52;60;50
80;18;15;19;22;18;22;25;31;27;29;28;34;31;39;37;45;52;56
81;15;17;13;18;19;19;22;25;29;26;29;28;29;29;36;34;42;47
82;11;14;14;13;13;20;18;21;24;26;26;25;22;28;25;32;31;39
83;10;9;10;15;13;14;18;19;18;20;24;22;22;21;26;25;30;31
84;8;10;9;7;13;12;16;17;19;16;21;21;23;20;20;21;17;30
85;7;7;8;9;7;13;11;14;14;16;16;20;21;20;19;17;21;19
86;9;7;4;7;8;9;12;12;12;9;14;16;19;19;15;17;16;17
87;12;9;6;4;7;7;7;11;11;10;9;14;15;19;19;15;18;14
88;2;10;6;4;3;7;6;9;8;9;9;10;12;14;18;19;13;15
89;8;2;6;5;3;3;7;5;9;7;6;7;11;10;14;17;17;12
90;6;9;2;6;5;2;4;7;5;9;7;6;6;11;6;13;16;14
91;6;4;7;2;5;6;2;5;8;5;7;5;2;6;8;6;11;14
92;0;6;4;6;1;3;5;2;4;8;5;6;3;2;5;8;3;10
93;1;0;4;2;5;1;3;3;2;4;6;4;4;2;2;5;5;3
94;0;1;0;4;2;4;1;2;3;2;4;4;3;3;2;2;2;5
95;0;0;1;0;2;2;2;1;2;2;2;3;3;3;0;2;2;2
96;0;1;0;0;0;2;2;1;1;1;1;0;2;2;3;0;2;2
97;2;0;1;0;0;0;2;1;1;1;1;1;0;2;2;2;0;0
98;0;2;0;1;0;0;0;1;1;0;1;1;1;0;1;2;2;0
99;0;0;0;0;1;0;0;0;0;0;0;1;1;0;0;1;2;0
100 e oltre;0;0;0;0;0;1;1;1;1;0;0;0;1;1;1;1;1;1
Totale;9396;10276;12793;15554;17666;19713;22319;25755;28427;30377;31130;33355;34741;35014;34734;34174;34385;35715
Età/Anno;2002;2003;2004;2005;2006;2007;2008;2009;2010;2011;2012;2013;2014;2015;2016;2017;2018;2019
Età;Maschi
0;56;85;85;122;157;187;202;273;258;260;251;289;270;266;258;243;198;201
1;62;64;89;106;138;166;191;212;269;256;248;260;279;277;256;227;224;184
2;53;73;80;110;107;135;179;195;224;260;248;253;256;275;254;247;208;215
3;42;56;83;94;120;116;140;184;197;227;259;268;247;246;261;234;236;206
4;39;51;62;106;101;130;119;145;191;198;228;269;263;242;235;234;219;238
5;50;45;53;87;113;106;140;132;148;188;184;231;266;256;237;211;223;217
6;47;60;57;72;95;123;116;142;139;157;189;195;219;245;244;219;195;216
7;45;52;66;79;91;110;127;137;149;142;162;196;195;207;225;217;211;197
8;52;49;60;82;86;100;125;133;149;154;146;168;191;192;192;189;201;204
9;54;59;65;86;89;102;113;145;146;147;159;149;161;190;186;177;185;192
10;52;66;71;87;105;100;106;135;160;144;157;163;156;161;180;170;163;185
11;36;52;71;99;106;117;101;128;145;166;158;162;152;154;152;166;165;161
12;43;39;52;88;117;128;124;115;135;151;171;162;152;147;145;139;158;170
13;43;48;52;69;109;129;139;138;127;143;159;176;162;140;140;137;140;164
14;42;53;60;71;91;129;142;152;155;138;155;175;171;163;139;125;139;139
15;33;46;49;73;84;107;149;166;162;163;146;162;174;169;164;131;132;146
16;46;47;44;67;97;102;122;170;185;183;174;158;154;175;167;168;131;137
17;43;48;58;67;88;110;125;142;179;212;196;183;162;153;173;165;172;147
18;52;47;54;78;92;101;127;143;161;198;204;192;175;167;160;163;184;169
19;46;48;74;63;91;100;115;141;168;189;203;196;194;177;171;173;200;213
20;57;50;71;95;75;100;116;141;163;182;196;217;202;202;180;173;202;242
21;48;64;84;93;106;86;120;149;165;184;192;218;226;211;205;208;194;238
22;55;60;102;107;100;119;107;153;179;191;197;215;224;233;210;207;235;233
23;56;65;89;136;123;100;140;158;177;190;195;219;229;219;232;214;224;256
24;86;72;98;125;145;142;131;190;201;206;203;223;233;231;217;232;245;266
25;63;93;119;143;154;150;173;179;229;233;223;226;250;237;234;215;242;279
26;95;73;125;154;169;172;198;242;224;251;241;260;253;244;241;230;236;284
27;103;105;149;168;173;187;211;240;272;248;266;265;275;270;236;252;263;271
28;102;106;146;193;182;194;220;250;270;289;271;311;290;289;276;253;279;289
29;111;114;158;175;219;207;228;267;276;280;295;308;340;287;295;277;279;323
30;153;129;159;197;214;247;259;259;287;309;291;325;319;343;292;293;314;324
31;123;175;185;186;231;223;286;321;291;310;317;327;348;314;345;310;293;339
32;145;150;201;211;199;240;270;309;336;302;305;333;350;337;303;334;320;316
33;153;160;192;225;233;213;304;313;339;336;314;334;353;354;330;319;337;345
34;149;170;188;221;253;250;258;333;320;347;327;342;353;359;353;318;316;359
35;165;157;230;214;235;288;283;282;342;326;331;336;364;364;349;362;322;331
36;156;175;190;275;246;248;302;305;302;329;322;348;357;364;367;346;360;341
37;148;164;197;220;298;267;266;313;323;304;332;334;366;347;351;369;340;380
38;106;173;192;218;244;323;298;288;310;309;280;329;345;355;355;339;358;351
39;143;133;208;218;247;260;341;324;296;299;298;285;339;340;360;352;323;368
40;117;161;159;239;243;271;282;357;333;291;285;320;288;335;326;336;335;332
41;107;121;173;176;255;255;283;298;351;324;274;291;321;290;324;319;319;358
42;84;122;130;189;179;270;267;306;305;339;298;294;290;313;273;299;298;323
43;95;80;138;143;198;188;274;267;285;290;307;313;297;285;294;240;285;308
44;78;97;103;142;145;220;200;275;258;265;254;322;303;291;270;279;244;292
45;80;82;107;108;151;159;221;208;275;245;231;253;317;290;275;254;274;253
46;68;80;91;122;110;156;162;218;218;255;233;227;243;308;286;261;239;284
47;79;69;90;112;131;118;161;159;219;212;224;232;223;232;292;264;262;258
48;67;76;91;96;114;140;127;173;169;214;194;219;221;226;217;264;251;260
49;40;63;81;96;105;125;149;132;178;160;186;196;212;212;220;204;253;255
50;40;40;74;88;98;104;133;157;140;173;145;192;186;200;192;202;205;267
51;41;42;44;80;92;101;112;139;154;136;158;152;190;175;193;179;192;209
52;24;45;47;42;79;89;103;116;147;150;131;162;159;185;172;186;180;200
53;26;25;51;46;49;84;90;108;124;142;137;129;157;163;181;161;179;192
54;22;28;28;49;46;52;82;102;106;115;138;136;127;160;155;158;154;181
55;28;19;32;26;57;46;50;85;107;108;113;140;139;127;151;142;158;154
56;24;29;21;32;26;62;45;54;88;102;96;120;135;137;122;150;136;165
57;19;24;28;19;32;29;61;44;51;80;99;94;116;128;126;110;143;135
58;26;24;27;27;26;30;37;61;43;52;74;95;90;110;129;116;103;143
59;19;22;26;30;35;31;32;48;62;45;55;78;92;84;97;124;111;104
60;23;23;27;28;28;39;36;44;48;57;45;55;79;86;85;99;117;116
61;18;25;25;27;26;28;36;35;44;46;55;52;56;73;84;85;93;121
62;15;20;24;29;26;28;29;40;37;47;46;57;55;56;69;87;84;101
63;15;19;24;24;32;28;29;29;45;40;47;49;60;51;51;65;90;83
64;11;16;22;25;30;38;31;32;29;47;40;54;48;63;47;46;60;89
65;14;12;18;21;29;30;40;35;37;28;48;40;55;48;60;41;47;59
66;12;18;16;17;20;28;31;41;36;37;29;48;44;53;41;67;43;47
67;18;12;15;18;25;21;27;33;40;35;38;31;45;45;49;44;59;44
68;20;16;13;17;19;27;21;26;33;40;35;34;35;51;43;52;49;61
69;11;23;15;13;18;18;30;24;27;31;42;32;32;32;47;40;48;49
70;10;13;21;16;13;21;21;37;21;27;32;41;34;31;33;45;37;44
71;13;14;13;21;17;14;20;21;40;22;27;31;40;32;30;34;44;39
72;11;12;16;15;25;18;21;23;23;38;24;26;33;36;30;29;34;39
73;8;12;12;16;14;27;19;25;23;25;39;23;24;33;35;29;31;31
74;8;9;12;11;16;12;24;20;27;24;26;39;27;27;31;33;25;30
75;9;9;11;13;11;18;12;23;22;24;23;28;41;25;27;31;30;26
76;9;11;9;12;12;12;18;14;22;21;23;22;30;40;24;25;28;24
77;7;9;10;10;12;12;13;20;16;23;20;20;24;26;38;24;25;25
78;8;7;10;11;11;12;15;17;20;15;23;20;18;27;24;34;22;28
79;12;10;9;10;12;12;15;14;16;17;15;21;19;17;28;19;32;20
80;8;11;7;9;11;11;11;16;13;15;15;15;20;18;18;26;21;29
81;8;8;11;6;8;12;12;11;15;13;15;15;12;19;15;15;24;19
82;2;7;8;10;2;8;10;10;13;12;13;13;13;9;16;13;14;20
83;6;1;3;8;9;3;8;10;9;9;12;11;12;12;10;15;12;14
84;3;6;2;2;7;9;5;8;10;7;8;11;11;11;13;8;10;13
85;1;3;5;2;2;7;9;3;6;8;6;8;11;8;11;11;8;10
86;4;1;2;4;2;3;7;8;4;4;5;6;8;9;3;8;10;5
87;4;4;2;2;4;1;3;6;7;4;4;5;6;8;8;3;8;9
88;2;3;2;2;1;4;1;5;5;6;3;4;3;6;7;8;3;7
89;4;2;2;1;1;1;4;1;4;6;4;3;4;2;6;6;7;2
90;4;5;1;3;1;0;2;4;1;4;6;4;3;4;1;6;4;6
91;0;3;3;1;2;2;0;2;5;0;3;4;1;3;2;1;5;4
92;0;0;2;3;0;1;2;0;2;5;0;2;2;1;2;2;0;4
93;0;0;0;0;3;0;1;1;0;2;4;0;1;1;1;2;1;0
94;0;0;0;0;0;3;0;1;1;0;2;3;0;1;1;1;0;1
95;0;0;0;0;0;0;2;0;1;1;0;2;3;0;0;1;1;0
96;0;0;0;0;0;0;0;1;0;1;1;0;1;2;0;0;1;1
97;1;0;0;0;0;0;0;0;1;0;1;1;0;1;2;0;0;0
98;0;1;0;0;0;0;0;0;0;0;0;1;1;0;1;2;0;0
99;0;0;0;0;0;0;0;0;0;0;0;0;1;0;0;1;2;0
100 e oltre;0;0;0;0;0;0;0;0;0;0;0;0;0;0;0;0;1;1
Totale;4536;5070;6281;7549;8543;9452;10649;12091;13065;13540;13604;14558;15033;15120;14958;14644;14817;15730
Età/Anno;2002;2003;2004;2005;2006;2007;2008;2009;2010;2011;2012;2013;2014;2015;2016;2017;2018;2019
Età;Femmine
0;72;87;93;127;150;152;195;239;239;269;240;259;240;231;245;213;198;191
1;68;74;89;112;127;153;160;203;238;221;266;246;255;245;216;220;206;190
2;59;67;79;117;120;141;153;167;202;231;212;273;246;252;230;200;207;197
3;49;67;66;93;128;126;151;171;178;211;229;231;266;236;237;213;184;207
4;46;54;75;89;100;136;130;163;175;174;205;249;241;250;223;205;196;196
5;36;47;63;93;102;112;143;131;175;175;172;218;244;228;226;217;194;196
6;47;42;57;82;109;112;113;143;137;190;171;184;224;236;218;195;214;197
7;39;48;50;77;97;124;124;121;146;134;189;184;181;219;217;203;187;213
8;43;45;47;68;96;107;136;142;135;146;135;198;178;165;201;190;182;182
9;43;51;53;66;79;111;113;137;141;150;151;147;190;168;159;176;178;187
10;35;47;60;77;79;99;125;129;149;148;150;157;134;176;156;137;166;188
11;46;38;59;76;89;88;110;135;139;148;137;165;147;130;164;143;132;162
12;36;57;51;83;98;98;92;122;142;147;154;148;163;144;120;148;141;137
13;29;36;61;64;108;113;115;103;139;150;153;168;146;156;143;104;148;142
14;40;34;37;84;81;114;129;123;120;145;148;167;163;147;151;122;105;153
15;46;39;42;57;99;92;127;140;134;123;155;160;169;161;144;132;121;112
16;29;48;44;60;78;116;100;137;154;145;126;165;163;166;160;131;131;121
17;32;28;56;66;79;96;128;116;149;157;151;136;174;161;168;141;127;138
18;40;37;27;86;85;91;102;135;125;159;159;162;138;163;157;135;127;113
19;45;40;51;54;102;102;112;130;158;142;194;168;178;146;173;149;127;130
20;57;54;51;68;66;111;142;150;175;202;161;212;192;198;158;182;157;143
21;68;61;87;84;104;83;145;206;190;211;220;190;240;200;199;171;187;160
22;88;74;93;108;95;120;125;199;238;249;244;252;208;248;202;213;167;204
23;82;103;112;131;125;131;171;165;246;288;282;276;291;213;262;207;223;187
24;102;98;127;140;153;157;165;235;225;302;315;331;302;298;222;281;220;237
25;122;107;133;156;176;202;216;237;297;281;342;361;370;311;301;238;287;235
26;152;142;159;175;191;214;261;277;280;364;322;376;392;388;324;319;252;304
27;148;165;193;194;202;230;265;337;335;335;396;364;419;402;383;356;334;265
28;154;176;230;236;227;243;283;350;382;371;356;431;385;432;399;400;362;334
29;154;171;230;282;256;263;282;358;393;427;390;392;453;390;431;414;423;367
30;150;182;231;265;309;300;306;345;402;428;429;426;411;459;398;452;411;419
31;160;172;222;268;296;342;355;364;393;403;434;469;449;419;458;395;443;405
32;147;176;210;268;308;331;391;388;413;408;407;450;476;448;418;463;416;435
33;154;159;192;237;277;331;369;428;417;413;404;414;451;471;451;424;466;422
34;124;159;203;210;273;294;341;391;434;429;389;424;423;457;454;444;427;459
35;118;122;185;239;228;287;286;363;412;428;409;413;426;435;451;434;440;418
36;140;111;164;229;252;251;287;310;387;423;418;415;428;427;422;428;439;446
37;102;135;139;176;249;266;271;332;339;385;413;410;426;426;422;412;414;431
38;103;102;153;166;203;272;278;308;350;362;397;415;408;436;420;419;406;418
39;113;100;127;185;199;214;308;311;339;373;339;417;428;401;441;402;401;414
40;102;122;130;148;188;209;237;341;335;359;372;354;406;425;393;426;410;399
41;85;101;153;152;163;204;222;274;370;379;377;388;361;390;409;372;410;420
42;96;86;130;188;167;178;209;236;294;391;379;386;400;353;382;384;362;413
43;80;98;113;163;198;177;203;231;266;319;393;382;387;391;344;369;380;360
44;69;79;127;140;180;206;193;217;253;290;323;406;390;384;380;340;366;385
45;56;72;102;143;163;189;233;236;256;282;301;343;410;378;396;376;345;369
46;55;55;102;118;147;183;214;254;260;297;291;308;349;404;367;363;375;355
47;63;61;84;119;138;150;203;252;283;285;295;295;313;343;404;354;360;382
48;59;59;79;105;133;157;169;235;279;310;286;327;302;314;334;384;345;368
49;57;57;84;108;119;146;176;194;272;293;312;291;344;298;303;330;387;345
50;42;58;67;97;112;126;166;210;209;294;319;326;313;340;298;282;333;386
51;53;37;80;80;107;129;144;197;238;251;307;330;339;310;331;277;276;346
52;46;52;57;84;91;109;146;171;221;254;262;316;325;333;303;330;268;284
53;49;51;61;67;78;106;115;166;194;239;261;258;338;338;330;302;337;264
54;43;48;70;78;69;82;108;133;178;211;259;279;276;322;329;316;293;341
55;38;41;56;79;81;70;95;122;149;216;218;260;302;280;321;335;315;303
56;36;39;48;65;84;83;76;106;143;174;231;246;280;309;277;318;336;329
57;39;36;48;51;68;97;87;102;121;148;185;247;270;282;291;278;308;337
58;24;35;37;47;56;75;109;103;119;139;152;207;254;279;267;296;268;314
59;37;25;34;38;48;59;85;125;112;143;154;155;224;265;267;277;296;280
60;32;33;25;36;39;53;64;93;134;117;148;167;172;222;259;266;277;297
61;30;30;32;29;37;46;61;76;105;136;124;161;187;182;215;248;266;290
62;19;29;30;34;29;36;47;68;82;116;135;135;168;185;175;203;252;268
63;28;21;35;31;37;27;37;46;72;90;114;129;156;165;178;188;206;259
64;18;25;22;35;27;34;28;39;51;78;95;113;144;150;171;172;191;211
65;19;21;25;23;35;28;37;35;41;53;84;94;118;142;149;175;172;193
66;25;18;20;24;26;38;30;39;42;40;56;83;95;124;140;157;180;172
67;21;27;17;26;26;29;38;38;48;41;41;64;86;93;121;143;156;180
68;12;20;30;15;28;29;29;42;36;47;42;45;61;86;90;118;147;154
69;13;12;18;27;24;29;28;31;43;34;48;43;47;59;82;88;120;146
70;21;14;11;20;27;24;29;28;32;43;36;47;46;52;58;83;88;120
71;9;18;15;9;21;28;22;33;27;36;43;35;51;46;52;55;79;82
72;18;10;18;17;10;21;30;28;39;28;37;45;36;46;48;55;48;81
73;15;18;13;15;18;11;20;28;28;37;31;39;46;37;46;46;53;51
74;14;14;16;12;17;19;10;22;26;26;37;29;38;47;35;48;49;55
75;12;13;13;15;13;16;20;9;22;25;25;38;33;39;47;39;45;47
76;5;11;14;14;15;12;15;21;10;22;24;25;36;32;38;51;39;42
77;14;8;9;16;14;15;14;14;21;10;22;26;21;33;33;40;50;38
78;16;15;8;10;13;13;14;13;14;20;10;21;26;17;31;30;35;48
79;4;14;14;7;10;11;15;14;13;14;19;11;22;24;16;33;28;30
80;10;4;12;13;7;11;14;15;14;14;13;19;11;21;19;19;31;27
81;7;9;2;12;11;7;10;14;14;13;14;13;17;10;21;19;18;28
82;9;7;6;3;11;12;8;11;11;14;13;12;9;19;9;19;17;19
83;4;8;7;7;4;11;10;9;9;11;12;11;10;9;16;10;18;17
84;5;4;7;5;6;3;11;9;9;9;13;10;12;9;7;13;7;17
85;6;4;3;7;5;6;2;11;8;8;10;12;10;12;8;6;13;9
86;5;6;2;3;6;6;5;4;8;5;9;10;11;10;12;9;6;12
87;8;5;4;2;3;6;4;5;4;6;5;9;9;11;11;12;10;5
88;0;7;4;2;2;3;5;4;3;3;6;6;9;8;11;11;10;8
89;4;0;4;4;2;2;3;4;5;1;2;4;7;8;8;11;10;10
90;2;4;1;3;4;2;2;3;4;5;1;2;3;7;5;7;12;8
91;6;1;4;1;3;4;2;3;3;5;4;1;1;3;6;5;6;10
92;0;6;2;3;1;2;3;2;2;3;5;4;1;1;3;6;3;6
93;1;0;4;2;2;1;2;2;2;2;2;4;3;1;1;3;4;3
94;0;1;0;4;2;1;1;1;2;2;2;1;3;2;1;1;2;4
95;0;0;1;0;2;2;0;1;1;1;2;1;0;3;0;1;1;2
96;0;1;0;0;0;2;2;0;1;0;0;0;1;0;3;0;1;1
97;1;0;1;0;0;0;2;1;0;1;0;0;0;1;0;2;0;0
98;0;1;0;1;0;0;0;1;1;0;1;0;0;0;0;0;2;0
99;0;0;0;0;1;0;0;0;0;0;0;1;0;0;0;0;0;0
100 e oltre;0;0;0;0;0;1;1;1;1;0;0;0;1;1;1;1;0;0
Totale;4860;5206;6512;8005;9123;10261;11670;13664;15362;16837;17526;18797;19708;19894;19776;19530;19568;19985
