"Popolazione per età, vista per singola area - Provincia: Pavia"

"Ricostruzione della popolazione intercensuaria - Popolazione al 1° gennaio per età"
"Tutte le cittadinanze - Provincia: Pavia"
Età/Anno;2002;2003;2004;2005;2006;2007;2008;2009;2010;2011;2012;2013;2014;2015;2016;2017;2018;2019
Età;Totale
0;3814;3846;3965;4072;4349;4504;4549;4829;4824;4553;4516;4562;4346;4154;4193;3950;3790;3697
1;3748;3892;3907;4059;4147;4475;4601;4655;4889;4815;4560;4531;4539;4336;4158;4210;3946;3850
2;3740;3823;3990;4004;4126;4258;4578;4656;4737;4897;4809;4595;4537;4525;4325;4144;4208;3985
3;3724;3808;3867;4048;4091;4223;4381;4672;4704;4718;4899;4807;4611;4545;4493;4282;4141;4231
4;3734;3798;3878;3977;4126;4150;4311;4482;4687;4661;4731;4945;4799;4610;4524;4500;4283;4165
5;3675;3769;3848;3920;4074;4215;4256;4412;4519;4679;4654;4739;4905;4810;4613;4525;4485;4339
6;3558;3732;3818;3938;4030;4155;4348;4361;4459;4559;4695;4687;4729;4896;4796;4592;4472;4496
7;3627;3609;3779;3903;4033;4107;4270;4416;4409;4487;4570;4730;4692;4704;4854;4792;4599;4504
8;3665;3682;3641;3841;3991;4110;4221;4354;4456;4429;4513;4627;4701;4715;4707;4854;4764;4656
9;3736;3710;3724;3730;3902;4071;4213;4323;4416;4459;4463;4514;4638;4692;4699;4703;4850;4812
10;3804;3785;3767;3809;3792;3989;4190;4312;4343;4462;4513;4500;4508;4639;4713;4693;4695;4887
11;3911;3879;3832;3861;3874;3872;4082;4285;4356;4379;4503;4534;4493;4531;4640;4672;4694;4708
12;3765;3943;3916;3904;3951;3954;3970;4167;4340;4407;4428;4514;4574;4493;4525;4634;4678;4728
13;3774;3798;3982;3960;3949;4023;4048;4071;4198;4367;4454;4444;4537;4564;4513;4526;4634;4702
14;3642;3815;3865;4045;4030;4024;4136;4099;4131;4224;4420;4483;4461;4555;4567;4511;4528;4654
15;3604;3686;3843;3924;4117;4087;4120;4228;4137;4184;4246;4424;4467;4472;4594;4569;4515;4530
16;3863;3630;3722;3875;3985;4172;4160;4210;4278;4185;4231;4299;4413;4491;4489;4616;4599;4521
17;3810;3865;3643;3778;3928;4050;4254;4245;4255;4296;4245;4301;4291;4444;4533;4499;4625;4640
18;3976;3870;3937;3698;3840;4018;4175;4363;4317;4328;4371;4319;4348;4322;4490;4612;4573;4712
19;4063;3992;3934;4019;3743;3943;4190;4351;4463;4441;4465;4473;4399;4426;4447;4638;4744;4671
20;4140;4115;4134;3984;4083;3853;4169;4400;4448;4599;4541;4551;4535;4440;4497;4531;4758;4862
21;4426;4212;4294;4203;4042;4178;4097;4373;4547;4556;4705;4638;4646;4600;4516;4632;4653;4850
22;4763;4483;4391;4391;4307;4157;4416;4323;4542;4712;4672;4834;4711;4691;4670;4637;4746;4744
23;5200;4852;4709;4522;4514;4425;4486;4651;4536;4737;4864;4828;4947;4758;4799;4761;4771;4823
24;5614;5318;5126;4823;4656;4670;4717;4739;4838;4726;4921;4994;4936;5032;4866;4887;4910;4867
25;6146;5736;5635;5289;4971;4819;4998;4974;4949;5060;4915;5113;5150;5031;5187;5046;5036;5036
26;6549;6342;6074;5840;5459;5121;5194;5291;5190;5184;5214;5128;5261;5255;5134;5323;5150;5177
27;6964;6693;6662;6282;6055;5695;5517;5440;5524;5401;5371;5427;5240;5382;5392;5269;5448;5271
28;7100;7209;7079;6937;6569;6263;6081;5849;5728;5767;5628;5542;5575;5373;5469;5466;5410;5569
29;7353;7267;7620;7306;7254;6856;6589;6413;6039;5901;5983;5775;5662;5642;5450;5589;5515;5526
30;7478;7550;7683;7937;7646;7529;7229;6875;6592;6257;6099;6176;5839;5747;5717;5525;5671;5646
31;7580;7601;7815;7946;8214;7833;7812;7459;7038;6707;6331;6238;6326;5938;5817;5785;5643;5670
32;7983;7683;7835;7994;8239;8339;8090;7999;7513;7131;6820;6499;6279;6368;5973;5881;5791;5733
33;7880;8093;7919;8001;8223;8346;8586;8190;8051;7546;7160;6918;6532;6333;6350;6021;5917;5822
34;8231;7978;8303;8070;8164;8387;8565;8727;8212;8032;7572;7233;6956;6537;6340;6380;6008;5963
35;8523;8287;8203;8482;8262;8285;8601;8678;8788;8280;8056;7657;7263;6960;6573;6371;6350;6067
36;8371;8644;8499;8464;8654;8421;8555;8788;8767;8861;8336;8118;7684;7282;6971;6598;6355;6398
37;8387;8457;8817;8635;8568;8822;8668;8694;8881;8825;8925;8425;8113;7653;7307;6983;6591;6394
38;8182;8448;8609;8933;8770;8672;9023;8772;8785;8876;8861;8948;8467;8139;7668;7335;6985;6644
39;7899;8241;8653;8701;9054;8902;8878;9151;8794;8873;8906;8910;8927;8449;8119;7653;7318;7042
40;7676;7948;8401;8772;8795;9173;9124;8984;9196;8805;8880;8955;8896;8959;8443;8144;7685;7321
41;7337;7698;8099;8509;8894;8886;9285;9228;9009;9203;8797;8942;8970;8930;8963;8378;8123;7702
42;7306;7411;7817;8183;8592;8995;8972;9363;9264;8993;9274;8860;8954;8970;8920;8934;8362;8124
43;6907;7328;7583;7925;8257;8665;9038;9063;9377;9328;9031;9296;8863;8939;8991;8934;8911;8398
44;6983;6924;7459;7645;7983;8343;8772;9140;9097;9431;9342;9099;9279;8879;8930;8965;8894;8910
45;6933;6991;7023;7563;7698;8010;8448;8847;9194;9121;9433;9363;9122;9244;8863;8926;8974;8918
46;6732;6974;7100;7081;7633;7759;8082;8501;8839;9229;9149;9457;9401;9107;9202;8830;8909;8991
47;6560;6807;7062;7152;7135;7652;7841;8154;8528;8870;9262;9165;9485;9403;9118;9182;8823;8887
48;6494;6610;6904;7100;7211;7186;7723;7889;8184;8520;8873;9296;9131;9474;9399;9079;9168;8827
49;6487;6510;6675;6945;7145;7248;7275;7792;7887;8203;8529;8915;9299;9135;9439;9357;9075;9181
50;6635;6502;6555;6722;6972;7184;7315;7339;7809;7924;8199;8569;8923;9297;9119;9422;9300;9072
51;6986;6639;6551;6601;6744;7005;7250;7400;7398;7836;7923;8234;8590;8916;9236;9121;9390;9310
52;6847;7007;6657;6554;6660;6775;7085;7289;7424;7401;7868;7905;8232;8583;8903;9208;9123;9403
53;7274;6853;7046;6709;6573;6655;6815;7142;7308;7449;7385;7905;7924;8221;8564;8856;9163;9107
54;7141;7300;6875;7060;6755;6593;6699;6875;7146;7345;7448;7408;7912;7934;8151;8532;8822;9159
55;7023;7163;7333;6895;7065;6750;6639;6718;6885;7140;7348;7489;7414;7917;7919;8131;8511;8789
56;5200;6998;7210;7361;6905;7075;6740;6673;6748;6883;7125;7341;7451;7411;7886;7888;8113;8497
57;5645;5182;7033;7222;7351;6938;7098;6751;6678;6784;6878;7112;7323;7443;7386;7851;7858;8094
58;5953;5645;5196;7038;7215;7350;6953;7117;6751;6660;6761;6877;7099;7311;7434;7369;7790;7814
59;6029;5946;5642;5191;7022;7225;7336;6981;7127;6751;6646;6748;6862;7058;7285;7363;7336;7779
60;6294;5997;5955;5651;5172;7009;7215;7339;6961;7130;6722;6634;6710;6840;7021;7251;7323;7308
61;7174;6273;5987;5955;5632;5171;6995;7218;7301;6954;7124;6702;6596;6690;6818;7012;7200;7304
62;7192;7151;6260;5960;5921;5624;5148;6998;7201;7286;6935;7097;6689;6562;6640;6775;6954;7175
63;6986;7155;7131;6232;5948;5902;5622;5139;7024;7187;7266;6900;7058;6630;6525;6610;6720;6905
64;6515;6936;7100;7111;6201;5903;5881;5612;5136;6982;7163;7214;6845;7018;6602;6507;6544;6697
65;6364;6470;6899;7052;7074;6192;5861;5850;5597;5093;6951;7099;7171;6813;6970;6529;6456;6516
66;6551;6280;6405;6861;6991;7013;6131;5855;5812;5571;5073;6894;7021;7111;6746;6893;6493;6377
67;6463;6479;6191;6339;6782;6924;6955;6069;5824;5755;5537;5030;6838;6954;7066;6664;6825;6447
68;6329;6405;6404;6115;6254;6736;6845;6889;6016;5791;5692;5485;4978;6760;6885;6967;6601;6793
69;6140;6245;6329;6301;6032;6202;6662;6797;6817;5916;5733;5632;5420;4935;6689;6818;6894;6523
70;6237;6079;6114;6248;6220;5976;6126;6594;6691;6714;5867;5675;5542;5333;4879;6589;6731;6821
71;6173;6126;5953;6045;6123;6147;5878;6024;6490;6590;6633;5799;5569;5481;5281;4810;6501;6641
72;5675;6043;6007;5843;5930;6006;6061;5772;5930;6399;6496;6511;5701;5484;5363;5185;4719;6386
73;5531;5504;5921;5901;5712;5825;5880;5947;5630;5816;6290;6340;6382;5600;5364;5274;5069;4658
74;5504;5378;5353;5787;5780;5611;5691;5761;5837;5498;5704;6170;6195;6258;5482;5246;5190;4972
75;5063;5372;5225;5218;5659;5649;5500;5557;5626;5708;5366;5591;6018;6109;6153;5366;5126;5081
76;4893;4901;5201;5070;5072;5500;5487;5352;5427;5488;5552;5209;5451;5901;5942;5978;5202;5006
77;4701;4726;4732;5053;4942;4907;5309;5284;5162;5259;5322;5383;5057;5302;5728;5763;5819;5052
78;4497;4573;4563;4546;4889;4783;4736;5157;5107;5003;5113;5150;5204;4907;5129;5557;5577;5660
79;4371;4289;4406;4420;4366;4678;4558;4579;4941;4910;4838;4920;4963;5041;4659;4959;5381;5346
80;3945;4171;4058;4198;4204;4186;4493;4350;4409;4716;4719;4648;4725;4781;4839;4495;4740;5155
81;3629;3737;3981;3811;3970;4030;3973;4293;4143;4180;4460;4470;4427;4549;4544;4637;4272;4560
82;2033;3390;3548;3776;3573;3741;3823;3753;4064;3915;4014;4208;4236;4244;4313;4315;4385;4076
83;1468;1884;3124;3354;3524;3345;3477;3543;3483;3764;3714;3797;3971;3994;3983;4061;4039;4137
84;1409;1342;1753;2908;3100;3313;3108;3221;3272;3263;3429;3448;3540;3760;3740;3722;3790;3741
85;1848;1311;1208;1619;2637;2864;3054;2889;2949;3038;3009;3149;3202;3281;3482;3497;3449;3494
86;2213;1673;1194;1109;1450;2402;2636;2789;2618;2678;2812;2744;2879;2957;2969;3233;3203;3166
87;2077;1980;1491;1097;986;1337;2147;2382;2523;2397;2439;2530;2474;2631;2690;2686;2925;2897
88;1761;1814;1700;1302;962;915;1195;1855;2075;2201;2142;2216;2242;2222;2357;2389;2407;2616
89;1521;1472;1502;1476;1137;839;826;1042;1641;1827;1877;1876;1954;1988;1930;2068;2052;2110
90;1302;1287;1234;1317;1243;974;722;711;882;1425;1563;1622;1632;1721;1714;1693;1793;1823
91;989;1086;1048;1057;1096;1051;834;614;582;742;1212;1318;1388;1431;1420;1492;1428;1535
92;880;801;873;902;844;914;889;685;522;481;621;1001;1116;1167;1184;1224;1233;1198
93;541;697;641;713;721;698;712;730;547;424;402;511;824;892;937;980;1003;1006
94;416;399;511;479;536;562;562;561;589;452;346;328;402;651;709;767;786;818
95;296;307;322;401;359;429;430;414;459;440;354;262;252;318;493;535;595;616
96;207;211;234;247;306;277;326;312;308;344;346;271;209;197;233;376;396;477
97;143;154;148;172;175;210;203;229;244;243;269;253;189;158;134;182;272;307
98;84;97;104;106;116;125;155;143;156;172;185;180;198;138;115;94;125;200
99;56;55;61;64;60;93;81;98;95;122;134;119;123;135;77;84;62;98
100 e oltre;75;79;75;87;95;105;132;139;154;160;179;192;207;232;231;190;158;144
Totale;493696;495906;502085;507236;512181;517608;526133;533069;536774;539471;541920;544494;544765;544841;543875;543138;541617;541717
Età/Anno;2002;2003;2004;2005;2006;2007;2008;2009;2010;2011;2012;2013;2014;2015;2016;2017;2018;2019
Età;Maschi
0;1935;1927;2121;2114;2248;2286;2345;2447;2512;2363;2315;2267;2232;2174;2184;2046;1990;1923
1;1920;1971;1957;2166;2152;2324;2341;2391;2479;2531;2365;2325;2257;2213;2169;2181;2056;2009
2;1935;1964;2019;2017;2206;2208;2383;2361;2417;2468;2533;2369;2317;2260;2212;2164;2167;2069
3;1870;1959;1975;2045;2066;2256;2270;2434;2405;2420;2455;2523;2397;2315;2259;2190;2161;2165
4;1903;1920;2003;2045;2098;2091;2302;2322;2444;2386;2417;2491;2521;2406;2300;2260;2183;2172
5;1917;1928;1956;2039;2096;2155;2155;2365;2350;2450;2358;2434;2486;2513;2408;2292;2255;2215
6;1823;1951;1949;2011;2085;2129;2211;2211;2394;2372;2460;2387;2428;2485;2509;2385;2269;2255
7;1864;1851;1982;1988;2047;2121;2195;2240;2237;2409;2372;2480;2396;2415;2460;2503;2385;2301
8;1896;1887;1868;2019;2039;2102;2169;2237;2275;2270;2427;2396;2452;2400;2414;2457;2483;2402
9;1896;1929;1914;1909;2049;2075;2151;2217;2279;2279;2294;2422;2412;2442;2396;2396;2449;2499
10;1959;1916;1949;1965;1947;2087;2141;2210;2224;2305;2307;2319;2408;2424;2439;2400;2398;2457
11;2020;2004;1954;2008;2005;1986;2138;2193;2223;2239;2331;2311;2312;2428;2408;2409;2410;2404
12;1938;2020;2014;1978;2044;2048;2037;2190;2229;2247;2266;2326;2332;2304;2425;2401;2410;2425
13;1937;1950;2046;2043;2004;2082;2094;2088;2201;2242;2272;2276;2344;2317;2324;2412;2398;2428
14;1896;1954;1981;2079;2079;2044;2145;2116;2127;2217;2261;2292;2296;2362;2314;2333;2416;2415
15;1865;1924;1964;2000;2126;2114;2093;2198;2129;2151;2226;2261;2289;2312;2398;2322;2337;2425
16;1956;1879;1950;1981;2039;2154;2149;2146;2231;2151;2173;2246;2250;2302;2319;2412;2335;2346
17;1925;1967;1895;1981;2008;2066;2208;2194;2164;2241;2188;2214;2240;2272;2332;2325;2423;2368
18;2015;1948;2004;1931;2022;2051;2121;2275;2228;2203;2276;2232;2239;2262;2304;2393;2391;2489
19;2126;2024;1974;2026;1953;2075;2136;2210;2329;2294;2258;2331;2263;2278;2339;2429;2508;2466
20;2097;2149;2091;1992;2042;2002;2166;2225;2273;2387;2349;2315;2372;2282;2311;2396;2517;2574
21;2253;2133;2245;2117;2004;2066;2120;2248;2280;2315;2437;2377;2368;2384;2319;2406;2477;2567
22;2422;2267;2221;2285;2157;2040;2182;2218;2324;2355;2367;2501;2404;2364;2407;2400;2463;2523
23;2650;2452;2381;2289;2325;2179;2184;2269;2319;2407;2422;2442;2560;2410;2414;2474;2493;2496
24;2904;2681;2611;2441;2317;2378;2308;2314;2366;2405;2495;2480;2492;2612;2477;2476;2544;2531
25;3110;2958;2843;2685;2510;2364;2550;2433;2414;2459;2487;2582;2565;2534;2695;2581;2565;2599
26;3310;3204;3141;2935;2759;2554;2559;2691;2521;2532;2532;2590;2658;2644;2583;2789;2642;2641
27;3470;3372;3418;3219;3036;2848;2756;2673;2799;2644;2618;2640;2683;2730;2704;2678;2862;2736
28;3524;3590;3583;3542;3341;3118;3027;2904;2792;2913;2738;2731;2720;2742;2771;2753;2754;2919
29;3775;3623;3858;3696;3694;3486;3272;3190;2969;2885;3030;2817;2790;2769;2783;2830;2801;2833
30;3835;3879;3853;4050;3863;3837;3677;3412;3262;3113;2996;3146;2848;2824;2826;2821;2878;2899
31;3906;3895;4015;3986;4199;3961;4007;3787;3488;3332;3168;3096;3251;2925;2883;2866;2915;2900
32;4048;3995;4084;4111;4163;4273;4130;4127;3838;3562;3401;3277;3116;3267;2941;2940;2892;2949
33;4047;4102;4181;4176;4237;4199;4385;4175;4147;3869;3595;3486;3301;3161;3283;2972;2974;2910
34;4240;4062;4214;4232;4239;4280;4265;4398;4118;4102;3847;3642;3517;3319;3177;3294;2978;3017
35;4366;4277;4184;4292;4339;4277;4377;4316;4400;4140;4097;3933;3636;3520;3333;3196;3286;3014
36;4400;4431;4389;4324;4379;4409;4418;4497;4352;4447;4186;4127;3981;3668;3534;3342;3190;3309
37;4237;4459;4527;4493;4375;4487;4546;4489;4541;4379;4499;4231;4131;3963;3677;3541;3328;3227
38;4195;4278;4526;4587;4563;4405;4587;4596;4516;4538;4416;4517;4256;4134;3962;3704;3556;3367
39;4039;4222;4370;4576;4639;4627;4510;4650;4609;4542;4529;4441;4506;4257;4146;3965;3700;3577
40;3901;4066;4305;4440;4628;4709;4740;4579;4663;4594;4554;4540;4414;4535;4274;4168;3995;3723
41;3679;3903;4134;4362;4501;4668;4783;4800;4608;4631;4585;4568;4551;4425;4534;4254;4171;4024
42;3764;3717;3960;4161;4408;4561;4702;4802;4813;4600;4658;4624;4589;4546;4426;4536;4242;4182
43;3489;3795;3811;4032;4209;4430;4589;4733;4780;4827;4625;4663;4607;4579;4558;4449;4517;4268
44;3532;3501;3841;3836;4062;4247;4472;4649;4727;4797;4805;4661;4658;4622;4586;4550;4433;4525
45;3555;3540;3540;3881;3861;4055;4318;4497;4665;4718;4793;4820;4674;4633;4614;4592;4574;4465
46;3363;3580;3593;3565;3909;3900;4079;4353;4480;4675;4725;4817;4847;4669;4608;4574;4574;4581
47;3246;3423;3610;3613;3580;3928;3928;4125;4352;4468;4682;4745;4834;4830;4674;4602;4571;4566
48;3314;3277;3441;3627;3650;3610;3939;3928;4118;4333;4467;4701;4729;4824;4825;4653;4589;4560
49;3299;3313;3308;3459;3642;3655;3655;3957;3915;4118;4325;4489;4696;4744;4789;4786;4645;4610
50;3362;3304;3321;3322;3469;3651;3672;3684;3973;3924;4101;4335;4488;4689;4723;4792;4754;4620
51;3500;3354;3304;3359;3331;3484;3671;3711;3702;3978;3900;4120;4336;4486;4645;4728;4765;4762
52;3413;3512;3361;3304;3393;3350;3490;3669;3703;3677;3985;3882;4112;4310;4485;4614;4729;4777
53;3599;3410;3516;3375;3310;3400;3376;3523;3666;3692;3656;4000;3902;4100;4312;4447;4594;4706
54;3599;3615;3413;3524;3396;3317;3408;3401;3528;3663;3687;3656;3986;3886;4060;4298;4429;4590
55;3460;3611;3619;3424;3517;3381;3332;3414;3406;3512;3650;3702;3659;3985;3877;4038;4278;4400
56;2600;3443;3643;3629;3411;3512;3370;3346;3422;3375;3502;3647;3688;3643;3964;3858;4018;4260
57;2733;2575;3458;3641;3619;3421;3511;3361;3342;3430;3368;3501;3636;3696;3622;3935;3844;3990
58;2949;2724;2564;3466;3627;3613;3430;3498;3350;3314;3409;3366;3482;3642;3684;3616;3921;3811
59;2946;2943;2713;2548;3441;3621;3592;3453;3514;3335;3305;3398;3352;3458;3620;3655;3591;3916
60;3020;2927;2944;2717;2536;3434;3610;3589;3431;3509;3310;3285;3374;3332;3431;3589;3628;3584
61;3502;2993;2908;2932;2721;2525;3417;3595;3558;3410;3511;3298;3249;3356;3308;3431;3549;3590
62;3509;3479;2981;2898;2894;2702;2500;3409;3583;3541;3399;3481;3286;3223;3320;3277;3384;3544
63;3307;3474;3467;2961;2875;2871;2687;2492;3411;3555;3524;3367;3458;3251;3203;3296;3238;3351
64;3133;3262;3433;3435;2930;2841;2853;2673;2482;3377;3530;3498;3329;3416;3237;3185;3253;3204
65;2930;3105;3235;3408;3408;2919;2820;2817;2655;2452;3345;3491;3453;3305;3373;3182;3159;3226
66;3096;2875;3053;3225;3378;3372;2880;2813;2793;2639;2440;3295;3438;3431;3268;3323;3150;3106
67;2988;3053;2828;3016;3165;3331;3329;2826;2789;2748;2609;2415;3260;3395;3403;3224;3277;3132
68;2780;2951;2991;2779;2953;3129;3285;3285;2784;2772;2699;2573;2378;3205;3346;3338;3179;3257
69;2731;2717;2895;2912;2728;2906;3060;3239;3234;2723;2730;2650;2538;2341;3160;3296;3278;3125
70;2707;2687;2633;2832;2849;2693;2838;3010;3160;3169;2686;2685;2610;2485;2310;3094;3248;3231
71;2641;2624;2605;2585;2755;2799;2625;2773;2950;3089;3109;2644;2619;2564;2448;2265;3047;3181
72;2398;2552;2554;2533;2514;2670;2735;2552;2705;2895;3039;3038;2585;2568;2495;2401;2211;2976
73;2325;2283;2465;2489;2455;2448;2595;2648;2457;2625;2824;2940;2958;2523;2490;2442;2340;2173
74;2267;2221;2198;2384;2415;2390;2369;2525;2567;2389;2559;2752;2855;2876;2449;2426;2386;2282
75;1954;2204;2131;2104;2303;2334;2320;2289;2431;2477;2310;2480;2676;2800;2810;2378;2340;2326
76;1836;1846;2109;2027;2008;2190;2236;2220;2209;2334;2378;2214;2400;2601;2686;2697;2276;2271
77;1830;1755;1759;2017;1936;1920;2090;2115;2093;2115;2231;2272;2128;2306;2497;2576;2592;2200
78;1694;1762;1664;1645;1920;1848;1821;2003;2032;2008;2019;2131;2169;2041;2207;2392;2480;2502
79;1533;1575;1668;1574;1563;1809;1735;1727;1887;1934;1906;1922;2024;2079;1907;2126;2296;2353
80;1291;1426;1435;1537;1473;1480;1710;1624;1635;1763;1829;1807;1813;1918;1965;1816;1997;2165
81;1233;1165;1308;1295;1429;1399;1379;1609;1501;1516;1635;1678;1686;1716;1787;1843;1687;1892
82;673;1085;1066;1208;1164;1282;1301;1285;1497;1387;1438;1494;1561;1600;1586;1668;1716;1580
83;463;600;927;981;1096;1084;1137;1149;1141;1324;1281;1321;1392;1436;1460;1462;1513;1605
84;466;415;540;840;888;991;976;1036;1031;1036;1152;1148;1206;1282;1313;1317;1328;1361
85;516;410;354;485;728;792;879;898;933;931;917;1039;1035;1099;1162;1200;1194;1182
86;610;464;366;317;405;665;731;763;800;807;836;813;904;925;963;1049;1078;1068
87;562;516;402;321;257;360;578;636;684;728;709;720;697;791;813;845;912;930
88;465;469;429;329;266;234;292;508;548;598;646;623;611;595;687;703;720;792
89;382;374;386;359;273;227;205;243;427;455;499;534;537;518;481;574;582;617
90;294;304;300;330;294;221;177;161;197;359;375;411;456;456;420;411;473;485
91;224;237;228;228;265;237;180;143;116;161;296;309;341;383;353;352;339;394
92;191;174;185;189;171;223;193;142;115;92;134;221;257;272;296;291;275;286
93;117;145;133;148;142;136;157;135;106;87;81;103;173;192;200;246;222;231
94;91;78;107;88;111;110;103;116;98;84;72;70;79;127;140;165;190;164
95;63;62;57;85;65;89;77;74;91;74;67;51;47;61;76;99;123;137
96;37;47;40;43;48;48;66;53;52;61;54;51;40;36;45;61;65;99
97;16;22;31;30;23;33;33;46;38;42;44;35;37;31;24;33;40;47
98;9;8;13;20;19;16;20;18;33;20;33;24;26;29;20;16;24;26
99;7;7;6;9;10;14;7;13;9;24;15;16;12;23;19;15;10;15
100 e oltre;6;10;8;9;12;17;15;15;15;15;21;23;22;26;33;27;21;12
Totale;236624;237871;241507;244265;246903;249546;253888;257407;259210;260550;261837;263430;263985;264309;264210;264410;264293;264859
Età/Anno;2002;2003;2004;2005;2006;2007;2008;2009;2010;2011;2012;2013;2014;2015;2016;2017;2018;2019
Età;Femmine
0;1879;1919;1844;1958;2101;2218;2204;2382;2312;2190;2201;2295;2114;1980;2009;1904;1800;1774
1;1828;1921;1950;1893;1995;2151;2260;2264;2410;2284;2195;2206;2282;2123;1989;2029;1890;1841
2;1805;1859;1971;1987;1920;2050;2195;2295;2320;2429;2276;2226;2220;2265;2113;1980;2041;1916
3;1854;1849;1892;2003;2025;1967;2111;2238;2299;2298;2444;2284;2214;2230;2234;2092;1980;2066
4;1831;1878;1875;1932;2028;2059;2009;2160;2243;2275;2314;2454;2278;2204;2224;2240;2100;1993
5;1758;1841;1892;1881;1978;2060;2101;2047;2169;2229;2296;2305;2419;2297;2205;2233;2230;2124
6;1735;1781;1869;1927;1945;2026;2137;2150;2065;2187;2235;2300;2301;2411;2287;2207;2203;2241
7;1763;1758;1797;1915;1986;1986;2075;2176;2172;2078;2198;2250;2296;2289;2394;2289;2214;2203
8;1769;1795;1773;1822;1952;2008;2052;2117;2181;2159;2086;2231;2249;2315;2293;2397;2281;2254
9;1840;1781;1810;1821;1853;1996;2062;2106;2137;2180;2169;2092;2226;2250;2303;2307;2401;2313
10;1845;1869;1818;1844;1845;1902;2049;2102;2119;2157;2206;2181;2100;2215;2274;2293;2297;2430
11;1891;1875;1878;1853;1869;1886;1944;2092;2133;2140;2172;2223;2181;2103;2232;2263;2284;2304
12;1827;1923;1902;1926;1907;1906;1933;1977;2111;2160;2162;2188;2242;2189;2100;2233;2268;2303
13;1837;1848;1936;1917;1945;1941;1954;1983;1997;2125;2182;2168;2193;2247;2189;2114;2236;2274
14;1746;1861;1884;1966;1951;1980;1991;1983;2004;2007;2159;2191;2165;2193;2253;2178;2112;2239
15;1739;1762;1879;1924;1991;1973;2027;2030;2008;2033;2020;2163;2178;2160;2196;2247;2178;2105
16;1907;1751;1772;1894;1946;2018;2011;2064;2047;2034;2058;2053;2163;2189;2170;2204;2264;2175
17;1885;1898;1748;1797;1920;1984;2046;2051;2091;2055;2057;2087;2051;2172;2201;2174;2202;2272
18;1961;1922;1933;1767;1818;1967;2054;2088;2089;2125;2095;2087;2109;2060;2186;2219;2182;2223
19;1937;1968;1960;1993;1790;1868;2054;2141;2134;2147;2207;2142;2136;2148;2108;2209;2236;2205
20;2043;1966;2043;1992;2041;1851;2003;2175;2175;2212;2192;2236;2163;2158;2186;2135;2241;2288
21;2173;2079;2049;2086;2038;2112;1977;2125;2267;2241;2268;2261;2278;2216;2197;2226;2176;2283
22;2341;2216;2170;2106;2150;2117;2234;2105;2218;2357;2305;2333;2307;2327;2263;2237;2283;2221
23;2550;2400;2328;2233;2189;2246;2302;2382;2217;2330;2442;2386;2387;2348;2385;2287;2278;2327
24;2710;2637;2515;2382;2339;2292;2409;2425;2472;2321;2426;2514;2444;2420;2389;2411;2366;2336
25;3036;2778;2792;2604;2461;2455;2448;2541;2535;2601;2428;2531;2585;2497;2492;2465;2471;2437
26;3239;3138;2933;2905;2700;2567;2635;2600;2669;2652;2682;2538;2603;2611;2551;2534;2508;2536
27;3494;3321;3244;3063;3019;2847;2761;2767;2725;2757;2753;2787;2557;2652;2688;2591;2586;2535
28;3576;3619;3496;3395;3228;3145;3054;2945;2936;2854;2890;2811;2855;2631;2698;2713;2656;2650
29;3578;3644;3762;3610;3560;3370;3317;3223;3070;3016;2953;2958;2872;2873;2667;2759;2714;2693
30;3643;3671;3830;3887;3783;3692;3552;3463;3330;3144;3103;3030;2991;2923;2891;2704;2793;2747
31;3674;3706;3800;3960;4015;3872;3805;3672;3550;3375;3163;3142;3075;3013;2934;2919;2728;2770
32;3935;3688;3751;3883;4076;4066;3960;3872;3675;3569;3419;3222;3163;3101;3032;2941;2899;2784
33;3833;3991;3738;3825;3986;4147;4201;4015;3904;3677;3565;3432;3231;3172;3067;3049;2943;2912
34;3991;3916;4089;3838;3925;4107;4300;4329;4094;3930;3725;3591;3439;3218;3163;3086;3030;2946
35;4157;4010;4019;4190;3923;4008;4224;4362;4388;4140;3959;3724;3627;3440;3240;3175;3064;3053
36;3971;4213;4110;4140;4275;4012;4137;4291;4415;4414;4150;3991;3703;3614;3437;3256;3165;3089
37;4150;3998;4290;4142;4193;4335;4122;4205;4340;4446;4426;4194;3982;3690;3630;3442;3263;3167
38;3987;4170;4083;4346;4207;4267;4436;4176;4269;4338;4445;4431;4211;4005;3706;3631;3429;3277
39;3860;4019;4283;4125;4415;4275;4368;4501;4185;4331;4377;4469;4421;4192;3973;3688;3618;3465
40;3775;3882;4096;4332;4167;4464;4384;4405;4533;4211;4326;4415;4482;4424;4169;3976;3690;3598
41;3658;3795;3965;4147;4393;4218;4502;4428;4401;4572;4212;4374;4419;4505;4429;4124;3952;3678
42;3542;3694;3857;4022;4184;4434;4270;4561;4451;4393;4616;4236;4365;4424;4494;4398;4120;3942
43;3418;3533;3772;3893;4048;4235;4449;4330;4597;4501;4406;4633;4256;4360;4433;4485;4394;4130
44;3451;3423;3618;3809;3921;4096;4300;4491;4370;4634;4537;4438;4621;4257;4344;4415;4461;4385
45;3378;3451;3483;3682;3837;3955;4130;4350;4529;4403;4640;4543;4448;4611;4249;4334;4400;4453
46;3369;3394;3507;3516;3724;3859;4003;4148;4359;4554;4424;4640;4554;4438;4594;4256;4335;4410
47;3314;3384;3452;3539;3555;3724;3913;4029;4176;4402;4580;4420;4651;4573;4444;4580;4252;4321
48;3180;3333;3463;3473;3561;3576;3784;3961;4066;4187;4406;4595;4402;4650;4574;4426;4579;4267
49;3188;3197;3367;3486;3503;3593;3620;3835;3972;4085;4204;4426;4603;4391;4650;4571;4430;4571
50;3273;3198;3234;3400;3503;3533;3643;3655;3836;4000;4098;4234;4435;4608;4396;4630;4546;4452
51;3486;3285;3247;3242;3413;3521;3579;3689;3696;3858;4023;4114;4254;4430;4591;4393;4625;4548
52;3434;3495;3296;3250;3267;3425;3595;3620;3721;3724;3883;4023;4120;4273;4418;4594;4394;4626
53;3675;3443;3530;3334;3263;3255;3439;3619;3642;3757;3729;3905;4022;4121;4252;4409;4569;4401
54;3542;3685;3462;3536;3359;3276;3291;3474;3618;3682;3761;3752;3926;4048;4091;4234;4393;4569
55;3563;3552;3714;3471;3548;3369;3307;3304;3479;3628;3698;3787;3755;3932;4042;4093;4233;4389
56;2600;3555;3567;3732;3494;3563;3370;3327;3326;3508;3623;3694;3763;3768;3922;4030;4095;4237
57;2912;2607;3575;3581;3732;3517;3587;3390;3336;3354;3510;3611;3687;3747;3764;3916;4014;4104
58;3004;2921;2632;3572;3588;3737;3523;3619;3401;3346;3352;3511;3617;3669;3750;3753;3869;4003
59;3083;3003;2929;2643;3581;3604;3744;3528;3613;3416;3341;3350;3510;3600;3665;3708;3745;3863
60;3274;3070;3011;2934;2636;3575;3605;3750;3530;3621;3412;3349;3336;3508;3590;3662;3695;3724
61;3672;3280;3079;3023;2911;2646;3578;3623;3743;3544;3613;3404;3347;3334;3510;3581;3651;3714
62;3683;3672;3279;3062;3027;2922;2648;3589;3618;3745;3536;3616;3403;3339;3320;3498;3570;3631
63;3679;3681;3664;3271;3073;3031;2935;2647;3613;3632;3742;3533;3600;3379;3322;3314;3482;3554
64;3382;3674;3667;3676;3271;3062;3028;2939;2654;3605;3633;3716;3516;3602;3365;3322;3291;3493
65;3434;3365;3664;3644;3666;3273;3041;3033;2942;2641;3606;3608;3718;3508;3597;3347;3297;3290
66;3455;3405;3352;3636;3613;3641;3251;3042;3019;2932;2633;3599;3583;3680;3478;3570;3343;3271
67;3475;3426;3363;3323;3617;3593;3626;3243;3035;3007;2928;2615;3578;3559;3663;3440;3548;3315
68;3549;3454;3413;3336;3301;3607;3560;3604;3232;3019;2993;2912;2600;3555;3539;3629;3422;3536
69;3409;3528;3434;3389;3304;3296;3602;3558;3583;3193;3003;2982;2882;2594;3529;3522;3616;3398
70;3530;3392;3481;3416;3371;3283;3288;3584;3531;3545;3181;2990;2932;2848;2569;3495;3483;3590
71;3532;3502;3348;3460;3368;3348;3253;3251;3540;3501;3524;3155;2950;2917;2833;2545;3454;3460
72;3277;3491;3453;3310;3416;3336;3326;3220;3225;3504;3457;3473;3116;2916;2868;2784;2508;3410
73;3206;3221;3456;3412;3257;3377;3285;3299;3173;3191;3466;3400;3424;3077;2874;2832;2729;2485
74;3237;3157;3155;3403;3365;3221;3322;3236;3270;3109;3145;3418;3340;3382;3033;2820;2804;2690
75;3109;3168;3094;3114;3356;3315;3180;3268;3195;3231;3056;3111;3342;3309;3343;2988;2786;2755
76;3057;3055;3092;3043;3064;3310;3251;3132;3218;3154;3174;2995;3051;3300;3256;3281;2926;2735
77;2871;2971;2973;3036;3006;2987;3219;3169;3069;3144;3091;3111;2929;2996;3231;3187;3227;2852
78;2803;2811;2899;2901;2969;2935;2915;3154;3075;2995;3094;3019;3035;2866;2922;3165;3097;3158
79;2838;2714;2738;2846;2803;2869;2823;2852;3054;2976;2932;2998;2939;2962;2752;2833;3085;2993
80;2654;2745;2623;2661;2731;2706;2783;2726;2774;2953;2890;2841;2912;2863;2874;2679;2743;2990
81;2396;2572;2673;2516;2541;2631;2594;2684;2642;2664;2825;2792;2741;2833;2757;2794;2585;2668
82;1360;2305;2482;2568;2409;2459;2522;2468;2567;2528;2576;2714;2675;2644;2727;2647;2669;2496
83;1005;1284;2197;2373;2428;2261;2340;2394;2342;2440;2433;2476;2579;2558;2523;2599;2526;2532
84;943;927;1213;2068;2212;2322;2132;2185;2241;2227;2277;2300;2334;2478;2427;2405;2462;2380
85;1332;901;854;1134;1909;2072;2175;1991;2016;2107;2092;2110;2167;2182;2320;2297;2255;2312
86;1603;1209;828;792;1045;1737;1905;2026;1818;1871;1976;1931;1975;2032;2006;2184;2125;2098
87;1515;1464;1089;776;729;977;1569;1746;1839;1669;1730;1810;1777;1840;1877;1841;2013;1967
88;1296;1345;1271;973;696;681;903;1347;1527;1603;1496;1593;1631;1627;1670;1686;1687;1824
89;1139;1098;1116;1117;864;612;621;799;1214;1372;1378;1342;1417;1470;1449;1494;1470;1493
90;1008;983;934;987;949;753;545;550;685;1066;1188;1211;1176;1265;1294;1282;1320;1338
91;765;849;820;829;831;814;654;471;466;581;916;1009;1047;1048;1067;1140;1089;1141
92;689;627;688;713;673;691;696;543;407;389;487;780;859;895;888;933;958;912
93;424;552;508;565;579;562;555;595;441;337;321;408;651;700;737;734;781;775
94;325;321;404;391;425;452;459;445;491;368;274;258;323;524;569;602;596;654
95;233;245;265;316;294;340;353;340;368;366;287;211;205;257;417;436;472;479
96;170;164;194;204;258;229;260;259;256;283;292;220;169;161;188;315;331;378
97;127;132;117;142;152;177;170;183;206;201;225;218;152;127;110;149;232;260
98;75;89;91;86;97;109;135;125;123;152;152;156;172;109;95;78;101;174
99;49;48;55;55;50;79;74;85;86;98;119;103;111;112;58;69;52;83
100 e oltre;69;69;67;78;83;88;117;124;139;145;158;169;185;206;198;163;137;132
Totale;257072;258035;260578;262971;265278;268062;272245;275662;277564;278921;280083;281064;280780;280532;279665;278728;277324;276858

"Ricostruzione della popolazione intercensuaria - Popolazione al 1° gennaio per età"
"Cittadinanza italiana - Provincia: Pavia"
Età/Anno;2002;2003;2004;2005;2006;2007;2008;2009;2010;2011;2012;2013;2014;2015;2016;2017;2018;2019
Età;Totale
0;3584;3483;3655;3547;3770;3836;3728;3880;3848;3595;3585;3507;3369;3259;3252;3020;2910;2792
1;3534;3636;3543;3709;3608;3834;3876;3772;3920;3882;3613;3578;3488;3369;3285;3294;3038;2967
2;3547;3590;3700;3614;3749;3686;3884;3869;3804;3926;3863;3597;3575;3482;3419;3302;3315;3065
3;3585;3585;3619;3719;3655;3816;3725;3923;3889;3788;3930;3825;3584;3575;3532;3415;3310;3308
4;3579;3638;3618;3700;3771;3690;3826;3791;3922;3871;3783;3934;3791;3601;3643;3581;3456;3324
5;3531;3597;3660;3632;3748;3816;3723;3858;3813;3920;3851;3756;3907;3810;3670;3685;3598;3488
6;3402;3560;3620;3704;3682;3790;3855;3772;3876;3837;3914;3850;3749;3929;3863;3708;3670;3621
7;3503;3430;3591;3672;3760;3718;3829;3880;3794;3879;3830;3917;3883;3791;3975;3912;3755;3697
8;3539;3535;3453;3615;3719;3791;3765;3845;3894;3814;3882;3874;3926;3945;3871;4029;3940;3804
9;3634;3568;3568;3503;3647;3743;3820;3796;3879;3894;3831;3868;3891;3974;3997;3925;4054;3983
10;3713;3661;3597;3607;3540;3687;3776;3845;3797;3905;3911;3846;3884;3941;4064;4018;3940;4090
11;3811;3760;3691;3645;3640;3571;3718;3819;3854;3787;3918;3921;3869;3936;4002;4056;4043;3957
12;3656;3827;3765;3734;3692;3676;3595;3740;3832;3878;3799;3908;3958;3917;4001;4017;4070;4069
13;3687;3678;3850;3785;3750;3723;3708;3635;3740;3836;3887;3790;3914;3992;3967;4022;4030;4070
14;3571;3709;3729;3865;3815;3779;3768;3716;3656;3749;3854;3897;3820;3942;4052;3985;4022;4025
15;3551;3610;3726;3757;3897;3829;3795;3797;3715;3680;3747;3849;3881;3849;3993;4064;3987;4003
16;3782;3571;3642;3731;3794;3915;3845;3826;3808;3738;3682;3751;3846;3894;3886;4019;4087;3985
17;3730;3780;3571;3661;3753;3814;3934;3860;3838;3800;3750;3698;3746;3877;3942;3895;4021;4087
18;3860;3766;3813;3586;3687;3782;3845;3956;3877;3859;3840;3789;3755;3817;3975;4022;3972;4129
19;3954;3879;3790;3858;3591;3741;3841;3883;3982;3910;3902;3896;3819;3794;3854;3998;4047;3998
20;4020;3984;3937;3796;3893;3658;3776;3879;3890;4003;3928;3921;3903;3814;3782;3825;4012;4050
21;4288;4077;4051;3986;3814;3950;3698;3814;3899;3890;4023;3960;3946;3904;3823;3805;3850;4025
22;4583;4334;4134;4091;4037;3870;3988;3747;3869;3936;3919;4070;3981;3962;3924;3846;3827;3870
23;5009;4663;4381;4165;4176;4076;3950;4048;3812;3912;3976;3983;4103;3996;4015;3955;3902;3871
24;5373;5082;4725;4432;4223;4270;4147;4017;4106;3865;3958;4026;4000;4148;4056;4028;4005;3942
25;5823;5462;5164;4772;4491;4333;4371;4256;4090;4175;3922;4030;4086;4065;4241;4116;4048;4062
26;6204;5938;5557;5251;4862;4577;4478;4480;4338;4175;4244;4035;4095;4141;4115;4289;4139;4105
27;6603;6288;5987;5655;5372;5014;4698;4567;4567;4437;4266;4362;4065;4112;4200;4160;4309;4167
28;6755;6778;6362;6079;5781;5493;5162;4805;4704;4672;4536;4350;4441;4116;4158;4198;4193;4357
29;6979;6831;6893;6446;6258;5919;5608;5318;4879;4760;4768;4606;4397;4434;4160;4192;4211;4262
30;7099;7066;6936;7006;6589;6401;6051;5692;5374;4987;4848;4869;4607;4434;4468;4161;4214;4276
31;7201;7160;7109;7077;7137;6716;6482;6126;5782;5438;5014;4936;4941;4642;4478;4491;4199;4203
32;7629;7244;7197;7176;7241;7213;6789;6552;6171;5826;5517;5079;4931;4975;4683;4485;4476;4244
33;7488;7696;7295;7272;7307;7309;7318;6863;6604;6202;5874;5564;5072;4941;4962;4695;4503;4464
34;7862;7554;7736;7390;7369;7422;7433;7405;6892;6626;6236;5889;5537;5066;4966;4980;4684;4518
35;8196;7919;7628;7868;7534;7477;7557;7533;7509;6989;6696;6272;5889;5522;5107;4961;4967;4692
36;8045;8288;7991;7800;8011;7659;7626;7677;7604;7567;7051;6724;6282;5886;5531;5108;4944;5001
37;8089;8109;8335;8064;7842;8124;7767;7690;7732;7656;7610;7099;6701;6284;5912;5550;5110;4951
38;7889;8128;8148;8402;8133;7894;8209;7806;7749;7698;7649;7604;7100;6711;6305;5964;5551;5151
39;7652;7939;8199;8189;8472;8209;7979;8259;7816;7792;7699;7679;7573;7104;6758;6314;5975;5589
40;7435;7698;7988;8272;8238;8548;8289;7994;8287;7791;7780;7720;7656;7620;7139;6791;6351;5992
41;7119;7447;7743;8040;8371;8304;8572;8319;8008;8291;7783;7795;7740;7718;7666;7126;6814;6379
42;7129;7176;7472;7786;8089;8437;8329;8622;8335;7997;8346;7822;7810;7745;7757;7666;7154;6800
43;6747;7142;7252;7541;7837;8166;8472;8418;8654;8393;8068;8340;7836;7811;7810;7782;7689;7190
44;6837;6759;7206;7284;7576;7903;8218;8525;8466;8714;8423;8111;8317;7867;7856;7811;7777;7682
45;6796;6826;6775;7245;7316;7609;7933;8259;8561;8457;8707;8429;8142;8318;7892;7873;7848;7781
46;6609;6827;6872;6813;7291;7342;7610;7950;8252;8596;8490;8719;8449;8163;8333;7864;7886;7871
47;6455;6674;6859;6902;6843;7312;7354;7655;7958;8252;8609;8496;8721;8466;8186;8333;7876;7850
48;6398;6501;6704;6873;6938;6884;7334;7371;7651;7946;8263;8629;8469;8717;8498;8175;8327;7863
49;6407;6414;6508;6718;6905;6971;6915;7351;7357;7654;7948;8292;8621;8490;8736;8485;8191;8329
50;6554;6420;6420;6521;6738;6941;6992;6949;7369;7380;7646;7971;8293;8624;8493;8742;8444;8179
51;6936;6570;6422;6456;6534;6768;6960;7044;6991;7378;7378;7668;7973;8297;8609;8503;8717;8454
52;6781;6953;6572;6418;6503;6563;6809;6981;7063;6977;7387;7345;7658;7968;8303;8587;8510;8720
53;7219;6778;6959;6589;6430;6498;6578;6841;6990;7059;6963;7408;7353;7658;7977;8274;8555;8496
54;7089;7244;6789;6962;6624;6444;6515;6617;6844;7009;7055;6974;7410;7359;7636;7968;8272;8551
55;6991;7110;7259;6791;6962;6619;6463;6522;6614;6818;6997;7064;6987;7411;7363;7630;7952;8237
56;5154;6967;7138;7263;6791;6970;6613;6474;6537;6598;6795;6981;7023;6973;7396;7340;7628;7932
57;5628;5136;6990;7138;7251;6815;6981;6599;6462;6548;6590;6770;6959;7022;6959;7379;7325;7609
58;5915;5620;5139;6986;7131;7253;6818;6971;6581;6432;6517;6569;6728;6949;7016;6934;7335;7289
59;6001;5909;5605;5124;6969;7146;7230;6831;6968;6566;6408;6492;6541;6703;6929;6972;6904;7324
60;6268;5966;5912;5604;5108;6953;7128;7220;6807;6949;6531;6384;6456;6523;6678;6899;6934;6890
61;7148;6241;5946;5903;5582;5101;6932;7119;7185;6793;6920;6505;6345;6435;6493;6654;6846;6913
62;7164;7121;6224;5917;5868;5571;5070;6927;7096;7174;6766;6883;6472;6306;6385;6437;6604;6805
63;6959;7119;7097;6197;5904;5847;5566;5052;6941;7079;7149;6726;6836;6418;6275;6345;6389;6556
64;6491;6905;7066;7068;6161;5860;5819;5546;5041;6891;7045;7093;6656;6799;6385;6249;6290;6366
65;6340;6446;6863;7013;7029;6143;5813;5775;5535;5002;6856;6974;7034;6624;6737;6312;6205;6255
66;6539;6254;6383;6821;6956;6963;6073;5790;5735;5505;4979;6794;6888;6967;6569;6661;6267;6125
67;6451;6468;6167;6313;6742;6891;6899;5998;5751;5678;5468;4935;6734;6826;6915;6489;6593;6216
68;6312;6391;6390;6090;6226;6697;6812;6828;5945;5715;5612;5407;4886;6659;6750;6820;6428;6551
69;6125;6228;6311;6281;6002;6175;6620;6751;6749;5849;5648;5545;5339;4838;6582;6674;6754;6344
70;6228;6065;6099;6224;6197;5943;6100;6535;6640;6644;5793;5586;5458;5260;4784;6488;6585;6686
71;6163;6114;5934;6028;6097;6124;5842;5994;6431;6540;6554;5719;5479;5395;5201;4715;6398;6494
72;5671;6029;5992;5823;5912;5972;6039;5735;5899;6345;6443;6427;5623;5393;5278;5111;4627;6279
73;5515;5497;5908;5884;5692;5804;5846;5918;5592;5780;6233;6290;6303;5526;5265;5193;4998;4560
74;5494;5363;5345;5772;5758;5591;5667;5725;5808;5462;5664;6112;6141;6181;5409;5147;5107;4902
75;5059;5360;5210;5210;5642;5628;5478;5531;5592;5682;5327;5551;5963;6056;6074;5292;5036;4992
76;4882;4895;5188;5055;5063;5483;5466;5330;5399;5453;5526;5169;5408;5848;5892;5903;5129;4924
77;4693;4713;4728;5037;4926;4898;5294;5264;5142;5229;5284;5358;5017;5257;5674;5716;5744;4988
78;4489;4564;4551;4542;4873;4768;4729;5144;5091;4983;5081;5112;5179;4873;5081;5503;5534;5586
79;4367;4279;4397;4408;4362;4662;4544;4569;4928;4896;4815;4891;4928;5014;4626;4915;5327;5300
80;3939;4168;4047;4188;4192;4182;4479;4335;4399;4703;4704;4625;4694;4747;4816;4465;4699;5104
81;3623;3734;3977;3800;3961;4018;3969;4279;4130;4172;4447;4457;4405;4518;4511;4615;4244;4522
82;2032;3386;3541;3772;3564;3734;3812;3748;4049;3904;4006;4193;4223;4224;4288;4286;4365;4049
83;1463;1883;3122;3347;3519;3336;3472;3530;3478;3755;3703;3789;3955;3978;3963;4035;4012;4113
84;1409;1338;1752;2904;3094;3308;3101;3218;3261;3258;3422;3439;3530;3742;3724;3705;3766;3715
85;1847;1310;1206;1615;2631;2858;3049;2883;2946;3028;3005;3143;3193;3270;3466;3481;3435;3469
86;2210;1672;1193;1108;1446;2397;2631;2784;2613;2676;2804;2739;2874;2947;2960;3218;3188;3153
87;2077;1977;1490;1095;985;1334;2143;2380;2519;2392;2437;2523;2469;2626;2681;2680;2911;2883
88;1757;1812;1697;1301;960;913;1193;1853;2074;2197;2137;2215;2237;2218;2351;2381;2403;2604
89;1518;1466;1500;1470;1136;837;824;1040;1640;1825;1873;1872;1953;1985;1926;2062;2044;2106
90;1300;1285;1230;1311;1239;974;720;709;881;1424;1561;1617;1629;1720;1713;1689;1787;1815
91;988;1083;1047;1053;1089;1046;834;613;580;741;1211;1315;1384;1428;1420;1490;1426;1529
92;880;800;870;899;840;907;884;685;521;479;620;1000;1113;1164;1181;1224;1232;1196
93;541;697;640;711;718;695;705;728;547;423;400;510;822;891;935;977;1003;1006
94;416;399;510;478;534;560;561;556;587;451;345;327;400;650;708;765;783;818
95;294;306;322;400;358;426;429;413;455;439;353;261;251;316;492;534;592;613
96;206;209;233;246;305;276;325;311;308;343;345;270;208;196;232;375;394;475
97;143;153;146;170;174;209;202;229;243;243;268;252;189;158;133;181;270;305
98;84;97;104;104;114;124;154;143;156;172;185;179;197;138;115;93;123;198
99;56;55;60;64;58;91;80;97;95;122;134;119;121;134;77;84;62;96
100 e oltre;75;79;74;85;94;102;129;135;150;160;179;192;207;231;230;190;158;144
Totale;482956;483501;484110;485594;487258;489715;491361;492710;493012;492566;492092;491202;489190;488309;487416;485378;482631;480435
Età/Anno;2002;2003;2004;2005;2006;2007;2008;2009;2010;2011;2012;2013;2014;2015;2016;2017;2018;2019
Età;Maschi
0;1812;1758;1964;1853;1959;1951;1924;1958;1990;1869;1821;1755;1743;1710;1688;1550;1510;1450
1;1810;1834;1784;1989;1887;1997;1974;1942;1984;2027;1874;1820;1743;1742;1715;1702;1564;1534
2;1839;1840;1862;1829;2013;1921;2028;1960;1948;1978;2023;1861;1810;1744;1768;1720;1710;1571
3;1801;1850;1850;1872;1852;2046;1938;2057;1981;1939;1971;1994;1876;1808;1787;1768;1722;1708
4;1826;1845;1868;1900;1914;1861;2044;1981;2062;1978;1934;1978;1977;1893;1846;1813;1787;1736
5;1843;1843;1860;1889;1927;1946;1879;2071;1996;2073;1945;1932;1978;1987;1920;1857;1822;1804
6;1736;1861;1863;1888;1914;1945;1957;1908;2086;2001;2073;1958;1922;1985;2014;1941;1858;1830
7;1810;1749;1882;1888;1910;1922;1965;1958;1923;2089;1997;2077;1977;1948;2004;2033;1962;1878
8;1838;1826;1763;1892;1919;1933;1935;1968;1974;1948;2096;2015;2078;2000;1985;2031;2042;1979
9;1843;1860;1847;1787;1912;1924;1947;1950;1987;1980;1954;2089;2036;2093;2026;2005;2041;2058
10;1909;1853;1867;1871;1810;1929;1946;1964;1952;2003;1992;1970;2090;2067;2125;2042;2015;2054
11;1968;1940;1881;1896;1888;1829;1950;1972;1956;1943;2015;1993;1987;2119;2080;2116;2059;2026
12;1883;1963;1936;1896;1915;1908;1845;1971;1977;1971;1949;2004;2008;1999;2152;2088;2122;2061
13;1898;1896;1983;1952;1906;1931;1920;1860;1970;1983;1972;1951;2004;2020;2029;2156;2088;2121
14;1864;1908;1913;1993;1966;1920;1956;1916;1877;1977;1988;1985;1976;2020;2046;2037;2148;2092
15;1831;1890;1914;1920;2024;1976;1926;1974;1912;1886;1976;1985;1980;1992;2059;2055;2040;2145
16;1910;1845;1914;1921;1947;2033;1983;1943;1987;1925;1890;1974;1975;1987;2007;2074;2068;2045
17;1881;1918;1853;1925;1936;1959;2045;1994;1948;1982;1929;1903;1975;1995;2013;2011;2076;2074
18;1956;1893;1930;1865;1945;1942;1967;2062;1996;1959;1997;1953;1922;2012;2042;2054;2047;2139
19;2057;1969;1902;1945;1870;1978;1975;1983;2072;2025;1970;2034;1963;1951;2040;2064;2066;2057
20;2047;2076;1992;1905;1948;1909;1988;1991;2006;2083;2030;1991;2050;1972;1940;2019;2081;2069
21;2192;2081;2105;2013;1915;1965;1924;2003;1997;1996;2097;2042;2014;2045;1976;1954;2022;2090
22;2344;2207;2103;2130;2041;1935;1994;1945;2032;2018;2015;2120;2051;2016;2047;1988;1954;2034
23;2568;2377;2220;2117;2168;2056;1976;2029;1978;2046;2029;2053;2140;2047;2043;2067;2016;1985
24;2792;2596;2415;2254;2134;2210;2079;2019;2060;2002;2073;2060;2068;2176;2085;2049;2084;2031
25;2967;2843;2612;2436;2288;2174;2269;2133;2060;2089;2027;2103;2100;2098;2223;2111;2057;2109
26;3161;3035;2896;2656;2486;2327;2256;2324;2154;2095;2133;2085;2143;2142;2114;2246;2130;2081
27;3304;3195;3083;2927;2718;2545;2399;2304;2364;2213;2138;2185;2119;2154;2157;2139;2257;2152
28;3366;3421;3251;3129;2992;2794;2614;2455;2371;2428;2260;2190;2223;2137;2176;2157;2150;2280
29;3589;3426;3503;3292;3224;3063;2843;2700;2470;2394;2489;2287;2224;2228;2167;2186;2167;2189
30;3627;3639;3491;3593;3368;3302;3127;2880;2717;2544;2443;2551;2271;2236;2257;2169;2178;2207
31;3704;3668;3645;3561;3675;3446;3370;3158;2928;2759;2563;2498;2605;2302;2278;2269;2203;2171
32;3856;3763;3749;3690;3680;3725;3503;3432;3201;2968;2798;2604;2495;2613;2325;2292;2270;2217
33;3845;3897;3809;3780;3769;3716;3772;3540;3450;3223;3000;2841;2612;2522;2611;2333;2296;2259
34;4020;3842;3909;3843;3815;3808;3747;3773;3514;3435;3221;3014;2821;2612;2533;2603;2333;2304
35;4179;4046;3863;3946;3916;3842;3855;3773;3785;3534;3433;3253;2998;2815;2624;2535;2590;2331
36;4225;4217;4084;3939;4011;3974;3914;3929;3798;3811;3576;3418;3269;2995;2819;2609;2520;2603
37;4074;4260;4237;4141;3963;4092;4044;3948;3960;3815;3847;3588;3412;3275;2999;2834;2599;2524
38;4027;4097;4264;4265;4176;3980;4116;4074;3971;3939;3822;3840;3587;3409;3281;3031;2839;2620
39;3891;4043;4115;4271;4288;4215;4033;4137;4084;3990;3932;3835;3816;3600;3440;3285;3045;2842
40;3759;3915;4069;4158;4292;4337;4253;4053;4152;4055;3996;3926;3814;3849;3630;3476;3313;3057
41;3550;3749;3935;4089;4204;4334;4351;4265;4067;4151;4053;4003;3933;3843;3882;3635;3501;3325
42;3664;3576;3758;3948;4124;4235;4340;4367;4277;4078;4189;4069;4020;3930;3869;3895;3648;3499
43;3401;3690;3629;3806;3991;4167;4271;4395;4394;4319;4140;4189;4067;4025;3963;3896;3911;3671
44;3453;3414;3712;3637;3828;4024;4200;4320;4416;4442;4332;4161;4180;4093;4063;3970;3896;3907
45;3480;3448;3425;3719;3656;3838;4058;4210;4335;4398;4445;4345;4183;4171;4108;4072;3996;3908
46;3302;3497;3482;3444;3744;3678;3839;4075;4197;4357;4419;4468;4364;4206;4180;4082;4074;4001
47;3196;3353;3512;3497;3458;3765;3680;3871;4075;4188;4357;4429;4466;4366;4221;4178;4085;4058
48;3272;3220;3357;3514;3515;3486;3761;3671;3862;4056;4196;4378;4418;4460;4389;4205;4170;4074
49;3265;3268;3238;3358;3527;3516;3506;3756;3654;3867;4051;4214;4374;4442;4469;4371;4204;4182
50;3324;3267;3271;3237;3364;3545;3519;3521;3777;3662;3859;4058;4203;4383;4436;4483;4345;4173
51;3468;3321;3259;3300;3240;3383;3548;3543;3537;3790;3643;3872;4057;4219;4368;4442;4466;4357
52;3379;3481;3328;3255;3327;3260;3383;3548;3538;3517;3793;3628;3862;4041;4228;4352;4442;4477
53;3572;3375;3479;3329;3260;3330;3280;3403;3544;3532;3500;3797;3646;3866;4058;4202;4330;4427
54;3572;3587;3373;3477;3347;3266;3333;3298;3411;3548;3527;3499;3794;3638;3850;4050;4202;4326
55;3440;3583;3590;3375;3471;3332;3275;3336;3297;3395;3528;3533;3510;3796;3640;3843;4035;4178
56;2582;3423;3612;3587;3360;3468;3321;3283;3340;3273;3381;3523;3513;3492;3781;3630;3835;4019
57;2724;2560;3436;3605;3574;3369;3468;3311;3274;3342;3268;3380;3516;3529;3478;3762;3632;3815
58;2936;2713;2548;3440;3586;3572;3378;3446;3298;3250;3321;3267;3357;3519;3526;3464;3752;3613
59;2934;2929;2697;2528;3416;3583;3549;3394;3448;3285;3238;3306;3250;3337;3502;3500;3443;3750
60;3012;2914;2928;2694;2515;3410;3570;3540;3369;3444;3260;3215;3285;3229;3317;3475;3474;3442
61;3486;2982;2894;2912;2695;2502;3389;3556;3513;3349;3434;3244;3183;3268;3206;3311;3436;3446
62;3496;3463;2968;2883;2874;2677;2474;3377;3544;3500;3330;3405;3225;3154;3237;3170;3267;3421
63;3293;3461;3450;2947;2859;2854;2664;2462;3375;3517;3483;3297;3382;3191;3137;3210;3135;3235
64;3124;3246;3422;3414;2913;2825;2835;2650;2448;3339;3491;3456;3255;3342;3172;3121;3176;3107
65;2918;3093;3215;3394;3385;2897;2801;2795;2636;2422;3308;3445;3409;3239;3296;3121;3096;3149
66;3087;2861;3041;3202;3364;3349;2857;2785;2770;2618;2407;3256;3396;3378;3205;3252;3087;3045
67;2982;3044;2814;3001;3145;3316;3303;2799;2756;2725;2587;2379;3221;3358;3348;3156;3203;3063
68;2774;2945;2981;2766;2939;3110;3269;3257;2760;2737;2673;2544;2342;3170;3303;3285;3112;3183
69;2726;2710;2886;2899;2714;2891;3041;3221;3204;2703;2690;2620;2506;2306;3124;3249;3225;3058
70;2702;2683;2627;2820;2834;2676;2824;2982;3140;3137;2663;2644;2580;2454;2277;3062;3199;3180
71;2637;2618;2598;2579;2741;2785;2608;2758;2922;3073;3076;2616;2579;2533;2412;2231;3011;3134
72;2395;2547;2547;2524;2506;2654;2724;2534;2691;2867;3022;3005;2558;2529;2460;2368;2177;2940
73;2321;2278;2461;2481;2447;2438;2578;2633;2438;2610;2794;2925;2929;2497;2447;2409;2306;2136
74;2263;2217;2193;2379;2403;2380;2361;2506;2551;2372;2545;2723;2840;2847;2422;2381;2354;2248
75;1952;2199;2128;2100;2297;2324;2312;2279;2413;2461;2291;2467;2647;2786;2782;2353;2302;2290
76;1835;1844;2104;2024;2004;2185;2225;2213;2195;2316;2363;2194;2386;2574;2673;2672;2252;2236
77;1827;1754;1758;2010;1933;1915;2086;2106;2087;2100;2212;2259;2108;2293;2470;2564;2566;2176
78;1691;1757;1663;1644;1912;1845;1817;2000;2024;2002;2004;2112;2155;2025;2192;2365;2468;2476
79;1530;1571;1663;1572;1562;1802;1732;1723;1882;1927;1900;1910;2007;2063;1893;2111;2270;2339
80;1289;1424;1431;1533;1470;1478;1704;1619;1631;1756;1821;1800;1801;1901;1953;1803;1981;2142
81;1230;1164;1305;1291;1425;1395;1376;1602;1497;1513;1628;1671;1678;1704;1770;1833;1675;1880
82;672;1083;1064;1205;1161;1280;1298;1282;1487;1383;1435;1485;1554;1593;1576;1655;1708;1569
83;462;599;926;980;1093;1081;1136;1145;1139;1317;1277;1318;1381;1427;1453;1451;1502;1595
84;466;414;539;838;886;988;974;1035;1027;1034;1147;1145;1201;1270;1305;1311;1318;1351
85;516;409;353;483;726;790;877;896;932;928;915;1034;1033;1093;1151;1192;1190;1172
86;609;464;365;316;403;664;729;761;799;807;833;811;901;922;958;1040;1071;1063
87;562;515;402;319;256;358;577;636;681;727;709;718;695;788;810;842;904;924
88;464;468;429;328;264;233;290;508;548;594;645;623;609;594;684;700;718;786
89;381;372;385;356;272;225;204;242;427;455;495;533;537;516;479;571;579;615
90;294;303;299;329;292;221;175;160;197;359;375;406;455;456;420;409;470;482
91;223;237;228;228;264;234;180;142;115;161;296;309;337;382;353;352;338;391
92;191;173;184;189;171;222;190;142;115;91;134;221;257;269;295;291;275;285
93;117;145;132;148;142;136;156;135;106;87;80;103;172;192;198;245;222;231
94;91;78;107;87;111;110;103;115;98;84;72;69;79;127;140;163;189;164
95;63;61;57;85;64;88;77;74;91;74;67;51;46;61;76;99;120;136
96;36;47;39;43;48;47;66;53;52;61;54;51;40;35;45;61;65;97
97;16;21;31;29;23;33;32;46;38;42;44;35;37;31;23;33;40;47
98;9;8;13;20;18;16;20;18;33;20;33;24;26;29;20;15;23;26
99;7;7;5;9;10;13;7;13;9;24;15;16;12;23;19;15;10;14
100 e oltre;6;10;7;7;11;16;14;14;14;15;21;23;22;26;33;27;21;12
Totale;231121;231628;232334;233230;234425;235880;236895;237819;238125;238174;238157;237996;237431;237346;237216;236475;235353;234563
Età/Anno;2002;2003;2004;2005;2006;2007;2008;2009;2010;2011;2012;2013;2014;2015;2016;2017;2018;2019
Età;Femmine
0;1772;1725;1691;1694;1811;1885;1804;1922;1858;1726;1764;1752;1626;1549;1564;1470;1400;1342
1;1724;1802;1759;1720;1721;1837;1902;1830;1936;1855;1739;1758;1745;1627;1570;1592;1474;1433
2;1708;1750;1838;1785;1736;1765;1856;1909;1856;1948;1840;1736;1765;1738;1651;1582;1605;1494
3;1784;1735;1769;1847;1803;1770;1787;1866;1908;1849;1959;1831;1708;1767;1745;1647;1588;1600
4;1753;1793;1750;1800;1857;1829;1782;1810;1860;1893;1849;1956;1814;1708;1797;1768;1669;1588
5;1688;1754;1800;1743;1821;1870;1844;1787;1817;1847;1906;1824;1929;1823;1750;1828;1776;1684
6;1666;1699;1757;1816;1768;1845;1898;1864;1790;1836;1841;1892;1827;1944;1849;1767;1812;1791
7;1693;1681;1709;1784;1850;1796;1864;1922;1871;1790;1833;1840;1906;1843;1971;1879;1793;1819
8;1701;1709;1690;1723;1800;1858;1830;1877;1920;1866;1786;1859;1848;1945;1886;1998;1898;1825
9;1791;1708;1721;1716;1735;1819;1873;1846;1892;1914;1877;1779;1855;1881;1971;1920;2013;1925
10;1804;1808;1730;1736;1730;1758;1830;1881;1845;1902;1919;1876;1794;1874;1939;1976;1925;2036
11;1843;1820;1810;1749;1752;1742;1768;1847;1898;1844;1903;1928;1882;1817;1922;1940;1984;1931
12;1773;1864;1829;1838;1777;1768;1750;1769;1855;1907;1850;1904;1950;1918;1849;1929;1948;2008
13;1789;1782;1867;1833;1844;1792;1788;1775;1770;1853;1915;1839;1910;1972;1938;1866;1942;1949
14;1707;1801;1816;1872;1849;1859;1812;1800;1779;1772;1866;1912;1844;1922;2006;1948;1874;1933
15;1720;1720;1812;1837;1873;1853;1869;1823;1803;1794;1771;1864;1901;1857;1934;2009;1947;1858
16;1872;1726;1728;1810;1847;1882;1862;1883;1821;1813;1792;1777;1871;1907;1879;1945;2019;1940
17;1849;1862;1718;1736;1817;1855;1889;1866;1890;1818;1821;1795;1771;1882;1929;1884;1945;2013
18;1904;1873;1883;1721;1742;1840;1878;1894;1881;1900;1843;1836;1833;1805;1933;1968;1925;1990
19;1897;1910;1888;1913;1721;1763;1866;1900;1910;1885;1932;1862;1856;1843;1814;1934;1981;1941
20;1973;1908;1945;1891;1945;1749;1788;1888;1884;1920;1898;1930;1853;1842;1842;1806;1931;1981
21;2096;1996;1946;1973;1899;1985;1774;1811;1902;1894;1926;1918;1932;1859;1847;1851;1828;1935
22;2239;2127;2031;1961;1996;1935;1994;1802;1837;1918;1904;1950;1930;1946;1877;1858;1873;1836
23;2441;2286;2161;2048;2008;2020;1974;2019;1834;1866;1947;1930;1963;1949;1972;1888;1886;1886
24;2581;2486;2310;2178;2089;2060;2068;1998;2046;1863;1885;1966;1932;1972;1971;1979;1921;1911
25;2856;2619;2552;2336;2203;2159;2102;2123;2030;2086;1895;1927;1986;1967;2018;2005;1991;1953
26;3043;2903;2661;2595;2376;2250;2222;2156;2184;2080;2111;1950;1952;1999;2001;2043;2009;2024
27;3299;3093;2904;2728;2654;2469;2299;2263;2203;2224;2128;2177;1946;1958;2043;2021;2052;2015
28;3389;3357;3111;2950;2789;2699;2548;2350;2333;2244;2276;2160;2218;1979;1982;2041;2043;2077
29;3390;3405;3390;3154;3034;2856;2765;2618;2409;2366;2279;2319;2173;2206;1993;2006;2044;2073
30;3472;3427;3445;3413;3221;3099;2924;2812;2657;2443;2405;2318;2336;2198;2211;1992;2036;2069
31;3497;3492;3464;3516;3462;3270;3112;2968;2854;2679;2451;2438;2336;2340;2200;2222;1996;2032
32;3773;3481;3448;3486;3561;3488;3286;3120;2970;2858;2719;2475;2436;2362;2358;2193;2206;2027
33;3643;3799;3486;3492;3538;3593;3546;3323;3154;2979;2874;2723;2460;2419;2351;2362;2207;2205
34;3842;3712;3827;3547;3554;3614;3686;3632;3378;3191;3015;2875;2716;2454;2433;2377;2351;2214
35;4017;3873;3765;3922;3618;3635;3702;3760;3724;3455;3263;3019;2891;2707;2483;2426;2377;2361
36;3820;4071;3907;3861;4000;3685;3712;3748;3806;3756;3475;3306;3013;2891;2712;2499;2424;2398
37;4015;3849;4098;3923;3879;4032;3723;3742;3772;3841;3763;3511;3289;3009;2913;2716;2511;2427
38;3862;4031;3884;4137;3957;3914;4093;3732;3778;3759;3827;3764;3513;3302;3024;2933;2712;2531
39;3761;3896;4084;3918;4184;3994;3946;4122;3732;3802;3767;3844;3757;3504;3318;3029;2930;2747
40;3676;3783;3919;4114;3946;4211;4036;3941;4135;3736;3784;3794;3842;3771;3509;3315;3038;2935
41;3569;3698;3808;3951;4167;3970;4221;4054;3941;4140;3730;3792;3807;3875;3784;3491;3313;3054
42;3465;3600;3714;3838;3965;4202;3989;4255;4058;3919;4157;3753;3790;3815;3888;3771;3506;3301
43;3346;3452;3623;3735;3846;3999;4201;4023;4260;4074;3928;4151;3769;3786;3847;3886;3778;3519
44;3384;3345;3494;3647;3748;3879;4018;4205;4050;4272;4091;3950;4137;3774;3793;3841;3881;3775
45;3316;3378;3350;3526;3660;3771;3875;4049;4226;4059;4262;4084;3959;4147;3784;3801;3852;3873
46;3307;3330;3390;3369;3547;3664;3771;3875;4055;4239;4071;4251;4085;3957;4153;3782;3812;3870
47;3259;3321;3347;3405;3385;3547;3674;3784;3883;4064;4252;4067;4255;4100;3965;4155;3791;3792
48;3126;3281;3347;3359;3423;3398;3573;3700;3789;3890;4067;4251;4051;4257;4109;3970;4157;3789
49;3142;3146;3270;3360;3378;3455;3409;3595;3703;3787;3897;4078;4247;4048;4267;4114;3987;4147
50;3230;3153;3149;3284;3374;3396;3473;3428;3592;3718;3787;3913;4090;4241;4057;4259;4099;4006
51;3468;3249;3163;3156;3294;3385;3412;3501;3454;3588;3735;3796;3916;4078;4241;4061;4251;4097
52;3402;3472;3244;3163;3176;3303;3426;3433;3525;3460;3594;3717;3796;3927;4075;4235;4068;4243
53;3647;3403;3480;3260;3170;3168;3298;3438;3446;3527;3463;3611;3707;3792;3919;4072;4225;4069
54;3517;3657;3416;3485;3277;3178;3182;3319;3433;3461;3528;3475;3616;3721;3786;3918;4070;4225
55;3551;3527;3669;3416;3491;3287;3188;3186;3317;3423;3469;3531;3477;3615;3723;3787;3917;4059
56;2572;3544;3526;3676;3431;3502;3292;3191;3197;3325;3414;3458;3510;3481;3615;3710;3793;3913
57;2904;2576;3554;3533;3677;3446;3513;3288;3188;3206;3322;3390;3443;3493;3481;3617;3693;3794
58;2979;2907;2591;3546;3545;3681;3440;3525;3283;3182;3196;3302;3371;3430;3490;3470;3583;3676
59;3067;2980;2908;2596;3553;3563;3681;3437;3520;3281;3170;3186;3291;3366;3427;3472;3461;3574
60;3256;3052;2984;2910;2593;3543;3558;3680;3438;3505;3271;3169;3171;3294;3361;3424;3460;3448
61;3662;3259;3052;2991;2887;2599;3543;3563;3672;3444;3486;3261;3162;3167;3287;3343;3410;3467
62;3668;3658;3256;3034;2994;2894;2596;3550;3552;3674;3436;3478;3247;3152;3148;3267;3337;3384
63;3666;3658;3647;3250;3045;2993;2902;2590;3566;3562;3666;3429;3454;3227;3138;3135;3254;3321
64;3367;3659;3644;3654;3248;3035;2984;2896;2593;3552;3554;3637;3401;3457;3213;3128;3114;3259
65;3422;3353;3648;3619;3644;3246;3012;2980;2899;2580;3548;3529;3625;3385;3441;3191;3109;3106
66;3452;3393;3342;3619;3592;3614;3216;3005;2965;2887;2572;3538;3492;3589;3364;3409;3180;3080
67;3469;3424;3353;3312;3597;3575;3596;3199;2995;2953;2881;2556;3513;3468;3567;3333;3390;3153
68;3538;3446;3409;3324;3287;3587;3543;3571;3185;2978;2939;2863;2544;3489;3447;3535;3316;3368
69;3399;3518;3425;3382;3288;3284;3579;3530;3545;3146;2958;2925;2833;2532;3458;3425;3529;3286
70;3526;3382;3472;3404;3363;3267;3276;3553;3500;3507;3130;2942;2878;2806;2507;3426;3386;3506
71;3526;3496;3336;3449;3356;3339;3234;3236;3509;3467;3478;3103;2900;2862;2789;2484;3387;3360
72;3276;3482;3445;3299;3406;3318;3315;3201;3208;3478;3421;3422;3065;2864;2818;2743;2450;3339
73;3194;3219;3447;3403;3245;3366;3268;3285;3154;3170;3439;3365;3374;3029;2818;2784;2692;2424
74;3231;3146;3152;3393;3355;3211;3306;3219;3257;3090;3119;3389;3301;3334;2987;2766;2753;2654
75;3107;3161;3082;3110;3345;3304;3166;3252;3179;3221;3036;3084;3316;3270;3292;2939;2734;2702
76;3047;3051;3084;3031;3059;3298;3241;3117;3204;3137;3163;2975;3022;3274;3219;3231;2877;2688
77;2866;2959;2970;3027;2993;2983;3208;3158;3055;3129;3072;3099;2909;2964;3204;3152;3178;2812
78;2798;2807;2888;2898;2961;2923;2912;3144;3067;2981;3077;3000;3024;2848;2889;3138;3066;3110
79;2837;2708;2734;2836;2800;2860;2812;2846;3046;2969;2915;2981;2921;2951;2733;2804;3057;2961
80;2650;2744;2616;2655;2722;2704;2775;2716;2768;2947;2883;2825;2893;2846;2863;2662;2718;2962
81;2393;2570;2672;2509;2536;2623;2593;2677;2633;2659;2819;2786;2727;2814;2741;2782;2569;2642
82;1360;2303;2477;2567;2403;2454;2514;2466;2562;2521;2571;2708;2669;2631;2712;2631;2657;2480
83;1001;1284;2196;2367;2426;2255;2336;2385;2339;2438;2426;2471;2574;2551;2510;2584;2510;2518
84;943;924;1213;2066;2208;2320;2127;2183;2234;2224;2275;2294;2329;2472;2419;2394;2448;2364
85;1331;901;853;1132;1905;2068;2172;1987;2014;2100;2090;2109;2160;2177;2315;2289;2245;2297
86;1601;1208;828;792;1043;1733;1902;2023;1814;1869;1971;1928;1973;2025;2002;2178;2117;2090
87;1515;1462;1088;776;729;976;1566;1744;1838;1665;1728;1805;1774;1838;1871;1838;2007;1959
88;1293;1344;1268;973;696;680;903;1345;1526;1603;1492;1592;1628;1624;1667;1681;1685;1818
89;1137;1094;1115;1114;864;612;620;798;1213;1370;1378;1339;1416;1469;1447;1491;1465;1491
90;1006;982;931;982;947;753;545;549;684;1065;1186;1211;1174;1264;1293;1280;1317;1333
91;765;846;819;825;825;812;654;471;465;580;915;1006;1047;1046;1067;1138;1088;1138
92;689;627;686;710;669;685;694;543;406;388;486;779;856;895;886;933;957;911
93;424;552;508;563;576;559;549;593;441;336;320;407;650;699;737;732;781;775
94;325;321;403;391;423;450;458;441;489;367;273;258;321;523;568;602;594;654
95;231;245;265;315;294;338;352;339;364;365;286;210;205;255;416;435;472;477
96;170;162;194;203;257;229;259;258;256;282;291;219;168;161;187;314;329;378
97;127;132;115;141;151;176;170;183;205;201;224;217;152;127;110;148;230;258
98;75;89;91;84;96;108;134;125;123;152;152;155;171;109;95;78;100;172
99;49;48;55;55;48;78;73;84;86;98;119;103;109;111;58;69;52;82
100 e oltre;69;69;67;78;83;86;115;121;136;145;158;169;185;205;197;163;137;132
Totale;251835;251873;251776;252364;252833;253835;254466;254891;254887;254392;253935;253206;251759;250963;250200;248903;247278;245872

"Ricostruzione della popolazione intercensuaria - Popolazione al 1° gennaio per età"
"Cittadinanza straniera - Provincia: Pavia"
Età/Anno;2002;2003;2004;2005;2006;2007;2008;2009;2010;2011;2012;2013;2014;2015;2016;2017;2018;2019
Età;Totale
0;230;363;310;525;579;668;821;949;976;958;931;1055;977;895;941;930;880;905
1;214;256;364;350;539;641;725;883;969;933;947;953;1051;967;873;916;908;883
2;193;233;290;390;377;572;694;787;933;971;946;998;962;1043;906;842;893;920
3;139;223;248;329;436;407;656;749;815;930;969;982;1027;970;961;867;831;923
4;155;160;260;277;355;460;485;691;765;790;948;1011;1008;1009;881;919;827;841
5;144;172;188;288;326;399;533;554;706;759;803;983;998;1000;943;840;887;851
6;156;172;198;234;348;365;493;589;583;722;781;837;980;967;933;884;802;875
7;124;179;188;231;273;389;441;536;615;608;740;813;809;913;879;880;844;807
8;126;147;188;226;272;319;456;509;562;615;631;753;775;770;836;825;824;852
9;102;142;156;227;255;328;393;527;537;565;632;646;747;718;702;778;796;829
10;91;124;170;202;252;302;414;467;546;557;602;654;624;698;649;675;755;797
11;100;119;141;216;234;301;364;466;502;592;585;613;624;595;638;616;651;751
12;109;116;151;170;259;278;375;427;508;529;629;606;616;576;524;617;608;659
13;87;120;132;175;199;300;340;436;458;531;567;654;623;572;546;504;604;632
14;71;106;136;180;215;245;368;383;475;475;566;586;641;613;515;526;506;629
15;53;76;117;167;220;258;325;431;422;504;499;575;586;623;601;505;528;527
16;81;59;80;144;191;257;315;384;470;447;549;548;567;597;603;597;512;536
17;80;85;72;117;175;236;320;385;417;496;495;603;545;567;591;604;604;553
18;116;104;124;112;153;236;330;407;440;469;531;530;593;505;515;590;601;583
19;109;113;144;161;152;202;349;468;481;531;563;577;580;632;593;640;697;673
20;120;131;197;188;190;195;393;521;558;596;613;630;632;626;715;706;746;812
21;138;135;243;217;228;228;399;559;648;666;682;678;700;696;693;827;803;825
22;180;149;257;300;270;287;428;576;673;776;753;764;730;729;746;791;919;874
23;191;189;328;357;338;349;536;603;724;825;888;845;844;762;784;806;869;952
24;241;236;401;391;433;400;570;722;732;861;963;968;936;884;810;859;905;925
25;323;274;471;517;480;486;627;718;859;885;993;1083;1064;966;946;930;988;974
26;345;404;517;589;597;544;716;811;852;1009;970;1093;1166;1114;1019;1034;1011;1072
27;361;405;675;627;683;681;819;873;957;964;1105;1065;1175;1270;1192;1109;1139;1104
28;345;431;717;858;788;770;919;1044;1024;1095;1092;1192;1134;1257;1311;1268;1217;1212
29;374;436;727;860;996;937;981;1095;1160;1141;1215;1169;1265;1208;1290;1397;1304;1264
30;379;484;747;931;1057;1128;1178;1183;1218;1270;1251;1307;1232;1313;1249;1364;1457;1370
31;379;441;706;869;1077;1117;1330;1333;1256;1269;1317;1302;1385;1296;1339;1294;1444;1467
32;354;439;638;818;998;1126;1301;1447;1342;1305;1303;1420;1348;1393;1290;1396;1315;1489
33;392;397;624;729;916;1037;1268;1327;1447;1344;1286;1354;1460;1392;1388;1326;1414;1358
34;369;424;567;680;795;965;1132;1322;1320;1406;1336;1344;1419;1471;1374;1400;1324;1445
35;327;368;575;614;728;808;1044;1145;1279;1291;1360;1385;1374;1438;1466;1410;1383;1375
36;326;356;508;664;643;762;929;1111;1163;1294;1285;1394;1402;1396;1440;1490;1411;1397
37;298;348;482;571;726;698;901;1004;1149;1169;1315;1326;1412;1369;1395;1433;1481;1443
38;293;320;461;531;637;778;814;966;1036;1178;1212;1344;1367;1428;1363;1371;1434;1493
39;247;302;454;512;582;693;899;892;978;1081;1207;1231;1354;1345;1361;1339;1343;1453
40;241;250;413;500;557;625;835;990;909;1014;1100;1235;1240;1339;1304;1353;1334;1329
41;218;251;356;469;523;582;713;909;1001;912;1014;1147;1230;1212;1297;1252;1309;1323
42;177;235;345;397;503;558;643;741;929;996;928;1038;1144;1225;1163;1268;1208;1324
43;160;186;331;384;420;499;566;645;723;935;963;956;1027;1128;1181;1152;1222;1208
44;146;165;253;361;407;440;554;615;631;717;919;988;962;1012;1074;1154;1117;1228
45;137;165;248;318;382;401;515;588;633;664;726;934;980;926;971;1053;1126;1137
46;123;147;228;268;342;417;472;551;587;633;659;738;952;944;869;966;1023;1120
47;105;133;203;250;292;340;487;499;570;618;653;669;764;937;932;849;947;1037
48;96;109;200;227;273;302;389;518;533;574;610;667;662;757;901;904;841;964
49;80;96;167;227;240;277;360;441;530;549;581;623;678;645;703;872;884;852
50;81;82;135;201;234;243;323;390;440;544;553;598;630;673;626;680;856;893
51;50;69;129;145;210;237;290;356;407;458;545;566;617;619;627;618;673;856
52;66;54;85;136;157;212;276;308;361;424;481;560;574;615;600;621;613;683
53;55;75;87;120;143;157;237;301;318;390;422;497;571;563;587;582;608;611
54;52;56;86;98;131;149;184;258;302;336;393;434;502;575;515;564;550;608
55;32;53;74;104;103;131;176;196;271;322;351;425;427;506;556;501;559;552
56;46;31;72;98;114;105;127;199;211;285;330;360;428;438;490;548;485;565
57;17;46;43;84;100;123;117;152;216;236;288;342;364;421;427;472;533;485
58;38;25;57;52;84;97;135;146;170;228;244;308;371;362;418;435;455;525
59;28;37;37;67;53;79;106;150;159;185;238;256;321;355;356;391;432;455
60;26;31;43;47;64;56;87;119;154;181;191;250;254;317;343;352;389;418
61;26;32;41;52;50;70;63;99;116;161;204;197;251;255;325;358;354;391
62;28;30;36;43;53;53;78;71;105;112;169;214;217;256;255;338;350;370
63;27;36;34;35;44;55;56;87;83;108;117;174;222;212;250;265;331;349
64;24;31;34;43;40;43;62;66;95;91;118;121;189;219;217;258;254;331
65;24;24;36;39;45;49;48;75;62;91;95;125;137;189;233;217;251;261
66;12;26;22;40;35;50;58;65;77;66;94;100;133;144;177;232;226;252
67;12;11;24;26;40;33;56;71;73;77;69;95;104;128;151;175;232;231
68;17;14;14;25;28;39;33;61;71;76;80;78;92;101;135;147;173;242
69;15;17;18;20;30;27;42;46;68;67;85;87;81;97;107;144;140;179
70;9;14;15;24;23;33;26;59;51;70;74;89;84;73;95;101;146;135
71;10;12;19;17;26;23;36;30;59;50;79;80;90;86;80;95;103;147
72;4;14;15;20;18;34;22;37;31;54;53;84;78;91;85;74;92;107
73;16;7;13;17;20;21;34;29;38;36;57;50;79;74;99;81;71;98
74;10;15;8;15;22;20;24;36;29;36;40;58;54;77;73;99;83;70
75;4;12;15;8;17;21;22;26;34;26;39;40;55;53;79;74;90;89
76;11;6;13;15;9;17;21;22;28;35;26;40;43;53;50;75;73;82
77;8;13;4;16;16;9;15;20;20;30;38;25;40;45;54;47;75;64
78;8;9;12;4;16;15;7;13;16;20;32;38;25;34;48;54;43;74
79;4;10;9;12;4;16;14;10;13;14;23;29;35;27;33;44;54;46
80;6;3;11;10;12;4;14;15;10;13;15;23;31;34;23;30;41;51
81;6;3;4;11;9;12;4;14;13;8;13;13;22;31;33;22;28;38
82;1;4;7;4;9;7;11;5;15;11;8;15;13;20;25;29;20;27
83;5;1;2;7;5;9;5;13;5;9;11;8;16;16;20;26;27;24
84;0;4;1;4;6;5;7;3;11;5;7;9;10;18;16;17;24;26
85;1;1;2;4;6;6;5;6;3;10;4;6;9;11;16;16;14;25
86;3;1;1;1;4;5;5;5;5;2;8;5;5;10;9;15;15;13
87;0;3;1;2;1;3;4;2;4;5;2;7;5;5;9;6;14;14
88;4;2;3;1;2;2;2;2;1;4;5;1;5;4;6;8;4;12
89;3;6;2;6;1;2;2;2;1;2;4;4;1;3;4;6;8;4
90;2;2;4;6;4;0;2;2;1;1;2;5;3;1;1;4;6;8
91;1;3;1;4;7;5;0;1;2;1;1;3;4;3;0;2;2;6
92;0;1;3;3;4;7;5;0;1;2;1;1;3;3;3;0;1;2
93;0;0;1;2;3;3;7;2;0;1;2;1;2;1;2;3;0;0
94;0;0;1;1;2;2;1;5;2;1;1;1;2;1;1;2;3;0
95;2;1;0;1;1;3;1;1;4;1;1;1;1;2;1;1;3;3
96;1;2;1;1;1;1;1;1;0;1;1;1;1;1;1;1;2;2
97;0;1;2;2;1;1;1;0;1;0;1;1;0;0;1;1;2;2
98;0;0;0;2;2;1;1;0;0;0;0;1;1;0;0;1;2;2
99;0;0;1;0;2;2;1;1;0;0;0;0;2;1;0;0;0;2
100 e oltre;0;0;1;2;1;3;3;4;4;0;0;0;0;1;1;0;0;0
Totale;10740;12405;17975;21642;24923;27893;34772;40359;43762;46905;49828;53292;55575;56532;56459;57760;58986;61282
Età/Anno;2002;2003;2004;2005;2006;2007;2008;2009;2010;2011;2012;2013;2014;2015;2016;2017;2018;2019
Età;Maschi
0;123;169;157;261;289;335;421;489;522;494;494;512;489;464;496;496;480;473
1;110;137;173;177;265;327;367;449;495;504;491;505;514;471;454;479;492;475
2;96;124;157;188;193;287;355;401;469;490;510;508;507;516;444;444;457;498
3;69;109;125;173;214;210;332;377;424;481;484;529;521;507;472;422;439;457
4;77;75;135;145;184;230;258;341;382;408;483;513;544;513;454;447;396;436
5;74;85;96;150;169;209;276;294;354;377;413;502;508;526;488;435;433;411
6;87;90;86;123;171;184;254;303;308;371;387;429;506;500;495;444;411;425
7;54;102;100;100;137;199;230;282;314;320;375;403;419;467;456;470;423;423
8;58;61;105;127;120;169;234;269;301;322;331;381;374;400;429;426;441;423
9;53;69;67;122;137;151;204;267;292;299;340;333;376;349;370;391;408;441
10;50;63;82;94;137;158;195;246;272;302;315;349;318;357;314;358;383;403
11;52;64;73;112;117;157;188;221;267;296;316;318;325;309;328;293;351;378
12;55;57;78;82;129;140;192;219;252;276;317;322;324;305;273;313;288;364
13;39;54;63;91;98;151;174;228;231;259;300;325;340;297;295;256;310;307
14;32;46;68;86;113;124;189;200;250;240;273;307;320;342;268;296;268;323
15;34;34;50;80;102;138;167;224;217;265;250;276;309;320;339;267;297;280
16;46;34;36;60;92;121;166;203;244;226;283;272;275;315;312;338;267;301
17;44;49;42;56;72;107;163;200;216;259;259;311;265;277;319;314;347;294
18;59;55;74;66;77;109;154;213;232;244;279;279;317;250;262;339;344;350
19;69;55;72;81;83;97;161;227;257;269;288;297;300;327;299;365;442;409
20;50;73;99;87;94;93;178;234;267;304;319;324;322;310;371;377;436;505
21;61;52;140;104;89;101;196;245;283;319;340;335;354;339;343;452;455;477
22;78;60;118;155;116;105;188;273;292;337;352;381;353;348;360;412;509;489
23;82;75;161;172;157;123;208;240;341;361;393;389;420;363;371;407;477;511
24;112;85;196;187;183;168;229;295;306;403;422;420;424;436;392;427;460;500
25;143;115;231;249;222;190;281;300;354;370;460;479;465;436;472;470;508;490
26;149;169;245;279;273;227;303;367;367;437;399;505;515;502;469;543;512;560
27;166;177;335;292;318;303;357;369;435;431;480;455;564;576;547;539;605;584
28;158;169;332;413;349;324;413;449;421;485;478;541;497;605;595;596;604;639
29;186;197;355;404;470;423;429;490;499;491;541;530;566;541;616;644;634;644
30;208;240;362;457;495;535;550;532;545;569;553;595;577;588;569;652;700;692
31;202;227;370;425;524;515;637;629;560;573;605;598;646;623;605;597;712;729
32;192;232;335;421;483;548;627;695;637;594;603;673;621;654;616;648;622;732
33;202;205;372;396;468;483;613;635;697;646;595;645;689;639;672;639;678;651
34;220;220;305;389;424;472;518;625;604;667;626;628;696;707;644;691;645;713
35;187;231;321;346;423;435;522;543;615;606;664;680;638;705;709;661;696;683
36;175;214;305;385;368;435;504;568;554;636;610;709;712;673;715;733;670;706
37;163;199;290;352;412;395;502;541;581;564;652;643;719;688;678;707;729;703
38;168;181;262;322;387;425;471;522;545;599;594;677;669;725;681;673;717;747
39;148;179;255;305;351;412;477;513;525;552;597;606;690;657;706;680;655;735
40;142;151;236;282;336;372;487;526;511;539;558;614;600;686;644;692;682;666
41;129;154;199;273;297;334;432;535;541;480;532;565;618;582;652;619;670;699
42;100;141;202;213;284;326;362;435;536;522;469;555;569;616;557;641;594;683
43;88;105;182;226;218;263;318;338;386;508;485;474;540;554;595;553;606;597
44;79;87;129;199;234;223;272;329;311;355;473;500;478;529;523;580;537;618
45;75;92;115;162;205;217;260;287;330;320;348;475;491;462;506;520;578;557
46;61;83;111;121;165;222;240;278;283;318;306;349;483;463;428;492;500;580
47;50;70;98;116;122;163;248;254;277;280;325;316;368;464;453;424;486;508
48;42;57;84;113;135;124;178;257;256;277;271;323;311;364;436;448;419;486
49;34;45;70;101;115;139;149;201;261;251;274;275;322;302;320;415;441;428
50;38;37;50;85;105;106;153;163;196;262;242;277;285;306;287;309;409;447
51;32;33;45;59;91;101;123;168;165;188;257;248;279;267;277;286;299;405
52;34;31;33;49;66;90;107;121;165;160;192;254;250;269;257;262;287;300
53;27;35;37;46;50;70;96;120;122;160;156;203;256;234;254;245;264;279
54;27;28;40;47;49;51;75;103;117;115;160;157;192;248;210;248;227;264
55;20;28;29;49;46;49;57;78;109;117;122;169;149;189;237;195;243;222
56;18;20;31;42;51;44;49;63;82;102;121;124;175;151;183;228;183;241
57;9;15;22;36;45;52;43;50;68;88;100;121;120;167;144;173;212;175
58;13;11;16;26;41;41;52;52;52;64;88;99;125;123;158;152;169;198
59;12;14;16;20;25;38;43;59;66;50;67;92;102;121;118;155;148;166
60;8;13;16;23;21;24;40;49;62;65;50;70;89;103;114;114;154;142
61;16;11;14;20;26;23;28;39;45;61;77;54;66;88;102;120;113;144
62;13;16;13;15;20;25;26;32;39;41;69;76;61;69;83;107;117;123
63;14;13;17;14;16;17;23;30;36;38;41;70;76;60;66;86;103;116
64;9;16;11;21;17;16;18;23;34;38;39;42;74;74;65;64;77;97
65;12;12;20;14;23;22;19;22;19;30;37;46;44;66;77;61;63;77
66;9;14;12;23;14;23;23;28;23;21;33;39;42;53;63;71;63;61
67;6;9;14;15;20;15;26;27;33;23;22;36;39;37;55;68;74;69
68;6;6;10;13;14;19;16;28;24;35;26;29;36;35;43;53;67;74
69;5;7;9;13;14;15;19;18;30;20;40;30;32;35;36;47;53;67
70;5;4;6;12;15;17;14;28;20;32;23;41;30;31;33;32;49;51
71;4;6;7;6;14;14;17;15;28;16;33;28;40;31;36;34;36;47
72;3;5;7;9;8;16;11;18;14;28;17;33;27;39;35;33;34;36
73;4;5;4;8;8;10;17;15;19;15;30;15;29;26;43;33;34;37
74;4;4;5;5;12;10;8;19;16;17;14;29;15;29;27;45;32;34
75;2;5;3;4;6;10;8;10;18;16;19;13;29;14;28;25;38;36
76;1;2;5;3;4;5;11;7;14;18;15;20;14;27;13;25;24;35
77;3;1;1;7;3;5;4;9;6;15;19;13;20;13;27;12;26;24
78;3;5;1;1;8;3;4;3;8;6;15;19;14;16;15;27;12;26
79;3;4;5;2;1;7;3;4;5;7;6;12;17;16;14;15;26;14
80;2;2;4;4;3;2;6;5;4;7;8;7;12;17;12;13;16;23
81;3;1;3;4;4;4;3;7;4;3;7;7;8;12;17;10;12;12
82;1;2;2;3;3;2;3;3;10;4;3;9;7;7;10;13;8;11
83;1;1;1;1;3;3;1;4;2;7;4;3;11;9;7;11;11;10
84;0;1;1;2;2;3;2;1;4;2;5;3;5;12;8;6;10;10
85;0;1;1;2;2;2;2;2;1;3;2;5;2;6;11;8;4;10
86;1;0;1;1;2;1;2;2;1;0;3;2;3;3;5;9;7;5
87;0;1;0;2;1;2;1;0;3;1;0;2;2;3;3;3;8;6
88;1;1;0;1;2;1;2;0;0;4;1;0;2;1;3;3;2;6
89;1;2;1;3;1;2;1;1;0;0;4;1;0;2;2;3;3;2
90;0;1;1;1;2;0;2;1;0;0;0;5;1;0;0;2;3;3
91;1;0;0;0;1;3;0;1;1;0;0;0;4;1;0;0;1;3
92;0;1;1;0;0;1;3;0;0;1;0;0;0;3;1;0;0;1
93;0;0;1;0;0;0;1;0;0;0;1;0;1;0;2;1;0;0
94;0;0;0;1;0;0;0;1;0;0;0;1;0;0;0;2;1;0
95;0;1;0;0;1;1;0;0;0;0;0;0;1;0;0;0;3;1
96;1;0;1;0;0;1;0;0;0;0;0;0;0;1;0;0;0;2
97;0;1;0;1;0;0;1;0;0;0;0;0;0;0;1;0;0;0
98;0;0;0;0;1;0;0;0;0;0;0;0;0;0;0;1;1;0
99;0;0;1;0;0;1;0;0;0;0;0;0;0;0;0;0;0;1
100 e oltre;0;0;1;2;1;1;1;1;1;0;0;0;0;0;0;0;0;0
Totale;5503;6243;9173;11035;12478;13666;16993;19588;21085;22376;23680;25434;26554;26963;26994;27935;28940;30296
Età/Anno;2002;2003;2004;2005;2006;2007;2008;2009;2010;2011;2012;2013;2014;2015;2016;2017;2018;2019
Età;Femmine
0;107;194;153;264;290;333;400;460;454;464;437;543;488;431;445;434;400;432
1;104;119;191;173;274;314;358;434;474;429;456;448;537;496;419;437;416;408
2;97;109;133;202;184;285;339;386;464;481;436;490;455;527;462;398;436;422
3;70;114;123;156;222;197;324;372;391;449;485;453;506;463;489;445;392;466
4;78;85;125;132;171;230;227;350;383;382;465;498;464;496;427;472;431;405
5;70;87;92;138;157;190;257;260;352;382;390;481;490;474;455;405;454;440
6;69;82;112;111;177;181;239;286;275;351;394;408;474;467;438;440;391;450
7;70;77;88;131;136;190;211;254;301;288;365;410;390;446;423;410;421;384
8;68;86;83;99;152;150;222;240;261;293;300;372;401;370;407;399;383;429
9;49;73;89;105;118;177;189;260;245;266;292;313;371;369;332;387;388;388
10;41;61;88;108;115;144;219;221;274;255;287;305;306;341;335;317;372;394
11;48;55;68;104;117;144;176;245;235;296;269;295;299;286;310;323;300;373
12;54;59;73;88;130;138;183;208;256;253;312;284;292;271;251;304;320;295
13;48;66;69;84;101;149;166;208;227;272;267;329;283;275;251;248;294;325
14;39;60;68;94;102;121;179;183;225;235;293;279;321;271;247;230;238;306
15;19;42;67;87;118;120;158;207;205;239;249;299;277;303;262;238;231;247
16;35;25;44;84;99;136;149;181;226;221;266;276;292;282;291;259;245;235
17;36;36;30;61;103;129;157;185;201;237;236;292;280;290;272;290;257;259
18;57;49;50;46;76;127;176;194;208;225;252;251;276;255;253;251;257;233
19;40;58;72;80;69;105;188;241;224;262;275;280;280;305;294;275;255;264
20;70;58;98;101;96;102;215;287;291;292;294;306;310;316;344;329;310;307
21;77;83;103;113;139;127;203;314;365;347;342;343;346;357;350;375;348;348
22;102;89;139;145;154;182;240;303;381;439;401;383;377;381;386;379;410;385
23;109;114;167;185;181;226;328;363;383;464;495;456;424;399;413;399;392;441
24;129;151;205;204;250;232;341;427;426;458;541;548;512;448;418;432;445;425
25;180;159;240;268;258;296;346;418;505;515;533;604;599;530;474;460;480;484
26;196;235;272;310;324;317;413;444;485;572;571;588;651;612;550;491;499;512
27;195;228;340;335;365;378;462;504;522;533;625;610;611;694;645;570;534;520
28;187;262;385;445;439;446;506;595;603;610;614;651;637;652;716;672;613;573
29;188;239;372;456;526;514;552;605;661;650;674;639;699;667;674;753;670;620
30;171;244;385;474;562;593;628;651;673;701;698;712;655;725;680;712;757;678
31;177;214;336;444;553;602;693;704;696;696;712;704;739;673;734;697;732;738
32;162;207;303;397;515;578;674;752;705;711;700;747;727;739;674;748;693;757
33;190;192;252;333;448;554;655;692;750;698;691;709;771;753;716;687;736;707
34;149;204;262;291;371;493;614;697;716;739;710;716;723;764;730;709;679;732
35;140;137;254;268;305;373;522;602;664;685;696;705;736;733;757;749;687;692
36;151;142;203;279;275;327;425;543;609;658;675;685;690;723;725;757;741;691
37;135;149;192;219;314;303;399;463;568;605;663;683;693;681;717;726;752;740
38;125;139;199;209;250;353;343;444;491;579;618;667;698;703;682;698;717;746
39;99;123;199;207;231;281;422;379;453;529;610;625;664;688;655;659;688;718
40;99;99;177;218;221;253;348;464;398;475;542;621;640;653;660;661;652;663
41;89;97;157;196;226;248;281;374;460;432;482;582;612;630;645;633;639;624
42;77;94;143;184;219;232;281;306;393;474;459;483;575;609;606;627;614;641
43;72;81;149;158;202;236;248;307;337;427;478;482;487;574;586;599;616;611
44;67;78;124;162;173;217;282;286;320;362;446;488;484;483;551;574;580;610
45;62;73;133;156;177;184;255;301;303;344;378;459;489;464;465;533;548;580
46;62;64;117;147;177;195;232;273;304;315;353;389;469;481;441;474;523;540
47;55;63;105;134;170;177;239;245;293;338;328;353;396;473;479;425;461;529
48;54;52;116;114;138;178;211;261;277;297;339;344;351;393;465;456;422;478
49;46;51;97;126;125;138;211;240;269;298;307;348;356;343;383;457;443;424
50;43;45;85;116;129;137;170;227;244;282;311;321;345;367;339;371;447;446
51;18;36;84;86;119;136;167;188;242;270;288;318;338;352;350;332;374;451
52;32;23;52;87;91;122;169;187;196;264;289;306;324;346;343;359;326;383
53;28;40;50;74;93;87;141;181;196;230;266;294;315;329;333;337;344;332
54;25;28;46;51;82;98;109;155;185;221;233;277;310;327;305;316;323;344
55;12;25;45;55;57;82;119;118;162;205;229;256;278;317;319;306;316;330
56;28;11;41;56;63;61;78;136;129;183;209;236;253;287;307;320;302;324
57;8;31;21;48;55;71;74;102;148;148;188;221;244;254;283;299;321;310
58;25;14;41;26;43;56;83;94;118;164;156;209;246;239;260;283;286;327
59;16;23;21;47;28;41;63;91;93;135;171;164;219;234;238;236;284;289
60;18;18;27;24;43;32;47;70;92;116;141;180;165;214;229;238;235;276
61;10;21;27;32;24;47;35;60;71;100;127;143;185;167;223;238;241;247
62;15;14;23;28;33;28;52;39;66;71;100;138;156;187;172;231;233;247
63;13;23;17;21;28;38;33;57;47;70;76;104;146;152;184;179;228;233
64;15;15;23;22;23;27;44;43;61;53;79;79;115;145;152;194;177;234
65;12;12;16;25;22;27;29;53;43;61;58;79;93;123;156;156;188;184
66;3;12;10;17;21;27;35;37;54;45;61;61;91;91;114;161;163;191
67;6;2;10;11;20;18;30;44;40;54;47;59;65;91;96;107;158;162
68;11;8;4;12;14;20;17;33;47;41;54;49;56;66;92;94;106;168
69;10;10;9;7;16;12;23;28;38;47;45;57;49;62;71;97;87;112
70;4;10;9;12;8;16;12;31;31;38;51;48;54;42;62;69;97;84
71;6;6;12;11;12;9;19;15;31;34;46;52;50;55;44;61;67;100
72;1;9;8;11;10;18;11;19;17;26;36;51;51;52;50;41;58;71
73;12;2;9;9;12;11;17;14;19;21;27;35;50;48;56;48;37;61
74;6;11;3;10;10;10;16;17;13;19;26;29;39;48;46;54;51;36
75;2;7;12;4;11;11;14;16;16;10;20;27;26;39;51;49;52;53
76;10;4;8;12;5;12;10;15;14;17;11;20;29;26;37;50;49;47
77;5;12;3;9;13;4;11;11;14;15;19;12;20;32;27;35;49;40
78;5;4;11;3;8;12;3;10;8;14;17;19;11;18;33;27;31;48
79;1;6;4;10;3;9;11;6;8;7;17;17;18;11;19;29;28;32
80;4;1;7;6;9;2;8;10;6;6;7;16;19;17;11;17;25;28
81;3;2;1;7;5;8;1;7;9;5;6;6;14;19;16;12;16;26
82;0;2;5;1;6;5;8;2;5;7;5;6;6;13;15;16;12;16
83;4;0;1;6;2;6;4;9;3;2;7;5;5;7;13;15;16;14
84;0;3;0;2;4;2;5;2;7;3;2;6;5;6;8;11;14;16
85;1;0;1;2;4;4;3;4;2;7;2;1;7;5;5;8;10;15
86;2;1;0;0;2;4;3;3;4;2;5;3;2;7;4;6;8;8
87;0;2;1;0;0;1;3;2;1;4;2;5;3;2;6;3;6;8
88;3;1;3;0;0;1;0;2;1;0;4;1;3;3;3;5;2;6
89;2;4;1;3;0;0;1;1;1;2;0;3;1;1;2;3;5;2
90;2;1;3;5;2;0;0;1;1;1;2;0;2;1;1;2;3;5
91;0;3;1;4;6;2;0;0;1;1;1;3;0;2;0;2;1;3
92;0;0;2;3;4;6;2;0;1;1;1;1;3;0;2;0;1;1
93;0;0;0;2;3;3;6;2;0;1;1;1;1;1;0;2;0;0
94;0;0;1;0;2;2;1;4;2;1;1;0;2;1;1;0;2;0
95;2;0;0;1;0;2;1;1;4;1;1;1;0;2;1;1;0;2
96;0;2;0;1;1;0;1;1;0;1;1;1;1;0;1;1;2;0
97;0;0;2;1;1;1;0;0;1;0;1;1;0;0;0;1;2;2
98;0;0;0;2;1;1;1;0;0;0;0;1;1;0;0;0;1;2
99;0;0;0;0;2;1;1;1;0;0;0;0;2;1;0;0;0;1
100 e oltre;0;0;0;0;0;2;2;3;3;0;0;0;0;1;1;0;0;0
Totale;5237;6162;8802;10607;12445;14227;17779;20771;22677;24529;26148;27858;29021;29569;29465;29825;30046;30986
