"Popolazione per età, vista per singola area - Provincia: Reggio di Calabria"

"Ricostruzione della popolazione intercensuaria - Popolazione al 1° gennaio per età"
"Tutte le cittadinanze - Provincia: Reggio di Calabria"
Età/Anno;2002;2003;2004;2005;2006;2007;2008;2009;2010;2011;2012;2013;2014;2015;2016;2017;2018;2019
Età;Totale
0;5423;5320;5437;5444;5409;5367;5468;5286;5293;5293;5031;4938;4908;4818;4792;4535;4599;4381
1;5794;5411;5310;5407;5427;5363;5410;5431;5295;5280;5282;5021;4943;4900;4805;4798;4508;4545
2;5854;5754;5420;5324;5372;5403;5380;5387;5422;5280;5245;5260;5013;4917;4871;4776;4748;4444
3;5770;5792;5714;5429;5313;5329;5411;5384;5392;5381;5251;5231;5283;4985;4899;4861;4749;4701
4;5685;5750;5784;5719;5441;5302;5363;5384;5395;5362;5386;5246;5236;5272;5005;4899;4825;4706
5;5930;5676;5745;5768;5741;5433;5347;5346;5381;5416;5382;5373;5235;5228;5248;4980;4850;4798
6;6192;5897;5663;5747;5741;5741;5463;5337;5361;5352;5400;5388;5374;5223;5219;5263;4938;4801
7;6147;6175;5920;5674;5755;5727;5756;5460;5344;5357;5360;5409;5397;5365;5206;5206;5239;4929
8;6620;6149;6169;5915;5706;5743;5753;5762;5509;5348;5351;5373;5410;5381;5353;5195;5176;5214
9;6902;6614;6147;6167;5907;5723;5779;5753;5785;5543;5365;5368;5376;5386;5383;5341;5187;5165
10;7020;6872;6630;6148;6156;5908;5776;5800;5761;5796;5562;5371;5378;5357;5389;5393;5311;5172
11;7207;7001;6861;6642;6169;6150;5949;5771;5847;5776;5799;5560;5361;5390;5356;5377;5366;5288
12;7335;7179;6992;6875;6637;6185;6192;5946;5785;5870;5775;5801;5572;5366;5396;5352;5344;5355
13;7420;7308;7167;6966;6893;6628;6229;6209;5970;5821;5877;5772;5797;5565;5335;5380;5334;5324
14;7456;7410;7321;7136;6952;6889;6683;6247;6227;5983;5835;5883;5775;5809;5568;5330;5380;5326
15;7605;7439;7407;7330;7119;6947;6916;6703;6275;6237;5991;5835;5887;5779;5808;5576;5336;5376
16;7528;7570;7446;7409;7335;7087;6965;6921;6724;6294;6242;6018;5830;5879;5801;5823;5607;5344
17;7565;7477;7556;7452;7441;7320;7101;6973;6934;6757;6316;6267;6031;5842;5898;5799;5871;5616
18;7637;7554;7487;7544;7493;7443;7405;7109;6990;6956;6789;6356;6285;6059;5877;5933;5994;5929
19;8123;7561;7556;7433;7516;7484;7523;7373;7116;6992;6948;6793;6377;6314;6105;5900;6011;6016
20;7989;8006;7523;7496;7377;7414;7532;7489;7342;7101;6980;6951;6805;6376;6318;6109;5863;5961
21;8201;7871;7994;7467;7431;7291;7472;7488;7499;7341;7088;6979;6957;6755;6341;6325;6091;5818
22;8193;8057;7871;7873;7410;7346;7385;7473;7432;7496;7329;7055;6976;6948;6749;6320;6294;6029
23;7947;8075;8035;7817;7796;7314;7370;7343;7449;7487;7480;7310;7056;6943;6909;6734;6295;6190
24;8240;7812;8061;7960;7683;7660;7366;7325;7278;7433;7484;7418;7332;7061;6920;6854;6686;6252
25;8496;8136;7876;8018;7785;7566;7717;7313;7324;7241;7382;7420;7421;7313;7024;6867;6787;6540
26;8598;8434;8216;7806;7899;7616;7609;7591;7268;7328;7205;7294;7386;7381;7228;6951;6782;6613
27;8575;8547;8628;8128;7667;7782;7672;7488;7501;7249;7276;7114;7264;7280;7287;7121;6856;6590
28;8448;8491;8626;8516;7990;7541;7830;7602;7388;7477;7205;7144;7034;7228;7197;7221;6961;6709
29;8291;8388;8576;8450;8377;7874;7608;7723;7466;7385;7376;7075;7047;6974;7116;7135;7096;6794
30;8321;8248;8464;8458;8297;8236;7922;7531;7620;7480;7323;7311;6996;6978;6915;7019;7045;6964
31;7962;8203;8247;8241;8259;8098;8325;7826;7407;7554;7382;7257;7214;6946;6903;6918;6917;6915
32;8282;7795;8217;8010;8011;8091;8105;8197;7679;7336;7426;7293;7179;7151;6851;6829;6810;6795
33;8154;8152;7823;8018;7852;7866;8075;7940;8030;7607;7250;7384;7203;7124;7102;6764;6776;6673
34;8121;8071;8224;7631;7882;7723;7853;7973;7841;8042;7481;7161;7301;7160;7029;7029;6724;6668
35;8268;8034;8109;8127;7529;7797;7751;7819;7876;7872;7979;7427;7147;7288;7140;6955;6931;6697
36;8420;8226;8071;8045;8079;7495;7900;7735;7809;7889;7841;7908;7423;7111;7257;7089;6914;6876
37;8358;8351;8265;8032;7996;8012;7590;7876;7683;7840;7853;7818;7875;7403;7099;7229;7030;6847
38;7927;8279;8390;8224;8007;7936;8063;7553;7858;7704;7813;7826;7813;7876;7349;7074;7156;6997
39;8094;7862;8331;8330;8192;7958;8056;8078;7565;7903;7661;7818;7812;7759;7845;7324;7014;7105
40;7997;8018;7919;8316;8246;8142;8045;8057;8072;7619;7879;7664;7813;7780;7737;7806;7290;6990
41;7772;7937;8075;7898;8300;8177;8164;8027;8042;8122;7612;7862;7636;7805;7759;7703;7778;7248
42;7712;7717;7951;8037;7850;8248;8248;8145;8059;8098;8094;7609;7863;7627;7770;7756;7683;7708
43;7092;7675;7805;7942;8006;7795;8302;8225;8135;8068;8127;8093;7593;7870;7603;7721;7717;7654
44;7269;7039;7707;7785;7894;7930;7869;8289;8225;8152;8072;8132;8091;7582;7828;7584;7689;7694
45;7048;7214;7084;7694;7738;7842;7998;7866;8298;8215;8140;8068;8147;8083;7564;7757;7537;7654
46;7227;7031;7311;7061;7643;7718;7896;7970;7855;8310;8188;8154;8079;8124;8065;7531;7720;7511
47;7212;7181;7081;7311;7057;7600;7747;7883;7925;7877;8295;8178;8122;8070;8093;8019;7478;7681
48;6765;7180;7210;7068;7278;7039;7647;7711;7858;7904;7841;8289;8166;8113;8024;8051;8007;7462
49;6473;6730;7234;7172;7040;7261;7073;7633;7684;7856;7885;7831;8273;8132;8085;7990;8008;7957
50;6793;6446;6749;7217;7144;7013;7296;7044;7620;7697;7840;7892;7814;8242;8112;8045;7955;7962
51;7031;6752;6457;6726;7197;7098;7013;7260;7039;7597;7676;7830;7862;7804;8199;8072;8000;7942
52;6818;6994;6762;6454;6689;7150;7116;6978;7275;7029;7585;7671;7829;7842;7755;8163;8031;7950
53;7200;6791;7003;6716;6420;6652;7154;7089;6957;7262;7020;7584;7658;7809;7812;7714;8123;7999
54;7052;7175;6786;6959;6669;6373;6645;7117;7061;6937;7249;7000;7548;7634;7771;7773;7669;8098
55;6522;7039;7180;6766;6904;6621;6343;6615;7073;7026;6913;7231;6979;7523;7604;7735;7740;7635
56;5376;6495;7041;7156;6742;6871;6595;6286;6567;7054;6992;6894;7228;6953;7484;7564;7700;7708
57;5189;5362;6470;7025;7110;6716;6860;6558;6245;6562;7039;6962;6869;7205;6904;7463;7502;7646
58;5432;5169;5342;6450;7016;7068;6706;6813;6503;6242;6511;7016;6940;6840;7158;6861;7416;7451
59;5491;5400;5157;5302;6410;6987;7044;6639;6767;6473;6200;6478;6983;6907;6814;7138;6829;7376
60;5528;5463;5390;5122;5259;6380;6969;6999;6607;6706;6428;6166;6457;6944;6855;6781;7109;6763
61;5958;5477;5420;5357;5093;5216;6343;6933;6954;6560;6678;6417;6133;6426;6882;6773;6745;7061
62;6012;5918;5448;5374;5336;5062;5182;6319;6882;6917;6530;6638;6371;6090;6374;6822;6732;6716
63;5698;5974;5855;5384;5328;5311;5038;5156;6279;6836;6861;6494;6569;6334;6043;6304;6767;6700
64;5265;5649;5924;5805;5329;5273;5282;5004;5108;6244;6786;6794;6432;6512;6259;5972;6229;6707
65;5374;5230;5609;5858;5747;5293;5223;5210;4953;5045;6194;6727;6722;6383;6455;6201;5926;6196
66;5792;5328;5167;5576;5782;5690;5226;5162;5173;4911;5005;6119;6655;6675;6306;6390;6122;5864
67;5566;5707;5261;5118;5504;5720;5609;5178;5075;5102;4861;4935;6066;6570;6595;6217;6303;6063
68;5887;5505;5608;5200;5082;5448;5652;5537;5102;4995;5060;4791;4874;5967;6496;6505;6146;6208
69;5668;5793;5440;5514;5121;5022;5367;5574;5465;5012;4936;4989;4714;4812;5864;6412;6412;6086
70;5494;5582;5707;5366;5410;5065;4971;5279;5462;5385;4949;4873;4903;4637;4745;5780;6303;6320
71;5511;5412;5446;5598;5283;5300;4991;4867;5168;5364;5286;4884;4787;4852;4550;4648;5671;6208
72;5115;5400;5286;5337;5500;5165;5191;4917;4769;5103;5278;5180;4796;4689;4745;4482;4562;5574
73;4740;4993;5298;5164;5189;5369;5050;5045;4808;4655;5006;5177;5087;4719;4580;4642;4408;4479
74;4846;4636;4825;5161;5016;5070;5231;4928;4928;4710;4549;4869;5042;4965;4601;4488;4509;4300
75;4524;4726;4488;4685;5022;4873;4939;5079;4787;4807;4617;4434;4741;4915;4848;4466;4369;4370
76;4405;4375;4597;4332;4515;4871;4738;4779;4932;4643;4663;4485;4317;4628;4772;4737;4336;4240
77;4537;4263;4222;4470;4158;4350;4692;4578;4601;4774;4519;4499;4344;4197;4484;4613;4581;4221
78;4105;4371;4070;4092;4290;4018;4180;4529;4391;4410;4587;4341;4356;4185;4026;4333;4433;4434
79;3800;3908;4208;3912;3920;4110;3863;3992;4319;4199;4200;4408;4173;4172;4010;3868;4161;4263
80;3308;3590;3684;3997;3692;3729;3936;3676;3785;4106;4004;3999;4202;4006;3979;3835;3673;3988
81;3401;3101;3365;3439;3722;3497;3552;3693;3468;3572;3874;3822;3811;4025;3788;3793;3659;3506
82;2087;3140;2880;3185;3234;3459;3286;3329;3440;3258;3384;3604;3591;3597;3800;3606;3575;3489
83;1619;1957;2898;2678;2968;2995;3199;3034;3088;3203;3020;3197;3363;3373;3404;3550;3370;3361
84;1561;1498;1813;2661;2471;2741;2777;2934;2774;2863;2928;2828;3004;3109;3118;3159;3302;3145
85;1794;1407;1367;1675;2393;2249;2504;2543;2652;2545;2633;2704;2634;2763;2822;2881;2870;3063
86;1867;1608;1227;1229;1509;2128;1996;2271;2295;2389;2327;2410;2464;2398;2515;2568;2635;2611
87;1609;1639;1438;1102;1105;1343;1893;1762;2043;2058;2120;2077;2174;2174;2163;2296;2319;2367
88;1499;1394;1417;1279;953;984;1161;1648;1514;1820;1838;1881;1858;1913;1892;1952;2031;2072
89;1340;1247;1139;1228;1088;804;856;1016;1456;1337;1535;1597;1643;1600;1661;1650;1704;1770
90;940;1104;1039;967;1038;930;677;733;860;1248;1154;1336;1372;1398;1368;1441;1433;1447
91;825;784;878;865;762;866;758;553;597;709;1063;965;1136;1183;1165;1151;1221;1200
92;608;666;640;728;692;633;738;615;453;467;597;872;792;926;980;1000;956;999
93;428;484;525;499;579;553;519;594;484;387;390;473;739;660;739;780;826;794
94;293;346;357;407;372;458;430;404;465;400;303;292;375;582;486;583;602;670
95;186;230;254;274;304;293;339;325;319;370;322;218;241;287;445;386;455;467
96;145;123;167;182;204;224;217;253;248;266;275;235;169;186;211;350;283;351
97;114;101;92;131;120;163;153;162;181;194;208;193;162;131;128;152;246;222
98;52;77;66;73;91;88;107;110;116;135;147;148;131;118;94;95;105;182
99;34;35;58;44;46;60;66;72;66;79;102;95;120;84;80;74;73;73
100 e oltre;56;62;55;79;82;79;90;97;115;116;142;154;162;182;165;164;144;148
Totale;563160;560595;562231;560378;557704;554971;557822;556039;554563;554859;553518;551984;550884;549202;546527;543930;540579;536487
Età/Anno;2002;2003;2004;2005;2006;2007;2008;2009;2010;2011;2012;2013;2014;2015;2016;2017;2018;2019
Età;Maschi
0;2771;2730;2843;2858;2783;2766;2800;2679;2759;2751;2570;2547;2547;2515;2495;2366;2414;2248
1;2976;2761;2716;2840;2847;2756;2789;2783;2682;2753;2737;2555;2553;2545;2509;2494;2349;2368
2;2986;2958;2768;2721;2802;2842;2759;2799;2779;2680;2736;2739;2566;2537;2520;2500;2477;2316
3;2866;2961;2940;2775;2709;2779;2837;2764;2800;2755;2663;2737;2762;2553;2525;2520;2480;2455
4;2901;2860;2949;2940;2782;2713;2793;2817;2775;2785;2758;2660;2736;2757;2553;2529;2497;2456
5;3004;2897;2857;2954;2950;2773;2737;2785;2825;2782;2805;2752;2655;2735;2741;2539;2493;2487
6;3081;2983;2887;2868;2950;2945;2799;2733;2798;2814;2768;2806;2758;2645;2728;2756;2523;2464
7;3218;3074;2997;2896;2886;2950;2956;2797;2736;2795;2820;2765;2806;2763;2647;2728;2740;2523
8;3416;3226;3079;2993;2929;2872;2953;2965;2824;2749;2791;2821;2763;2797;2761;2636;2720;2720
9;3473;3413;3230;3071;2981;2936;2897;2953;2968;2829;2758;2793;2821;2751;2799;2750;2638;2714
10;3653;3460;3413;3226;3075;2986;2960;2912;2952;2976;2849;2762;2791;2807;2748;2807;2736;2638
11;3732;3637;3452;3420;3231;3069;3014;2956;2938;2961;2974;2841;2757;2794;2808;2749;2783;2728
12;3821;3728;3621;3465;3408;3237;3094;3014;2953;2956;2969;2977;2849;2764;2789;2801;2728;2772
13;3834;3806;3718;3597;3474;3408;3267;3113;3034;2974;2948;2975;2980;2843;2730;2786;2790;2721
14;3754;3830;3803;3701;3588;3476;3440;3284;3125;3028;2980;2944;2980;2982;2838;2720;2803;2788
15;3849;3752;3833;3809;3700;3575;3493;3445;3287;3130;3034;2980;2956;2988;2995;2844;2743;2802
16;3892;3830;3748;3832;3818;3692;3587;3507;3459;3305;3135;3055;2982;2950;3013;2998;2865;2742
17;3865;3855;3838;3761;3849;3811;3701;3591;3511;3463;3318;3154;3072;2991;2973;3011;3044;2883
18;3850;3862;3856;3833;3786;3837;3850;3700;3602;3528;3473;3348;3174;3102;3029;3001;3192;3096
19;4151;3801;3864;3815;3825;3779;3867;3838;3702;3603;3514;3487;3362;3184;3145;3057;3069;3216
20;4118;4080;3778;3823;3773;3777;3787;3831;3813;3689;3583;3514;3488;3368;3183;3150;3046;3042
21;4108;4062;4086;3745;3789;3714;3790;3744;3827;3804;3671;3567;3504;3450;3340;3196;3132;3016
22;4189;4034;4081;4008;3712;3739;3730;3772;3698;3822;3787;3644;3555;3503;3439;3318;3168;3101
23;4065;4102;4029;4019;3952;3643;3742;3691;3773;3713;3816;3742;3629;3508;3476;3430;3311;3104
24;4040;3983;4098;3980;3930;3869;3661;3705;3649;3779;3701;3757;3762;3630;3501;3453;3408;3298
25;4308;3966;4013;4039;3863;3860;3883;3612;3696;3646;3752;3665;3743;3738;3604;3480;3413;3298
26;4188;4254;3996;3957;3966;3757;3851;3815;3593;3721;3620;3701;3642;3726;3695;3557;3455;3317
27;4256;4146;4357;3933;3870;3887;3787;3782;3767;3625;3706;3556;3686;3578;3668;3621;3529;3359
28;4291;4170;4222;4285;3832;3801;3877;3734;3712;3774;3607;3611;3508;3664;3558;3642;3555;3448
29;4048;4212;4231;4143;4208;3760;3822;3798;3695;3743;3737;3547;3560;3476;3613;3534;3585;3460
30;4081;4018;4277;4180;4050;4115;3790;3767;3745;3705;3727;3692;3491;3552;3467;3576;3488;3519
31;3887;4023;4031;4174;4067;3941;4147;3751;3700;3731;3689;3679;3628;3456;3527;3459;3546;3428
32;4069;3811;4033;3923;4034;3995;3956;4099;3682;3681;3677;3644;3645;3596;3419;3486;3413;3465
33;4018;3991;3846;3912;3813;3942;3963;3867;4018;3677;3638;3656;3598;3598;3554;3375;3454;3337
34;3987;3948;4013;3703;3814;3703;3902;3897;3789;4005;3582;3600;3622;3586;3567;3526;3353;3395
35;4011;3923;3957;3932;3645;3766;3693;3873;3831;3825;3973;3560;3585;3613;3576;3530;3486;3346
36;4102;3979;3946;3914;3909;3617;3815;3689;3869;3859;3820;3942;3560;3586;3603;3553;3499;3456
37;4078;4072;4000;3924;3893;3869;3647;3813;3649;3898;3849;3797;3911;3543;3565;3579;3536;3457
38;3927;4023;4081;3957;3899;3863;3892;3627;3816;3662;3880;3836;3797;3922;3520;3557;3549;3526
39;3995;3887;4044;4048;3928;3881;3910;3891;3629;3838;3644;3886;3825;3763;3930;3513;3529;3516
40;3814;3952;3905;4013;4003;3897;3900;3915;3881;3668;3838;3650;3892;3812;3752;3900;3509;3503
41;3762;3768;3976;3886;4000;3961;3904;3871;3902;3916;3664;3833;3635;3881;3801;3730;3881;3483
42;3841;3731;3776;3954;3848;3968;3980;3886;3895;3941;3892;3657;3825;3636;3865;3803;3716;3835
43;3551;3817;3765;3773;3946;3819;3972;3967;3885;3897;3962;3890;3642;3829;3602;3847;3790;3701
44;3638;3522;3813;3750;3742;3902;3836;3961;3970;3881;3900;3956;3881;3646;3804;3600;3828;3772
45;3504;3607;3519;3791;3738;3716;3928;3818;3961;3964;3873;3894;3949;3864;3643;3770;3591;3807
46;3606;3493;3628;3491;3758;3725;3731;3902;3796;3974;3946;3881;3905;3937;3860;3618;3752;3566
47;3564;3582;3485;3622;3491;3733;3744;3730;3887;3799;3977;3942;3864;3883;3916;3832;3576;3726
48;3333;3549;3594;3468;3599;3477;3749;3714;3733;3868;3770;3976;3939;3858;3866;3885;3828;3580
49;3281;3309;3561;3556;3458;3583;3489;3737;3701;3737;3854;3767;3964;3919;3842;3842;3864;3810
50;3379;3257;3310;3535;3532;3439;3576;3456;3719;3706;3726;3866;3751;3944;3915;3815;3823;3852
51;3505;3367;3241;3300;3534;3512;3425;3555;3435;3706;3692;3719;3847;3745;3915;3896;3800;3820
52;3467;3481;3346;3226;3278;3511;3509;3407;3552;3419;3690;3679;3703;3843;3722;3892;3876;3771
53;3629;3451;3461;3313;3209;3254;3513;3484;3375;3546;3415;3689;3668;3683;3828;3711;3872;3861
54;3526;3602;3434;3434;3282;3182;3251;3477;3472;3361;3544;3400;3673;3643;3665;3800;3687;3866
55;3236;3510;3602;3409;3395;3253;3161;3241;3460;3454;3354;3520;3389;3664;3620;3640;3775;3662
56;2656;3218;3497;3578;3393;3366;3233;3119;3213;3443;3435;3346;3530;3361;3645;3604;3627;3766
57;2576;2655;3200;3488;3550;3374;3360;3204;3092;3204;3422;3426;3329;3507;3334;3632;3560;3598
58;2699;2567;2639;3183;3471;3517;3366;3336;3178;3090;3178;3412;3408;3325;3482;3311;3605;3537
59;2749;2672;2545;2614;3155;3453;3494;3313;3322;3156;3055;3155;3396;3386;3309;3474;3291;3578
60;2707;2741;2655;2530;2582;3129;3442;3468;3301;3286;3123;3042;3146;3366;3364;3294;3469;3255
61;2922;2678;2721;2635;2502;2562;3107;3425;3440;3268;3268;3116;3023;3130;3324;3325;3280;3443
62;2955;2898;2655;2694;2624;2480;2540;3089;3380;3409;3245;3255;3087;2990;3094;3294;3291;3270
63;2711;2924;2856;2623;2663;2614;2463;2522;3068;3350;3366;3226;3219;3065;2966;3056;3267;3277
64;2559;2676;2888;2824;2589;2617;2591;2443;2492;3044;3318;3323;3188;3180;3024;2920;3022;3243
65;2483;2536;2640;2853;2787;2567;2573;2560;2413;2452;3010;3286;3265;3156;3148;2997;2888;3012
66;2787;2455;2502;2613;2804;2763;2527;2540;2539;2396;2429;2968;3239;3241;3106;3108;2951;2853
67;2541;2743;2415;2470;2568;2763;2712;2507;2492;2490;2374;2372;2940;3177;3201;3045;3049;2922
68;2758;2503;2685;2367;2447;2532;2718;2666;2453;2452;2467;2331;2336;2883;3134;3145;3006;2997
69;2559;2697;2461;2616;2315;2415;2481;2676;2619;2392;2417;2417;2285;2305;2824;3086;3096;2975
70;2513;2510;2650;2409;2557;2280;2384;2440;2604;2574;2351;2371;2359;2244;2263;2781;3015;3035
71;2515;2463;2430;2570;2351;2499;2243;2318;2364;2545;2524;2314;2334;2337;2188;2208;2718;2956
72;2301;2466;2385;2358;2507;2286;2431;2193;2264;2320;2491;2469;2263;2266;2272;2150;2158;2669
73;2080;2232;2405;2323;2273;2432;2204;2337;2122;2185;2257;2425;2404;2213;2201;2206;2101;2103
74;2107;2019;2142;2310;2238;2209;2340;2126;2259;2064;2123;2175;2341;2334;2145;2138;2116;2051
75;1969;2034;1938;2055;2243;2158;2153;2250;2046;2185;2010;2058;2110;2264;2271;2074;2068;2033
76;1858;1888;1971;1842;1975;2162;2079;2061;2169;1966;2100;1936;1990;2037;2186;2212;1997;1995
77;1862;1781;1800;1891;1750;1876;2066;1993;1967;2091;1894;1994;1875;1920;1961;2102;2122;1931
78;1642;1775;1684;1721;1794;1673;1783;1972;1896;1856;1991;1794;1915;1789;1835;1880;2001;2032
79;1491;1529;1692;1597;1631;1700;1601;1675;1854;1787;1739;1878;1715;1814;1681;1742;1795;1912
80;1237;1384;1401;1577;1474;1521;1603;1500;1563;1736;1689;1620;1775;1624;1706;1589;1626;1701
81;1243;1125;1261;1271;1446;1386;1435;1495;1403;1454;1609;1588;1533;1670;1517;1614;1505;1532
82;781;1083;1017;1168;1171;1295;1291;1333;1362;1295;1344;1476;1455;1429;1556;1437;1503;1414
83;577;718;976;911;1056;1066;1173;1153;1178;1229;1200;1250;1365;1355;1322;1435;1329;1402
84;581;529;664;887;829;947;960;1056;1029;1063;1072;1097;1145;1236;1229;1212;1311;1226
85;636;515;469;612;784;737;836;869;934;936;959;966;999;1046;1094;1122;1065;1207
86;691;573;445;406;550;688;648;741;775;809;836;858;861;872;941;972;1000;951
87;569;591;496;395;354;466;614;568;649;691;692;730;757;749;779;846;862;885
88;552;486;510;427;333;308;383;519;474;573;608;609;633;664;623;694;732;760
89;466;470;389;436;350;275;258;324;453;417;483;508;514;531;568;532;600;631
90;329;372;383;325;362;287;229;220;262;385;355;418;433;430;449;495;446;501
91;305;268;281;295;252;304;224;182;176;217;305;296;357;373;338;356;399;365
92;216;243;218;231;224;197;261;171;140;135;181;246;222;280;299;277;286;328
93;169;164;183;173;178;182;164;205;126;115;118;142;195;184;206;224;221;227
94;98;134;115;140;118;134;141;124;145;100;93;85;116;150;133;160;173;180
95;53;68;93;83;103;96;99;105;96;103;71;59;66;89;105;96;116;132
96;37;31;48;68;65;72;69;75;83;75;73;48;46;54;63;90;69;92
97;34;22;26;37;44;58;42;57;48;67;61;49;34;33;32;40;60;54
98;17;20;15;22;24;28;37;33;38;29;50;42;31;25;24;25;27;43
99;7;14;16;10;13;12;16;23;21;24;21;31;37;17;18;22;18;14
100 e oltre;18;17;19;22;18;14;13;22;30;31;40;41;43;50;41;33;27;27
Totale;274111;272593;273428;272155;270650;269133;270293;269322;268616;269140;268603;267861;267450;266797;265768;264763;263575;261755
Età/Anno;2002;2003;2004;2005;2006;2007;2008;2009;2010;2011;2012;2013;2014;2015;2016;2017;2018;2019
Età;Femmine
0;2652;2590;2594;2586;2626;2601;2668;2607;2534;2542;2461;2391;2361;2303;2297;2169;2185;2133
1;2818;2650;2594;2567;2580;2607;2621;2648;2613;2527;2545;2466;2390;2355;2296;2304;2159;2177
2;2868;2796;2652;2603;2570;2561;2621;2588;2643;2600;2509;2521;2447;2380;2351;2276;2271;2128
3;2904;2831;2774;2654;2604;2550;2574;2620;2592;2626;2588;2494;2521;2432;2374;2341;2269;2246
4;2784;2890;2835;2779;2659;2589;2570;2567;2620;2577;2628;2586;2500;2515;2452;2370;2328;2250
5;2926;2779;2888;2814;2791;2660;2610;2561;2556;2634;2577;2621;2580;2493;2507;2441;2357;2311
6;3111;2914;2776;2879;2791;2796;2664;2604;2563;2538;2632;2582;2616;2578;2491;2507;2415;2337
7;2929;3101;2923;2778;2869;2777;2800;2663;2608;2562;2540;2644;2591;2602;2559;2478;2499;2406
8;3204;2923;3090;2922;2777;2871;2800;2797;2685;2599;2560;2552;2647;2584;2592;2559;2456;2494
9;3429;3201;2917;3096;2926;2787;2882;2800;2817;2714;2607;2575;2555;2635;2584;2591;2549;2451
10;3367;3412;3217;2922;3081;2922;2816;2888;2809;2820;2713;2609;2587;2550;2641;2586;2575;2534
11;3475;3364;3409;3222;2938;3081;2935;2815;2909;2815;2825;2719;2604;2596;2548;2628;2583;2560
12;3514;3451;3371;3410;3229;2948;3098;2932;2832;2914;2806;2824;2723;2602;2607;2551;2616;2583
13;3586;3502;3449;3369;3419;3220;2962;3096;2936;2847;2929;2797;2817;2722;2605;2594;2544;2603
14;3702;3580;3518;3435;3364;3413;3243;2963;3102;2955;2855;2939;2795;2827;2730;2610;2577;2538
15;3756;3687;3574;3521;3419;3372;3423;3258;2988;3107;2957;2855;2931;2791;2813;2732;2593;2574
16;3636;3740;3698;3577;3517;3395;3378;3414;3265;2989;3107;2963;2848;2929;2788;2825;2742;2602
17;3700;3622;3718;3691;3592;3509;3400;3382;3423;3294;2998;3113;2959;2851;2925;2788;2827;2733
18;3787;3692;3631;3711;3707;3606;3555;3409;3388;3428;3316;3008;3111;2957;2848;2932;2802;2833
19;3972;3760;3692;3618;3691;3705;3656;3535;3414;3389;3434;3306;3015;3130;2960;2843;2942;2800
20;3871;3926;3745;3673;3604;3637;3745;3658;3529;3412;3397;3437;3317;3008;3135;2959;2817;2919
21;4093;3809;3908;3722;3642;3577;3682;3744;3672;3537;3417;3412;3453;3305;3001;3129;2959;2802
22;4004;4023;3790;3865;3698;3607;3655;3701;3734;3674;3542;3411;3421;3445;3310;3002;3126;2928
23;3882;3973;4006;3798;3844;3671;3628;3652;3676;3774;3664;3568;3427;3435;3433;3304;2984;3086
24;4200;3829;3963;3980;3753;3791;3705;3620;3629;3654;3783;3661;3570;3431;3419;3401;3278;2954
25;4188;4170;3863;3979;3922;3706;3834;3701;3628;3595;3630;3755;3678;3575;3420;3387;3374;3242
26;4410;4180;4220;3849;3933;3859;3758;3776;3675;3607;3585;3593;3744;3655;3533;3394;3327;3296
27;4319;4401;4271;4195;3797;3895;3885;3706;3734;3624;3570;3558;3578;3702;3619;3500;3327;3231
28;4157;4321;4404;4231;4158;3740;3953;3868;3676;3703;3598;3533;3526;3564;3639;3579;3406;3261
29;4243;4176;4345;4307;4169;4114;3786;3925;3771;3642;3639;3528;3487;3498;3503;3601;3511;3334
30;4240;4230;4187;4278;4247;4121;4132;3764;3875;3775;3596;3619;3505;3426;3448;3443;3557;3445
31;4075;4180;4216;4067;4192;4157;4178;4075;3707;3823;3693;3578;3586;3490;3376;3459;3371;3487
32;4213;3984;4184;4087;3977;4096;4149;4098;3997;3655;3749;3649;3534;3555;3432;3343;3397;3330
33;4136;4161;3977;4106;4039;3924;4112;4073;4012;3930;3612;3728;3605;3526;3548;3389;3322;3336
34;4134;4123;4211;3928;4068;4020;3951;4076;4052;4037;3899;3561;3679;3574;3462;3503;3371;3273
35;4257;4111;4152;4195;3884;4031;4058;3946;4045;4047;4006;3867;3562;3675;3564;3425;3445;3351
36;4318;4247;4125;4131;4170;3878;4085;4046;3940;4030;4021;3966;3863;3525;3654;3536;3415;3420
37;4280;4279;4265;4108;4103;4143;3943;4063;4034;3942;4004;4021;3964;3860;3534;3650;3494;3390
38;4000;4256;4309;4267;4108;4073;4171;3926;4042;4042;3933;3990;4016;3954;3829;3517;3607;3471
39;4099;3975;4287;4282;4264;4077;4146;4187;3936;4065;4017;3932;3987;3996;3915;3811;3485;3589
40;4183;4066;4014;4303;4243;4245;4145;4142;4191;3951;4041;4014;3921;3968;3985;3906;3781;3487
41;4010;4169;4099;4012;4300;4216;4260;4156;4140;4206;3948;4029;4001;3924;3958;3973;3897;3765
42;3871;3986;4175;4083;4002;4280;4268;4259;4164;4157;4202;3952;4038;3991;3905;3953;3967;3873
43;3541;3858;4040;4169;4060;3976;4330;4258;4250;4171;4165;4203;3951;4041;4001;3874;3927;3953
44;3631;3517;3894;4035;4152;4028;4033;4328;4255;4271;4172;4176;4210;3936;4024;3984;3861;3922
45;3544;3607;3565;3903;4000;4126;4070;4048;4337;4251;4267;4174;4198;4219;3921;3987;3946;3847
46;3621;3538;3683;3570;3885;3993;4165;4068;4059;4336;4242;4273;4174;4187;4205;3913;3968;3945
47;3648;3599;3596;3689;3566;3867;4003;4153;4038;4078;4318;4236;4258;4187;4177;4187;3902;3955
48;3432;3631;3616;3600;3679;3562;3898;3997;4125;4036;4071;4313;4227;4255;4158;4166;4179;3882
49;3192;3421;3673;3616;3582;3678;3584;3896;3983;4119;4031;4064;4309;4213;4243;4148;4144;4147
50;3414;3189;3439;3682;3612;3574;3720;3588;3901;3991;4114;4026;4063;4298;4197;4230;4132;4110
51;3526;3385;3216;3426;3663;3586;3588;3705;3604;3891;3984;4111;4015;4059;4284;4176;4200;4122
52;3351;3513;3416;3228;3411;3639;3607;3571;3723;3610;3895;3992;4126;3999;4033;4271;4155;4179
53;3571;3340;3542;3403;3211;3398;3641;3605;3582;3716;3605;3895;3990;4126;3984;4003;4251;4138
54;3526;3573;3352;3525;3387;3191;3394;3640;3589;3576;3705;3600;3875;3991;4106;3973;3982;4232
55;3286;3529;3578;3357;3509;3368;3182;3374;3613;3572;3559;3711;3590;3859;3984;4095;3965;3973
56;2720;3277;3544;3578;3349;3505;3362;3167;3354;3611;3557;3548;3698;3592;3839;3960;4073;3942
57;2613;2707;3270;3537;3560;3342;3500;3354;3153;3358;3617;3536;3540;3698;3570;3831;3942;4048
58;2733;2602;2703;3267;3545;3551;3340;3477;3325;3152;3333;3604;3532;3515;3676;3550;3811;3914
59;2742;2728;2612;2688;3255;3534;3550;3326;3445;3317;3145;3323;3587;3521;3505;3664;3538;3798
60;2821;2722;2735;2592;2677;3251;3527;3531;3306;3420;3305;3124;3311;3578;3491;3487;3640;3508
61;3036;2799;2699;2722;2591;2654;3236;3508;3514;3292;3410;3301;3110;3296;3558;3448;3465;3618
62;3057;3020;2793;2680;2712;2582;2642;3230;3502;3508;3285;3383;3284;3100;3280;3528;3441;3446
63;2987;3050;2999;2761;2665;2697;2575;2634;3211;3486;3495;3268;3350;3269;3077;3248;3500;3423
64;2706;2973;3036;2981;2740;2656;2691;2561;2616;3200;3468;3471;3244;3332;3235;3052;3207;3464
65;2891;2694;2969;3005;2960;2726;2650;2650;2540;2593;3184;3441;3457;3227;3307;3204;3038;3184
66;3005;2873;2665;2963;2978;2927;2699;2622;2634;2515;2576;3151;3416;3434;3200;3282;3171;3011
67;3025;2964;2846;2648;2936;2957;2897;2671;2583;2612;2487;2563;3126;3393;3394;3172;3254;3141
68;3129;3002;2923;2833;2635;2916;2934;2871;2649;2543;2593;2460;2538;3084;3362;3360;3140;3211
69;3109;3096;2979;2898;2806;2607;2886;2898;2846;2620;2519;2572;2429;2507;3040;3326;3316;3111
70;2981;3072;3057;2957;2853;2785;2587;2839;2858;2811;2598;2502;2544;2393;2482;2999;3288;3285
71;2996;2949;3016;3028;2932;2801;2748;2549;2804;2819;2762;2570;2453;2515;2362;2440;2953;3252
72;2814;2934;2901;2979;2993;2879;2760;2724;2505;2783;2787;2711;2533;2423;2473;2332;2404;2905
73;2660;2761;2893;2841;2916;2937;2846;2708;2686;2470;2749;2752;2683;2506;2379;2436;2307;2376
74;2739;2617;2683;2851;2778;2861;2891;2802;2669;2646;2426;2694;2701;2631;2456;2350;2393;2249
75;2555;2692;2550;2630;2779;2715;2786;2829;2741;2622;2607;2376;2631;2651;2577;2392;2301;2337
76;2547;2487;2626;2490;2540;2709;2659;2718;2763;2677;2563;2549;2327;2591;2586;2525;2339;2245
77;2675;2482;2422;2579;2408;2474;2626;2585;2634;2683;2625;2505;2469;2277;2523;2511;2459;2290
78;2463;2596;2386;2371;2496;2345;2397;2557;2495;2554;2596;2547;2441;2396;2191;2453;2432;2402
79;2309;2379;2516;2315;2289;2410;2262;2317;2465;2412;2461;2530;2458;2358;2329;2126;2366;2351
80;2071;2206;2283;2420;2218;2208;2333;2176;2222;2370;2315;2379;2427;2382;2273;2246;2047;2287
81;2158;1976;2104;2168;2276;2111;2117;2198;2065;2118;2265;2234;2278;2355;2271;2179;2154;1974
82;1306;2057;1863;2017;2063;2164;1995;1996;2078;1963;2040;2128;2136;2168;2244;2169;2072;2075
83;1042;1239;1922;1767;1912;1929;2026;1881;1910;1974;1820;1947;1998;2018;2082;2115;2041;1959
84;980;969;1149;1774;1642;1794;1817;1878;1745;1800;1856;1731;1859;1873;1889;1947;1991;1919
85;1158;892;898;1063;1609;1512;1668;1674;1718;1609;1674;1738;1635;1717;1728;1759;1805;1856
86;1176;1035;782;823;959;1440;1348;1530;1520;1580;1491;1552;1603;1526;1574;1596;1635;1660
87;1040;1048;942;707;751;877;1279;1194;1394;1367;1428;1347;1417;1425;1384;1450;1457;1482
88;947;908;907;852;620;676;778;1129;1040;1247;1230;1272;1225;1249;1269;1258;1299;1312
89;874;777;750;792;738;529;598;692;1003;920;1052;1089;1129;1069;1093;1118;1104;1139
90;611;732;656;642;676;643;448;513;598;863;799;918;939;968;919;946;987;946
91;520;516;597;570;510;562;534;371;421;492;758;669;779;810;827;795;822;835
92;392;423;422;497;468;436;477;444;313;332;416;626;570;646;681;723;670;671
93;259;320;342;326;401;371;355;389;358;272;272;331;544;476;533;556;605;567
94;195;212;242;267;254;324;289;280;320;300;210;207;259;432;353;423;429;490
95;133;162;161;191;201;197;240;220;223;267;251;159;175;198;340;290;339;335
96;108;92;119;114;139;152;148;178;165;191;202;187;123;132;148;260;214;259
97;80;79;66;94;76;105;111;105;133;127;147;144;128;98;96;112;186;168
98;35;57;51;51;67;60;70;77;78;106;97;106;100;93;70;70;78;139
99;27;21;42;34;33;48;50;49;45;55;81;64;83;67;62;52;55;59
100 e oltre;38;45;36;57;64;65;77;75;85;85;102;113;119;132;124;131;117;121
Totale;289049;288002;288803;288223;287054;285838;287529;286717;285947;285719;284915;284123;283434;282405;280759;279167;277004;274732

"Ricostruzione della popolazione intercensuaria - Popolazione al 1° gennaio per età"
"Cittadinanza italiana - Provincia: Reggio di Calabria"
Età/Anno;2002;2003;2004;2005;2006;2007;2008;2009;2010;2011;2012;2013;2014;2015;2016;2017;2018;2019
Età;Totale
0;5336;5230;5338;5333;5244;5209;5218;5006;5035;4996;4716;4591;4543;4445;4452;4156;4235;4051
1;5719;5322;5205;5300;5310;5213;5179;5185;4999;5018;4964;4694;4586;4518;4414;4443;4127;4193
2;5776;5680;5323;5213;5272;5290;5191;5151;5174;4984;4981;4934;4684;4561;4484;4396;4416;4072
3;5701;5716;5629;5322;5199;5236;5269;5183;5151;5127;4955;4948;4931;4653;4532;4478;4375;4372
4;5615;5681;5693;5635;5333;5190;5206;5227;5180;5126;5111;4924;4933;4907;4675;4514;4452;4343
5;5856;5603;5665;5671;5633;5328;5188;5175;5212;5180;5129;5077;4902;4914;4873;4652;4479;4431
6;6140;5817;5584;5655;5637;5629;5324;5167;5176;5175;5157;5107;5063;4897;4892;4883;4622;4437
7;6077;6117;5830;5579;5659;5618;5604;5311;5172;5166;5160;5153;5100;5060;4879;4893;4878;4603
8;6560;6078;6101;5821;5597;5640;5586;5589;5328;5158;5146;5159;5149;5081;5047;4885;4871;4858
9;6851;6556;6067;6093;5801;5606;5631;5579;5593;5350;5157;5140;5155;5135;5085;5051;4873;4839
10;6968;6817;6560;6059;6071;5791;5604;5635;5574;5601;5351;5146;5134;5144;5135;5104;5026;4849
11;7163;6944;6801;6562;6062;6059;5791;5585;5650;5568;5590;5339;5127;5143;5129;5124;5089;4992
12;7283;7130;6925;6802;6549;6065;6060;5778;5585;5650;5549;5569;5339;5136;5141;5125;5103;5067
13;7372;7250;7109;6888;6809;6537;6079;6055;5784;5591;5635;5531;5539;5336;5109;5135;5108;5075
14;7417;7359;7248;7067;6865;6789;6536;6063;6048;5776;5582;5629;5516;5522;5330;5094;5128;5078
15;7552;7395;7347;7241;7040;6853;6771;6522;6069;6038;5769;5572;5618;5509;5521;5324;5083;5100
16;7475;7518;7395;7338;7228;7004;6834;6749;6521;6076;6032;5768;5554;5615;5501;5523;5321;5074
17;7511;7435;7495;7394;7343;7214;6969;6828;6748;6535;6071;6035;5771;5551;5601;5492;5505;5307
18;7582;7500;7432;7467;7398;7336;7233;6960;6819;6744;6544;6076;6041;5791;5573;5617;5503;5538
19;8060;7509;7487;7369;7434;7382;7325;7187;6922;6780;6723;6515;6061;6046;5772;5539;5621;5488
20;7931;7955;7433;7419;7317;7349;7318;7276;7125;6873;6731;6679;6478;6036;6017;5723;5470;5540
21;8133;7823;7864;7375;7339;7227;7271;7243;7235;7066;6817;6683;6632;6432;5972;5985;5684;5393
22;8097;7996;7724;7748;7313;7261;7159;7206;7166;7171;6998;6739;6625;6596;6397;5895;5903;5591
23;7861;7978;7863;7645;7673;7218;7141;7070;7135;7116;7103;6926;6680;6566;6541;6342;5812;5788
24;8123;7731;7839;7752;7516;7534;7121;7057;6953;7030;7056;6984;6879;6639;6508;6428;6245;5715
25;8372;8022;7625;7783;7614;7409;7422;7013;6981;6849;6916;6942;6907;6816;6560;6424;6311;6079
26;8450;8307;7926;7535;7674;7454;7268;7274;6902;6881;6740;6797;6838;6829;6693;6437;6294;6121
27;8410;8408;8302;7800;7399;7581;7312;7115;7139;6767;6764;6606;6685;6702;6698;6553;6281;6083
28;8283;8333;8266;8131;7672;7286;7442;7179;6977;7006;6647;6601;6462;6587;6548;6548;6357;6105
29;8098;8224;8224;8046;7999;7569;7181;7308;7010;6864;6867;6492;6428;6364;6435;6420;6364;6153
30;8149;8052;8060;8019;7901;7871;7417;7043;7166;6889;6718;6740;6363;6313;6272;6298;6299;6217
31;7757;8042;7870;7813;7846;7732;7756;7311;6908;7019;6736;6616;6602;6273;6206;6212;6173;6144
32;8089;7611;7886;7636;7596;7705;7608;7605;7173;6758;6858;6607;6498;6492;6150;6105;6073;6056
33;7935;7973;7500;7693;7513;7492;7564;7476;7472;7060;6648;6762;6480;6373;6407;6039;6034;5937
34;7921;7862;7885;7310;7582;7404;7399;7467;7358;7442;6915;6533;6631;6397;6287;6317;5970;5920
35;8061;7843;7781;7778;7242;7522;7327;7360;7395;7317;7395;6839;6471;6581;6338;6209;6230;5933
36;8202;8024;7782;7703;7750;7225;7505;7295;7340;7364;7282;7314;6779;6401;6528;6271;6152;6153
37;8154;8138;7971;7716;7673;7693;7205;7466;7231;7329;7324;7215;7229;6725;6378;6496;6214;6072
38;7742;8076;8071;7917;7693;7624;7633;7152;7428;7187;7272;7279;7175;7194;6660;6352;6435;6182
39;7920;7683;8034;8012;7883;7659;7609;7633;7143;7413;7129;7260;7225;7114;7144;6640;6308;6386
40;7800;7849;7643;8010;7946;7848;7620;7591;7610;7145;7368;7110;7237;7182;7084;7099;6603;6274
41;7568;7756;7795;7604;8003;7899;7822;7588;7560;7624;7112;7326;7052;7209;7159;7061;7073;6567
42;7565;7526;7696;7726;7569;7975;7883;7789;7607;7565;7592;7092;7299;7032;7185;7156;7039;7005
43;6939;7529;7515;7681;7715;7536;7962;7872;7789;7609;7590;7574;7069;7299;7005;7150;7115;6996
44;7118;6890;7482;7472;7645;7671;7529;7947;7861;7787;7601;7574;7550;7046;7286;6996;7118;7073
45;6898;7081;6853;7439;7434;7603;7648;7518;7946;7828;7772;7590;7548;7543;7027;7246;6964;7091
46;7089;6892;7076;6809;7391;7421;7588;7617;7508;7938;7804;7763;7573;7542;7527;6995;7213;6932
47;7103;7042;6867;7057;6811;7374;7390;7580;7578;7511;7919;7788;7720;7554;7512;7484;6949;7173
48;6643;7071;7012;6847;7030;6797;7361;7351;7551;7545;7459;7910;7769;7709;7538;7465;7476;6934
49;6387;6618;7062;6970;6832;7027;6782;7341;7340;7528;7512;7435;7891;7747;7686;7495;7413;7423
50;6711;6363;6604;7037;6945;6815;7038;6763;7332;7330;7512;7511;7414;7856;7733;7656;7462;7377
51;6935;6676;6337;6573;7029;6912;6782;7021;6741;7305;7309;7484;7474;7389;7826;7701;7618;7434
52;6765;6902;6637;6309;6540;6991;6892;6765;7029;6715;7289;7309;7463;7469;7358;7796;7658;7573
53;7158;6741;6868;6584;6279;6513;6967;6867;6731;7013;6708;7274;7284;7434;7450;7329;7760;7618
54;7015;7134;6710;6823;6548;6245;6483;6937;6852;6707;6992;6678;7232;7253;7399;7410;7295;7741
55;6471;7000;7117;6686;6770;6508;6201;6464;6899;6823;6680;6963;6652;7209;7234;7377;7378;7267
56;5356;6450;6981;7083;6663;6746;6467;6155;6428;6882;6784;6654;6956;6622;7185;7201;7346;7357
57;5157;5339;6408;6955;7044;6635;6732;6441;6120;6418;6864;6749;6616;6930;6585;7162;7149;7295
58;5413;5135;5307;6386;6945;7000;6620;6699;6393;6120;6372;6828;6721;6598;6891;6551;7120;7112
59;5470;5378;5111;5270;6350;6923;6974;6560;6653;6369;6082;6333;6785;6692;6569;6863;6524;7085
60;5507;5444;5366;5078;5223;6322;6906;6939;6527;6591;6322;6044;6309;6754;6650;6532;6842;6463
61;5935;5460;5399;5332;5049;5183;6285;6873;6899;6481;6558;6307;6007;6271;6701;6576;6510;6800
62;5988;5892;5426;5351;5309;5021;5152;6268;6823;6858;6449;6517;6263;5954;6220;6646;6536;6481
63;5681;5943;5829;5363;5306;5281;5004;5126;6230;6781;6801;6410;6451;6219;5911;6157;6589;6498
64;5252;5630;5887;5776;5310;5252;5250;4969;5078;6194;6725;6729;6347;6399;6148;5845;6094;6535
65;5359;5215;5585;5822;5717;5276;5201;5184;4917;5016;6144;6661;6647;6301;6343;6094;5795;6063
66;5782;5310;5150;5550;5746;5658;5211;5138;5146;4872;4974;6071;6582;6601;6222;6272;6017;5737
67;5547;5693;5246;5098;5480;5688;5581;5164;5051;5075;4819;4902;6016;6501;6519;6131;6183;5953
68;5881;5488;5593;5186;5061;5421;5620;5512;5084;4966;5030;4748;4842;5915;6433;6432;6060;6086
69;5655;5783;5428;5500;5109;5001;5339;5542;5441;4996;4902;4955;4671;4784;5816;6349;6339;5997
70;5483;5567;5700;5352;5399;5054;4948;5253;5436;5360;4931;4838;4866;4599;4714;5730;6247;6247
71;5501;5397;5431;5589;5268;5289;4979;4845;5142;5340;5260;4866;4754;4814;4516;4620;5625;6150
72;5106;5390;5273;5320;5490;5152;5179;4906;4747;5081;5251;5155;4775;4660;4709;4444;4531;5527
73;4731;4983;5285;5151;5171;5360;5039;5037;4795;4634;4983;5148;5062;4694;4553;4605;4372;4449
74;4842;4625;4817;5149;5004;5052;5223;4919;4921;4694;4529;4846;5013;4940;4576;4457;4475;4268
75;4521;4724;4474;4678;5011;4862;4923;5073;4778;4799;4602;4412;4716;4887;4827;4439;4339;4337
76;4401;4370;4594;4319;4509;4861;4726;4764;4923;4633;4655;4470;4294;4607;4745;4713;4312;4210
77;4535;4260;4216;4467;4145;4344;4681;4569;4588;4765;4509;4490;4327;4178;4462;4591;4559;4196
78;4098;4370;4067;4086;4285;4005;4174;4517;4383;4396;4578;4331;4347;4169;4007;4313;4414;4413
79;3796;3900;4206;3906;3914;4106;3849;3985;4306;4193;4186;4399;4164;4165;3993;3849;4142;4242
80;3302;3586;3677;3995;3686;3723;3932;3660;3778;4097;4000;3985;4192;3995;3973;3822;3657;3971
81;3396;3095;3362;3433;3718;3491;3548;3689;3455;3565;3864;3817;3798;4015;3779;3788;3647;3491
82;2085;3139;2876;3182;3229;3456;3282;3325;3437;3247;3376;3595;3585;3584;3790;3598;3568;3477
83;1619;1954;2897;2674;2963;2988;3197;3031;3084;3201;3010;3187;3355;3367;3394;3541;3360;3354
84;1561;1498;1810;2660;2466;2740;2769;2932;2772;2858;2926;2819;2996;3102;3113;3149;3293;3136
85;1791;1407;1367;1671;2392;2244;2502;2536;2650;2543;2628;2702;2624;2756;2815;2876;2862;3057
86;1863;1605;1226;1229;1505;2126;1991;2270;2290;2386;2325;2404;2460;2390;2508;2560;2628;2603
87;1608;1635;1437;1101;1105;1341;1891;1758;2043;2054;2117;2073;2170;2171;2155;2289;2311;2359
88;1498;1393;1412;1278;952;984;1160;1646;1512;1820;1832;1878;1853;1909;1889;1945;2027;2064
89;1339;1245;1139;1224;1087;804;856;1014;1454;1335;1535;1592;1641;1598;1657;1647;1697;1768
90;939;1103;1037;967;1034;930;677;733;860;1245;1151;1336;1368;1396;1366;1438;1430;1441
91;823;783;877;864;762;865;758;553;597;709;1061;962;1136;1180;1164;1149;1218;1198
92;605;665;640;727;690;632;737;615;453;467;597;870;788;926;978;1000;954;996
93;427;483;524;499;578;552;519;593;484;387;390;473;737;657;739;778;826;792
94;291;345;356;407;372;456;429;404;464;400;303;292;375;581;483;583;599;670
95;186;228;254;272;304;293;337;324;319;369;322;218;241;287;444;383;455;464
96;145;123;165;182;203;224;217;252;248;266;274;235;169;186;211;349;280;351
97;114;101;92;129;120;162;153;162;180;194;208;192;162;131;128;152;245;218
98;52;77;66;73;91;88;106;110;116;135;147;148;130;118;94;95;105;181
99;34;35;58;44;46;60;66;71;66;79;102;95;120;84;80;74;73;73
100 e oltre;56;62;55;79;82;79;90;97;115;116;142;154;162;182;165;164;144;148
Totale;556598;554116;551520;548724;546059;543669;541484;538708;536097;534000;531077;527792;524633;521736;518113;514490;510057;505126
Età/Anno;2002;2003;2004;2005;2006;2007;2008;2009;2010;2011;2012;2013;2014;2015;2016;2017;2018;2019
Età;Maschi
0;2730;2680;2794;2799;2696;2690;2673;2545;2618;2609;2389;2383;2354;2308;2305;2165;2231;2072
1;2934;2718;2659;2788;2789;2677;2682;2656;2532;2620;2581;2374;2388;2346;2290;2298;2142;2200
2;2950;2915;2722;2657;2759;2784;2663;2685;2650;2522;2599;2575;2383;2370;2319;2287;2293;2112
3;2837;2927;2889;2725;2645;2738;2767;2663;2679;2628;2499;2593;2586;2375;2354;2317;2275;2273
4;2861;2832;2902;2891;2731;2649;2727;2736;2664;2668;2619;2488;2578;2572;2376;2344;2301;2264
5;2969;2859;2822;2906;2891;2723;2650;2712;2731;2660;2675;2597;2474;2572;2549;2364;2314;2295
6;3055;2943;2849;2826;2898;2883;2731;2638;2718;2717;2641;2660;2589;2466;2557;2558;2353;2289
7;3185;3047;2951;2848;2840;2894;2874;2725;2641;2717;2711;2633;2653;2598;2457;2562;2552;2345
8;3380;3192;3053;2946;2874;2819;2872;2873;2735;2639;2707;2705;2631;2639;2597;2459;2549;2542
9;3449;3378;3192;3045;2928;2875;2819;2866;2874;2737;2638;2699;2705;2630;2643;2596;2457;2539
10;3623;3438;3372;3184;3040;2921;2867;2824;2862;2878;2742;2637;2686;2700;2628;2655;2586;2452
11;3714;3606;3427;3373;3180;3031;2925;2856;2828;2859;2875;2735;2630;2684;2693;2629;2641;2572
12;3796;3706;3581;3432;3360;3179;3033;2922;2851;2836;2855;2863;2734;2637;2672;2686;2613;2626
13;3805;3779;3695;3550;3433;3358;3186;3039;2933;2856;2824;2853;2852;2729;2610;2671;2678;2597
14;3730;3798;3771;3671;3533;3426;3360;3181;3038;2919;2853;2812;2850;2837;2719;2596;2680;2654
15;3821;3723;3793;3774;3662;3519;3420;3345;3173;3033;2917;2842;2811;2849;2830;2716;2598;2659
16;3858;3801;3719;3782;3768;3650;3512;3416;3346;3181;3037;2914;2837;2798;2846;2825;2711;2595
17;3837;3832;3800;3725;3785;3764;3631;3506;3410;3350;3179;3039;2917;2833;2790;2834;2809;2704
18;3818;3834;3824;3787;3730;3772;3768;3621;3497;3406;3349;3185;3038;2936;2847;2802;2834;2832
19;4115;3769;3821;3782;3777;3726;3761;3746;3595;3474;3388;3341;3174;3040;2924;2826;2803;2823
20;4090;4057;3726;3779;3748;3740;3685;3726;3707;3570;3442;3365;3321;3157;3016;2894;2798;2760
21;4083;4042;4012;3695;3739;3695;3703;3630;3700;3667;3538;3408;3327;3286;3114;2999;2867;2756
22;4143;4016;3984;3950;3661;3694;3647;3672;3587;3656;3628;3492;3363;3311;3268;3061;2943;2815
23;4018;4062;3937;3922;3902;3601;3616;3592;3644;3551;3623;3562;3449;3323;3273;3230;3015;2871
24;3995;3945;3978;3881;3847;3824;3551;3570;3531;3586;3521;3540;3541;3426;3287;3214;3177;2964
25;4251;3930;3869;3917;3798;3795;3754;3488;3530;3480;3522;3461;3500;3497;3382;3250;3143;3063
26;4127;4205;3853;3818;3860;3698;3720;3697;3435;3481;3425;3463;3396;3455;3430;3305;3185;3043
27;4178;4098;4178;3771;3750;3808;3635;3637;3628;3374;3430;3334;3398;3305;3378;3340;3224;3079
28;4213;4108;4023;4102;3711;3694;3732;3575;3563;3563;3316;3327;3240;3347;3237;3302;3245;3134
29;3958;4146;4044;3935;4049;3647;3641;3648;3503;3512;3499;3240;3235;3193;3268;3164;3197;3130
30;3992;3931;4063;3957;3869;3972;3588;3562;3579;3430;3437;3418;3148;3200;3147;3208;3097;3119
31;3793;3955;3837;3956;3880;3786;3910;3538;3488;3507;3367;3368;3321;3097;3153;3116;3146;3019
32;3968;3727;3864;3731;3837;3829;3754;3847;3479;3422;3422;3292;3306;3260;3038;3096;3047;3073
33;3895;3909;3674;3757;3657;3785;3752;3692;3778;3429;3353;3366;3226;3227;3203;2983;3064;2964
34;3876;3835;3824;3549;3685;3571;3722;3687;3601;3730;3318;3291;3294;3186;3197;3167;2939;2996
35;3892;3816;3773;3742;3514;3647;3515;3691;3632;3564;3690;3285;3246;3263;3143;3162;3129;2921
36;3984;3863;3776;3733;3734;3500;3645;3506;3679;3625;3542;3648;3245;3221;3243;3116;3129;3080
37;3961;3954;3828;3746;3728;3708;3478;3639;3459;3673;3600;3493;3594;3204;3195;3227;3088;3073
38;3832;3908;3907;3786;3731;3706;3685;3448;3634;3435;3640;3577;3472;3576;3170;3183;3203;3073
39;3912;3797;3873;3875;3758;3726;3692;3676;3448;3630;3403;3625;3548;3443;3570;3172;3162;3172
40;3712;3869;3762;3849;3843;3734;3691;3690;3658;3452;3619;3390;3617;3532;3421;3545;3157;3134
41;3656;3674;3840;3738;3844;3821;3722;3670;3680;3676;3432;3598;3353;3594;3514;3401;3528;3137
42;3759;3629;3646;3803;3714;3830;3811;3702;3684;3693;3653;3417;3583;3345;3590;3513;3385;3482
43;3472;3736;3623;3648;3808;3700;3819;3812;3711;3698;3718;3641;3401;3577;3321;3576;3502;3355
44;3541;3444;3705;3610;3628;3784;3692;3814;3810;3707;3702;3702;3627;3389;3568;3326;3558;3477
45;3422;3524;3412;3680;3598;3612;3775;3681;3818;3795;3699;3695;3687;3615;3385;3550;3314;3545
46;3530;3410;3507;3383;3648;3594;3606;3754;3664;3828;3783;3696;3687;3685;3611;3363;3528;3286
47;3506;3507;3386;3494;3383;3635;3583;3613;3738;3660;3827;3774;3675;3658;3663;3583;3324;3507
48;3275;3488;3498;3367;3479;3371;3624;3562;3610;3717;3623;3826;3765;3674;3653;3628;3581;3331
49;3238;3258;3481;3468;3357;3473;3360;3609;3564;3612;3702;3611;3815;3759;3662;3627;3604;3560
50;3333;3216;3261;3459;3451;3343;3473;3337;3596;3565;3601;3705;3597;3794;3750;3643;3603;3588
51;3444;3321;3191;3249;3460;3434;3323;3467;3323;3578;3551;3588;3680;3581;3771;3735;3628;3596
52;3444;3424;3296;3171;3229;3439;3422;3314;3467;3307;3567;3542;3564;3678;3562;3753;3707;3600
53;3602;3431;3400;3266;3156;3214;3430;3401;3284;3458;3299;3563;3532;3538;3670;3550;3730;3691
54;3506;3575;3409;3373;3238;3136;3206;3405;3398;3269;3451;3280;3548;3504;3520;3641;3536;3722
55;3215;3488;3569;3387;3337;3215;3108;3196;3392;3386;3260;3425;3265;3544;3485;3506;3616;3517
56;2650;3200;3471;3544;3371;3313;3189;3074;3169;3375;3361;3252;3432;3236;3531;3468;3493;3614
57;2560;2646;3180;3459;3520;3352;3309;3167;3054;3163;3349;3347;3233;3411;3217;3518;3431;3463
58;2688;2548;2626;3165;3441;3487;3339;3294;3144;3048;3136;3334;3330;3236;3387;3199;3490;3415
59;2737;2661;2526;2604;3137;3428;3466;3287;3281;3123;3015;3114;3317;3312;3217;3381;3180;3464
60;2700;2729;2643;2511;2571;3110;3420;3445;3273;3247;3088;3000;3104;3293;3290;3198;3374;3144
61;2909;2673;2709;2623;2482;2551;3089;3406;3419;3245;3230;3077;2978;3083;3257;3255;3187;3349
62;2948;2883;2647;2681;2611;2461;2529;3072;3361;3386;3219;3214;3050;2944;3046;3229;3221;3177
63;2707;2915;2842;2615;2651;2599;2445;2509;3051;3330;3346;3198;3177;3028;2921;3010;3198;3201
64;2555;2670;2874;2808;2581;2608;2576;2424;2480;3027;3294;3300;3162;3139;2991;2878;2977;3179
65;2473;2528;2634;2839;2769;2560;2565;2547;2394;2443;2993;3260;3241;3131;3106;2963;2844;2966
66;2784;2443;2494;2606;2790;2743;2522;2533;2527;2376;2419;2951;3210;3217;3082;3065;2915;2813
67;2528;2736;2407;2459;2561;2751;2694;2503;2484;2481;2351;2363;2923;3151;3178;3022;3007;2883
68;2757;2493;2677;2360;2437;2524;2707;2649;2450;2443;2456;2309;2327;2867;3110;3126;2984;2956
69;2553;2694;2454;2609;2311;2405;2472;2665;2603;2389;2408;2403;2263;2296;2808;3060;3075;2950
70;2512;2503;2648;2402;2551;2276;2375;2431;2596;2557;2347;2362;2345;2224;2253;2764;2996;3014
71;2510;2459;2423;2568;2345;2492;2239;2308;2356;2537;2507;2310;2324;2322;2171;2200;2702;2934
72;2297;2459;2382;2351;2505;2280;2426;2189;2254;2314;2484;2452;2258;2258;2258;2132;2147;2653
73;2073;2227;2398;2319;2265;2430;2200;2334;2117;2177;2250;2417;2388;2205;2193;2192;2082;2094
74;2104;2010;2138;2304;2234;2203;2338;2123;2257;2058;2114;2168;2333;2319;2137;2128;2104;2034
75;1968;2032;1927;2051;2238;2154;2148;2248;2044;2183;2004;2048;2102;2256;2258;2065;2059;2021
76;1856;1886;1970;1832;1972;2158;2075;2057;2164;1963;2098;1931;1979;2033;2178;2197;1990;1986
77;1861;1779;1798;1889;1740;1872;2062;1989;1963;2086;1892;1992;1868;1912;1956;2096;2109;1923
78;1640;1774;1682;1719;1792;1663;1779;1968;1892;1851;1985;1792;1913;1781;1827;1876;1995;2020
79;1490;1526;1690;1594;1629;1698;1591;1671;1851;1784;1734;1872;1713;1812;1672;1736;1791;1905
80;1235;1382;1398;1575;1471;1519;1601;1490;1559;1734;1686;1615;1769;1621;1705;1583;1621;1697
81;1240;1123;1260;1268;1443;1382;1434;1493;1396;1450;1607;1584;1528;1664;1514;1613;1500;1528
82;779;1082;1016;1167;1169;1293;1288;1333;1361;1290;1340;1474;1451;1424;1550;1435;1501;1409
83;577;716;975;911;1053;1063;1172;1152;1177;1228;1196;1244;1363;1351;1317;1429;1326;1400
84;581;529;662;886;829;947;957;1055;1029;1062;1071;1093;1140;1235;1226;1207;1305;1224
85;635;515;469;609;783;737;835;866;933;935;958;965;994;1042;1093;1120;1060;1203
86;688;572;445;406;547;687;648;741;772;809;835;856;860;867;937;970;996;946
87;569;589;496;395;354;464;613;568;649;688;692;727;755;748;774;842;860;881
88;551;486;507;427;333;308;383;518;474;573;604;609;628;662;622;690;729;758
89;465;469;389;433;350;275;258;324;452;417;483;505;514;529;566;531;596;629
90;329;371;382;325;359;287;229;220;262;384;355;418;431;430;447;494;445;497
91;305;268;280;294;252;303;224;182;176;217;304;296;357;372;338;354;398;365
92;215;243;218;230;223;197;260;171;140;135;181;245;222;280;299;277;284;327
93;168;164;183;173;177;182;164;204;126;115;118;142;194;184;206;224;221;225
94;97;133;115;140;118;132;141;124;144;100;93;85;116;149;133;160;173;180
95;53;67;93;83;103;96;97;105;96;102;71;59;66;89;104;96;116;132
96;37;31;47;68;65;72;69;74;83;75;72;48;46;54;63;89;69;92
97;34;22;26;36;44;58;42;57;47;67;61;48;34;33;32;40;59;53
98;17;20;15;22;24;28;37;33;38;29;50;42;30;25;24;25;27;42
99;7;14;16;10;13;12;16;23;21;24;21;31;37;17;18;22;18;14
100 e oltre;18;17;19;22;18;14;13;22;30;31;40;41;43;50;41;33;27;27
Totale;270743;269362;267896;266430;265182;264013;263027;261751;260526;259646;258199;256529;254984;253655;251917;250311;248201;245865
Età/Anno;2002;2003;2004;2005;2006;2007;2008;2009;2010;2011;2012;2013;2014;2015;2016;2017;2018;2019
Età;Femmine
0;2606;2550;2544;2534;2548;2519;2545;2461;2417;2387;2327;2208;2189;2137;2147;1991;2004;1979
1;2785;2604;2546;2512;2521;2536;2497;2529;2467;2398;2383;2320;2198;2172;2124;2145;1985;1993
2;2826;2765;2601;2556;2513;2506;2528;2466;2524;2462;2382;2359;2301;2191;2165;2109;2123;1960
3;2864;2789;2740;2597;2554;2498;2502;2520;2472;2499;2456;2355;2345;2278;2178;2161;2100;2099
4;2754;2849;2791;2744;2602;2541;2479;2491;2516;2458;2492;2436;2355;2335;2299;2170;2151;2079
5;2887;2744;2843;2765;2742;2605;2538;2463;2481;2520;2454;2480;2428;2342;2324;2288;2165;2136
6;3085;2874;2735;2829;2739;2746;2593;2529;2458;2458;2516;2447;2474;2431;2335;2325;2269;2148
7;2892;3070;2879;2731;2819;2724;2730;2586;2531;2449;2449;2520;2447;2462;2422;2331;2326;2258
8;3180;2886;3048;2875;2723;2821;2714;2716;2593;2519;2439;2454;2518;2442;2450;2426;2322;2316
9;3402;3178;2875;3048;2873;2731;2812;2713;2719;2613;2519;2441;2450;2505;2442;2455;2416;2300
10;3345;3379;3188;2875;3031;2870;2737;2811;2712;2723;2609;2509;2448;2444;2507;2449;2440;2397
11;3449;3338;3374;3189;2882;3028;2866;2729;2822;2709;2715;2604;2497;2459;2436;2495;2448;2420
12;3487;3424;3344;3370;3189;2886;3027;2856;2734;2814;2694;2706;2605;2499;2469;2439;2490;2441
13;3567;3471;3414;3338;3376;3179;2893;3016;2851;2735;2811;2678;2687;2607;2499;2464;2430;2478
14;3687;3561;3477;3396;3332;3363;3176;2882;3010;2857;2729;2817;2666;2685;2611;2498;2448;2424
15;3731;3672;3554;3467;3378;3334;3351;3177;2896;3005;2852;2730;2807;2660;2691;2608;2485;2441
16;3617;3717;3676;3556;3460;3354;3322;3333;3175;2895;2995;2854;2717;2817;2655;2698;2610;2479
17;3674;3603;3695;3669;3558;3450;3338;3322;3338;3185;2892;2996;2854;2718;2811;2658;2696;2603
18;3764;3666;3608;3680;3668;3564;3465;3339;3322;3338;3195;2891;3003;2855;2726;2815;2669;2706
19;3945;3740;3666;3587;3657;3656;3564;3441;3327;3306;3335;3174;2887;3006;2848;2713;2818;2665
20;3841;3898;3707;3640;3569;3609;3633;3550;3418;3303;3289;3314;3157;2879;3001;2829;2672;2780
21;4050;3781;3852;3680;3600;3532;3568;3613;3535;3399;3279;3275;3305;3146;2858;2986;2817;2637
22;3954;3980;3740;3798;3652;3567;3512;3534;3579;3515;3370;3247;3262;3285;3129;2834;2960;2776
23;3843;3916;3926;3723;3771;3617;3525;3478;3491;3565;3480;3364;3231;3243;3268;3112;2797;2917
24;4128;3786;3861;3871;3669;3710;3570;3487;3422;3444;3535;3444;3338;3213;3221;3214;3068;2751
25;4121;4092;3756;3866;3816;3614;3668;3525;3451;3369;3394;3481;3407;3319;3178;3174;3168;3016
26;4323;4102;4073;3717;3814;3756;3548;3577;3467;3400;3315;3334;3442;3374;3263;3132;3109;3078
27;4232;4310;4124;4029;3649;3773;3677;3478;3511;3393;3334;3272;3287;3397;3320;3213;3057;3004
28;4070;4225;4243;4029;3961;3592;3710;3604;3414;3443;3331;3274;3222;3240;3311;3246;3112;2971
29;4140;4078;4180;4111;3950;3922;3540;3660;3507;3352;3368;3252;3193;3171;3167;3256;3167;3023
30;4157;4121;3997;4062;4032;3899;3829;3481;3587;3459;3281;3322;3215;3113;3125;3090;3202;3098
31;3964;4087;4033;3857;3966;3946;3846;3773;3420;3512;3369;3248;3281;3176;3053;3096;3027;3125
32;4121;3884;4022;3905;3759;3876;3854;3758;3694;3336;3436;3315;3192;3232;3112;3009;3026;2983
33;4040;4064;3826;3936;3856;3707;3812;3784;3694;3631;3295;3396;3254;3146;3204;3056;2970;2973
34;4045;4027;4061;3761;3897;3833;3677;3780;3757;3712;3597;3242;3337;3211;3090;3150;3031;2924
35;4169;4027;4008;4036;3728;3875;3812;3669;3763;3753;3705;3554;3225;3318;3195;3047;3101;3012
36;4218;4161;4006;3970;4016;3725;3860;3789;3661;3739;3740;3666;3534;3180;3285;3155;3023;3073
37;4193;4184;4143;3970;3945;3985;3727;3827;3772;3656;3724;3722;3635;3521;3183;3269;3126;2999
38;3910;4168;4164;4131;3962;3918;3948;3704;3794;3752;3632;3702;3703;3618;3490;3169;3232;3109
39;4008;3886;4161;4137;4125;3933;3917;3957;3695;3783;3726;3635;3677;3671;3574;3468;3146;3214
40;4088;3980;3881;4161;4103;4114;3929;3901;3952;3693;3749;3720;3620;3650;3663;3554;3446;3140
41;3912;4082;3955;3866;4159;4078;4100;3918;3880;3948;3680;3728;3699;3615;3645;3660;3545;3430
42;3806;3897;4050;3923;3855;4145;4072;4087;3923;3872;3939;3675;3716;3687;3595;3643;3654;3523
43;3467;3793;3892;4033;3907;3836;4143;4060;4078;3911;3872;3933;3668;3722;3684;3574;3613;3641
44;3577;3446;3777;3862;4017;3887;3837;4133;4051;4080;3899;3872;3923;3657;3718;3670;3560;3596
45;3476;3557;3441;3759;3836;3991;3873;3837;4128;4033;4073;3895;3861;3928;3642;3696;3650;3546
46;3559;3482;3569;3426;3743;3827;3982;3863;3844;4110;4021;4067;3886;3857;3916;3632;3685;3646
47;3597;3535;3481;3563;3428;3739;3807;3967;3840;3851;4092;4014;4045;3896;3849;3901;3625;3666
48;3368;3583;3514;3480;3551;3426;3737;3789;3941;3828;3836;4084;4004;4035;3885;3837;3895;3603
49;3149;3360;3581;3502;3475;3554;3422;3732;3776;3916;3810;3824;4076;3988;4024;3868;3809;3863
50;3378;3147;3343;3578;3494;3472;3565;3426;3736;3765;3911;3806;3817;4062;3983;4013;3859;3789
51;3491;3355;3146;3324;3569;3478;3459;3554;3418;3727;3758;3896;3794;3808;4055;3966;3990;3838
52;3321;3478;3341;3138;3311;3552;3470;3451;3562;3408;3722;3767;3899;3791;3796;4043;3951;3973
53;3556;3310;3468;3318;3123;3299;3537;3466;3447;3555;3409;3711;3752;3896;3780;3779;4030;3927
54;3509;3559;3301;3450;3310;3109;3277;3532;3454;3438;3541;3398;3684;3749;3879;3769;3759;4019
55;3256;3512;3548;3299;3433;3293;3093;3268;3507;3437;3420;3538;3387;3665;3749;3871;3762;3750
56;2706;3250;3510;3539;3292;3433;3278;3081;3259;3507;3423;3402;3524;3386;3654;3733;3853;3743
57;2597;2693;3228;3496;3524;3283;3423;3274;3066;3255;3515;3402;3383;3519;3368;3644;3718;3832
58;2725;2587;2681;3221;3504;3513;3281;3405;3249;3072;3236;3494;3391;3362;3504;3352;3630;3697
59;2733;2717;2585;2666;3213;3495;3508;3273;3372;3246;3067;3219;3468;3380;3352;3482;3344;3621
60;2807;2715;2723;2567;2652;3212;3486;3494;3254;3344;3234;3044;3205;3461;3360;3334;3468;3319
61;3026;2787;2690;2709;2567;2632;3196;3467;3480;3236;3328;3230;3029;3188;3444;3321;3323;3451
62;3040;3009;2779;2670;2698;2560;2623;3196;3462;3472;3230;3303;3213;3010;3174;3417;3315;3304
63;2974;3028;2987;2748;2655;2682;2559;2617;3179;3451;3455;3212;3274;3191;2990;3147;3391;3297
64;2697;2960;3013;2968;2729;2644;2674;2545;2598;3167;3431;3429;3185;3260;3157;2967;3117;3356
65;2886;2687;2951;2983;2948;2716;2636;2637;2523;2573;3151;3401;3406;3170;3237;3131;2951;3097
66;2998;2867;2656;2944;2956;2915;2689;2605;2619;2496;2555;3120;3372;3384;3140;3207;3102;2924
67;3019;2957;2839;2639;2919;2937;2887;2661;2567;2594;2468;2539;3093;3350;3341;3109;3176;3070
68;3124;2995;2916;2826;2624;2897;2913;2863;2634;2523;2574;2439;2515;3048;3323;3306;3076;3130
69;3102;3089;2974;2891;2798;2596;2867;2877;2838;2607;2494;2552;2408;2488;3008;3289;3264;3047
70;2971;3064;3052;2950;2848;2778;2573;2822;2840;2803;2584;2476;2521;2375;2461;2966;3251;3233
71;2991;2938;3008;3021;2923;2797;2740;2537;2786;2803;2753;2556;2430;2492;2345;2420;2923;3216
72;2809;2931;2891;2969;2985;2872;2753;2717;2493;2767;2767;2703;2517;2402;2451;2312;2384;2874
73;2658;2756;2887;2832;2906;2930;2839;2703;2678;2457;2733;2731;2674;2489;2360;2413;2290;2355
74;2738;2615;2679;2845;2770;2849;2885;2796;2664;2636;2415;2678;2680;2621;2439;2329;2371;2234
75;2553;2692;2547;2627;2773;2708;2775;2825;2734;2616;2598;2364;2614;2631;2569;2374;2280;2316
76;2545;2484;2624;2487;2537;2703;2651;2707;2759;2670;2557;2539;2315;2574;2567;2516;2322;2224
77;2674;2481;2418;2578;2405;2472;2619;2580;2625;2679;2617;2498;2459;2266;2506;2495;2450;2273
78;2458;2596;2385;2367;2493;2342;2395;2549;2491;2545;2593;2539;2434;2388;2180;2437;2419;2393
79;2306;2374;2516;2312;2285;2408;2258;2314;2455;2409;2452;2527;2451;2353;2321;2113;2351;2337
80;2067;2204;2279;2420;2215;2204;2331;2170;2219;2363;2314;2370;2423;2374;2268;2239;2036;2274
81;2156;1972;2102;2165;2275;2109;2114;2196;2059;2115;2257;2233;2270;2351;2265;2175;2147;1963
82;1306;2057;1860;2015;2060;2163;1994;1992;2076;1957;2036;2121;2134;2160;2240;2163;2067;2068
83;1042;1238;1922;1763;1910;1925;2025;1879;1907;1973;1814;1943;1992;2016;2077;2112;2034;1954
84;980;969;1148;1774;1637;1793;1812;1877;1743;1796;1855;1726;1856;1867;1887;1942;1988;1912
85;1156;892;898;1062;1609;1507;1667;1670;1717;1608;1670;1737;1630;1714;1722;1756;1802;1854
86;1175;1033;781;823;958;1439;1343;1529;1518;1577;1490;1548;1600;1523;1571;1590;1632;1657
87;1039;1046;941;706;751;877;1278;1190;1394;1366;1425;1346;1415;1423;1381;1447;1451;1478
88;947;907;905;851;619;676;777;1128;1038;1247;1228;1269;1225;1247;1267;1255;1298;1306
89;874;776;750;791;737;529;598;690;1002;918;1052;1087;1127;1069;1091;1116;1101;1139
90;610;732;655;642;675;643;448;513;598;861;796;918;937;966;919;944;985;944
91;518;515;597;570;510;562;534;371;421;492;757;666;779;808;826;795;820;833
92;390;422;422;497;467;435;477;444;313;332;416;625;566;646;679;723;670;669
93;259;319;341;326;401;370;355;389;358;272;272;331;543;473;533;554;605;567
94;194;212;241;267;254;324;288;280;320;300;210;207;259;432;350;423;426;490
95;133;161;161;189;201;197;240;219;223;267;251;159;175;198;340;287;339;332
96;108;92;118;114;138;152;148;178;165;191;202;187;123;132;148;260;211;259
97;80;79;66;93;76;104;111;105;133;127;147;144;128;98;96;112;186;165
98;35;57;51;51;67;60;69;77;78;106;97;106;100;93;70;70;78;139
99;27;21;42;34;33;48;50;48;45;55;81;64;83;67;62;52;55;59
100 e oltre;38;45;36;57;64;65;77;75;85;85;102;113;119;132;124;131;117;121
Totale;285855;284754;283624;282294;280877;279656;278457;276957;275571;274354;272878;271263;269649;268081;266196;264179;261856;259261

"Ricostruzione della popolazione intercensuaria - Popolazione al 1° gennaio per età"
"Cittadinanza straniera - Provincia: Reggio di Calabria"
Età/Anno;2002;2003;2004;2005;2006;2007;2008;2009;2010;2011;2012;2013;2014;2015;2016;2017;2018;2019
Età;Totale
0;87;90;99;111;165;158;250;280;258;297;315;347;365;373;340;379;364;330
1;75;89;105;107;117;150;231;246;296;262;318;327;357;382;391;355;381;352
2;78;74;97;111;100;113;189;236;248;296;264;326;329;356;387;380;332;372
3;69;76;85;107;114;93;142;201;241;254;296;283;352;332;367;383;374;329
4;70;69;91;84;108;112;157;157;215;236;275;322;303;365;330;385;373;363
5;74;73;80;97;108;105;159;171;169;236;253;296;333;314;375;328;371;367
6;52;80;79;92;104;112;139;170;185;177;243;281;311;326;327;380;316;364
7;70;58;90;95;96;109;152;149;172;191;200;256;297;305;327;313;361;326
8;60;71;68;94;109;103;167;173;181;190;205;214;261;300;306;310;305;356
9;51;58;80;74;106;117;148;174;192;193;208;228;221;251;298;290;314;326
10;52;55;70;89;85;117;172;165;187;195;211;225;244;213;254;289;285;323
11;44;57;60;80;107;91;158;186;197;208;209;221;234;247;227;253;277;296
12;52;49;67;73;88;120;132;168;200;220;226;232;233;230;255;227;241;288
13;48;58;58;78;84;91;150;154;186;230;242;241;258;229;226;245;226;249
14;39;51;73;69;87;100;147;184;179;207;253;254;259;287;238;236;252;248
15;53;44;60;89;79;94;145;181;206;199;222;263;269;270;287;252;253;276
16;53;52;51;71;107;83;131;172;203;218;210;250;276;264;300;300;286;270
17;54;42;61;58;98;106;132;145;186;222;245;232;260;291;297;307;366;309
18;55;54;55;77;95;107;172;149;171;212;245;280;244;268;304;316;491;391
19;63;52;69;64;82;102;198;186;194;212;225;278;316;268;333;361;390;528
20;58;51;90;77;60;65;214;213;217;228;249;272;327;340;301;386;393;421
21;68;48;130;92;92;64;201;245;264;275;271;296;325;323;369;340;407;425
22;96;61;147;125;97;85;226;267;266;325;331;316;351;352;352;425;391;438
23;86;97;172;172;123;96;229;273;314;371;377;384;376;377;368;392;483;402
24;117;81;222;208;167;126;245;268;325;403;428;434;453;422;412;426;441;537
25;124;114;251;235;171;157;295;300;343;392;466;478;514;497;464;443;476;461
26;148;127;290;271;225;162;341;317;366;447;465;497;548;552;535;514;488;492
27;165;139;326;328;268;201;360;373;362;482;512;508;579;578;589;568;575;507
28;165;158;360;385;318;255;388;423;411;471;558;543;572;641;649;673;604;604
29;193;164;352;404;378;305;427;415;456;521;509;583;619;610;681;715;732;641
30;172;196;404;439;396;365;505;488;454;591;605;571;633;665;643;721;746;747
31;205;161;377;428;413;366;569;515;499;535;646;641;612;673;697;706;744;771
32;193;184;331;374;415;386;497;592;506;578;568;686;681;659;701;724;737;739
33;219;179;323;325;339;374;511;464;558;547;602;622;723;751;695;725;742;736
34;200;209;339;321;300;319;454;506;483;600;566;628;670;763;742;712;754;748
35;207;191;328;349;287;275;424;459;481;555;584;588;676;707;802;746;701;764
36;218;202;289;342;329;270;395;440;469;525;559;594;644;710;729;818;762;723
37;204;213;294;316;323;319;385;410;452;511;529;603;646;678;721;733;816;775
38;185;203;319;307;314;312;430;401;430;517;541;547;638;682;689;722;721;815
39;174;179;297;318;309;299;447;445;422;490;532;558;587;645;701;684;706;719
40;197;169;276;306;300;294;425;466;462;474;511;554;576;598;653;707;687;716
41;204;181;280;294;297;278;342;439;482;498;500;536;584;596;600;642;705;681
42;147;191;255;311;281;273;365;356;452;533;502;517;564;595;585;600;644;703
43;153;146;290;261;291;259;340;353;346;459;537;519;524;571;598;571;602;658
44;151;149;225;313;249;259;340;342;364;365;471;558;541;536;542;588;571;621
45;150;133;231;255;304;239;350;348;352;387;368;478;599;540;537;511;573;563
46;138;139;235;252;252;297;308;353;347;372;384;391;506;582;538;536;507;579
47;109;139;214;254;246;226;357;303;347;366;376;390;402;516;581;535;529;508
48;122;109;198;221;248;242;286;360;307;359;382;379;397;404;486;586;531;528
49;86;112;172;202;208;234;291;292;344;328;373;396;382;385;399;495;595;534
50;82;83;145;180;199;198;258;281;288;367;328;381;400;386;379;389;493;585
51;96;76;120;153;168;186;231;239;298;292;367;346;388;415;373;371;382;508
52;53;92;125;145;149;159;224;213;246;314;296;362;366;373;397;367;373;377
53;42;50;135;132;141;139;187;222;226;249;312;310;374;375;362;385;363;381
54;37;41;76;136;121;128;162;180;209;230;257;322;316;381;372;363;374;357
55;51;39;63;80;134;113;142;151;174;203;233;268;327;314;370;358;362;368
56;20;45;60;73;79;125;128;131;139;172;208;240;272;331;299;363;354;351
57;32;23;62;70;66;81;128;117;125;144;175;213;253;275;319;301;353;351
58;19;34;35;64;71;68;86;114;110;122;139;188;219;242;267;310;296;339
59;21;22;46;32;60;64;70;79;114;104;118;145;198;215;245;275;305;291
60;21;19;24;44;36;58;63;60;80;115;106;122;148;190;205;249;267;300
61;23;17;21;25;44;33;58;60;55;79;120;110;126;155;181;197;235;261
62;24;26;22;23;27;41;30;51;59;59;81;121;108;136;154;176;196;235
63;17;31;26;21;22;30;34;30;49;55;60;84;118;115;132;147;178;202
64;13;19;37;29;19;21;32;35;30;50;61;65;85;113;111;127;135;172
65;15;15;24;36;30;17;22;26;36;29;50;66;75;82;112;107;131;133
66;10;18;17;26;36;32;15;24;27;39;31;48;73;74;84;118;105;127
67;19;14;15;20;24;32;28;14;24;27;42;33;50;69;76;86;120;110
68;6;17;15;14;21;27;32;25;18;29;30;43;32;52;63;73;86;122
69;13;10;12;14;12;21;28;32;24;16;34;34;43;28;48;63;73;89
70;11;15;7;14;11;11;23;26;26;25;18;35;37;38;31;50;56;73
71;10;15;15;9;15;11;12;22;26;24;26;18;33;38;34;28;46;58
72;9;10;13;17;10;13;12;11;22;22;27;25;21;29;36;38;31;47
73;9;10;13;13;18;9;11;8;13;21;23;29;25;25;27;37;36;30
74;4;11;8;12;12;18;8;9;7;16;20;23;29;25;25;31;34;32
75;3;2;14;7;11;11;16;6;9;8;15;22;25;28;21;27;30;33
76;4;5;3;13;6;10;12;15;9;10;8;15;23;21;27;24;24;30
77;2;3;6;3;13;6;11;9;13;9;10;9;17;19;22;22;22;25
78;7;1;3;6;5;13;6;12;8;14;9;10;9;16;19;20;19;21
79;4;8;2;6;6;4;14;7;13;6;14;9;9;7;17;19;19;21
80;6;4;7;2;6;6;4;16;7;9;4;14;10;11;6;13;16;17
81;5;6;3;6;4;6;4;4;13;7;10;5;13;10;9;5;12;15
82;2;1;4;3;5;3;4;4;3;11;8;9;6;13;10;8;7;12
83;0;3;1;4;5;7;2;3;4;2;10;10;8;6;10;9;10;7
84;0;0;3;1;5;1;8;2;2;5;2;9;8;7;5;10;9;9
85;3;0;0;4;1;5;2;7;2;2;5;2;10;7;7;5;8;6
86;4;3;1;0;4;2;5;1;5;3;2;6;4;8;7;8;7;8
87;1;4;1;1;0;2;2;4;0;4;3;4;4;3;8;7;8;8
88;1;1;5;1;1;0;1;2;2;0;6;3;5;4;3;7;4;8
89;1;2;0;4;1;0;0;2;2;2;0;5;2;2;4;3;7;2
90;1;1;2;0;4;0;0;0;0;3;3;0;4;2;2;3;3;6
91;2;1;1;1;0;1;0;0;0;0;2;3;0;3;1;2;3;2
92;3;1;0;1;2;1;1;0;0;0;0;2;4;0;2;0;2;3
93;1;1;1;0;1;1;0;1;0;0;0;0;2;3;0;2;0;2
94;2;1;1;0;0;2;1;0;1;0;0;0;0;1;3;0;3;0
95;0;2;0;2;0;0;2;1;0;1;0;0;0;0;1;3;0;3
96;0;0;2;0;1;0;0;1;0;0;1;0;0;0;0;1;3;0
97;0;0;0;2;0;1;0;0;1;0;0;1;0;0;0;0;1;4
98;0;0;0;0;0;0;1;0;0;0;0;0;1;0;0;0;0;1
99;0;0;0;0;0;0;0;1;0;0;0;0;0;0;0;0;0;0
100 e oltre;0;0;0;0;0;0;0;0;0;0;0;0;0;0;0;0;0;0
Totale;6562;6479;10711;11654;11645;11302;16338;17331;18466;20859;22441;24192;26251;27466;28414;29440;30522;31361
Età/Anno;2002;2003;2004;2005;2006;2007;2008;2009;2010;2011;2012;2013;2014;2015;2016;2017;2018;2019
Età;Maschi
0;41;50;49;59;87;76;127;134;141;142;181;164;193;207;190;201;183;176
1;42;43;57;52;58;79;107;127;150;133;156;181;165;199;219;196;207;168
2;36;43;46;64;43;58;96;114;129;158;137;164;183;167;201;213;184;204
3;29;34;51;50;64;41;70;101;121;127;164;144;176;178;171;203;205;182
4;40;28;47;49;51;64;66;81;111;117;139;172;158;185;177;185;196;192
5;35;38;35;48;59;50;87;73;94;122;130;155;181;163;192;175;179;192
6;26;40;38;42;52;62;68;95;80;97;127;146;169;179;171;198;170;175
7;33;27;46;48;46;56;82;72;95;78;109;132;153;165;190;166;188;178
8;36;34;26;47;55;53;81;92;89;110;84;116;132;158;164;177;171;178
9;24;35;38;26;53;61;78;87;94;92;120;94;116;121;156;154;181;175
10;30;22;41;42;35;65;93;88;90;98;107;125;105;107;120;152;150;186
11;18;31;25;47;51;38;89;100;110;102;99;106;127;110;115;120;142;156
12;25;22;40;33;48;58;61;92;102;120;114;114;115;127;117;115;115;146
13;29;27;23;47;41;50;81;74;101;118;124;122;128;114;120;115;112;124
14;24;32;32;30;55;50;80;103;87;109;127;132;130;145;119;124;123;134
15;28;29;40;35;38;56;73;100;114;97;117;138;145;139;165;128;145;143
16;34;29;29;50;50;42;75;91;113;124;98;141;145;152;167;173;154;147
17;28;23;38;36;64;47;70;85;101;113;139;115;155;158;183;177;235;179
18;32;28;32;46;56;65;82;79;105;122;124;163;136;166;182;199;358;264
19;36;32;43;33;48;53;106;92;107;129;126;146;188;144;221;231;266;393
20;28;23;52;44;25;37;102;105;106;119;141;149;167;211;167;256;248;282
21;25;20;74;50;50;19;87;114;127;137;133;159;177;164;226;197;265;260
22;46;18;97;58;51;45;83;100;111;166;159;152;192;192;171;257;225;286
23;47;40;92;97;50;42;126;99;129;162;193;180;180;185;203;200;296;233
24;45;38;120;99;83;45;110;135;118;193;180;217;221;204;214;239;231;334
25;57;36;144;122;65;65;129;124;166;166;230;204;243;241;222;230;270;235
26;61;49;143;139;106;59;131;118;158;240;195;238;246;271;265;252;270;274
27;78;48;179;162;120;79;152;145;139;251;276;222;288;273;290;281;305;280
28;78;62;199;183;121;107;145;159;149;211;291;284;268;317;321;340;310;314
29;90;66;187;208;159;113;181;150;192;231;238;307;325;283;345;370;388;330
30;89;87;214;223;181;143;202;205;166;275;290;274;343;352;320;368;391;400
31;94;68;194;218;187;155;237;213;212;224;322;311;307;359;374;343;400;409
32;101;84;169;192;197;166;202;252;203;259;255;352;339;336;381;390;366;392
33;123;82;172;155;156;157;211;175;240;248;285;290;372;371;351;392;390;373
34;111;113;189;154;129;132;180;210;188;275;264;309;328;400;370;359;414;399
35;119;107;184;190;131;119;178;182;199;261;283;275;339;350;433;368;357;425
36;118;116;170;181;175;117;170;183;190;234;278;294;315;365;360;437;370;376
37;117;118;172;178;165;161;169;174;190;225;249;304;317;339;370;352;448;384
38;95;115;174;171;168;157;207;179;182;227;240;259;325;346;350;374;346;453
39;83;90;171;173;170;155;218;215;181;208;241;261;277;320;360;341;367;344
40;102;83;143;164;160;163;209;225;223;216;219;260;275;280;331;355;352;369
41;106;94;136;148;156;140;182;201;222;240;232;235;282;287;287;329;353;346
42;82;102;130;151;134;138;169;184;211;248;239;240;242;291;275;290;331;353
43;79;81;142;125;138;119;153;155;174;199;244;249;241;252;281;271;288;346
44;97;78;108;140;114;118;144;147;160;174;198;254;254;257;236;274;270;295
45;82;83;107;111;140;104;153;137;143;169;174;199;262;249;258;220;277;262
46;76;83;121;108;110;131;125;148;132;146;163;185;218;252;249;255;224;280
47;58;75;99;128;108;98;161;117;149;139;150;168;189;225;253;249;252;219
48;58;61;96;101;120;106;125;152;123;151;147;150;174;184;213;257;247;249
49;43;51;80;88;101;110;129;128;137;125;152;156;149;160;180;215;260;250
50;46;41;49;76;81;96;103;119;123;141;125;161;154;150;165;172;220;264
51;61;46;50;51;74;78;102;88;112;128;141;131;167;164;144;161;172;224
52;23;57;50;55;49;72;87;93;85;112;123;137;139;165;160;139;169;171
53;27;20;61;47;53;40;83;83;91;88;116;126;136;145;158;161;142;170
54;20;27;25;61;44;46;45;72;74;92;93;120;125;139;145;159;151;144
55;21;22;33;22;58;38;53;45;68;68;94;95;124;120;135;134;159;145
56;6;18;26;34;22;53;44;45;44;68;74;94;98;125;114;136;134;152
57;16;9;20;29;30;22;51;37;38;41;73;79;96;96;117;114;129;135
58;11;19;13;18;30;30;27;42;34;42;42;78;78;89;95;112;115;122
59;12;11;19;10;18;25;28;26;41;33;40;41;79;74;92;93;111;114
60;7;12;12;19;11;19;22;23;28;39;35;42;42;73;74;96;95;111
61;13;5;12;12;20;11;18;19;21;23;38;39;45;47;67;70;93;94
62;7;15;8;13;13;19;11;17;19;23;26;41;37;46;48;65;70;93
63;4;9;14;8;12;15;18;13;17;20;20;28;42;37;45;46;69;76
64;4;6;14;16;8;9;15;19;12;17;24;23;26;41;33;42;45;64
65;10;8;6;14;18;7;8;13;19;9;17;26;24;25;42;34;44;46
66;3;12;8;7;14;20;5;7;12;20;10;17;29;24;24;43;36;40
67;13;7;8;11;7;12;18;4;8;9;23;9;17;26;23;23;42;39
68;1;10;8;7;10;8;11;17;3;9;11;22;9;16;24;19;22;41
69;6;3;7;7;4;10;9;11;16;3;9;14;22;9;16;26;21;25
70;1;7;2;7;6;4;9;9;8;17;4;9;14;20;10;17;19;21
71;5;4;7;2;6;7;4;10;8;8;17;4;10;15;17;8;16;22
72;4;7;3;7;2;6;5;4;10;6;7;17;5;8;14;18;11;16
73;7;5;7;4;8;2;4;3;5;8;7;8;16;8;8;14;19;9
74;3;9;4;6;4;6;2;3;2;6;9;7;8;15;8;10;12;17
75;1;2;11;4;5;4;5;2;2;2;6;10;8;8;13;9;9;12
76;2;2;1;10;3;4;4;4;5;3;2;5;11;4;8;15;7;9
77;1;2;2;2;10;4;4;4;4;5;2;2;7;8;5;6;13;8
78;2;1;2;2;2;10;4;4;4;5;6;2;2;8;8;4;6;12
79;1;3;2;3;2;2;10;4;3;3;5;6;2;2;9;6;4;7
80;2;2;3;2;3;2;2;10;4;2;3;5;6;3;1;6;5;4
81;3;2;1;3;3;4;1;2;7;4;2;4;5;6;3;1;5;4
82;2;1;1;1;2;2;3;0;1;5;4;2;4;5;6;2;2;5
83;0;2;1;0;3;3;1;1;1;1;4;6;2;4;5;6;3;2
84;0;0;2;1;0;0;3;1;0;1;1;4;5;1;3;5;6;2
85;1;0;0;3;1;0;1;3;1;1;1;1;5;4;1;2;5;4
86;3;1;0;0;3;1;0;0;3;0;1;2;1;5;4;2;4;5
87;0;2;0;0;0;2;1;0;0;3;0;3;2;1;5;4;2;4
88;1;0;3;0;0;0;0;1;0;0;4;0;5;2;1;4;3;2
89;1;1;0;3;0;0;0;0;1;0;0;3;0;2;2;1;4;2
90;0;1;1;0;3;0;0;0;0;1;0;0;2;0;2;1;1;4
91;0;0;1;1;0;1;0;0;0;0;1;0;0;1;0;2;1;0
92;1;0;0;1;1;0;1;0;0;0;0;1;0;0;0;0;2;1
93;1;0;0;0;1;0;0;1;0;0;0;0;1;0;0;0;0;2
94;1;1;0;0;0;2;0;0;1;0;0;0;0;1;0;0;0;0
95;0;1;0;0;0;0;2;0;0;1;0;0;0;0;1;0;0;0
96;0;0;1;0;0;0;0;1;0;0;1;0;0;0;0;1;0;0
97;0;0;0;1;0;0;0;0;1;0;0;1;0;0;0;0;1;1
98;0;0;0;0;0;0;0;0;0;0;0;0;1;0;0;0;0;1
99;0;0;0;0;0;0;0;0;0;0;0;0;0;0;0;0;0;0
100 e oltre;0;0;0;0;0;0;0;0;0;0;0;0;0;0;0;0;0;0
Totale;3368;3231;5532;5725;5468;5120;7266;7571;8090;9494;10404;11332;12466;13142;13851;14452;15374;15890
Età/Anno;2002;2003;2004;2005;2006;2007;2008;2009;2010;2011;2012;2013;2014;2015;2016;2017;2018;2019
Età;Femmine
0;46;40;50;52;78;82;123;146;117;155;134;183;172;166;150;178;181;154
1;33;46;48;55;59;71;124;119;146;129;162;146;192;183;172;159;174;184
2;42;31;51;47;57;55;93;122;119;138;127;162;146;189;186;167;148;168
3;40;42;34;57;50;52;72;100;120;127;132;139;176;154;196;180;169;147
4;30;41;44;35;57;48;91;76;104;119;136;150;145;180;153;200;177;171
5;39;35;45;49;49;55;72;98;75;114;123;141;152;151;183;153;192;175
6;26;40;41;50;52;50;71;75;105;80;116;135;142;147;156;182;146;189
7;37;31;44;47;50;53;70;77;77;113;91;124;144;140;137;147;173;148
8;24;37;42;47;54;50;86;81;92;80;121;98;129;142;142;133;134;178
9;27;23;42;48;53;56;70;87;98;101;88;134;105;130;142;136;133;151
10;22;33;29;47;50;52;79;77;97;97;104;100;139;106;134;137;135;137
11;26;26;35;33;56;53;69;86;87;106;110;115;107;137;112;133;135;140
12;27;27;27;40;40;62;71;76;98;100;112;118;118;103;138;112;126;142
13;19;31;35;31;43;41;69;80;85;112;118;119;130;115;106;130;114;125
14;15;19;41;39;32;50;67;81;92;98;126;122;129;142;119;112;129;114
15;25;15;20;54;41;38;72;81;92;102;105;125;124;131;122;124;108;133
16;19;23;22;21;57;41;56;81;90;94;112;109;131;112;133;127;132;123
17;26;19;23;22;34;59;62;60;85;109;106;117;105;133;114;130;131;130
18;23;26;23;31;39;42;90;70;66;90;121;117;108;102;122;117;133;127
19;27;20;26;31;34;49;92;94;87;83;99;132;128;124;112;130;124;135
20;30;28;38;33;35;28;112;108;111;109;108;123;160;129;134;130;145;139
21;43;28;56;42;42;45;114;131;137;138;138;137;148;159;143;143;142;165
22;50;43;50;67;46;40;143;167;155;159;172;164;159;160;181;168;166;152
23;39;57;80;75;73;54;103;174;185;209;184;204;196;192;165;192;187;169
24;72;43;102;109;84;81;135;133;207;210;248;217;232;218;198;187;210;203
25;67;78;107;113;106;92;166;176;177;226;236;274;271;256;242;213;206;226
26;87;78;147;132;119;103;210;199;208;207;270;259;302;281;270;262;218;218
27;87;91;147;166;148;122;208;228;223;231;236;286;291;305;299;287;270;227
28;87;96;161;202;197;148;243;264;262;260;267;259;304;324;328;333;294;290
29;103;98;165;196;219;192;246;265;264;290;271;276;294;327;336;345;344;311
30;83;109;190;216;215;222;303;283;288;316;315;297;290;313;323;353;355;347
31;111;93;183;210;226;211;332;302;287;311;324;330;305;314;323;363;344;362
32;92;100;162;182;218;220;295;340;303;319;313;334;342;323;320;334;371;347
33;96;97;151;170;183;217;300;289;318;299;317;332;351;380;344;333;352;363
34;89;96;150;167;171;187;274;296;295;325;302;319;342;363;372;353;340;349
35;88;84;144;159;156;156;246;277;282;294;301;313;337;357;369;378;344;339
36;100;86;119;161;154;153;225;257;279;291;281;300;329;345;369;381;392;347
37;87;95;122;138;158;158;216;236;262;286;280;299;329;339;351;381;368;391
38;90;88;145;136;146;155;223;222;248;290;301;288;313;336;339;348;375;362
39;91;89;126;145;139;144;229;230;241;282;291;297;310;325;341;343;339;375
40;95;86;133;142;140;131;216;241;239;258;292;294;301;318;322;352;335;347
41;98;87;144;146;141;138;160;238;260;258;268;301;302;309;313;313;352;335
42;65;89;125;160;147;135;196;172;241;285;263;277;322;304;310;310;313;350
43;74;65;148;136;153;140;187;198;172;260;293;270;283;319;317;300;314;312
44;54;71;117;173;135;141;196;195;204;191;273;304;287;279;306;314;301;326
45;68;50;124;144;164;135;197;211;209;218;194;279;337;291;279;291;296;301
46;62;56;114;144;142;166;183;205;215;226;221;206;288;330;289;281;283;299
47;51;64;115;126;138;128;196;186;198;227;226;222;213;291;328;286;277;289
48;64;48;102;120;128;136;161;208;184;208;235;229;223;220;273;329;284;279
49;43;61;92;114;107;124;162;164;207;203;221;240;233;225;219;280;335;284
50;36;42;96;104;118;102;155;162;165;226;203;220;246;236;214;217;273;321
51;35;30;70;102;94;108;129;151;186;164;226;215;221;251;229;210;210;284
52;30;35;75;90;100;87;137;120;161;202;173;225;227;208;237;228;204;206
53;15;30;74;85;88;99;104;139;135;161;196;184;238;230;204;224;221;211
54;17;14;51;75;77;82;117;108;135;138;164;202;191;242;227;204;223;213
55;30;17;30;58;76;75;89;106;106;135;139;173;203;194;235;224;203;223
56;14;27;34;39;57;72;84;86;95;104;134;146;174;206;185;227;220;199
57;16;14;42;41;36;59;77;80;87;103;102;134;157;179;202;187;224;216
58;8;15;22;46;41;38;59;72;76;80;97;110;141;153;172;198;181;217
59;9;11;27;22;42;39;42;53;73;71;78;104;119;141;153;182;194;177
60;14;7;12;25;25;39;41;37;52;76;71;80;106;117;131;153;172;189
61;10;12;9;13;24;22;40;41;34;56;82;71;81;108;114;127;142;167
62;17;11;14;10;14;22;19;34;40;36;55;80;71;90;106;111;126;142
63;13;22;12;13;10;15;16;17;32;35;40;56;76;78;87;101;109;126
64;9;13;23;13;11;12;17;16;18;33;37;42;59;72;78;85;90;108
65;5;7;18;22;12;10;14;13;17;20;33;40;51;57;70;73;87;87
66;7;6;9;19;22;12;10;17;15;19;21;31;44;50;60;75;69;87
67;6;7;7;9;17;20;10;10;16;18;19;24;33;43;53;63;78;71
68;5;7;7;7;11;19;21;8;15;20;19;21;23;36;39;54;64;81
69;7;7;5;7;8;11;19;21;8;13;25;20;21;19;32;37;52;64
70;10;8;5;7;5;7;14;17;18;8;14;26;23;18;21;33;37;52
71;5;11;8;7;9;4;8;12;18;16;9;14;23;23;17;20;30;36
72;5;3;10;10;8;7;7;7;12;16;20;8;16;21;22;20;20;31
73;2;5;6;9;10;7;7;5;8;13;16;21;9;17;19;23;17;21
74;1;2;4;6;8;12;6;6;5;10;11;16;21;10;17;21;22;15
75;2;0;3;3;6;7;11;4;7;6;9;12;17;20;8;18;21;21
76;2;3;2;3;3;6;8;11;4;7;6;10;12;17;19;9;17;21
77;1;1;4;1;3;2;7;5;9;4;8;7;10;11;17;16;9;17
78;5;0;1;4;3;3;2;8;4;9;3;8;7;8;11;16;13;9
79;3;5;0;3;4;2;4;3;10;3;9;3;7;5;8;13;15;14
80;4;2;4;0;3;4;2;6;3;7;1;9;4;8;5;7;11;13
81;2;4;2;3;1;2;3;2;6;3;8;1;8;4;6;4;7;11
82;0;0;3;2;3;1;1;4;2;6;4;7;2;8;4;6;5;7
83;0;1;0;4;2;4;1;2;3;1;6;4;6;2;5;3;7;5
84;0;0;1;0;5;1;5;1;2;4;1;5;3;6;2;5;3;7
85;2;0;0;1;0;5;1;4;1;1;4;1;5;3;6;3;3;2
86;1;2;1;0;1;1;5;1;2;3;1;4;3;3;3;6;3;3
87;1;2;1;1;0;0;1;4;0;1;3;1;2;2;3;3;6;4
88;0;1;2;1;1;0;1;1;2;0;2;3;0;2;2;3;1;6
89;0;1;0;1;1;0;0;2;1;2;0;2;2;0;2;2;3;0
90;1;0;1;0;1;0;0;0;0;2;3;0;2;2;0;2;2;2
91;2;1;0;0;0;0;0;0;0;0;1;3;0;2;1;0;2;2
92;2;1;0;0;1;1;0;0;0;0;0;1;4;0;2;0;0;2
93;0;1;1;0;0;1;0;0;0;0;0;0;1;3;0;2;0;0
94;1;0;1;0;0;0;1;0;0;0;0;0;0;0;3;0;3;0
95;0;1;0;2;0;0;0;1;0;0;0;0;0;0;0;3;0;3
96;0;0;1;0;1;0;0;0;0;0;0;0;0;0;0;0;3;0
97;0;0;0;1;0;1;0;0;0;0;0;0;0;0;0;0;0;3
98;0;0;0;0;0;0;1;0;0;0;0;0;0;0;0;0;0;0
99;0;0;0;0;0;0;0;1;0;0;0;0;0;0;0;0;0;0
100 e oltre;0;0;0;0;0;0;0;0;0;0;0;0;0;0;0;0;0;0
Totale;3194;3248;5179;5929;6177;6182;9072;9760;10376;11365;12037;12860;13785;14324;14563;14988;15148;15471
