"Popolazione per età, vista per singola area - Provincia: Alessandria"

"Ricostruzione della popolazione intercensuaria - Popolazione al 1° gennaio per età"
"Tutte le cittadinanze - Provincia: Alessandria"
Età/Anno;2002;2003;2004;2005;2006;2007;2008;2009;2010;2011;2012;2013;2014;2015;2016;2017;2018;2019
Età;Totale
0;2840;2946;2954;3149;3110;3244;3275;3438;3295;3245;3252;3195;3017;2900;2818;2765;2668;2473
1;2752;2891;2966;2988;3207;3151;3292;3329;3454;3318;3250;3283;3217;3022;2901;2799;2768;2671
2;2820;2777;2955;3002;3021;3246;3196;3321;3338;3449;3318;3277;3284;3206;3038;2925;2821;2777
3;2704;2860;2967;2993;3063;3050;3284;3233;3351;3365;3454;3366;3330;3255;3182;3013;2943;2832
4;2796;2745;2897;3012;3041;3104;3132;3310;3250;3373;3392;3485;3395;3336;3246;3162;2991;2931
5;2730;2856;2784;2960;3082;3074;3176;3182;3342;3265;3393;3443;3525;3396;3323;3230;3169;2996
6;2783;2779;2918;2850;3045;3086;3171;3194;3218;3371;3273;3431;3467;3542;3400;3343;3222;3178
7;2804;2822;2831;2986;2962;3086;3172;3247;3216;3267;3392;3276;3435;3443;3536;3416;3325;3226
8;2880;2846;2878;2883;3062;2999;3191;3216;3275;3229;3305;3408;3281;3425;3457;3525;3428;3328
9;2939;2925;2890;2942;2946;3126;3074;3262;3257;3312;3241;3341;3426;3292;3408;3473;3493;3415
10;2995;2997;2964;2971;3033;2990;3217;3132;3299;3300;3342;3269;3342;3418;3276;3411;3465;3478
11;3029;3042;3034;3039;3059;3072;3062;3268;3186;3352;3334;3370;3297;3344;3392;3282;3381;3450
12;2939;3055;3055;3121;3114;3126;3136;3137;3304;3216;3389;3349;3383;3303;3355;3398;3301;3386
13;2932;2962;3093;3107;3193;3153;3212;3191;3188;3343;3246;3387;3365;3384;3320;3354;3386;3289
14;2811;2951;2996;3135;3172;3235;3215;3278;3240;3223;3386;3270;3395;3364;3384;3330;3357;3392
15;2936;2829;2970;3031;3218;3218;3330;3292;3332;3267;3247;3393;3285;3398;3359;3386;3343;3350
16;3012;2949;2871;3019;3088;3251;3278;3401;3339;3369;3292;3257;3394;3290;3396;3373;3385;3347
17;3087;3040;2989;2923;3102;3129;3294;3352;3425;3400;3407;3331;3265;3402;3306;3411;3381;3373
18;3246;3120;3094;3045;3011;3137;3211;3372;3392;3464;3451;3446;3356;3291;3422;3371;3523;3409
19;3424;3271;3152;3141;3141;3068;3243;3293;3437;3436;3548;3508;3469;3382;3318;3480;3502;3557
20;3357;3430;3386;3197;3197;3149;3185;3393;3361;3506;3517;3587;3516;3483;3399;3420;3595;3520
21;3548;3405;3556;3420;3278;3237;3298;3297;3484;3479;3568;3579;3641;3545;3491;3473;3537;3633
22;3545;3579;3561;3609;3504;3298;3436;3439;3402;3599;3569;3659;3617;3649;3575;3542;3531;3585
23;4111;3575;3761;3638;3660;3517;3463;3569;3508;3478;3703;3630;3711;3630;3672;3633;3618;3569
24;4512;4178;3811;3858;3727;3733;3726;3641;3646;3613;3578;3777;3756;3750;3695;3737;3714;3661
25;4832;4602;4399;3916;3949;3801;3912;3872;3758;3743;3727;3667;3866;3793;3791;3728;3799;3726
26;5124;4878;4829;4503;3994;3992;3992;4056;3947;3851;3867;3814;3733;3885;3818;3899;3769;3848
27;5289;5172;5170;4966;4624;4064;4179;4119;4128;4020;3937;3941;3891;3751;3903;3876;3921;3804
28;5328;5337;5493;5344;5116;4738;4273;4328;4200;4257;4064;4011;3993;3912;3803;3936;3887;3898
29;5735;5404;5637;5640;5495;5185;4969;4409;4358;4275;4314;4112;4066;3994;3940;3818;3952;3901
30;5891;5807;5753;5780;5801;5568;5432;5124;4483;4431;4319;4359;4177;4115;4006;3974;3854;3963
31;5932;5947;6088;5842;5894;5860;5770;5553;5163;4547;4470;4363;4390;4196;4110;4038;3961;3912
32;6193;5941;6137;6119;5901;5886;5990;5810;5543;5129;4554;4515;4432;4377;4228;4148;4050;3961
33;6113;6245;6126;6252;6195;5944;5981;6044;5746;5522;5103;4587;4581;4459;4400;4255;4181;4063
34;6367;6157;6410;6212;6305;6199;6009;6018;6022;5807;5511;5150;4632;4559;4475;4429;4308;4144
35;6528;6399;6356;6507;6301;6363;6299;6041;6055;6032;5817;5570;5178;4689;4561;4482;4412;4304
36;6635;6645;6587;6471;6613;6351;6536;6424;6058;6084;6070;5823;5602;5207;4659;4607;4470;4412
37;6865;6670;6796;6720;6526;6694;6538;6630;6462;6166;6120;6121;5863;5590;5213;4648;4595;4492
38;6394;6873;6853;6888;6800;6552;6814;6646;6685;6525;6172;6135;6126;5873;5614;5176;4646;4600
39;6187;6422;7067;6917;6922;6838;6712;6893;6655;6747;6545;6195;6178;6150;5884;5636;5189;4669
40;6221;6215;6548;7143;6971;6943;7009;6780;6959;6691;6776;6573;6261;6181;6115;5885;5634;5198
41;5918;6260;6348;6596;7199;7031;7031;7107;6809;7027;6712;6810;6581;6278;6174;6103;5894;5617
42;5770;5949;6369;6403;6649;7222;7128;7125;7171;6871;7042;6729;6823;6567;6262;6177;6116;5905
43;5806;5782;6025;6452;6457;6685;7354;7233;7164;7214;6881;7056;6751;6833;6578;6245;6179;6111
44;5802;5813;5883;6081;6484;6472;6780;7433;7279;7183;7217;6901;7080;6749;6812;6602;6253;6202
45;5766;5817;5925;5955;6075;6513;6555;6882;7446;7344;7190;7235;6953;7102;6728;6812;6606;6250
46;5648;5791;5908;5987;5994;6096;6598;6607;6902;7476;7355;7191;7272;6988;7083;6719;6814;6587
47;5581;5659;5853;5977;6022;6031;6186;6657;6590;6913;7489;7369;7213;7261;6982;7072;6722;6796
48;5413;5612;5736;5912;6000;6041;6109;6248;6662;6631;6947;7503;7372;7219;7258;6968;7084;6680
49;5507;5431;5669;5766;5913;6033;6121;6177;6293;6699;6652;6966;7489;7369;7221;7221;6923;7101
50;5540;5533;5497;5697;5795;5952;6075;6173;6205;6305;6750;6696;6977;7460;7328;7203;7207;6919
51;5852;5565;5563;5506;5732;5785;5977;6103;6178;6221;6312;6742;6714;6984;7432;7296;7199;7201
52;5799;5855;5599;5578;5539;5746;5842;6014;6111;6198;6220;6332;6753;6698;6927;7400;7279;7198
53;6199;5810;5876;5629;5584;5556;5771;5883;6011;6127;6199;6221;6345;6728;6663;6916;7381;7252
54;6220;6245;5819;5884;5614;5588;5590;5810;5899;6042;6128;6189;6196;6345;6706;6634;6881;7375
55;6289;6253;6248;5844;5879;5609;5596;5590;5802;5898;6039;6140;6210;6174;6319;6667;6627;6876
56;4765;6279;6295;6277;5840;5839;5647;5634;5601;5797;5895;6028;6164;6185;6161;6292;6619;6600
57;5246;4751;6311;6299;6263;5864;5883;5648;5612;5603;5797;5887;5996;6167;6161;6145;6262;6617
58;5357;5277;4775;6317;6342;6264;5896;5925;5658;5600;5589;5786;5864;5976;6145;6113;6121;6275
59;5487;5345;5275;4778;6338;6350;6267;5914;5913;5659;5601;5594;5771;5856;5952;6102;6117;6099
60;5748;5462;5333;5261;4783;6356;6368;6298;5898;5911;5660;5579;5584;5760;5815;5922;6069;6117
61;6209;5742;5436;5315;5286;4756;6351;6357;6276;5892;5888;5638;5560;5558;5735;5775;5913;6025
62;6307;6188;5715;5416;5315;5268;4732;6350;6337;6262;5897;5855;5642;5548;5528;5699;5744;5910
63;6241;6288;6155;5666;5408;5328;5251;4732;6368;6305;6232;5859;5840;5627;5497;5510;5669;5695
64;5650;6206;6254;6114;5629;5402;5305;5241;4685;6331;6256;6178;5834;5775;5569;5465;5500;5641
65;5574;5614;6166;6216;6061;5584;5373;5297;5219;4668;6269;6205;6154;5778;5745;5533;5412;5454
66;5613;5542;5583;6138;6167;6021;5563;5360;5263;5168;4650;6202;6194;6107;5725;5708;5488;5370
67;5571;5577;5505;5543;6099;6127;5959;5541;5331;5212;5134;4606;6160;6121;6033;5694;5676;5417
68;5597;5514;5516;5446;5495;6068;6060;5924;5496;5300;5159;5056;4552;6086;6042;5974;5617;5610
69;5563;5508;5427;5456;5377;5460;5994;6005;5866;5409;5253;5105;4993;4496;6004;5981;5891;5554
70;5452;5468;5455;5345;5404;5306;5438;5940;5923;5789;5354;5201;5033;4907;4443;5944;5882;5806
71;5693;5381;5367;5376;5267;5315;5224;5396;5898;5839;5716;5274;5120;4945;4846;4380;5865;5813
72;5432;5572;5292;5283;5276;5160;5216;5170;5327;5811;5773;5613;5188;5050;4864;4768;4311;5772
73;5286;5329;5461;5186;5185;5168;5080;5137;5084;5241;5743;5641;5512;5095;4952;4783;4675;4238
74;5108;5152;5223;5353;5068;5041;5074;4964;5043;4995;5136;5578;5527;5437;4962;4872;4685;4589
75;4853;4965;5009;5092;5249;4935;4911;4989;4846;4948;4900;5005;5424;5426;5304;4838;4746;4572
76;4821;4736;4812;4838;4950;5131;4783;4789;4853;4726;4825;4793;4884;5286;5305;5187;4730;4609
77;4439;4673;4558;4673;4671;4810;4962;4639;4630;4732;4615;4681;4657;4752;5159;5179;5039;4591
78;4476;4294;4485;4413;4529;4502;4633;4774;4470;4485;4606;4461;4547;4517;4602;4976;5056;4877
79;4324;4305;4117;4321;4246;4341;4327;4477;4618;4309;4336;4441;4321;4394;4346;4415;4807;4881
80;4019;4115;4067;3971;4132;4036;4162;4152;4260;4404;4132;4134;4283;4157;4238;4149;4215;4619
81;3728;3796;3892;3839;3788;3913;3839;3948;3966;4065;4199;3941;3929;4084;3944;4033;3933;4012
82;2183;3495;3553;3703;3591;3545;3719;3585;3751;3757;3862;3962;3715;3734;3858;3729;3811;3732
83;1623;2050;3245;3372;3464;3360;3308;3419;3328;3511;3540;3634;3722;3516;3519;3648;3521;3590
84;1637;1492;1904;3005;3156;3208;3099;3065;3143;3116;3213;3304;3376;3483;3278;3291;3420;3271
85;1886;1498;1371;1774;2741;2892;2957;2868;2823;2888;2883;2947;3075;3103;3191;3011;3029;3152
86;2360;1711;1366;1255;1620;2483;2648;2708;2597;2632;2683;2609;2688;2840;2810;2912;2729;2754
87;2107;2101;1520;1242;1103;1456;2248;2360;2431;2357;2370;2414;2336;2471;2542;2546;2655;2466
88;1980;1854;1812;1336;1087;994;1279;1977;2080;2142;2092;2101;2142;2068;2186;2262;2222;2379
89;1605;1676;1560;1557;1144;931;876;1127;1732;1849;1819;1802;1883;1849;1800;1900;1950;1939
90;1371;1382;1384;1337;1350;971;805;762;955;1562;1614;1581;1518;1618;1577;1550;1648;1692
91;1038;1128;1139;1153;1104;1149;826;666;633;810;1333;1346;1353;1275;1359;1345;1289;1414
92;885;822;919;952;916;944;959;688;560;522;674;1088;1145;1128;1012;1130;1123;1071
93;689;695;666;741;763;753;773;781;540;459;428;539;879;950;912;847;908;902
94;478;540;521;513;579;612;588;602;630;431;365;352;438;699;758;715;672;713
95;344;381;414;392;406;448;474;460;471;499;335;278;276;338;508;585;545;516
96;248;246;282;305;277;304;348;345;350;367;382;236;207;209;248;393;429;411
97;163;189;155;211;206;210;221;264;247;272;289;266;165;159;145;177;295;298
98;94;119;123;99;155;139;156;162;189;175;203;206;191;117;108;102;128;213
99;65;65;75;77;74;98;84;110;109;137;132;128;143;138;80;78;59;78
100 e oltre;84;89;87;102;108;116;116;110;133;150;199;203;207;225;227;197;181;155
Totale;417675;417531;421480;423564;425391;425775;430179;433236;433426;434312;434377;433670;433059;430946;427857;425677;423296;420300
Età/Anno;2002;2003;2004;2005;2006;2007;2008;2009;2010;2011;2012;2013;2014;2015;2016;2017;2018;2019
Età;Maschi
0;1465;1470;1534;1579;1618;1645;1668;1777;1715;1685;1686;1677;1579;1497;1492;1393;1341;1249
1;1397;1498;1467;1546;1600;1642;1665;1683;1782;1743;1689;1700;1690;1582;1497;1481;1400;1355
2;1474;1404;1532;1490;1567;1621;1676;1689;1692;1779;1737;1702;1702;1670;1591;1511;1492;1408
3;1356;1494;1536;1552;1513;1598;1655;1698;1700;1705;1769;1766;1736;1680;1657;1569;1521;1499
4;1424;1369;1510;1556;1595;1532;1646;1659;1710;1713;1711;1792;1775;1742;1680;1647;1558;1516
5;1407;1464;1386;1544;1596;1610;1576;1672;1677;1726;1728;1745;1798;1766;1733;1670;1647;1569
6;1411;1438;1505;1420;1594;1598;1660;1588;1691;1694;1732;1751;1759;1802;1765;1738;1664;1664
7;1432;1428;1458;1544;1478;1618;1633;1707;1601;1701;1697;1726;1757;1751;1799;1769;1737;1668
8;1455;1450;1460;1493;1585;1501;1678;1657;1717;1618;1717;1718;1733;1749;1772;1790;1767;1724
9;1518;1479;1472;1497;1530;1618;1544;1720;1677;1744;1627;1751;1732;1736;1745;1772;1786;1757
10;1511;1550;1499;1520;1540;1548;1656;1579;1727;1686;1759;1640;1749;1723;1725;1746;1779;1786
11;1606;1532;1569;1539;1579;1556;1592;1682;1609;1772;1706;1765;1650;1748;1714;1718;1726;1769
12;1477;1614;1540;1603;1579;1616;1586;1636;1701;1629;1796;1703;1767;1654;1751;1725;1731;1729
13;1483;1495;1639;1568;1643;1604;1657;1628;1663;1730;1646;1799;1706;1770;1655;1746;1712;1729
14;1443;1502;1517;1657;1605;1669;1638;1687;1662;1685;1752;1661;1796;1705;1776;1656;1742;1722
15;1502;1453;1523;1542;1710;1627;1724;1677;1716;1667;1700;1746;1658;1800;1698;1772;1676;1734
16;1555;1507;1477;1547;1576;1730;1655;1767;1695;1732;1680;1706;1736;1658;1801;1709;1776;1670
17;1521;1577;1541;1509;1590;1601;1749;1697;1766;1730;1750;1700;1714;1740;1671;1822;1720;1772
18;1669;1544;1623;1564;1559;1607;1655;1794;1714;1773;1758;1770;1718;1724;1761;1736;1923;1749
19;1738;1682;1574;1636;1608;1575;1658;1690;1832;1733;1809;1779;1774;1744;1753;1820;1861;1944
20;1722;1738;1751;1588;1643;1599;1633;1708;1728;1860;1773;1818;1769;1764;1756;1828;1910;1876
21;1806;1734;1799;1759;1610;1668;1676;1683;1744;1776;1882;1798;1842;1780;1775;1817;1927;1923
22;1804;1812;1822;1825;1766;1608;1759;1729;1731;1796;1803;1940;1819;1854;1790;1805;1856;1951
23;2094;1802;1917;1856;1828;1774;1680;1808;1749;1763;1833;1842;1955;1819;1874;1844;1881;1878
24;2319;2118;1936;1961;1870;1859;1865;1782;1851;1793;1804;1863;1908;1967;1857;1936;1893;1902
25;2488;2354;2225;1980;1992;1901;1938;1927;1838;1891;1850;1856;1916;1922;1979;1880;1980;1917
26;2575;2503;2460;2264;2016;2022;2008;2002;1978;1873;1967;1902;1893;1919;1915;2060;1909;2000
27;2697;2600;2659;2540;2319;2053;2128;2050;2049;2017;1912;2007;1946;1891;1948;1955;2076;1925
28;2728;2724;2764;2715;2563;2373;2139;2171;2072;2107;2037;1952;2030;1950;1909;1973;1969;2074
29;2962;2761;2914;2841;2791;2584;2461;2187;2196;2110;2141;2079;1984;2024;1967;1924;1975;1985
30;2944;2979;2920;3002;2911;2811;2711;2562;2227;2250;2151;2168;2122;2016;2035;2007;1955;1984
31;3083;2956;3139;2959;3055;2966;2905;2766;2571;2250;2263;2175;2196;2130;2003;2065;2013;1993
32;3147;3114;3094;3157;2973;3062;3045;2951;2790;2583;2262;2285;2222;2189;2135;2031;2078;2016
33;3121;3155;3193;3153;3193;3000;3120;3080;2921;2763;2570;2284;2312;2237;2198;2146;2042;2089
34;3235;3107;3220;3206;3138;3156;3001;3089;3032;2922;2734;2588;2308;2308;2251;2230;2170;2036
35;3332;3243;3207;3271;3241;3185;3207;2986;3088;3017;2901;2776;2606;2341;2316;2254;2234;2168
36;3373;3401;3333;3275;3324;3258;3284;3270;2995;3104;3036;2919;2808;2602;2341;2358;2246;2222
37;3439;3400;3471;3415;3308;3364;3344;3328;3281;3059;3120;3063;2939;2808;2611;2342;2367;2255
38;3247;3449;3478;3530;3471;3311;3410;3381;3344;3305;3046;3131;3060;2947;2814;2584;2337;2371
39;3085;3249;3552;3519;3562;3490;3387;3433;3375;3354;3321;3058;3153;3069;2956;2835;2588;2346
40;3142;3099;3314;3570;3542;3578;3576;3415;3448;3397;3365;3349;3118;3158;3050;2963;2837;2585
41;3038;3151;3182;3336;3586;3588;3605;3615;3418;3473;3406;3372;3346;3129;3146;3050;2965;2823
42;2913;3046;3193;3197;3365;3593;3629;3641;3654;3441;3459;3413;3369;3333;3129;3142;3049;2975
43;2883;2924;3076;3227;3217;3394;3647;3692;3649;3660;3438;3450;3420;3378;3357;3125;3150;3052
44;3026;2885;2971;3102;3249;3238;3429;3667;3706;3642;3653;3453;3458;3421;3359;3369;3124;3174
45;2887;3040;2940;3017;3081;3271;3272;3492;3668;3730;3623;3655;3483;3471;3405;3347;3371;3122
46;2884;2904;3073;2967;3033;3090;3307;3300;3493;3686;3721;3617;3671;3489;3475;3397;3356;3351
47;2805;2881;2933;3107;2990;3055;3131;3328;3278;3496;3689;3728;3628;3667;3484;3479;3393;3364
48;2743;2829;2912;2977;3120;2994;3086;3168;3329;3271;3513;3691;3730;3627;3666;3468;3489;3383
49;2781;2751;2845;2923;2983;3143;3010;3120;3186;3348;3272;3522;3689;3724;3627;3637;3452;3508
50;2784;2807;2778;2855;2938;3013;3149;3022;3119;3175;3375;3292;3515;3661;3704;3625;3621;3453
51;2813;2795;2813;2763;2867;2921;3019;3145;3027;3118;3184;3361;3299;3510;3653;3683;3611;3623
52;2934;2813;2820;2824;2781;2878;2943;3033;3147;3029;3112;3199;3361;3285;3471;3634;3671;3615
53;3067;2939;2830;2828;2827;2787;2870;2962;3023;3140;3027;3107;3196;3341;3268;3469;3643;3657
54;3053;3084;2939;2834;2824;2817;2791;2892;2963;3031;3135;3010;3102;3204;3315;3243;3449;3652
55;3115;3079;3083;2943;2838;2816;2804;2786;2871;2953;3030;3130;3021;3091;3186;3298;3233;3444
56;2315;3100;3094;3090;2940;2811;2831;2818;2795;2856;2946;3015;3141;3017;3078;3176;3285;3206
57;2558;2307;3112;3089;3089;2953;2832;2813;2808;2784;2849;2933;2991;3142;3006;3076;3149;3272
58;2604;2588;2312;3116;3105;3089;2965;2839;2814;2801;2769;2853;2913;2973;3127;2979;3059;3149
59;2614;2593;2578;2320;3132;3109;3091;2968;2838;2806;2801;2766;2843;2912;2958;3095;2976;3039
60;2759;2611;2586;2569;2317;3143;3105;3102;2956;2829;2801;2787;2764;2828;2877;2936;3086;2980
61;2998;2755;2593;2580;2578;2301;3128;3095;3091;2940;2797;2778;2759;2740;2807;2848;2928;3054
62;3019;2968;2735;2572;2583;2556;2278;3115;3071;3079;2936;2768;2761;2754;2718;2775;2832;2917
63;3019;2998;2940;2703;2568;2570;2539;2272;3123;3044;3064;2918;2757;2758;2721;2711;2765;2809
64;2718;2993;2970;2907;2685;2566;2541;2519;2245;3094;3010;3016;2908;2712;2723;2692;2695;2751
65;2684;2689;2971;2953;2871;2650;2559;2544;2511;2227;3046;2973;2993;2863;2700;2713;2667;2656
66;2654;2661;2657;2952;2928;2848;2630;2541;2515;2487;2218;3007;2970;2964;2831;2685;2671;2638
67;2605;2626;2631;2625;2937;2911;2814;2610;2513;2486;2460;2203;2968;2931;2927;2807;2669;2633
68;2524;2580;2582;2578;2592;2910;2866;2787;2590;2492;2445;2407;2164;2913;2883;2886;2761;2631
69;2496;2461;2527;2548;2529;2557;2849;2823;2742;2542;2452;2417;2363;2118;2865;2841;2836;2720
70;2434;2447;2424;2469;2505;2487;2538;2797;2771;2702;2512;2410;2370;2307;2088;2816;2779;2782
71;2528;2390;2386;2367;2418;2444;2424;2512;2756;2708;2650;2456;2351;2317;2268;2043;2767;2740
72;2358;2457;2319;2328;2306;2344;2372;2378;2478;2697;2657;2590;2397;2314;2262;2219;1996;2711
73;2294;2293;2375;2250;2258;2236;2301;2314;2332;2403;2662;2577;2531;2337;2254;2209;2155;1966
74;2190;2213;2242;2307;2197;2161;2173;2217;2250;2272;2331;2567;2510;2486;2262;2204;2156;2110
75;2023;2096;2116;2178;2242;2123;2082;2121;2150;2196;2213;2255;2472;2447;2399;2190;2131;2084
76;2017;1952;2014;2006;2092;2169;2036;2008;2036;2080;2131;2149;2180;2384;2387;2325;2130;2047
77;1793;1930;1835;1937;1920;2015;2075;1946;1914;1970;2007;2036;2064;2106;2302;2317;2238;2047
78;1736;1712;1828;1748;1860;1831;1923;1969;1837;1834;1896;1926;1954;1979;2018;2183;2235;2142
79;1593;1648;1643;1731;1666;1773;1720;1833;1875;1758;1748;1804;1837;1871;1884;1906;2089;2128
80;1465;1493;1514;1552;1618;1558;1683;1635;1720;1762;1648;1637;1723;1725;1780;1784;1813;1990
81;1366;1341;1389;1387;1452;1512;1448;1559;1529;1617;1648;1556;1549;1624;1616;1692;1675;1714
82;799;1212;1218;1289;1257;1315;1425;1332;1448;1427;1498;1514;1441;1438;1515;1497;1575;1555
83;555;727;1053;1130;1171;1151;1176;1265;1209;1309;1309;1374;1388;1346;1337;1413;1390;1460
84;589;489;649;952;1035;1036;1022;1059;1126;1102;1148;1187;1254;1271;1227;1230;1297;1269
85;647;526;438;593;862;924;931;937;971;1013;1001;1023;1072;1126;1124;1094;1107;1171
86;769;561;478;393;530;768;825;830;819;878;909;865;894;969;998;986;957;981
87;674;658;494;428;335;459;676;721;729;739;778;805;756;806;852;901;875;829
88;621;576;536;422;356;293;373;574;628;628;638;668;667;649;688;720;744;766
89;495;518;474;444;336;291;247;312;483;536;509;527;567;553;552;550;614;629
90;413;422;397;386;377;276;236;207;259;428;455;416;424;457;450;465;454;508
91;294;312;336;309;310;306;221;187;166;205;367;355;351;342;365;372;367;382
92;238;215;260;265;234;261;238;174;145;126;163;286;297;269;268;289;311;284
93;152;179;158;193;198;193;203;191;127;115;98;115;218;230;214;214;218;242
94;115;106;133;116;132;153;142;148;152;101;83;83;89;165;174;162;165;172
95;68;87;79;105;87;91;109;107;110;120;77;59;62;63;106;129;112;117
96;58;53;59;57;65;65;57;81;80;78;91;45;49;49;43;76;98;80
97;33;42;29;41;34;47;47;39;48;59;59;65;27;32;33;29;61;67
98;16;24;23;19;27;24;34;35;24;27;39;39;39;22;23;20;17;43
99;7;11;13;11;15;17;10;24;21;15;20;25;29;26;18;16;9;10
100 e oltre;14;12;11;14;16;16;19;14;27;33;32;31;27;28;37;32;31;24
Totale;199834;199808;202129;203221;204245;204649;206734;208230;208418;208833;208828;208736;208607;207630;206526;205896;205324;204210
Età/Anno;2002;2003;2004;2005;2006;2007;2008;2009;2010;2011;2012;2013;2014;2015;2016;2017;2018;2019
Età;Femmine
0;1375;1476;1420;1570;1492;1599;1607;1661;1580;1560;1566;1518;1438;1403;1326;1372;1327;1224
1;1355;1393;1499;1442;1607;1509;1627;1646;1672;1575;1561;1583;1527;1440;1404;1318;1368;1316
2;1346;1373;1423;1512;1454;1625;1520;1632;1646;1670;1581;1575;1582;1536;1447;1414;1329;1369
3;1348;1366;1431;1441;1550;1452;1629;1535;1651;1660;1685;1600;1594;1575;1525;1444;1422;1333
4;1372;1376;1387;1456;1446;1572;1486;1651;1540;1660;1681;1693;1620;1594;1566;1515;1433;1415
5;1323;1392;1398;1416;1486;1464;1600;1510;1665;1539;1665;1698;1727;1630;1590;1560;1522;1427
6;1372;1341;1413;1430;1451;1488;1511;1606;1527;1677;1541;1680;1708;1740;1635;1605;1558;1514
7;1372;1394;1373;1442;1484;1468;1539;1540;1615;1566;1695;1550;1678;1692;1737;1647;1588;1558
8;1425;1396;1418;1390;1477;1498;1513;1559;1558;1611;1588;1690;1548;1676;1685;1735;1661;1604
9;1421;1446;1418;1445;1416;1508;1530;1542;1580;1568;1614;1590;1694;1556;1663;1701;1707;1658
10;1484;1447;1465;1451;1493;1442;1561;1553;1572;1614;1583;1629;1593;1695;1551;1665;1686;1692
11;1423;1510;1465;1500;1480;1516;1470;1586;1577;1580;1628;1605;1647;1596;1678;1564;1655;1681
12;1462;1441;1515;1518;1535;1510;1550;1501;1603;1587;1593;1646;1616;1649;1604;1673;1570;1657
13;1449;1467;1454;1539;1550;1549;1555;1563;1525;1613;1600;1588;1659;1614;1665;1608;1674;1560
14;1368;1449;1479;1478;1567;1566;1577;1591;1578;1538;1634;1609;1599;1659;1608;1674;1615;1670
15;1434;1376;1447;1489;1508;1591;1606;1615;1616;1600;1547;1647;1627;1598;1661;1614;1667;1616
16;1457;1442;1394;1472;1512;1521;1623;1634;1644;1637;1612;1551;1658;1632;1595;1664;1609;1677
17;1566;1463;1448;1414;1512;1528;1545;1655;1659;1670;1657;1631;1551;1662;1635;1589;1661;1601
18;1577;1576;1471;1481;1452;1530;1556;1578;1678;1691;1693;1676;1638;1567;1661;1635;1600;1660
19;1686;1589;1578;1505;1533;1493;1585;1603;1605;1703;1739;1729;1695;1638;1565;1660;1641;1613
20;1635;1692;1635;1609;1554;1550;1552;1685;1633;1646;1744;1769;1747;1719;1643;1592;1685;1644
21;1742;1671;1757;1661;1668;1569;1622;1614;1740;1703;1686;1781;1799;1765;1716;1656;1610;1710
22;1741;1767;1739;1784;1738;1690;1677;1710;1671;1803;1766;1719;1798;1795;1785;1737;1675;1634
23;2017;1773;1844;1782;1832;1743;1783;1761;1759;1715;1870;1788;1756;1811;1798;1789;1737;1691
24;2193;2060;1875;1897;1857;1874;1861;1859;1795;1820;1774;1914;1848;1783;1838;1801;1821;1759
25;2344;2248;2174;1936;1957;1900;1974;1945;1920;1852;1877;1811;1950;1871;1812;1848;1819;1809
26;2549;2375;2369;2239;1978;1970;1984;2054;1969;1978;1900;1912;1840;1966;1903;1839;1860;1848
27;2592;2572;2511;2426;2305;2011;2051;2069;2079;2003;2025;1934;1945;1860;1955;1921;1845;1879
28;2600;2613;2729;2629;2553;2365;2134;2157;2128;2150;2027;2059;1963;1962;1894;1963;1918;1824
29;2773;2643;2723;2799;2704;2601;2508;2222;2162;2165;2173;2033;2082;1970;1973;1894;1977;1916
30;2947;2828;2833;2778;2890;2757;2721;2562;2256;2181;2168;2191;2055;2099;1971;1967;1899;1979
31;2849;2991;2949;2883;2839;2894;2865;2787;2592;2297;2207;2188;2194;2066;2107;1973;1948;1919
32;3046;2827;3043;2962;2928;2824;2945;2859;2753;2546;2292;2230;2210;2188;2093;2117;1972;1945
33;2992;3090;2933;3099;3002;2944;2861;2964;2825;2759;2533;2303;2269;2222;2202;2109;2139;1974
34;3132;3050;3190;3006;3167;3043;3008;2929;2990;2885;2777;2562;2324;2251;2224;2199;2138;2108
35;3196;3156;3149;3236;3060;3178;3092;3055;2967;3015;2916;2794;2572;2348;2245;2228;2178;2136
36;3262;3244;3254;3196;3289;3093;3252;3154;3063;2980;3034;2904;2794;2605;2318;2249;2224;2190
37;3426;3270;3325;3305;3218;3330;3194;3302;3181;3107;3000;3058;2924;2782;2602;2306;2228;2237
38;3147;3424;3375;3358;3329;3241;3404;3265;3341;3220;3126;3004;3066;2926;2800;2592;2309;2229
39;3102;3173;3515;3398;3360;3348;3325;3460;3280;3393;3224;3137;3025;3081;2928;2801;2601;2323
40;3079;3116;3234;3573;3429;3365;3433;3365;3511;3294;3411;3224;3143;3023;3065;2922;2797;2613
41;2880;3109;3166;3260;3613;3443;3426;3492;3391;3554;3306;3438;3235;3149;3028;3053;2929;2794
42;2857;2903;3176;3206;3284;3629;3499;3484;3517;3430;3583;3316;3454;3234;3133;3035;3067;2930
43;2923;2858;2949;3225;3240;3291;3707;3541;3515;3554;3443;3606;3331;3455;3221;3120;3029;3059
44;2776;2928;2912;2979;3235;3234;3351;3766;3573;3541;3564;3448;3622;3328;3453;3233;3129;3028
45;2879;2777;2985;2938;2994;3242;3283;3390;3778;3614;3567;3580;3470;3631;3323;3465;3235;3128
46;2764;2887;2835;3020;2961;3006;3291;3307;3409;3790;3634;3574;3601;3499;3608;3322;3458;3236
47;2776;2778;2920;2870;3032;2976;3055;3329;3312;3417;3800;3641;3585;3594;3498;3593;3329;3432
48;2670;2783;2824;2935;2880;3047;3023;3080;3333;3360;3434;3812;3642;3592;3592;3500;3595;3297
49;2726;2680;2824;2843;2930;2890;3111;3057;3107;3351;3380;3444;3800;3645;3594;3584;3471;3593
50;2756;2726;2719;2842;2857;2939;2926;3151;3086;3130;3375;3404;3462;3799;3624;3578;3586;3466
51;3039;2770;2750;2743;2865;2864;2958;2958;3151;3103;3128;3381;3415;3474;3779;3613;3588;3578
52;2865;3042;2779;2754;2758;2868;2899;2981;2964;3169;3108;3133;3392;3413;3456;3766;3608;3583
53;3132;2871;3046;2801;2757;2769;2901;2921;2988;2987;3172;3114;3149;3387;3395;3447;3738;3595
54;3167;3161;2880;3050;2790;2771;2799;2918;2936;3011;2993;3179;3094;3141;3391;3391;3432;3723
55;3174;3174;3165;2901;3041;2793;2792;2804;2931;2945;3009;3010;3189;3083;3133;3369;3394;3432
56;2450;3179;3201;3187;2900;3028;2816;2816;2806;2941;2949;3013;3023;3168;3083;3116;3334;3394
57;2688;2444;3199;3210;3174;2911;3051;2835;2804;2819;2948;2954;3005;3025;3155;3069;3113;3345
58;2753;2689;2463;3201;3237;3175;2931;3086;2844;2799;2820;2933;2951;3003;3018;3134;3062;3126
59;2873;2752;2697;2458;3206;3241;3176;2946;3075;2853;2800;2828;2928;2944;2994;3007;3141;3060
60;2989;2851;2747;2692;2466;3213;3263;3196;2942;3082;2859;2792;2820;2932;2938;2986;2983;3137
61;3211;2987;2843;2735;2708;2455;3223;3262;3185;2952;3091;2860;2801;2818;2928;2927;2985;2971
62;3288;3220;2980;2844;2732;2712;2454;3235;3266;3183;2961;3087;2881;2794;2810;2924;2912;2993
63;3222;3290;3215;2963;2840;2758;2712;2460;3245;3261;3168;2941;3083;2869;2776;2799;2904;2886
64;2932;3213;3284;3207;2944;2836;2764;2722;2440;3237;3246;3162;2926;3063;2846;2773;2805;2890
65;2890;2925;3195;3263;3190;2934;2814;2753;2708;2441;3223;3232;3161;2915;3045;2820;2745;2798
66;2959;2881;2926;3186;3239;3173;2933;2819;2748;2681;2432;3195;3224;3143;2894;3023;2817;2732
67;2966;2951;2874;2918;3162;3216;3145;2931;2818;2726;2674;2403;3192;3190;3106;2887;3007;2784
68;3073;2934;2934;2868;2903;3158;3194;3137;2906;2808;2714;2649;2388;3173;3159;3088;2856;2979
69;3067;3047;2900;2908;2848;2903;3145;3182;3124;2867;2801;2688;2630;2378;3139;3140;3055;2834
70;3018;3021;3031;2876;2899;2819;2900;3143;3152;3087;2842;2791;2663;2600;2355;3128;3103;3024
71;3165;2991;2981;3009;2849;2871;2800;2884;3142;3131;3066;2818;2769;2628;2578;2337;3098;3073
72;3074;3115;2973;2955;2970;2816;2844;2792;2849;3114;3116;3023;2791;2736;2602;2549;2315;3061
73;2992;3036;3086;2936;2927;2932;2779;2823;2752;2838;3081;3064;2981;2758;2698;2574;2520;2272
74;2918;2939;2981;3046;2871;2880;2901;2747;2793;2723;2805;3011;3017;2951;2700;2668;2529;2479
75;2830;2869;2893;2914;3007;2812;2829;2868;2696;2752;2687;2750;2952;2979;2905;2648;2615;2488
76;2804;2784;2798;2832;2858;2962;2747;2781;2817;2646;2694;2644;2704;2902;2918;2862;2600;2562
77;2646;2743;2723;2736;2751;2795;2887;2693;2716;2762;2608;2645;2593;2646;2857;2862;2801;2544
78;2740;2582;2657;2665;2669;2671;2710;2805;2633;2651;2710;2535;2593;2538;2584;2793;2821;2735
79;2731;2657;2474;2590;2580;2568;2607;2644;2743;2551;2588;2637;2484;2523;2462;2509;2718;2753
80;2554;2622;2553;2419;2514;2478;2479;2517;2540;2642;2484;2497;2560;2432;2458;2365;2402;2629
81;2362;2455;2503;2452;2336;2401;2391;2389;2437;2448;2551;2385;2380;2460;2328;2341;2258;2298
82;1384;2283;2335;2414;2334;2230;2294;2253;2303;2330;2364;2448;2274;2296;2343;2232;2236;2177
83;1068;1323;2192;2242;2293;2209;2132;2154;2119;2202;2231;2260;2334;2170;2182;2235;2131;2130
84;1048;1003;1255;2053;2121;2172;2077;2006;2017;2014;2065;2117;2122;2212;2051;2061;2123;2002
85;1239;972;933;1181;1879;1968;2026;1931;1852;1875;1882;1924;2003;1977;2067;1917;1922;1981
86;1591;1150;888;862;1090;1715;1823;1878;1778;1754;1774;1744;1794;1871;1812;1926;1772;1773
87;1433;1443;1026;814;768;997;1572;1639;1702;1618;1592;1609;1580;1665;1690;1645;1780;1637
88;1359;1278;1276;914;731;701;906;1403;1452;1514;1454;1433;1475;1419;1498;1542;1478;1613
89;1110;1158;1086;1113;808;640;629;815;1249;1313;1310;1275;1316;1296;1248;1350;1336;1310
90;958;960;987;951;973;695;569;555;696;1134;1159;1165;1094;1161;1127;1085;1194;1184
91;744;816;803;844;794;843;605;479;467;605;966;991;1002;933;994;973;922;1032
92;647;607;659;687;682;683;721;514;415;396;511;802;848;859;744;841;812;787
93;537;516;508;548;565;560;570;590;413;344;330;424;661;720;698;633;690;660
94;363;434;388;397;447;459;446;454;478;330;282;269;349;534;584;553;507;541
95;276;294;335;287;319;357;365;353;361;379;258;219;214;275;402;456;433;399
96;190;193;223;248;212;239;291;264;270;289;291;191;158;160;205;317;331;331
97;130;147;126;170;172;163;174;225;199;213;230;201;138;127;112;148;234;231
98;78;95;100;80;128;115;122;127;165;148;164;167;152;95;85;82;111;170
99;58;54;62;66;59;81;74;86;88;122;112;103;114;112;62;62;50;68
100 e oltre;70;77;76;88;92;100;97;96;106;117;167;172;180;197;190;165;150;131
Totale;217841;217723;219351;220343;221146;221126;223445;225006;225008;225479;225549;224934;224452;223316;221331;219781;217972;216090

"Ricostruzione della popolazione intercensuaria - Popolazione al 1° gennaio per età"
"Cittadinanza italiana - Provincia: Alessandria"
Età/Anno;2002;2003;2004;2005;2006;2007;2008;2009;2010;2011;2012;2013;2014;2015;2016;2017;2018;2019
Età;Totale
0;2637;2694;2648;2712;2675;2695;2713;2788;2642;2529;2503;2456;2290;2188;2183;2069;2041;1983
1;2562;2668;2707;2650;2747;2694;2722;2732;2782;2650;2527;2505;2470;2302;2225;2194;2099;2067
2;2636;2558;2699;2732;2664;2768;2708;2734;2729;2784;2648;2539;2510;2474;2351;2286;2229;2108
3;2563;2666;2711;2724;2748;2678;2780;2714;2752;2740;2777;2665;2577;2522;2503;2382;2292;2243
4;2632;2575;2677;2727;2735;2760;2716;2774;2711;2772;2756;2780;2695;2600;2562;2550;2405;2298
5;2605;2670;2593;2708;2740;2743;2774;2731;2782;2709;2786;2770;2820;2715;2638;2613;2569;2402
6;2648;2632;2694;2621;2720;2727;2781;2780;2743;2799;2711;2797;2811;2865;2771;2720;2625;2582
7;2669;2653;2649;2725;2651;2738;2740;2803;2776;2768;2809;2708;2830;2826;2911;2852;2734;2651
8;2771;2685;2675;2665;2742;2674;2780;2758;2809;2778;2776;2825;2745;2848;2886;2961;2893;2744
9;2810;2787;2704;2702;2675;2770;2697;2811;2772;2830;2778;2796;2881;2775;2882;2946;2960;2892
10;2868;2841;2797;2723;2720;2690;2795;2703;2821;2789;2837;2792;2817;2914;2805;2930;2966;2974
11;2910;2892;2855;2816;2747;2729;2708;2816;2715;2843;2804;2852;2837;2856;2940;2862;2917;2969
12;2822;2911;2894;2882;2832;2764;2745;2736;2825;2729;2851;2813;2878;2865;2905;2978;2888;2916
13;2823;2837;2921;2899;2895;2837;2800;2755;2747;2837;2741;2854;2837;2913;2912;2943;2976;2872
14;2683;2838;2857;2928;2903;2904;2858;2829;2769;2771;2851;2745;2888;2862;2945;2954;2944;2980
15;2817;2693;2844;2862;2932;2913;2929;2872;2849;2781;2776;2858;2775;2906;2877;2968;2958;2928
16;2904;2824;2719;2858;2859;2937;2926;2947;2886;2857;2783;2791;2879;2801;2922;2911;2964;2944
17;2975;2910;2845;2722;2868;2860;2937;2951;2946;2902;2867;2797;2815;2909;2822;2948;2914;2954
18;3144;2995;2919;2845;2725;2866;2881;2953;2952;2946;2932;2912;2862;2887;2978;2880;2998;2982
19;3321;3160;2992;2916;2863;2735;2883;2886;2967;2953;2984;2981;2936;2882;2888;2960;2892;3030
20;3225;3307;3195;3000;2908;2843;2750;2926;2868;2973;2966;2993;2965;2918;2863;2897;2951;2864
21;3388;3248;3313;3196;3014;2926;2858;2746;2931;2895;2971;2966;2990;2978;2916;2864;2904;2952
22;3385;3400;3257;3309;3209;3007;2949;2854;2763;2941;2912;3000;2986;2991;2987;2933;2872;2930
23;3934;3395;3422;3255;3317;3194;2997;2972;2857;2788;2954;2935;3007;2979;3006;3001;2956;2880
24;4314;3964;3432;3442;3271;3351;3217;3044;2968;2874;2811;2985;2976;3011;3005;3023;3022;2970
25;4589;4335;4000;3458;3454;3314;3349;3214;3063;2975;2888;2828;3012;3002;3045;3001;3029;3013
26;4893;4591;4366;4008;3476;3467;3313;3368;3230;3058;2994;2904;2844;2996;3016;3062;3024;3041
27;5039;4892;4645;4382;4044;3502;3479;3343;3355;3227;3074;3018;2938;2854;3008;3017;3044;3034
28;5093;5039;4920;4672;4422;4088;3515;3485;3346;3383;3221;3078;3032;2952;2873;2987;2986;3018
29;5408;5103;5066;4947;4697;4444;4111;3515;3467;3359;3392;3238;3090;3027;2966;2859;2955;3005
30;5594;5395;5159;5056;4981;4718;4478;4144;3530;3467;3345;3402;3249;3115;3038;2984;2861;2984
31;5648;5588;5434;5166;5099;5002;4734;4494;4146;3552;3473;3336;3410;3241;3126;3034;2956;2899
32;5896;5613;5555;5419;5139;5058;5004;4726;4479;4111;3539;3486;3359;3402;3266;3148;3023;2959
33;5808;5907;5608;5589;5424;5140;5043;5035;4714;4498;4113;3547;3515;3385;3412;3306;3156;3059
34;6065;5814;5886;5639;5558;5402;5133;5059;5013;4759;4478;4108;3562;3514;3401;3441;3328;3148
35;6253;6065;5850;5934;5662;5629;5464;5159;5147;5030;4816;4491;4117;3575;3512;3433;3423;3344
36;6340;6324;6118;5907;6002;5682;5709;5529;5186;5205;5070;4821;4519;4129;3563;3562;3445;3443
37;6573;6352;6359;6169;5909;6059;5746;5752;5557;5251;5231;5102;4842;4527;4146;3599;3569;3473
38;6138;6558;6407;6384;6189;5926;6056;5783;5787;5604;5265;5238;5109;4859;4578;4166;3620;3595
39;5989;6141;6623;6432;6391;6200;5944;6064;5785;5841;5612;5281;5278;5136;4893;4629;4191;3634
40;6025;5996;6174;6653;6450;6385;6249;5958;6093;5816;5874;5640;5357;5288;5148;4944;4644;4207
41;5697;6041;6014;6183;6687;6504;6410;6273;5981;6141;5814;5905;5678;5385;5296;5186;4965;4645
42;5614;5717;6063;6030;6210;6713;6539;6462;6302;6021;6177;5829;5940;5669;5425;5342;5215;4976
43;5645;5613;5729;6096;6067;6247;6777;6600;6507;6370;6049;6197;5858;5970;5723;5462;5356;5221
44;5648;5650;5635;5749;6119;6078;6298;6805;6624;6541;6380;6071;6231;5881;5986;5782;5467;5375
45;5640;5667;5684;5677;5736;6140;6112;6354;6833;6663;6538;6390;6126;6271;5914;6025;5812;5475
46;5519;5654;5702;5707;5692;5762;6153;6146;6368;6854;6687;6534;6430;6154;6312;5935;6041;5804
47;5463;5525;5653;5741;5740;5720;5787;6158;6148;6361;6849;6705;6568;6451;6182;6345;5949;6053
48;5307;5489;5549;5686;5746;5751;5753;5812;6162;6174;6380;6864;6721;6595;6473;6209;6375;5929
49;5403;5323;5508;5569;5682;5770;5771;5776;5829;6178;6184;6387;6859;6753;6636;6482;6192;6381
50;5446;5423;5343;5514;5597;5694;5774;5786;5799;5832;6210;6214;6415;6853;6751;6653;6491;6184
51;5778;5454;5421;5336;5542;5586;5693;5773;5787;5807;5842;6201;6236;6422;6866;6756;6661;6476
52;5730;5775;5471;5424;5354;5554;5584;5695;5767;5794;5801;5845;6214;6234;6408;6872;6753;6674
53;6139;5737;5782;5481;5422;5373;5549;5592;5687;5781;5803;5781;5864;6205;6220;6413;6866;6739
54;6150;6179;5736;5780;5468;5426;5389;5558;5598;5701;5779;5797;5783;5872;6220;6222;6391;6870
55;6228;6177;6166;5751;5774;5465;5424;5368;5533;5592;5703;5773;5813;5772;5873;6199;6223;6383
56;4722;6224;6208;6188;5735;5735;5483;5431;5358;5544;5578;5680;5781;5809;5776;5862;6174;6206
57;5213;4703;6239;6211;6165;5751;5759;5466;5392;5356;5532;5562;5655;5789;5793;5774;5845;6169
58;5316;5240;4711;6238;6240;6162;5763;5778;5466;5388;5337;5519;5541;5633;5782;5772;5750;5851
59;5451;5299;5233;4712;6255;6247;6152;5775;5755;5470;5376;5340;5506;5531;5624;5756;5767;5732
60;5723;5425;5271;5216;4700;6270;6260;6160;5754;5756;5468;5350;5336;5500;5495;5611;5742;5763
61;6179;5709;5398;5250;5238;4675;6264;6230;6128;5742;5724;5431;5318;5315;5476;5465;5606;5704
62;6277;6151;5675;5375;5243;5218;4652;6251;6204;6108;5742;5681;5423;5306;5296;5445;5434;5603
63;6204;6253;6115;5626;5358;5253;5194;4637;6264;6175;6066;5705;5652;5412;5262;5285;5418;5391
64;5631;6170;6219;6073;5585;5346;5227;5173;4593;6233;6127;6004;5671;5595;5362;5239;5261;5390
65;5554;5596;6124;6176;6022;5537;5319;5202;5141;4568;6166;6074;5982;5616;5563;5335;5188;5210
66;5588;5517;5565;6096;6120;5981;5513;5280;5158;5083;4547;6099;6059;5939;5568;5521;5292;5139
67;5545;5545;5476;5520;6053;6086;5912;5477;5241;5110;5047;4499;6048;5996;5874;5530;5487;5224
68;5580;5487;5484;5408;5466;6019;6020;5870;5424;5209;5057;4968;4440;5971;5924;5820;5453;5421
69;5543;5486;5399;5420;5343;5428;5944;5945;5799;5338;5160;5008;4899;4387;5889;5865;5746;5395
70;5435;5449;5432;5315;5363;5275;5405;5881;5862;5722;5280;5109;4940;4816;4330;5831;5765;5663
71;5680;5361;5351;5353;5236;5274;5190;5357;5831;5775;5644;5197;5038;4849;4756;4271;5746;5692
72;5416;5558;5265;5264;5249;5129;5175;5127;5286;5747;5706;5542;5113;4970;4779;4684;4200;5663
73;5269;5310;5446;5161;5164;5142;5047;5080;5036;5196;5678;5574;5434;5025;4869;4699;4591;4126
74;5096;5133;5202;5335;5041;5021;5048;4926;4993;4950;5090;5514;5463;5361;4896;4785;4601;4505
75;4835;4954;4992;5073;5226;4908;4889;4960;4805;4902;4853;4962;5365;5367;5230;4768;4660;4496
76;4814;4720;4801;4826;4930;5107;4758;4761;4822;4687;4776;4745;4830;5222;5247;5114;4657;4524
77;4432;4667;4540;4659;4660;4788;4940;4614;4602;4700;4576;4633;4606;4700;5095;5122;4965;4523
78;4468;4288;4477;4394;4510;4489;4612;4747;4442;4456;4575;4422;4503;4466;4549;4919;5001;4804
79;4316;4295;4113;4312;4227;4322;4314;4454;4594;4282;4309;4407;4280;4349;4299;4365;4752;4829
80;4014;4104;4058;3966;4123;4019;4143;4139;4242;4382;4105;4108;4248;4115;4196;4104;4163;4571
81;3717;3791;3882;3830;3784;3904;3825;3930;3955;4049;4176;3912;3907;4055;3904;3993;3889;3965
82;2180;3482;3548;3694;3582;3540;3711;3567;3731;3746;3845;3941;3686;3710;3831;3692;3774;3688
83;1618;2046;3236;3369;3456;3353;3302;3412;3313;3496;3528;3617;3703;3487;3495;3623;3481;3554
84;1631;1488;1900;2996;3152;3200;3091;3058;3134;3105;3201;3293;3362;3465;3253;3266;3397;3236
85;1883;1493;1368;1771;2732;2888;2949;2861;2816;2881;2873;2933;3062;3091;3174;2989;3005;3130
86;2357;1707;1360;1252;1618;2477;2645;2699;2590;2623;2675;2600;2674;2828;2799;2897;2707;2733
87;2101;2099;1515;1237;1100;1455;2243;2358;2422;2352;2363;2406;2327;2457;2531;2536;2639;2447
88;1977;1848;1810;1333;1083;990;1277;1973;2079;2135;2088;2094;2133;2059;2174;2252;2214;2366
89;1603;1675;1556;1554;1141;927;873;1126;1728;1848;1813;1799;1878;1844;1793;1890;1940;1931
90;1370;1381;1383;1333;1347;968;801;759;954;1558;1612;1576;1515;1613;1573;1544;1638;1684
91;1035;1127;1137;1152;1098;1146;825;664;629;809;1330;1345;1350;1272;1355;1342;1283;1406
92;885;819;918;950;914;938;956;687;558;519;673;1085;1144;1124;1010;1126;1120;1065
93;688;695;664;741;761;751;770;778;540;458;426;538;878;949;909;846;906;899
94;477;538;520;511;579;611;587;600;628;431;364;349;437;699;757;712;672;711
95;343;380;411;391;404;448;473;459;469;497;335;277;274;337;508;584;542;515
96;247;245;281;302;276;302;348;344;349;366;380;236;206;207;247;393;428;408
97;163;188;155;210;203;210;219;264;246;272;288;266;165;158;143;176;295;297
98;93;119;123;99;154;137;156;161;189;175;203;206;191;117;107;100;128;213
99;65;64;75;77;74;98;83;110;108;137;132;128;142;138;80;77;58;78
100 e oltre;84;89;86;102;108;116;116;109;132;150;199;203;207;224;226;196;179;152
Totale;407622;405858;404367;403229;401711;400243;399217;398041;395947;394670;392715;390063;388418;386149;383758;381856;378539;375228
Età/Anno;2002;2003;2004;2005;2006;2007;2008;2009;2010;2011;2012;2013;2014;2015;2016;2017;2018;2019
Età;Maschi
0;1368;1334;1378;1362;1382;1381;1392;1432;1364;1305;1312;1289;1170;1127;1153;1027;1042;1013
1;1303;1392;1332;1371;1381;1390;1392;1397;1432;1378;1306;1311;1299;1178;1146;1158;1052;1067
2;1385;1297;1411;1352;1377;1389;1403;1398;1397;1434;1371;1315;1321;1288;1207;1183;1174;1056
3;1291;1399;1405;1424;1354;1398;1404;1408;1406;1407;1425;1376;1343;1324;1304;1217;1188;1182
4;1340;1294;1399;1409;1435;1358;1425;1393;1408;1414;1415;1433;1389;1352;1353;1326;1235;1191
5;1338;1362;1296;1411;1426;1437;1369;1432;1396;1412;1422;1427;1449;1397;1369;1378;1329;1240
6;1342;1353;1377;1310;1421;1411;1451;1379;1443;1406;1418;1424;1451;1464;1427;1411;1381;1344
7;1370;1338;1352;1391;1330;1432;1410;1461;1378;1445;1409;1414;1439;1455;1490;1473;1426;1390
8;1399;1370;1348;1370;1402;1341;1460;1422;1467;1390;1450;1427;1444;1453;1485;1508;1488;1420
9;1458;1406;1379;1361;1379;1417;1355;1478;1426;1479;1401;1476;1453;1459;1473;1515;1519;1492
10;1456;1473;1411;1395;1364;1388;1426;1356;1476;1422;1480;1408;1486;1463;1474;1499;1531;1536
11;1547;1468;1480;1422;1411;1366;1400;1438;1370;1496;1428;1487;1430;1504;1479;1501;1495;1534
12;1416;1548;1471;1488;1434;1421;1373;1417;1447;1377;1495;1427;1496;1443;1523;1500;1519;1496
13;1425;1427;1558;1477;1495;1440;1438;1384;1431;1456;1382;1497;1434;1513;1462;1540;1498;1513
14;1377;1442;1441;1563;1478;1497;1451;1446;1394;1445;1463;1383;1513;1441;1534;1476;1535;1503
15;1445;1385;1452;1444;1572;1479;1514;1457;1466;1395;1449;1465;1391;1529;1445;1544;1482;1524
16;1499;1446;1400;1457;1449;1574;1485;1526;1463;1470;1396;1457;1472;1401;1546;1463;1546;1466
17;1455;1505;1465;1400;1461;1455;1569;1504;1519;1472;1475;1401;1470;1486;1409;1561;1460;1539
18;1609;1473;1519;1469;1409;1457;1466;1580;1502;1520;1489;1498;1440;1501;1527;1439;1588;1505
19;1692;1619;1487;1516;1477;1408;1469;1474;1596;1511;1547;1511;1508;1458;1513;1517;1450;1600
20;1663;1693;1639;1490;1511;1470;1428;1494;1477;1593;1521;1545;1498;1494;1449;1513;1503;1439
21;1732;1670;1691;1636;1497;1532;1483;1426;1499;1501;1593;1517;1545;1504;1503;1452;1521;1505
22;1752;1734;1675;1695;1635;1492;1547;1474;1442;1505;1503;1619;1532;1544;1514;1508;1462;1532
23;2024;1754;1748;1676;1704;1636;1490;1556;1476;1453;1514;1517;1620;1530;1547;1528;1531;1469
24;2238;2034;1773;1757;1686;1721;1644;1535;1565;1485;1465;1532;1538;1623;1547;1563;1538;1540
25;2386;2251;2048;1792;1763;1716;1719;1641;1545;1566;1494;1483;1558;1545;1644;1540;1569;1548
26;2493;2388;2266;2046;1808;1782;1721;1724;1660;1529;1587;1508;1492;1549;1537;1652;1549;1577
27;2592;2497;2420;2286;2066;1816;1802;1721;1714;1664;1538;1602;1525;1487;1563;1533;1639;1552
28;2636;2610;2530;2428;2297;2085;1813;1793;1713;1728;1656;1530;1602;1525;1486;1549;1521;1634
29;2817;2645;2638;2534;2447;2293;2078;1797;1778;1718;1746;1670;1545;1596;1539;1476;1525;1536
30;2827;2799;2660;2636;2550;2443;2296;2102;1803;1792;1719;1751;1690;1550;1598;1561;1475;1529
31;2955;2821;2821;2661;2665;2587;2455;2297;2097;1808;1797;1711;1754;1677;1546;1598;1533;1484
32;3013;2971;2837;2818;2643;2668;2604;2479;2314;2096;1803;1807;1731;1743;1683;1546;1578;1528
33;2966;3012;2955;2851;2837;2649;2671;2614;2479;2308;2102;1797;1807;1739;1738;1693;1540;1594
34;3063;2936;2974;2939;2813;2780;2623;2635;2576;2468;2269;2090;1803;1807;1749;1765;1692;1533
35;3185;3056;2942;2990;2936;2850;2797;2597;2656;2550;2458;2279;2095;1817;1799;1759;1754;1695
36;3221;3218;3075;2979;3027;2933;2880;2823;2610;2686;2561;2461;2296;2091;1807;1836;1760;1754
37;3280;3234;3226;3105;2977;3056;2966;2898;2846;2653;2696;2568;2475;2302;2106;1833;1842;1760
38;3105;3267;3257;3244;3122;2976;3040;2971;2915;2855;2651;2692;2560;2483;2330;2101;1839;1850
39;2976;3093;3300;3277;3257;3131;2986;3039;2974;2937;2870;2650;2706;2577;2500;2365;2110;1833
40;3041;2977;3112;3298;3286;3253;3156;2989;3044;2989;2955;2885;2703;2715;2585;2534;2375;2103
41;2920;3034;2989;3109;3302;3326;3260;3156;2994;3076;2992;2958;2894;2728;2709;2607;2540;2369
42;2839;2921;3041;2989;3125;3311;3343;3284;3178;3030;3084;2998;2965;2882;2751;2737;2615;2541
43;2801;2839;2928;3052;3012;3155;3350;3396;3310;3242;3063;3087;3006;2989;2922;2770;2748;2615
44;2946;2803;2857;2935;3070;3029;3181;3361;3401;3324;3254;3080;3101;3017;2994;2962;2770;2764
45;2817;2958;2823;2890;2913;3087;3046;3223;3370;3427;3312;3254;3115;3122;3037;3001;2974;2774
46;2810;2830;2963;2832;2889;2925;3095;3071;3227;3391;3435;3304;3285;3127;3151;3042;3013;2959
47;2739;2803;2835;2985;2856;2906;2937;3090;3066;3228;3391;3449;3334;3302;3141;3174;3046;3023
48;2696;2758;2815;2858;2985;2861;2916;2959;3091;3066;3245;3395;3466;3346;3323;3139;3197;3044
49;2717;2701;2764;2823;2866;3000;2866;2930;2974;3103;3068;3251;3405;3482;3366;3323;3129;3198
50;2738;2736;2704;2766;2833;2884;2993;2866;2935;2968;3126;3079;3264;3398;3474;3385;3313;3118
51;2778;2734;2732;2692;2775;2819;2882;2989;2877;2932;2985;3114;3093;3260;3411;3470;3377;3310
52;2903;2771;2754;2737;2701;2787;2823;2882;2989;2876;2929;2998;3121;3092;3243;3413;3465;3381
53;3034;2906;2780;2761;2737;2704;2770;2828;2878;2989;2880;2914;3001;3108;3089;3254;3425;3450
54;3021;3052;2899;2780;2754;2733;2703;2782;2830;2889;2988;2873;2927;3013;3115;3076;3244;3436
55;3085;3042;3048;2899;2785;2748;2720;2691;2757;2824;2891;2979;2881;2923;3011;3109;3075;3238
56;2297;3077;3052;3053;2892;2760;2762;2729;2693;2750;2821;2876;2989;2888;2923;3011;3098;3053
57;2543;2284;3086;3046;3045;2903;2773;2740;2716;2681;2746;2808;2859;2992;2881;2923;2999;3084
58;2583;2572;2284;3087;3058;3045;2907;2779;2741;2713;2664;2748;2798;2840;2985;2867;2904;2997
59;2599;2570;2561;2290;3101;3061;3041;2913;2772;2741;2711;2665;2735;2798;2839;2961;2857;2885
60;2748;2598;2555;2551;2279;3110;3058;3044;2900;2771;2735;2698;2668;2731;2774;2828;2959;2856
61;2988;2740;2581;2548;2559;2265;3095;3042;3032;2884;2740;2712;2670;2649;2715;2745;2827;2936
62;3005;2955;2719;2559;2548;2535;2243;3081;3017;3015;2876;2712;2693;2663;2630;2689;2727;2820
63;3006;2984;2927;2687;2550;2537;2515;2232;3085;2991;2996;2860;2696;2689;2632;2627;2681;2701
64;2709;2978;2957;2892;2666;2542;2507;2491;2206;3060;2959;2944;2846;2653;2658;2613;2612;2667
65;2676;2679;2952;2936;2857;2633;2537;2499;2478;2187;3011;2921;2923;2805;2635;2651;2586;2566
66;2645;2651;2649;2937;2910;2835;2607;2506;2466;2449;2175;2974;2918;2899;2773;2618;2611;2555
67;2593;2612;2617;2614;2920;2896;2799;2582;2476;2438;2419;2156;2937;2881;2867;2749;2603;2571
68;2518;2566;2569;2560;2577;2893;2854;2770;2556;2455;2398;2369;2116;2881;2837;2827;2706;2564
69;2490;2453;2512;2534;2514;2539;2833;2801;2725;2509;2416;2374;2325;2074;2833;2794;2784;2665
70;2426;2441;2414;2451;2489;2475;2518;2777;2750;2684;2479;2375;2327;2273;2043;2785;2734;2729
71;2525;2382;2381;2358;2399;2428;2411;2490;2732;2686;2632;2424;2318;2276;2235;2002;2734;2692
72;2353;2453;2310;2323;2294;2325;2355;2364;2455;2677;2635;2570;2367;2280;2227;2187;1955;2680
73;2284;2288;2371;2242;2251;2223;2281;2292;2312;2381;2641;2555;2512;2310;2219;2177;2125;1921
74;2182;2202;2234;2300;2188;2156;2161;2199;2230;2252;2310;2546;2490;2467;2236;2168;2123;2079
75;2019;2089;2106;2171;2231;2113;2078;2107;2131;2175;2193;2236;2454;2430;2381;2163;2095;2055
76;2015;1947;2007;2000;2084;2157;2024;1999;2024;2061;2108;2130;2159;2362;2370;2307;2099;2016
77;1789;1928;1829;1927;1915;2008;2066;1935;1904;1962;1988;2015;2046;2085;2279;2298;2217;2020
78;1733;1708;1826;1742;1848;1825;1915;1957;1825;1824;1887;1908;1936;1961;1997;2164;2218;2121
79;1592;1643;1641;1727;1660;1761;1715;1823;1863;1745;1738;1793;1819;1853;1866;1888;2070;2113
80;1463;1492;1509;1550;1613;1551;1671;1630;1713;1749;1635;1628;1711;1708;1763;1766;1795;1975
81;1363;1340;1387;1383;1450;1507;1442;1547;1525;1612;1634;1542;1540;1612;1597;1677;1658;1696
82;797;1207;1217;1288;1252;1313;1421;1322;1434;1423;1493;1502;1430;1429;1504;1478;1562;1539
83;554;725;1052;1128;1171;1148;1174;1262;1202;1297;1305;1370;1380;1336;1328;1405;1371;1449
84;588;487;648;952;1032;1036;1019;1056;1122;1098;1139;1183;1251;1265;1219;1220;1290;1255
85;644;526;437;592;862;921;931;934;968;1010;997;1013;1067;1123;1118;1088;1095;1165
86;768;558;478;392;529;768;823;829;817;873;906;863;883;964;995;980;951;971
87;672;657;491;428;334;458;676;719;728;738;776;802;755;797;848;898;869;824
88;621;574;535;420;356;292;372;572;627;627;637;665;664;647;680;717;743;760
89;493;518;472;443;334;291;246;312;480;535;508;526;566;551;551;544;610;627
90;413;421;397;384;376;275;236;206;259;425;453;415;423;456;449;464;448;505
91;293;312;335;309;308;305;221;187;165;205;364;354;351;341;364;372;366;377
92;238;214;260;264;233;259;237;174;145;125;163;283;296;269;267;288;311;283
93;152;179;158;193;197;192;203;190;127;115;98;115;217;229;214;213;218;242
94;115;106;132;116;132;153;142;148;152;101;83;82;89;165;173;162;165;172
95;67;87;79;104;87;91;109;107;110;120;77;59;62;63;106;128;112;116
96;57;52;59;57;64;65;57;81;80;78;91;45;48;49;43;76;97;80
97;33;41;29;41;34;47;47;39;48;59;59;65;27;31;33;29;61;66
98;16;24;23;19;27;24;34;35;24;27;39;39;39;22;22;20;17;43
99;7;11;13;11;15;17;10;24;21;15;20;25;29;26;18;15;9;10
100 e oltre;14;12;11;14;16;16;19;14;27;33;32;31;27;28;37;32;30;23
Totale;195010;194222;193742;193261;192824;192337;191881;191435;190704;190239;189461;188349;187787;186774;185990;185217;183827;182350
Età/Anno;2002;2003;2004;2005;2006;2007;2008;2009;2010;2011;2012;2013;2014;2015;2016;2017;2018;2019
Età;Femmine
0;1269;1360;1270;1350;1293;1314;1321;1356;1278;1224;1191;1167;1120;1061;1030;1042;999;970
1;1259;1276;1375;1279;1366;1304;1330;1335;1350;1272;1221;1194;1171;1124;1079;1036;1047;1000
2;1251;1261;1288;1380;1287;1379;1305;1336;1332;1350;1277;1224;1189;1186;1144;1103;1055;1052
3;1272;1267;1306;1300;1394;1280;1376;1306;1346;1333;1352;1289;1234;1198;1199;1165;1104;1061
4;1292;1281;1278;1318;1300;1402;1291;1381;1303;1358;1341;1347;1306;1248;1209;1224;1170;1107
5;1267;1308;1297;1297;1314;1306;1405;1299;1386;1297;1364;1343;1371;1318;1269;1235;1240;1162
6;1306;1279;1317;1311;1299;1316;1330;1401;1300;1393;1293;1373;1360;1401;1344;1309;1244;1238
7;1299;1315;1297;1334;1321;1306;1330;1342;1398;1323;1400;1294;1391;1371;1421;1379;1308;1261
8;1372;1315;1327;1295;1340;1333;1320;1336;1342;1388;1326;1398;1301;1395;1401;1453;1405;1324
9;1352;1381;1325;1341;1296;1353;1342;1333;1346;1351;1377;1320;1428;1316;1409;1431;1441;1400
10;1412;1368;1386;1328;1356;1302;1369;1347;1345;1367;1357;1384;1331;1451;1331;1431;1435;1438
11;1363;1424;1375;1394;1336;1363;1308;1378;1345;1347;1376;1365;1407;1352;1461;1361;1422;1435
12;1406;1363;1423;1394;1398;1343;1372;1319;1378;1352;1356;1386;1382;1422;1382;1478;1369;1420
13;1398;1410;1363;1422;1400;1397;1362;1371;1316;1381;1359;1357;1403;1400;1450;1403;1478;1359
14;1306;1396;1416;1365;1425;1407;1407;1383;1375;1326;1388;1362;1375;1421;1411;1478;1409;1477
15;1372;1308;1392;1418;1360;1434;1415;1415;1383;1386;1327;1393;1384;1377;1432;1424;1476;1404
16;1405;1378;1319;1401;1410;1363;1441;1421;1423;1387;1387;1334;1407;1400;1376;1448;1418;1478
17;1520;1405;1380;1322;1407;1405;1368;1447;1427;1430;1392;1396;1345;1423;1413;1387;1454;1415
18;1535;1522;1400;1376;1316;1409;1415;1373;1450;1426;1443;1414;1422;1386;1451;1441;1410;1477
19;1629;1541;1505;1400;1386;1327;1414;1412;1371;1442;1437;1470;1428;1424;1375;1443;1442;1430
20;1562;1614;1556;1510;1397;1373;1322;1432;1391;1380;1445;1448;1467;1424;1414;1384;1448;1425
21;1656;1578;1622;1560;1517;1394;1375;1320;1432;1394;1378;1449;1445;1474;1413;1412;1383;1447
22;1633;1666;1582;1614;1574;1515;1402;1380;1321;1436;1409;1381;1454;1447;1473;1425;1410;1398
23;1910;1641;1674;1579;1613;1558;1507;1416;1381;1335;1440;1418;1387;1449;1459;1473;1425;1411
24;2076;1930;1659;1685;1585;1630;1573;1509;1403;1389;1346;1453;1438;1388;1458;1460;1484;1430
25;2203;2084;1952;1666;1691;1598;1630;1573;1518;1409;1394;1345;1454;1457;1401;1461;1460;1465
26;2400;2203;2100;1962;1668;1685;1592;1644;1570;1529;1407;1396;1352;1447;1479;1410;1475;1464
27;2447;2395;2225;2096;1978;1686;1677;1622;1641;1563;1536;1416;1413;1367;1445;1484;1405;1482
28;2457;2429;2390;2244;2125;2003;1702;1692;1633;1655;1565;1548;1430;1427;1387;1438;1465;1384
29;2591;2458;2428;2413;2250;2151;2033;1718;1689;1641;1646;1568;1545;1431;1427;1383;1430;1469
30;2767;2596;2499;2420;2431;2275;2182;2042;1727;1675;1626;1651;1559;1565;1440;1423;1386;1455
31;2693;2767;2613;2505;2434;2415;2279;2197;2049;1744;1676;1625;1656;1564;1580;1436;1423;1415
32;2883;2642;2718;2601;2496;2390;2400;2247;2165;2015;1736;1679;1628;1659;1583;1602;1445;1431
33;2842;2895;2653;2738;2587;2491;2372;2421;2235;2190;2011;1750;1708;1646;1674;1613;1616;1465
34;3002;2878;2912;2700;2745;2622;2510;2424;2437;2291;2209;2018;1759;1707;1652;1676;1636;1615
35;3068;3009;2908;2944;2726;2779;2667;2562;2491;2480;2358;2212;2022;1758;1713;1674;1669;1649
36;3119;3106;3043;2928;2975;2749;2829;2706;2576;2519;2509;2360;2223;2038;1756;1726;1685;1689
37;3293;3118;3133;3064;2932;3003;2780;2854;2711;2598;2535;2534;2367;2225;2040;1766;1727;1713
38;3033;3291;3150;3140;3067;2950;3016;2812;2872;2749;2614;2546;2549;2376;2248;2065;1781;1745
39;3013;3048;3323;3155;3134;3069;2958;3025;2811;2904;2742;2631;2572;2559;2393;2264;2081;1801
40;2984;3019;3062;3355;3164;3132;3093;2969;3049;2827;2919;2755;2654;2573;2563;2410;2269;2104
41;2777;3007;3025;3074;3385;3178;3150;3117;2987;3065;2822;2947;2784;2657;2587;2579;2425;2276
42;2775;2796;3022;3041;3085;3402;3196;3178;3124;2991;3093;2831;2975;2787;2674;2605;2600;2435
43;2844;2774;2801;3044;3055;3092;3427;3204;3197;3128;2986;3110;2852;2981;2801;2692;2608;2606
44;2702;2847;2778;2814;3049;3049;3117;3444;3223;3217;3126;2991;3130;2864;2992;2820;2697;2611
45;2823;2709;2861;2787;2823;3053;3066;3131;3463;3236;3226;3136;3011;3149;2877;3024;2838;2701
46;2709;2824;2739;2875;2803;2837;3058;3075;3141;3463;3252;3230;3145;3027;3161;2893;3028;2845
47;2724;2722;2818;2756;2884;2814;2850;3068;3082;3133;3458;3256;3234;3149;3041;3171;2903;3030
48;2611;2731;2734;2828;2761;2890;2837;2853;3071;3108;3135;3469;3255;3249;3150;3070;3178;2885
49;2686;2622;2744;2746;2816;2770;2905;2846;2855;3075;3116;3136;3454;3271;3270;3159;3063;3183
50;2708;2687;2639;2748;2764;2810;2781;2920;2864;2864;3084;3135;3151;3455;3277;3268;3178;3066
51;3000;2720;2689;2644;2767;2767;2811;2784;2910;2875;2857;3087;3143;3162;3455;3286;3284;3166
52;2827;3004;2717;2687;2653;2767;2761;2813;2778;2918;2872;2847;3093;3142;3165;3459;3288;3293
53;3105;2831;3002;2720;2685;2669;2779;2764;2809;2792;2923;2867;2863;3097;3131;3159;3441;3289
54;3129;3127;2837;3000;2714;2693;2686;2776;2768;2812;2791;2924;2856;2859;3105;3146;3147;3434
55;3143;3135;3118;2852;2989;2717;2704;2677;2776;2768;2812;2794;2932;2849;2862;3090;3148;3145
56;2425;3147;3156;3135;2843;2975;2721;2702;2665;2794;2757;2804;2792;2921;2853;2851;3076;3153
57;2670;2419;3153;3165;3120;2848;2986;2726;2676;2675;2786;2754;2796;2797;2912;2851;2846;3085
58;2733;2668;2427;3151;3182;3117;2856;2999;2725;2675;2673;2771;2743;2793;2797;2905;2846;2854
59;2852;2729;2672;2422;3154;3186;3111;2862;2983;2729;2665;2675;2771;2733;2785;2795;2910;2847
60;2975;2827;2716;2665;2421;3160;3202;3116;2854;2985;2733;2652;2668;2769;2721;2783;2783;2907
61;3191;2969;2817;2702;2679;2410;3169;3188;3096;2858;2984;2719;2648;2666;2761;2720;2779;2768
62;3272;3196;2956;2816;2695;2683;2409;3170;3187;3093;2866;2969;2730;2643;2666;2756;2707;2783
63;3198;3269;3188;2939;2808;2716;2679;2405;3179;3184;3070;2845;2956;2723;2630;2658;2737;2690
64;2922;3192;3262;3181;2919;2804;2720;2682;2387;3173;3168;3060;2825;2942;2704;2626;2649;2723
65;2878;2917;3172;3240;3165;2904;2782;2703;2663;2381;3155;3153;3059;2811;2928;2684;2602;2644
66;2943;2866;2916;3159;3210;3146;2906;2774;2692;2634;2372;3125;3141;3040;2795;2903;2681;2584
67;2952;2933;2859;2906;3133;3190;3113;2895;2765;2672;2628;2343;3111;3115;3007;2781;2884;2653
68;3062;2921;2915;2848;2889;3126;3166;3100;2868;2754;2659;2599;2324;3090;3087;2993;2747;2857
69;3053;3033;2887;2886;2829;2889;3111;3144;3074;2829;2744;2634;2574;2313;3056;3071;2962;2730
70;3009;3008;3018;2864;2874;2800;2887;3104;3112;3038;2801;2734;2613;2543;2287;3046;3031;2934
71;3155;2979;2970;2995;2837;2846;2779;2867;3099;3089;3012;2773;2720;2573;2521;2269;3012;3000
72;3063;3105;2955;2941;2955;2804;2820;2763;2831;3070;3071;2972;2746;2690;2552;2497;2245;2983
73;2985;3022;3075;2919;2913;2919;2766;2788;2724;2815;3037;3019;2922;2715;2650;2522;2466;2205
74;2914;2931;2968;3035;2853;2865;2887;2727;2763;2698;2780;2968;2973;2894;2660;2617;2478;2426
75;2816;2865;2886;2902;2995;2795;2811;2853;2674;2727;2660;2726;2911;2937;2849;2605;2565;2441
76;2799;2773;2794;2826;2846;2950;2734;2762;2798;2626;2668;2615;2671;2860;2877;2807;2558;2508
77;2643;2739;2711;2732;2745;2780;2874;2679;2698;2738;2588;2618;2560;2615;2816;2824;2748;2503
78;2735;2580;2651;2652;2662;2664;2697;2790;2617;2632;2688;2514;2567;2505;2552;2755;2783;2683
79;2724;2652;2472;2585;2567;2561;2599;2631;2731;2537;2571;2614;2461;2496;2433;2477;2682;2716
80;2551;2612;2549;2416;2510;2468;2472;2509;2529;2633;2470;2480;2537;2407;2433;2338;2368;2596
81;2354;2451;2495;2447;2334;2397;2383;2383;2430;2437;2542;2370;2367;2443;2307;2316;2231;2269
82;1383;2275;2331;2406;2330;2227;2290;2245;2297;2323;2352;2439;2256;2281;2327;2214;2212;2149
83;1064;1321;2184;2241;2285;2205;2128;2150;2111;2199;2223;2247;2323;2151;2167;2218;2110;2105
84;1043;1001;1252;2044;2120;2164;2072;2002;2012;2007;2062;2110;2111;2200;2034;2046;2107;1981
85;1239;967;931;1179;1870;1967;2018;1927;1848;1871;1876;1920;1995;1968;2056;1901;1910;1965
86;1589;1149;882;860;1089;1709;1822;1870;1773;1750;1769;1737;1791;1864;1804;1917;1756;1762
87;1429;1442;1024;809;766;997;1567;1639;1694;1614;1587;1604;1572;1660;1683;1638;1770;1623
88;1356;1274;1275;913;727;698;905;1401;1452;1508;1451;1429;1469;1412;1494;1535;1471;1606
89;1110;1157;1084;1111;807;636;627;814;1248;1313;1305;1273;1312;1293;1242;1346;1330;1304
90;957;960;986;949;971;693;565;553;695;1133;1159;1161;1092;1157;1124;1080;1190;1179
91;742;815;802;843;790;841;604;477;464;604;966;991;999;931;991;970;917;1029
92;647;605;658;686;681;679;719;513;413;394;510;802;848;855;743;838;809;782
93;536;516;506;548;564;559;567;588;413;343;328;423;661;720;695;633;688;657
94;362;432;388;395;447;458;445;452;476;330;281;267;348;534;584;550;507;539
95;276;293;332;287;317;357;364;352;359;377;258;218;212;274;402;456;430;399
96;190;193;222;245;212;237;291;263;269;288;289;191;158;158;204;317;331;328
97;130;147;126;169;169;163;172;225;198;213;229;201;138;127;110;147;234;231
98;77;95;100;80;127;113;122;126;165;148;164;167;152;95;85;80;111;170
99;58;53;62;66;59;81;73;86;87;122;112;103;113;112;62;62;49;68
100 e oltre;70;77;75;88;92;100;97;95;105;117;167;172;180;196;189;164;149;129
Totale;212612;211636;210625;209968;208887;207906;207336;206606;205243;204431;203254;201714;200631;199375;197768;196639;194712;192878

"Ricostruzione della popolazione intercensuaria - Popolazione al 1° gennaio per età"
"Cittadinanza straniera - Provincia: Alessandria"
Età/Anno;2002;2003;2004;2005;2006;2007;2008;2009;2010;2011;2012;2013;2014;2015;2016;2017;2018;2019
Età;Totale
0;203;252;306;437;435;549;562;650;653;716;749;739;727;712;635;696;627;490
1;190;223;259;338;460;457;570;597;672;668;723;778;747;720;676;605;669;604
2;184;219;256;270;357;478;488;587;609;665;670;738;774;732;687;639;592;669
3;141;194;256;269;315;372;504;519;599;625;677;701;753;733;679;631;651;589
4;164;170;220;285;306;344;416;536;539;601;636;705;700;736;684;612;586;633
5;125;186;191;252;342;331;402;451;560;556;607;673;705;681;685;617;600;594
6;135;147;224;229;325;359;390;414;475;572;562;634;656;677;629;623;597;596
7;135;169;182;261;311;348;432;444;440;499;583;568;605;617;625;564;591;575
8;109;161;203;218;320;325;411;458;466;451;529;583;536;577;571;564;535;584
9;129;138;186;240;271;356;377;451;485;482;463;545;545;517;526;527;533;523
10;127;156;167;248;313;300;422;429;478;511;505;477;525;504;471;481;499;504
11;119;150;179;223;312;343;354;452;471;509;530;518;460;488;452;420;464;481
12;117;144;161;239;282;362;391;401;479;487;538;536;505;438;450;420;413;470
13;109;125;172;208;298;316;412;436;441;506;505;533;528;471;408;411;410;417
14;128;113;139;207;269;331;357;449;471;452;535;525;507;502;439;376;413;412
15;119;136;126;169;286;305;401;420;483;486;471;535;510;492;482;418;385;422
16;108;125;152;161;229;314;352;454;453;512;509;466;515;489;474;462;421;403
17;112;130;144;201;234;269;357;401;479;498;540;534;450;493;484;463;467;419
18;102;125;175;200;286;271;330;419;440;518;519;534;494;404;444;491;525;427
19;103;111;160;225;278;333;360;407;470;483;564;527;533;500;430;520;610;527
20;132;123;191;197;289;306;435;467;493;533;551;594;551;565;536;523;644;656
21;160;157;243;224;264;311;440;551;553;584;597;613;651;567;575;609;633;681
22;160;179;304;300;295;291;487;585;639;658;657;659;631;658;588;609;659;655
23;177;180;339;383;343;323;466;597;651;690;749;695;704;651;666;632;662;689
24;198;214;379;416;456;382;509;597;678;739;767;792;780;739;690;714;692;691
25;243;267;399;458;495;487;563;658;695;768;839;839;854;791;746;727;770;713
26;231;287;463;495;518;525;679;688;717;793;873;910;889;889;802;837;745;807
27;250;280;525;584;580;562;700;776;773;793;863;923;953;897;895;859;877;770
28;235;298;573;672;694;650;758;843;854;874;843;933;961;960;930;949;901;880
29;327;301;571;693;798;741;858;894;891;916;922;874;976;967;974;959;997;896
30;297;412;594;724;820;850;954;980;953;964;974;957;928;1000;968;990;993;979
31;284;359;654;676;795;858;1036;1059;1017;995;997;1027;980;955;984;1004;1005;1013
32;297;328;582;700;762;828;986;1084;1064;1018;1015;1029;1073;975;962;1000;1027;1002
33;305;338;518;663;771;804;938;1009;1032;1024;990;1040;1066;1074;988;949;1025;1004
34;302;343;524;573;747;797;876;959;1009;1048;1033;1042;1070;1045;1074;988;980;996
35;275;334;506;573;639;734;835;882;908;1002;1001;1079;1061;1114;1049;1049;989;960
36;295;321;469;564;611;669;827;895;872;879;1000;1002;1083;1078;1096;1045;1025;969
37;292;318;437;551;617;635;792;878;905;915;889;1019;1021;1063;1067;1049;1026;1019
38;256;315;446;504;611;626;758;863;898;921;907;897;1017;1014;1036;1010;1026;1005
39;198;281;444;485;531;638;768;829;870;906;933;914;900;1014;991;1007;998;1035
40;196;219;374;490;521;558;760;822;866;875;902;933;904;893;967;941;990;991
41;221;219;334;413;512;527;621;834;828;886;898;905;903;893;878;917;929;972
42;156;232;306;373;439;509;589;663;869;850;865;900;883;898;837;835;901;929
43;161;169;296;356;390;438;577;633;657;844;832;859;893;863;855;783;823;890
44;154;163;248;332;365;394;482;628;655;642;837;830;849;868;826;820;786;827
45;126;150;241;278;339;373;443;528;613;681;652;845;827;831;814;787;794;775
46;129;137;206;280;302;334;445;461;534;622;668;657;842;834;771;784;773;783
47;118;134;200;236;282;311;399;499;442;552;640;664;645;810;800;727;773;743
48;106;123;187;226;254;290;356;436;500;457;567;639;651;624;785;759;709;751
49;104;108;161;197;231;263;350;401;464;521;468;579;630;616;585;739;731;720
50;94;110;154;183;198;258;301;387;406;473;540;482;562;607;577;550;716;735
51;74;111;142;170;190;199;284;330;391;414;470;541;478;562;566;540;538;725
52;69;80;128;154;185;192;258;319;344;404;419;487;539;464;519;528;526;524
53;60;73;94;148;162;183;222;291;324;346;396;440;481;523;443;503;515;513
54;70;66;83;104;146;162;201;252;301;341;349;392;413;473;486;412;490;505
55;61;76;82;93;105;144;172;222;269;306;336;367;397;402;446;468;404;493
56;43;55;87;89;105;104;164;203;243;253;317;348;383;376;385;430;445;394
57;33;48;72;88;98;113;124;182;220;247;265;325;341;378;368;371;417;448
58;41;37;64;79;102;102;133;147;192;212;252;267;323;343;363;341;371;424
59;36;46;42;66;83;103;115;139;158;189;225;254;265;325;328;346;350;367
60;25;37;62;45;83;86;108;138;144;155;192;229;248;260;320;311;327;354
61;30;33;38;65;48;81;87;127;148;150;164;207;242;243;259;310;307;321
62;30;37;40;41;72;50;80;99;133;154;155;174;219;242;232;254;310;307
63;37;35;40;40;50;75;57;95;104;130;166;154;188;215;235;225;251;304
64;19;36;35;41;44;56;78;68;92;98;129;174;163;180;207;226;239;251
65;20;18;42;40;39;47;54;95;78;100;103;131;172;162;182;198;224;244
66;25;25;18;42;47;40;50;80;105;85;103;103;135;168;157;187;196;231
67;26;32;29;23;46;41;47;64;90;102;87;107;112;125;159;164;189;193
68;17;27;32;38;29;49;40;54;72;91;102;88;112;115;118;154;164;189
69;20;22;28;36;34;32;50;60;67;71;93;97;94;109;115;116;145;159
70;17;19;23;30;41;31;33;59;61;67;74;92;93;91;113;113;117;143
71;13;20;16;23;31;41;34;39;67;64;72;77;82;96;90;109;119;121
72;16;14;27;19;27;31;41;43;41;64;67;71;75;80;85;84;111;109
73;17;19;15;25;21;26;33;57;48;45;65;67;78;70;83;84;84;112
74;12;19;21;18;27;20;26;38;50;45;46;64;64;76;66;87;84;84
75;18;11;17;19;23;27;22;29;41;46;47;43;59;59;74;70;86;76
76;7;16;11;12;20;24;25;28;31;39;49;48;54;64;58;73;73;85
77;7;6;18;14;11;22;22;25;28;32;39;48;51;52;64;57;74;68
78;8;6;8;19;19;13;21;27;28;29;31;39;44;51;53;57;55;73
79;8;10;4;9;19;19;13;23;24;27;27;34;41;45;47;50;55;52
80;5;11;9;5;9;17;19;13;18;22;27;26;35;42;42;45;52;48
81;11;5;10;9;4;9;14;18;11;16;23;29;22;29;40;40;44;47
82;3;13;5;9;9;5;8;18;20;11;17;21;29;24;27;37;37;44
83;5;4;9;3;8;7;6;7;15;15;12;17;19;29;24;25;40;36
84;6;4;4;9;4;8;8;7;9;11;12;11;14;18;25;25;23;35
85;3;5;3;3;9;4;8;7;7;7;10;14;13;12;17;22;24;22
86;3;4;6;3;2;6;3;9;7;9;8;9;14;12;11;15;22;21
87;6;2;5;5;3;1;5;2;9;5;7;8;9;14;11;10;16;19
88;3;6;2;3;4;4;2;4;1;7;4;7;9;9;12;10;8;13
89;2;1;4;3;3;4;3;1;4;1;6;3;5;5;7;10;10;8
90;1;1;1;4;3;3;4;3;1;4;2;5;3;5;4;6;10;8
91;3;1;2;1;6;3;1;2;4;1;3;1;3;3;4;3;6;8
92;0;3;1;2;2;6;3;1;2;3;1;3;1;4;2;4;3;6
93;1;0;2;0;2;2;3;3;0;1;2;1;1;1;3;1;2;3
94;1;2;1;2;0;1;1;2;2;0;1;3;1;0;1;3;0;2
95;1;1;3;1;2;0;1;1;2;2;0;1;2;1;0;1;3;1
96;1;1;1;3;1;2;0;1;1;1;2;0;1;2;1;0;1;3
97;0;1;0;1;3;0;2;0;1;0;1;0;0;1;2;1;0;1
98;1;0;0;0;1;2;0;1;0;0;0;0;0;0;1;2;0;0
99;0;1;0;0;0;0;1;0;1;0;0;0;1;0;0;1;1;0
100 e oltre;0;0;1;0;0;0;0;1;1;0;0;0;0;1;1;1;2;3
Totale;10053;11673;17113;20335;23680;25532;30962;35195;37479;39642;41662;43607;44641;44797;44099;43821;44757;45072
Età/Anno;2002;2003;2004;2005;2006;2007;2008;2009;2010;2011;2012;2013;2014;2015;2016;2017;2018;2019
Età;Maschi
0;97;136;156;217;236;264;276;345;351;380;374;388;409;370;339;366;299;236
1;94;106;135;175;219;252;273;286;350;365;383;389;391;404;351;323;348;288
2;89;107;121;138;190;232;273;291;295;345;366;387;381;382;384;328;318;352
3;65;95;131;128;159;200;251;290;294;298;344;390;393;356;353;352;333;317
4;84;75;111;147;160;174;221;266;302;299;296;359;386;390;327;321;323;325
5;69;102;90;133;170;173;207;240;281;314;306;318;349;369;364;292;318;329
6;69;85;128;110;173;187;209;209;248;288;314;327;308;338;338;327;283;320
7;62;90;106;153;148;186;223;246;223;256;288;312;318;296;309;296;311;278
8;56;80;112;123;183;160;218;235;250;228;267;291;289;296;287;282;279;304
9;60;73;93;136;151;201;189;242;251;265;226;275;279;277;272;257;267;265
10;55;77;88;125;176;160;230;223;251;264;279;232;263;260;251;247;248;250
11;59;64;89;117;168;190;192;244;239;276;278;278;220;244;235;217;231;235
12;61;66;69;115;145;195;213;219;254;252;301;276;271;211;228;225;212;233
13;58;68;81;91;148;164;219;244;232;274;264;302;272;257;193;206;214;216
14;66;60;76;94;127;172;187;241;268;240;289;278;283;264;242;180;207;219
15;57;68;71;98;138;148;210;220;250;272;251;281;267;271;253;228;194;210
16;56;61;77;90;127;156;170;241;232;262;284;249;264;257;255;246;230;204
17;66;72;76;109;129;146;180;193;247;258;275;299;244;254;262;261;260;233
18;60;71;104;95;150;150;189;214;212;253;269;272;278;223;234;297;335;244
19;46;63;87;120;131;167;189;216;236;222;262;268;266;286;240;303;411;344
20;59;45;112;98;132;129;205;214;251;267;252;273;271;270;307;315;407;437
21;74;64;108;123;113;136;193;257;245;275;289;281;297;276;272;365;406;418
22;52;78;147;130;131;116;212;255;289;291;300;321;287;310;276;297;394;419
23;70;48;169;180;124;138;190;252;273;310;319;325;335;289;327;316;350;409
24;81;84;163;204;184;138;221;247;286;308;339;331;370;344;310;373;355;362
25;102;103;177;188;229;185;219;286;293;325;356;373;358;377;335;340;411;369
26;82;115;194;218;208;240;287;278;318;344;380;394;401;370;378;408;360;423
27;105;103;239;254;253;237;326;329;335;353;374;405;421;404;385;422;437;373
28;92;114;234;287;266;288;326;378;359;379;381;422;428;425;423;424;448;440
29;145;116;276;307;344;291;383;390;418;392;395;409;439;428;428;448;450;449
30;117;180;260;366;361;368;415;460;424;458;432;417;432;466;437;446;480;455
31;128;135;318;298;390;379;450;469;474;442;466;464;442;453;457;467;480;509
32;134;143;257;339;330;394;441;472;476;487;459;478;491;446;452;485;500;488
33;155;143;238;302;356;351;449;466;442;455;468;487;505;498;460;453;502;495
34;172;171;246;267;325;376;378;454;456;454;465;498;505;501;502;465;478;503
35;147;187;265;281;305;335;410;389;432;467;443;497;511;524;517;495;480;473
36;152;183;258;296;297;325;404;447;385;418;475;458;512;511;534;522;486;468
37;159;166;245;310;331;308;378;430;435;406;424;495;464;506;505;509;525;495
38;142;182;221;286;349;335;370;410;429;450;395;439;500;464;484;483;498;521
39;109;156;252;242;305;359;401;394;401;417;451;408;447;492;456;470;478;513
40;101;122;202;272;256;325;420;426;404;408;410;464;415;443;465;429;462;482
41;118;117;193;227;284;262;345;459;424;397;414;414;452;401;437;443;425;454
42;74;125;152;208;240;282;286;357;476;411;375;415;404;451;378;405;434;434
43;82;85;148;175;205;239;297;296;339;418;375;363;414;389;435;355;402;437
44;80;82;114;167;179;209;248;306;305;318;399;373;357;404;365;407;354;410
45;70;82;117;127;168;184;226;269;298;303;311;401;368;349;368;346;397;348
46;74;74;110;135;144;165;212;229;266;295;286;313;386;362;324;355;343;392
47;66;78;98;122;134;149;194;238;212;268;298;279;294;365;343;305;347;341
48;47;71;97;119;135;133;170;209;238;205;268;296;264;281;343;329;292;339
49;64;50;81;100;117;143;144;190;212;245;204;271;284;242;261;314;323;310
50;46;71;74;89;105;129;156;156;184;207;249;213;251;263;230;240;308;335
51;35;61;81;71;92;102;137;156;150;186;199;247;206;250;242;213;234;313
52;31;42;66;87;80;91;120;151;158;153;183;201;240;193;228;221;206;234
53;33;33;50;67;90;83;100;134;145;151;147;193;195;233;179;215;218;207
54;32;32;40;54;70;84;88;110;133;142;147;137;175;191;200;167;205;216
55;30;37;35;44;53;68;84;95;114;129;139;151;140;168;175;189;158;206
56;18;23;42;37;48;51;69;89;102;106;125;139;152;129;155;165;187;153
57;15;23;26;43;44;50;59;73;92;103;103;125;132;150;125;153;150;188
58;21;16;28;29;47;44;58;60;73;88;105;105;115;133;142;112;155;152
59;15;23;17;30;31;48;50;55;66;65;90;101;108;114;119;134;119;154
60;11;13;31;18;38;33;47;58;56;58;66;89;96;97;103;108;127;124
61;10;15;12;32;19;36;33;53;59;56;57;66;89;91;92;103;101;118
62;14;13;16;13;35;21;35;34;54;64;60;56;68;91;88;86;105;97
63;13;14;13;16;18;33;24;40;38;53;68;58;61;69;89;84;84;108
64;9;15;13;15;19;24;34;28;39;34;51;72;62;59;65;79;83;84
65;8;10;19;17;14;17;22;45;33;40;35;52;70;58;65;62;81;90
66;9;10;8;15;18;13;23;35;49;38;43;33;52;65;58;67;60;83
67;12;14;14;11;17;15;15;28;37;48;41;47;31;50;60;58;66;62
68;6;14;13;18;15;17;12;17;34;37;47;38;48;32;46;59;55;67
69;6;8;15;14;15;18;16;22;17;33;36;43;38;44;32;47;52;55
70;8;6;10;18;16;12;20;20;21;18;33;35;43;34;45;31;45;53
71;3;8;5;9;19;16;13;22;24;22;18;32;33;41;33;41;33;48
72;5;4;9;5;12;19;17;14;23;20;22;20;30;34;35;32;41;31
73;10;5;4;8;7;13;20;22;20;22;21;22;19;27;35;32;30;45
74;8;11;8;7;9;5;12;18;20;20;21;21;20;19;26;36;33;31
75;4;7;10;7;11;10;4;14;19;21;20;19;18;17;18;27;36;29
76;2;5;7;6;8;12;12;9;12;19;23;19;21;22;17;18;31;31
77;4;2;6;10;5;7;9;11;10;8;19;21;18;21;23;19;21;27
78;3;4;2;6;12;6;8;12;12;10;9;18;18;18;21;19;17;21
79;1;5;2;4;6;12;5;10;12;13;10;11;18;18;18;18;19;15
80;2;1;5;2;5;7;12;5;7;13;13;9;12;17;17;18;18;15
81;3;1;2;4;2;5;6;12;4;5;14;14;9;12;19;15;17;18
82;2;5;1;1;5;2;4;10;14;4;5;12;11;9;11;19;13;16
83;1;2;1;2;0;3;2;3;7;12;4;4;8;10;9;8;19;11
84;1;2;1;0;3;0;3;3;4;4;9;4;3;6;8;10;7;14
85;3;0;1;1;0;3;0;3;3;3;4;10;5;3;6;6;12;6
86;1;3;0;1;1;0;2;1;2;5;3;2;11;5;3;6;6;10
87;2;1;3;0;1;1;0;2;1;1;2;3;1;9;4;3;6;5
88;0;2;1;2;0;1;1;2;1;1;1;3;3;2;8;3;1;6
89;2;0;2;1;2;0;1;0;3;1;1;1;1;2;1;6;4;2
90;0;1;0;2;1;1;0;1;0;3;2;1;1;1;1;1;6;3
91;1;0;1;0;2;1;0;0;1;0;3;1;0;1;1;0;1;5
92;0;1;0;1;1;2;1;0;0;1;0;3;1;0;1;1;0;1
93;0;0;0;0;1;1;0;1;0;0;0;0;1;1;0;1;0;0
94;0;0;1;0;0;0;0;0;0;0;0;1;0;0;1;0;0;0
95;1;0;0;1;0;0;0;0;0;0;0;0;0;0;0;1;0;1
96;1;1;0;0;1;0;0;0;0;0;0;0;1;0;0;0;1;0
97;0;1;0;0;0;0;0;0;0;0;0;0;0;1;0;0;0;1
98;0;0;0;0;0;0;0;0;0;0;0;0;0;0;1;0;0;0
99;0;0;0;0;0;0;0;0;0;0;0;0;0;0;0;1;0;0
100 e oltre;0;0;0;0;0;0;0;0;0;0;0;0;0;0;0;0;1;1
Totale;4824;5586;8387;9960;11421;12312;14853;16795;17714;18594;19367;20387;20820;20856;20536;20679;21497;21860
Età/Anno;2002;2003;2004;2005;2006;2007;2008;2009;2010;2011;2012;2013;2014;2015;2016;2017;2018;2019
Età;Femmine
0;106;116;150;220;199;285;286;305;302;336;375;351;318;342;296;330;328;254
1;96;117;124;163;241;205;297;311;322;303;340;389;356;316;325;282;321;316
2;95;112;135;132;167;246;215;296;314;320;304;351;393;350;303;311;274;317
3;76;99;125;141;156;172;253;229;305;327;333;311;360;377;326;279;318;272
4;80;95;109;138;146;170;195;270;237;302;340;346;314;346;357;291;263;308
5;56;84;101;119;172;158;195;211;279;242;301;355;356;312;321;325;282;265
6;66;62;96;119;152;172;181;205;227;284;248;307;348;339;291;296;314;276
7;73;79;76;108;163;162;209;198;217;243;295;256;287;321;316;268;280;297
8;53;81;91;95;137;165;193;223;216;223;262;292;247;281;284;282;256;280
9;69;65;93;104;120;155;188;209;234;217;237;270;266;240;254;270;266;258
10;72;79;79;123;137;140;192;206;227;247;226;245;262;244;220;234;251;254
11;60;86;90;106;144;153;162;208;232;233;252;240;240;244;217;203;233;246
12;56;78;92;124;137;167;178;182;225;235;237;260;234;227;222;195;201;237
13;51;57;91;117;150;152;193;192;209;232;241;231;256;214;215;205;196;201
14;62;53;63;113;142;159;170;208;203;212;246;247;224;238;197;196;206;193
15;62;68;55;71;148;157;191;200;233;214;220;254;243;221;229;190;191;212
16;52;64;75;71;102;158;182;213;221;250;225;217;251;232;219;216;191;199
17;46;58;68;92;105;123;177;208;232;240;265;235;206;239;222;202;207;186
18;42;54;71;105;136;121;141;205;228;265;250;262;216;181;210;194;190;183
19;57;48;73;105;147;166;171;191;234;261;302;259;267;214;190;217;199;183
20;73;78;79;99;157;177;230;253;242;266;299;321;280;295;229;208;237;219
21;86;93;135;101;151;175;247;294;308;309;308;332;354;291;303;244;227;263
22;108;101;157;170;164;175;275;330;350;367;357;338;344;348;312;312;265;236
23;107;132;170;203;219;185;276;345;378;380;430;370;369;362;339;316;312;280
24;117;130;216;212;272;244;288;350;392;431;428;461;410;395;380;341;337;329
25;141;164;222;270;266;302;344;372;402;443;483;466;496;414;411;387;359;344
26;149;172;269;277;310;285;392;410;399;449;493;516;488;519;424;429;385;384
27;145;177;286;330;327;325;374;447;438;440;489;518;532;493;510;437;440;397
28;143;184;339;385;428;362;432;465;495;495;462;511;533;535;507;525;453;440
29;182;185;295;386;454;450;475;504;473;524;527;465;537;539;546;511;547;447
30;180;232;334;358;459;482;539;520;529;506;542;540;496;534;531;544;513;524
31;156;224;336;378;405;479;586;590;543;553;531;563;538;502;527;537;525;504
32;163;185;325;361;432;434;545;612;588;531;556;551;582;529;510;515;527;514
33;150;195;280;361;415;453;489;543;590;569;522;553;561;576;528;496;523;509
34;130;172;278;306;422;421;498;505;553;594;568;544;565;544;572;523;502;493
35;128;147;241;292;334;399;425;493;476;535;558;582;550;590;532;554;509;487
36;143;138;211;268;314;344;423;448;487;461;525;544;571;567;562;523;539;501
37;133;152;192;241;286;327;414;448;470;509;465;524;557;557;562;540;501;524
38;114;133;225;218;262;291;388;453;469;471;512;458;517;550;552;527;528;484
39;89;125;192;243;226;279;367;435;469;489;482;506;453;522;535;537;520;522
40;95;97;172;218;265;233;340;396;462;467;492;469;489;450;502;512;528;509
41;103;102;141;186;228;265;276;375;404;489;484;491;451;492;441;474;504;518
42;82;107;154;165;199;227;303;306;393;439;490;485;479;447;459;430;467;495
43;79;84;148;181;185;199;280;337;318;426;457;496;479;474;420;428;421;453
44;74;81;134;165;186;185;234;322;350;324;438;457;492;464;461;413;432;417
45;56;68;124;151;171;189;217;259;315;378;341;444;459;482;446;441;397;427
46;55;63;96;145;158;169;233;232;268;327;382;344;456;472;447;429;430;391
47;52;56;102;114;148;162;205;261;230;284;342;385;351;445;457;422;426;402
48;59;52;90;107;119;157;186;227;262;252;299;343;387;343;442;430;417;412
49;40;58;80;97;114;120;206;211;252;276;264;308;346;374;324;425;408;410
50;48;39;80;94;93;129;145;231;222;266;291;269;311;344;347;310;408;400
51;39;50;61;99;98;97;147;174;241;228;271;294;272;312;324;327;304;412
52;38;38;62;67;105;101;138;168;186;251;236;286;299;271;291;307;320;290
53;27;40;44;81;72;100;122;157;179;195;249;247;286;290;264;288;297;306
54;38;34;43;50;76;78;113;142;168;199;202;255;238;282;286;245;285;289
55;31;39;47;49;52;76;88;127;155;177;197;216;257;234;271;279;246;287
56;25;32;45;52;57;53;95;114;141;147;192;209;231;247;230;265;258;241
57;18;25;46;45;54;63;65;109;128;144;162;200;209;228;243;218;267;260
58;20;21;36;50;55;58;75;87;119;124;147;162;208;210;221;229;216;272
59;21;23;25;36;52;55;65;84;92;124;135;153;157;211;209;212;231;213
60;14;24;31;27;45;53;61;80;88;97;126;140;152;163;217;203;200;230
61;20;18;26;33;29;45;54;74;89;94;107;141;153;152;167;207;206;203
62;16;24;24;28;37;29;45;65;79;90;95;118;151;151;144;168;205;210
63;24;21;27;24;32;42;33;55;66;77;98;96;127;146;146;141;167;196
64;10;21;22;26;25;32;44;40;53;64;78;102;101;121;142;147;156;167
65;12;8;23;23;25;30;32;50;45;60;68;79;102;104;117;136;143;154
66;16;15;10;27;29;27;27;45;56;47;60;70;83;103;99;120;136;148
67;14;18;15;12;29;26;32;36;53;54;46;60;81;75;99;106;123;131
68;11;13;19;20;14;32;28;37;38;54;55;50;64;83;72;95;109;122
69;14;14;13;22;19;14;34;38;50;38;57;54;56;65;83;69;93;104
70;9;13;13;12;25;19;13;39;40;49;41;57;50;57;68;82;72;90
71;10;12;11;14;12;25;21;17;43;42;54;45;49;55;57;68;86;73
72;11;10;18;14;15;12;24;29;18;44;45;51;45;46;50;52;70;78
73;7;14;11;17;14;13;13;35;28;23;44;45;59;43;48;52;54;67
74;4;8;13;11;18;15;14;20;30;25;25;43;44;57;40;51;51;53
75;14;4;7;12;12;17;18;15;22;25;27;24;41;42;56;43;50;47
76;5;11;4;6;12;12;13;19;19;20;26;29;33;42;41;55;42;54
77;3;4;12;4;6;15;13;14;18;24;20;27;33;31;41;38;53;41
78;5;2;6;13;7;7;13;15;16;19;22;21;26;33;32;38;38;52
79;7;5;2;5;13;7;8;13;12;14;17;23;23;27;29;32;36;37
80;3;10;4;3;4;10;7;8;11;9;14;17;23;25;25;27;34;33
81;8;4;8;5;2;4;8;6;7;11;9;15;13;17;21;25;27;29
82;1;8;4;8;4;3;4;8;6;7;12;9;18;15;16;18;24;28
83;4;2;8;1;8;4;4;4;8;3;8;13;11;19;15;17;21;25
84;5;2;3;9;1;8;5;4;5;7;3;7;11;12;17;15;16;21
85;0;5;2;2;9;1;8;4;4;4;6;4;8;9;11;16;12;16
86;2;1;6;2;1;6;1;8;5;4;5;7;3;7;8;9;16;11
87;4;1;2;5;2;0;5;0;8;4;5;5;8;5;7;7;10;14
88;3;4;1;1;4;3;1;2;0;6;3;4;6;7;4;7;7;7
89;0;1;2;2;1;4;2;1;1;0;5;2;4;3;6;4;6;6
90;1;0;1;2;2;2;4;2;1;1;0;4;2;4;3;5;4;5
91;2;1;1;1;4;2;1;2;3;1;0;0;3;2;3;3;5;3
92;0;2;1;1;1;4;2;1;2;2;1;0;0;4;1;3;3;5
93;1;0;2;0;1;1;3;2;0;1;2;1;0;0;3;0;2;3
94;1;2;0;2;0;1;1;2;2;0;1;2;1;0;0;3;0;2
95;0;1;3;0;2;0;1;1;2;2;0;1;2;1;0;0;3;0
96;0;0;1;3;0;2;0;1;1;1;2;0;0;2;1;0;0;3
97;0;0;0;1;3;0;2;0;1;0;1;0;0;0;2;1;0;0
98;1;0;0;0;1;2;0;1;0;0;0;0;0;0;0;2;0;0
99;0;1;0;0;0;0;1;0;1;0;0;0;1;0;0;0;1;0
100 e oltre;0;0;1;0;0;0;0;1;1;0;0;0;0;1;1;1;1;2
Totale;5229;6087;8726;10375;12259;13220;16109;18400;19765;21048;22295;23220;23821;23941;23563;23142;23260;23212
