"Popolazione per età, vista per singola area - Provincia: Perugia"

"Ricostruzione della popolazione intercensuaria - Popolazione al 1° gennaio per età"
"Tutte le cittadinanze - Provincia: Perugia"
Età/Anno;2002;2003;2004;2005;2006;2007;2008;2009;2010;2011;2012;2013;2014;2015;2016;2017;2018;2019
Età;Totale
0;4955;5409;5470;5725;5914;5938;6048;6285;6059;5931;5878;5801;5592;5306;5018;4881;4660;4349
1;4995;5057;5428;5541;5724;5932;6021;6088;6302;6085;5930;5882;5787;5552;5310;5013;4883;4638
2;4906;5058;5163;5423;5564;5727;5990;6056;6113;6314;6056;5948;5889;5724;5524;5292;5000;4892
3;4844;4964;5174;5224;5493;5599;5742;6045;6083;6132;6301;6082;5929;5841;5721;5479;5237;4997
4;4815;4892;5056;5232;5305;5500;5660;5782;6062;6099;6139;6332;6053;5902;5824;5720;5446;5234
5;4923;4884;4985;5121;5336;5382;5566;5741;5806;6101;6107;6148;6323;6033;5880;5815;5697;5428
6;4864;4997;4950;5052;5226;5424;5488;5609;5758;5828;6125;6108;6130;6323;5983;5852;5789;5710
7;4819;4954;5062;4991;5164;5285;5544;5563;5677;5783;5816;6116;6121;6116;6292;5951;5825;5790
8;5106;4914;5038;5112;5117;5219;5382;5610;5631;5708;5807;5831;6100;6090;6105;6277;5924;5813
9;5363;5179;5017;5132;5221;5178;5343;5463;5682;5670;5727;5841;5845;6067;6068;6096;6226;5929
10;5204;5455;5235;5069;5227;5271;5304;5425;5528;5728;5702;5766;5845;5839;6076;6050;6074;6216
11;5323;5267;5521;5330;5151;5294;5421;5410;5498;5580;5784;5744;5772;5812;5843;6060;6029;6070
12;5399;5363;5303;5591;5439;5225;5399;5484;5480;5544;5624;5820;5748;5740;5815;5829;6038;6034
13;5538;5438;5401;5392;5706;5501;5333;5490;5561;5529;5573;5644;5810;5740;5733;5803;5803;6017
14;5153;5593;5485;5453;5489;5802;5605;5423;5571;5615;5582;5611;5631;5819;5736;5717;5796;5817
15;5338;5173;5613;5557;5528;5536;5883;5691;5502;5626;5644;5598;5609;5627;5810;5724;5715;5785
16;5648;5335;5207;5697;5640;5568;5623;5961;5765;5562;5682;5653;5600;5600;5642;5787;5697;5718
17;5564;5659;5370;5258;5783;5711;5655;5722;6028;5814;5602;5694;5649;5600;5632;5635;5788;5706
18;6146;5622;5722;5529;5414;5866;5857;5773;5825;6145;5905;5640;5734;5657;5623;5659;5653;5816
19;5968;6192;5726;5788;5616;5521;6057;6025;5931;5968;6252;5984;5682;5758;5705;5694;5779;5751
20;6318;6044;6357;5833;5913;5677;5770;6295;6205;6092;6076;6306;6020;5714;5783;5753;5809;5868
21;6451;6386;6223;6535;5968;6003;5929;6036;6460;6398;6234;6178;6347;6027;5771;5856;5861;5863
22;6658;6556;6596;6389;6654;6119;6297;6211;6258;6661;6504;6344;6237;6352;6078;5807;5943;5927
23;7125;6786;6832;6787;6487;6762;6403;6584;6441;6465;6811;6613;6413;6267;6395;6118;5868;5968
24;7346;7208;7115;7054;6909;6575;7042;6695;6778;6640;6587;6924;6718;6405;6274;6436;6161;5901
25;7843;7521;7512;7385;7162;7014;6878;7367;6854;6986;6734;6704;7003;6679;6423;6300;6508;6197
26;8329;8013;7894;7770;7532;7294;7342;7182;7530;7063;7037;6885;6816;6985;6694;6463;6314;6541
27;8635;8467;8399;8112;7933;7659;7623;7627;7323;7696;7161;7163;6910;6786;6996;6680;6527;6343
28;8702;8837;8831;8630;8312;8038;7938;7888;7735;7476;7746;7299;7204;6853;6793;7059;6743;6554
29;8732;8874;9198;9097;8770;8428;8361;8134;7972;7803;7516;7854;7329;7176;6832;6804;7062;6788
30;8865;8920;9222;9500;9296;8897;8726;8607;8237;8075;7849;7599;7905;7287;7183;6870;6800;7130
31;8773;9021;9239;9477;9691;9403;9160;8922;8699;8382;8060;7947;7617;7864;7315;7209;6904;6848
32;9164;8910;9326;9375;9631;9744;9609;9374;9002;8753;8346;8093;7942;7591;7855;7313;7178;6919
33;8986;9276;9177;9439;9488;9633;9929;9710;9379;9038;8714;8415;8109;7896;7602;7848;7306;7180
34;8988;9152;9522;9317;9537;9507;9814;10103;9749;9418;8992;8744;8397;8082;7883;7631;7858;7334
35;9291;9109;9414;9629;9402;9573;9716;9921;10167;9769;9386;9061;8744;8331;8060;7916;7616;7865
36;9642;9427;9371;9567;9721;9475;9813;9868;10009;10214;9802;9414;9045;8697;8314;8046;7907;7641
37;9754;9730;9638;9569;9681;9753;9674;9913;9944;10078;10242;9850;9451;9010;8720;8323;8016;7917
38;9083;9852;9911;9778;9648;9707;9971;9811;10005;10002;10087;10292;9843;9412;9027;8698;8287;8055
39;8950;9178;10046;10048;9887;9664;9887;10109;9898;10084;10039;10133;10278;9852;9401;9012;8663;8303
40;9038;9001;9382;10170;10117;9919;9860;10012;10185;9911;10055;10082;10135;10255;9824;9391;9013;8696
41;9016;9091;9171;9492;10256;10181;10039;9995;10131;10236;9921;10096;10078;10086;10248;9813;9371;9051
42;8666;9087;9275;9283;9597;10316;10327;10100;10075;10183;10236;9976;10073;10018;10043;10219;9792;9352
43;8104;8715;9275;9415;9373;9639;10466;10427;10163;10135;10225;10280;9984;10049;9972;10058;10193;9775
44;7993;8153;8874;9356;9485;9412;9776;10563;10477;10195;10162;10283;10265;9992;10070;9988;10057;10187
45;8239;8079;8306;8953;9396;9498;9541;9862;10643;10555;10220;10206;10300;10250;9994;10042;9990;10084
46;8014;8275;8234;8385;8990;9448;9592;9644;9892;10663;10554;10244;10204;10266;10236;9985;10043;9976
47;7958;8064;8399;8314;8427;8993;9581;9700;9671;9913;10705;10579;10247;10194;10242;10215;9969;10043
48;7832;7986;8157;8461;8332;8439;9129;9681;9740;9708;9919;10755;10599;10204;10157;10207;10160;9956
49;7386;7871;8087;8200;8495;8345;8569;9210;9721;9771;9718;9933;10715;10545;10185;10143;10165;10147
50;7997;7406;7943;8126;8218;8511;8431;8638;9258;9728;9788;9747;9919;10658;10515;10149;10101;10158
51;8219;7991;7466;8016;8159;8228;8555;8504;8628;9271;9731;9809;9732;9877;10626;10493;10113;10099
52;8343;8208;8062;7503;8037;8182;8308;8601;8555;8677;9276;9745;9777;9684;9865;10632;10469;10098
53;8921;8366;8259;8090;7509;8038;8246;8388;8647;8599;8666;9302;9740;9748;9670;9844;10568;10449
54;8199;8951;8429;8275;8101;7501;8078;8316;8416;8636;8583;8685;9304;9690;9706;9636;9812;10545
55;7977;8261;9028;8453;8278;8071;7535;8145;8335;8442;8634;8619;8673;9270;9640;9698;9571;9773
56;6578;8000;8294;9031;8470;8279;8096;7574;8177;8342;8435;8633;8616;8638;9242;9610;9649;9583
57;7012;6591;8040;8309;9043;8471;8277;8133;7586;8178;8332;8428;8602;8564;8587;9186;9546;9625
58;7452;7023;6628;8057;8344;9021;8477;8296;8112;7583;8156;8304;8412;8569;8530;8537;9146;9508
59;6915;7438;7057;6633;8094;8373;9008;8505;8294;8095;7554;8147;8295;8389;8530;8480;8493;9128
60;7116;6919;7444;7057;6602;8098;8394;9029;8512;8257;8083;7549;8119;8260;8346;8512;8416;8480
61;8032;7108;6921;7454;7076;6579;8072;8413;9039;8501;8215;8061;7520;8094;8208;8289;8448;8394
62;7898;8011;7075;6906;7444;7065;6561;8098;8422;9026;8496;8173;8036;7474;8045;8170;8243;8418
63;8252;7908;7980;7044;6870;7409;7039;6553;8083;8409;8996;8466;8136;7978;7438;8017;8081;8197
64;7380;8257;7883;7959;7031;6828;7393;7033;6522;8070;8349;8959;8413;8106;7922;7406;7969;8045
65;7086;7356;8241;7843;7935;7006;6807;7396;7008;6473;8016;8315;8900;8321;8033;7883;7362;7918
66;7359;7032;7339;8244;7808;7886;6968;6790;7363;6980;6426;7985;8249;8868;8278;7976;7836;7316
67;7382;7296;6992;7298;8187;7752;7853;6940;6737;7306;6960;6381;7920;8177;8800;8210;7914;7785
68;7134;7319;7239;6934;7238;8131;7687;7797;6883;6680;7245;6918;6329;7854;8107;8717;8122;7876
69;6836;7038;7245;7186;6863;7173;8048;7638;7748;6812;6603;7197;6851;6260;7774;8042;8622;8060
70;7410;6754;6973;7167;7119;6797;7114;7979;7588;7665;6756;6554;7088;6780;6175;7670;7946;8523
71;7530;7316;6660;6892;7067;7028;6727;7056;7884;7524;7569;6682;6469;6981;6658;6097;7565;7836
72;6614;7399;7230;6549;6792;6994;6903;6649;6972;7798;7445;7468;6588;6363;6876;6584;6021;7460
73;6578;6487;7285;7117;6427;6673;6912;6769;6548;6902;7696;7325;7348;6493;6266;6750;6469;5954
74;6733;6450;6369;7170;6978;6316;6561;6806;6651;6455;6791;7549;7211;7223;6370;6162;6626;6378
75;6664;6610;6289;6246;7019;6820;6165;6414;6658;6534;6332;6651;7423;7104;7074;6264;6043;6538
76;6454;6504;6440;6131;6095;6844;6657;6039;6280;6529;6406;6191;6508;7291;6952;6912;6119;5917
77;6140;6258;6338;6299;5929;5920;6646;6489;5869;6141;6404;6269;6052;6372;7089;6808;6760;5973
78;5998;5947;6056;6148;6077;5764;5746;6437;6290;5740;5984;6241;6093;5914;6188;6896;6616;6591
79;5522;5750;5730;5901;5903;5881;5544;5558;6186;6066;5566;5796;6043;5909;5742;6009;6696;6469
80;5601;5316;5532;5520;5647;5694;5647;5337;5331;5963;5867;5360;5571;5834;5717;5539;5800;6506
81;4969;5294;5048;5263;5243;5402;5478;5376;5131;5103;5697;5642;5122;5363;5606;5503;5340;5590
82;3244;4678;5015;4790;4984;4991;5111;5175;5108;4853;4861;5409;5397;4897;5064;5342;5253;5105
83;2115;3037;4375;4710;4485;4666;4674;4771;4847;4818;4586;4603;5111;5128;4599;4813;5047;4991
84;1964;1989;2791;4075;4359;4182;4344;4350;4439;4519;4464;4309;4293;4819;4817;4359;4562;4776
85;2253;1796;1829;2581;3747;4015;3893;3984;4018;4147;4204;4126;4029;3970;4469;4465;4050;4283
86;2551;2053;1642;1683;2317;3402;3676;3547;3642;3666;3789;3876;3821;3738;3628;4095;4076;3759
87;2460;2303;1847;1500;1443;2092;3053;3293;3199;3277;3331;3439;3497;3470;3367;3324;3716;3721
88;2063;2151;2013;1669;1335;1279;1871;2684;2929;2860;2945;2973;3073;3134;3112;3036;2960;3348
89;1758;1780;1808;1760;1419;1170;1106;1645;2375;2597;2487;2586;2656;2717;2727;2771;2633;2628
90;1370;1530;1533;1560;1493;1218;1019;937;1443;2054;2233;2138;2241;2332;2378;2400;2412;2362
91;1123;1130;1259;1293;1325;1257;1004;863;797;1241;1750;1900;1813;1909;1972;2030;2016;2077
92;753;891;905;1052;1057;1080;1035;814;718;662;1039;1417;1578;1510;1562;1661;1681;1675
93;592;603;692;728;830;870;872;848;667;594;554;815;1169;1275;1207;1253;1340;1391
94;368;451;476;561;573;635;678;665;665;547;479;432;654;934;993;957;950;1088
95;294;275;344;349;435;445;479;500;509;534;427;389;336;518;715;760;739;735
96;198;214;194;251;259;318;342;334;356;399;429;311;307;271;389;537;576;560
97;122;145;152;129;176;192;233;240;265;264;303;315;224;225;197;290;385;409
98;82;82;102;108;83;136;143;175;180;185;194;211;238;175;156;146;200;282
99;62;62;61;69;73;56;87;99;114;112;148;127;146;163;103;112;99;142
100 e oltre;61;86;82;91;83;108;120;143;144;190;198;230;219;257;257;233;204;188
Totale;606486;610814;619544;626317;631226;634441;643356;650960;655333;659129;660352;662252;661638;658819;655997;653802;650524;648829
Età/Anno;2002;2003;2004;2005;2006;2007;2008;2009;2010;2011;2012;2013;2014;2015;2016;2017;2018;2019
Età;Maschi
0;2515;2695;2857;2890;3059;3078;3105;3166;3165;3090;2996;2907;2878;2640;2601;2538;2392;2276
1;2491;2565;2718;2894;2874;3069;3129;3127;3168;3171;3072;3004;2891;2858;2657;2588;2535;2387
2;2603;2521;2623;2721;2911;2882;3091;3140;3156;3167;3165;3070;3008;2875;2861;2642;2575;2525
3;2530;2632;2590;2661;2756;2926;2903;3124;3158;3163;3173;3161;3071;2993;2867;2832;2631;2576
4;2482;2538;2693;2632;2734;2776;2944;2950;3140;3177;3168;3190;3156;3060;2979;2867;2812;2636
5;2559;2512;2579;2742;2684;2755;2809;3000;2972;3160;3168;3181;3184;3141;3041;2967;2849;2812
6;2469;2593;2551;2611;2800;2739;2815;2834;3013;2992;3157;3157;3175;3179;3123;3028;2949;2854
7;2502;2497;2630;2567;2674;2838;2791;2846;2883;3034;2977;3155;3167;3171;3164;3101;3018;2945
8;2646;2544;2549;2663;2638;2713;2878;2839;2895;2909;3048;2974;3145;3147;3162;3151;3083;3023
9;2781;2681;2588;2598;2702;2668;2765;2932;2875;2908;2923;3065;2984;3132;3136;3163;3132;3093
10;2737;2823;2710;2605;2649;2727;2731;2815;2978;2890;2918;2946;3070;2986;3135;3141;3150;3123
11;2712;2772;2860;2766;2645;2683;2803;2790;2850;2994;2929;2938;2959;3053;2979;3116;3126;3142
12;2851;2736;2787;2892;2829;2681;2744;2847;2823;2889;3021;2949;2946;2942;3050;2969;3098;3134
13;2838;2863;2764;2826;2952;2851;2742;2803;2878;2851;2908;3029;2938;2948;2940;3040;2951;3100
14;2607;2858;2877;2788;2873;3020;2906;2780;2844;2900;2868;2931;3019;2947;2961;2922;3048;2957
15;2728;2604;2861;2909;2828;2883;3069;2946;2815;2874;2921;2869;2935;3024;2941;2958;2907;3041
16;2895;2732;2628;2911;2957;2866;2937;3102;2982;2845;2903;2926;2868;2934;3039;2933;2937;2915
17;2824;2899;2752;2661;2958;2990;2908;2992;3135;3004;2874;2908;2927;2867;2963;3035;2940;2951
18;3204;2857;2920;2832;2760;3013;3067;2968;3054;3205;3050;2882;2917;2930;2889;2992;3058;2962
19;3116;3231;2906;2949;2861;2798;3101;3148;3050;3095;3238;3075;2899;2930;2963;2954;3088;3126
20;3256;3140;3315;2965;3004;2880;2919;3179;3212;3115;3130;3259;3106;2898;2937;3003;3055;3155
21;3293;3282;3230;3419;3006;3027;2998;3047;3251;3290;3176;3184;3262;3105;2937;2987;3079;3086
22;3419;3326;3379;3306;3467;3057;3160;3126;3138;3332;3332;3225;3199;3248;3131;2972;3066;3106
23;3627;3478;3464;3463;3329;3508;3166;3288;3227;3216;3403;3386;3258;3208;3267;3154;3042;3094
24;3722;3660;3614;3577;3491;3357;3619;3318;3361;3315;3271;3455;3419;3239;3215;3297;3206;3052
25;3923;3785;3800;3770;3617;3530;3491;3764;3355;3444;3361;3338;3475;3400;3244;3240;3365;3248
26;4142;4017;3951;3906;3819;3690;3661;3632;3814;3423;3449;3434;3397;3460;3420;3261;3263;3390
27;4384;4207;4196;4055;3953;3873;3818;3811;3683;3890;3495;3497;3442;3384;3481;3412;3350;3298
28;4346;4477;4380;4295;4125;3980;3957;3933;3839;3741;3900;3570;3519;3402;3388;3517;3462;3371
29;4355;4439;4656;4536;4349;4194;4121;4038;3968;3844;3751;3965;3574;3499;3369;3397;3530;3487
30;4472;4465;4596;4820;4622;4400;4378;4243;4091;4009;3885;3815;3987;3551;3513;3385;3415;3546
31;4450;4556;4605;4763;4904;4670;4540;4482;4285;4146;3981;3958;3820;3960;3572;3538;3410;3442
32;4592;4516;4677;4702;4849;4930;4739;4625;4530;4328;4157;4001;3953;3816;3940;3564;3522;3433
33;4469;4653;4661;4733;4776;4872;5000;4788;4605;4532;4301;4185;3997;3921;3824;3935;3565;3521
34;4490;4536;4747;4700;4772;4752;4926;5064;4788;4609;4476;4338;4166;3994;3915;3847;3938;3576
35;4739;4542;4648;4772;4752;4783;4849;4971;5081;4774;4595;4506;4327;4128;3987;3945;3848;3932
36;4886;4812;4667;4720;4825;4776;4899;4904;5001;5085;4784;4611;4481;4309;4142;3985;3931;3870
37;4955;4930;4906;4778;4763;4845;4858;4912;4925;5024;5088;4805;4638;4468;4311;4137;3978;3921
38;4453;5013;5001;4973;4807;4758;4936;4907;4933;4944;5007;5100;4794;4614;4484;4280;4135;4007
39;4481;4494;5085;5063;5037;4805;4833;4959;4945;4965;4957;5033;5060;4785;4603;4480;4264;4158
40;4552;4499;4578;5148;5086;5039;4870;4869;4992;4931;4933;4980;5042;5052;4780;4599;4485;4272
41;4461;4582;4552;4634;5187;5103;5060;4912;4906;5007;4934;4943;4966;5003;5056;4783;4582;4506
42;4359;4513;4652;4610;4685;5203;5139;5057;4938;4923;4982;4959;4938;4940;4994;5043;4775;4582
43;4054;4401;4577;4711;4643;4710;5255;5181;5061;4929;4921;5001;4962;4919;4913;5001;5033;4771
44;3942;4094;4468;4616;4748;4654;4748;5276;5174;5051;4926;4951;4981;4964;4932;4914;4986;5021
45;4220;3994;4138;4497;4637;4754;4688;4747;5296;5188;5050;4943;4948;4962;4964;4927;4910;4991
46;4036;4228;4049;4166;4508;4663;4782;4728;4758;5277;5166;5060;4934;4932;4960;4953;4933;4889
47;3971;4065;4268;4081;4190;4496;4695;4804;4705;4742;5282;5183;5052;4928;4911;4941;4959;4959
48;3937;3980;4086;4280;4097;4210;4527;4729;4805;4696;4749;5310;5199;5030;4907;4890;4920;4957
49;3684;3959;4004;4096;4294;4099;4237;4540;4738;4797;4688;4739;5282;5169;5004;4888;4868;4921
50;3913;3696;3971;4009;4106;4293;4108;4231;4540;4715;4801;4687;4733;5247;5143;4995;4852;4877
51;4098;3929;3703;3998;4016;4114;4287;4116;4192;4522;4725;4812;4665;4714;5216;5129;4990;4848
52;4137;4096;3937;3719;4012;4031;4133;4288;4126;4195;4520;4737;4784;4654;4691;5213;5125;4988
53;4397;4148;4112;3942;3706;4011;4045;4155;4279;4144;4189;4523;4723;4770;4651;4676;5193;5106
54;4069;4401;4158;4121;3934;3693;4010;4065;4145;4267;4139;4185;4507;4698;4743;4626;4654;5171
55;3905;4087;4422;4147;4115;3918;3697;4024;4064;4139;4259;4143;4164;4501;4659;4740;4597;4637
56;3200;3920;4087;4419;4151;4104;3918;3686;4039;4050;4133;4252;4132;4151;4472;4646;4719;4595
57;3387;3207;3926;4080;4417;4139;4103;3937;3670;4028;4035;4123;4230;4107;4113;4445;4617;4709
58;3697;3397;3220;3916;4099;4385;4140;4097;3907;3655;4019;4006;4103;4196;4072;4083;4409;4580
59;3381;3682;3405;3225;3925;4113;4366;4129;4089;3899;3636;4003;3996;4086;4176;4032;4058;4395
60;3469;3375;3677;3393;3207;3922;4111;4358;4117;4058;3887;3626;3974;3966;4057;4152;4009;4048
61;3836;3451;3373;3662;3386;3195;3892;4113;4354;4096;4033;3862;3617;3953;3928;4018;4110;3995
62;3736;3823;3426;3353;3647;3380;3173;3891;4101;4339;4095;3995;3843;3595;3922;3906;3996;4088
63;4021;3738;3795;3395;3326;3627;3357;3157;3865;4088;4306;4077;3969;3814;3562;3897;3871;3966
64;3483;4010;3703;3777;3381;3306;3609;3344;3135;3846;4050;4293;4038;3960;3781;3531;3861;3838
65;3267;3450;3994;3671;3756;3352;3292;3594;3314;3108;3803;4023;4261;3985;3911;3758;3509;3827
66;3456;3244;3416;3983;3657;3732;3337;3273;3573;3292;3074;3797;3991;4244;3966;3876;3717;3489
67;3461;3407;3216;3379;3949;3626;3699;3323;3238;3533;3266;3048;3749;3950;4204;3931;3852;3688
68;3357;3424;3372;3175;3332;3907;3591;3662;3292;3186;3492;3243;3008;3705;3903;4162;3876;3829
69;3174;3291;3366;3327;3124;3288;3858;3560;3628;3246;3151;3457;3195;2970;3665;3865;4104;3825
70;3354;3110;3241;3318;3286;3079;3245;3801;3521;3590;3201;3123;3390;3168;2918;3607;3797;4048
71;3441;3282;3036;3193;3248;3234;3032;3213;3739;3474;3524;3136;3065;3322;3079;2865;3548;3728
72;2918;3353;3222;2966;3132;3200;3149;2983;3156;3675;3415;3466;3082;3009;3275;3035;2819;3487
73;2976;2841;3267;3139;2889;3044;3145;3062;2917;3098;3610;3329;3403;3010;2949;3193;2974;2778
74;2974;2883;2753;3188;3054;2819;2970;3082;2995;2854;3025;3527;3245;3324;2940;2884;3115;2920
75;2912;2892;2769;2681;3079;2968;2725;2889;2979;2927;2775;2949;3443;3175;3230;2875;2811;3072
76;2741;2810;2787;2663;2583;2964;2877;2654;2792;2896;2846;2696;2874;3351;3092;3130;2795;2744
77;2640;2635;2708;2686;2544;2474;2859;2773;2552;2717;2821;2754;2614;2772;3219;3006;3049;2717
78;2432;2533;2493;2591;2562;2430;2371;2729;2664;2478;2613;2712;2648;2518;2673;3105;2893;2958
79;2162;2288;2398;2397;2441;2443;2311;2253;2604;2542;2381;2511;2585;2551;2423;2558;2990;2800
80;2258;2030;2146;2262;2257;2305;2310;2185;2129;2481;2432;2266;2371;2467;2432;2316;2446;2873
81;1914;2071;1871;1991;2088;2120;2185;2154;2067;2022;2325;2306;2141;2237;2330;2310;2205;2333
82;1185;1735;1927;1734;1839;1948;1963;2011;2009;1913;1889;2166;2176;2041;2070;2190;2189;2077
83;825;1083;1548;1777;1571;1680;1751;1767;1826;1853;1767;1749;1988;2030;1897;1949;2034;2053
84;717;749;968;1405;1598;1427;1521;1590;1577;1666;1655;1607;1598;1847;1871;1761;1823;1906
85;830;632;675;871;1251;1431;1296;1366;1423;1435;1526;1483;1462;1445;1673;1704;1599;1700
86;904;731;564;606;758;1097;1279;1150;1230;1274;1279;1371;1336;1322;1268;1507;1522;1447
87;847;794;640;501;501;671;948;1103;1010;1070;1133;1129;1182;1184;1166;1144;1323;1360
88;672;729;669;563;424;435;589;811;960;889;929;987;982;1025;1038;1021;983;1166
89;562;574;601;563;461;373;368;509;702;833;760;784;846;843;864;878;840;855
90;444;476;486;508;460;386;316;312;433;593;688;622;658;719;721;741;741;738
91;335;351;385;384;414;366;303;263;242;360;485;568;511;552;595;590;609;615
92;187;261;272;304;300;328;292;237;205;186;299;376;451;408;426;478;470;486
93;142;151;201;209;224;236;248;227;199;158;154;221;291;346;311;339;364;368
94;91;105;122;159;163;153;178;171;166;151;117;119;168;211;256;240;243;279
95;63;60;75;88;113;120;110;129;112;120;106;91;91;127;157;182;175;174
96;47;45;44;53;59;81;90;75;76;82;99;73;63;67;94;113;126;126
97;31;36;31;26;36;41;54;53;54;55;60;72;55;47;46;67;75;91
98;14;21;21;22;21;27;26;42;37;42;42;35;51;38;28;26;38;50
99;10;11;13;15;20;15;14;20;23;19;30;26;19;31;18;20;15;22
100 e oltre;13;19;20;16;12;24;29;27;28;29;26;32;35;30;33;29;29;21
Totale;293845;295863;299625;302843;305120;306629;310387;313627;315334;316773;317232;318229;317821;316528;315479;314756;313913;313631
Età/Anno;2002;2003;2004;2005;2006;2007;2008;2009;2010;2011;2012;2013;2014;2015;2016;2017;2018;2019
Età;Femmine
0;2440;2714;2613;2835;2855;2860;2943;3119;2894;2841;2882;2894;2714;2666;2417;2343;2268;2073
1;2504;2492;2710;2647;2850;2863;2892;2961;3134;2914;2858;2878;2896;2694;2653;2425;2348;2251
2;2303;2537;2540;2702;2653;2845;2899;2916;2957;3147;2891;2878;2881;2849;2663;2650;2425;2367
3;2314;2332;2584;2563;2737;2673;2839;2921;2925;2969;3128;2921;2858;2848;2854;2647;2606;2421
4;2333;2354;2363;2600;2571;2724;2716;2832;2922;2922;2971;3142;2897;2842;2845;2853;2634;2598
5;2364;2372;2406;2379;2652;2627;2757;2741;2834;2941;2939;2967;3139;2892;2839;2848;2848;2616
6;2395;2404;2399;2441;2426;2685;2673;2775;2745;2836;2968;2951;2955;3144;2860;2824;2840;2856
7;2317;2457;2432;2424;2490;2447;2753;2717;2794;2749;2839;2961;2954;2945;3128;2850;2807;2845
8;2460;2370;2489;2449;2479;2506;2504;2771;2736;2799;2759;2857;2955;2943;2943;3126;2841;2790
9;2582;2498;2429;2534;2519;2510;2578;2531;2807;2762;2804;2776;2861;2935;2932;2933;3094;2836
10;2467;2632;2525;2464;2578;2544;2573;2610;2550;2838;2784;2820;2775;2853;2941;2909;2924;3093
11;2611;2495;2661;2564;2506;2611;2618;2620;2648;2586;2855;2806;2813;2759;2864;2944;2903;2928
12;2548;2627;2516;2699;2610;2544;2655;2637;2657;2655;2603;2871;2802;2798;2765;2860;2940;2900
13;2700;2575;2637;2566;2754;2650;2591;2687;2683;2678;2665;2615;2872;2792;2793;2763;2852;2917
14;2546;2735;2608;2665;2616;2782;2699;2643;2727;2715;2714;2680;2612;2872;2775;2795;2748;2860
15;2610;2569;2752;2648;2700;2653;2814;2745;2687;2752;2723;2729;2674;2603;2869;2766;2808;2744
16;2753;2603;2579;2786;2683;2702;2686;2859;2783;2717;2779;2727;2732;2666;2603;2854;2760;2803
17;2740;2760;2618;2597;2825;2721;2747;2730;2893;2810;2728;2786;2722;2733;2669;2600;2848;2755
18;2942;2765;2802;2697;2654;2853;2790;2805;2771;2940;2855;2758;2817;2727;2734;2667;2595;2854
19;2852;2961;2820;2839;2755;2723;2956;2877;2881;2873;3014;2909;2783;2828;2742;2740;2691;2625
20;3062;2904;3042;2868;2909;2797;2851;3116;2993;2977;2946;3047;2914;2816;2846;2750;2754;2713
21;3158;3104;2993;3116;2962;2976;2931;2989;3209;3108;3058;2994;3085;2922;2834;2869;2782;2777
22;3239;3230;3217;3083;3187;3062;3137;3085;3120;3329;3172;3119;3038;3104;2947;2835;2877;2821
23;3498;3308;3368;3324;3158;3254;3237;3296;3214;3249;3408;3227;3155;3059;3128;2964;2826;2874
24;3624;3548;3501;3477;3418;3218;3423;3377;3417;3325;3316;3469;3299;3166;3059;3139;2955;2849
25;3920;3736;3712;3615;3545;3484;3387;3603;3499;3542;3373;3366;3528;3279;3179;3060;3143;2949
26;4187;3996;3943;3864;3713;3604;3681;3550;3716;3640;3588;3451;3419;3525;3274;3202;3051;3151
27;4251;4260;4203;4057;3980;3786;3805;3816;3640;3806;3666;3666;3468;3402;3515;3268;3177;3045
28;4356;4360;4451;4335;4187;4058;3981;3955;3896;3735;3846;3729;3685;3451;3405;3542;3281;3183
29;4377;4435;4542;4561;4421;4234;4240;4096;4004;3959;3765;3889;3755;3677;3463;3407;3532;3301
30;4393;4455;4626;4680;4674;4497;4348;4364;4146;4066;3964;3784;3918;3736;3670;3485;3385;3584
31;4323;4465;4634;4714;4787;4733;4620;4440;4414;4236;4079;3989;3797;3904;3743;3671;3494;3406
32;4572;4394;4649;4673;4782;4814;4870;4749;4472;4425;4189;4092;3989;3775;3915;3749;3656;3486
33;4517;4623;4516;4706;4712;4761;4929;4922;4774;4506;4413;4230;4112;3975;3778;3913;3741;3659
34;4498;4616;4775;4617;4765;4755;4888;5039;4961;4809;4516;4406;4231;4088;3968;3784;3920;3758
35;4552;4567;4766;4857;4650;4790;4867;4950;5086;4995;4791;4555;4417;4203;4073;3971;3768;3933
36;4756;4615;4704;4847;4896;4699;4914;4964;5008;5129;5018;4803;4564;4388;4172;4061;3976;3771
37;4799;4800;4732;4791;4918;4908;4816;5001;5019;5054;5154;5045;4813;4542;4409;4186;4038;3996
38;4630;4839;4910;4805;4841;4949;5035;4904;5072;5058;5080;5192;5049;4798;4543;4418;4152;4048
39;4469;4684;4961;4985;4850;4859;5054;5150;4953;5119;5082;5100;5218;5067;4798;4532;4399;4145
40;4486;4502;4804;5022;5031;4880;4990;5143;5193;4980;5122;5102;5093;5203;5044;4792;4528;4424
41;4555;4509;4619;4858;5069;5078;4979;5083;5225;5229;4987;5153;5112;5083;5192;5030;4789;4545
42;4307;4574;4623;4673;4912;5113;5188;5043;5137;5260;5254;5017;5135;5078;5049;5176;5017;4770
43;4050;4314;4698;4704;4730;4929;5211;5246;5102;5206;5304;5279;5022;5130;5059;5057;5160;5004
44;4051;4059;4406;4740;4737;4758;5028;5287;5303;5144;5236;5332;5284;5028;5138;5074;5071;5166
45;4019;4085;4168;4456;4759;4744;4853;5115;5347;5367;5170;5263;5352;5288;5030;5115;5080;5093
46;3978;4047;4185;4219;4482;4785;4810;4916;5134;5386;5388;5184;5270;5334;5276;5032;5110;5087
47;3987;3999;4131;4233;4237;4497;4886;4896;4966;5171;5423;5396;5195;5266;5331;5274;5010;5084
48;3895;4006;4071;4181;4235;4229;4602;4952;4935;5012;5170;5445;5400;5174;5250;5317;5240;4999
49;3702;3912;4083;4104;4201;4246;4332;4670;4983;4974;5030;5194;5433;5376;5181;5255;5297;5226
50;4084;3710;3972;4117;4112;4218;4323;4407;4718;5013;4987;5060;5186;5411;5372;5154;5249;5281
51;4121;4062;3763;4018;4143;4114;4268;4388;4436;4749;5006;4997;5067;5163;5410;5364;5123;5251
52;4206;4112;4125;3784;4025;4151;4175;4313;4429;4482;4756;5008;4993;5030;5174;5419;5344;5110
53;4524;4218;4147;4148;3803;4027;4201;4233;4368;4455;4477;4779;5017;4978;5019;5168;5375;5343
54;4130;4550;4271;4154;4167;3808;4068;4251;4271;4369;4444;4500;4797;4992;4963;5010;5158;5374
55;4072;4174;4606;4306;4163;4153;3838;4121;4271;4303;4375;4476;4509;4769;4981;4958;4974;5136
56;3378;4080;4207;4612;4319;4175;4178;3888;4138;4292;4302;4381;4484;4487;4770;4964;4930;4988
57;3625;3384;4114;4229;4626;4332;4174;4196;3916;4150;4297;4305;4372;4457;4474;4741;4929;4916
58;3755;3626;3408;4141;4245;4636;4337;4199;4205;3928;4137;4298;4309;4373;4458;4454;4737;4928
59;3534;3756;3652;3408;4169;4260;4642;4376;4205;4196;3918;4144;4299;4303;4354;4448;4435;4733
60;3647;3544;3767;3664;3395;4176;4283;4671;4395;4199;4196;3923;4145;4294;4289;4360;4407;4432
61;4196;3657;3548;3792;3690;3384;4180;4300;4685;4405;4182;4199;3903;4141;4280;4271;4338;4399
62;4162;4188;3649;3553;3797;3685;3388;4207;4321;4687;4401;4178;4193;3879;4123;4264;4247;4330
63;4231;4170;4185;3649;3544;3782;3682;3396;4218;4321;4690;4389;4167;4164;3876;4120;4210;4231
64;3897;4247;4180;4182;3650;3522;3784;3689;3387;4224;4299;4666;4375;4146;4141;3875;4108;4207
65;3819;3906;4247;4172;4179;3654;3515;3802;3694;3365;4213;4292;4639;4336;4122;4125;3853;4091
66;3903;3788;3923;4261;4151;4154;3631;3517;3790;3688;3352;4188;4258;4624;4312;4100;4119;3827
67;3921;3889;3776;3919;4238;4126;4154;3617;3499;3773;3694;3333;4171;4227;4596;4279;4062;4097
68;3777;3895;3867;3759;3906;4224;4096;4135;3591;3494;3753;3675;3321;4149;4204;4555;4246;4047
69;3662;3747;3879;3859;3739;3885;4190;4078;4120;3566;3452;3740;3656;3290;4109;4177;4518;4235
70;4056;3644;3732;3849;3833;3718;3869;4178;4067;4075;3555;3431;3698;3612;3257;4063;4149;4475
71;4089;4034;3624;3699;3819;3794;3695;3843;4145;4050;4045;3546;3404;3659;3579;3232;4017;4108
72;3696;4046;4008;3583;3660;3794;3754;3666;3816;4123;4030;4002;3506;3354;3601;3549;3202;3973
73;3602;3646;4018;3978;3538;3629;3767;3707;3631;3804;4086;3996;3945;3483;3317;3557;3495;3176
74;3759;3567;3616;3982;3924;3497;3591;3724;3656;3601;3766;4022;3966;3899;3430;3278;3511;3458
75;3752;3718;3520;3565;3940;3852;3440;3525;3679;3607;3557;3702;3980;3929;3844;3389;3232;3466
76;3713;3694;3653;3468;3512;3880;3780;3385;3488;3633;3560;3495;3634;3940;3860;3782;3324;3173
77;3500;3623;3630;3613;3385;3446;3787;3716;3317;3424;3583;3515;3438;3600;3870;3802;3711;3256
78;3566;3414;3563;3557;3515;3334;3375;3708;3626;3262;3371;3529;3445;3396;3515;3791;3723;3633
79;3360;3462;3332;3504;3462;3438;3233;3305;3582;3524;3185;3285;3458;3358;3319;3451;3706;3669
80;3343;3286;3386;3258;3390;3389;3337;3152;3202;3482;3435;3094;3200;3367;3285;3223;3354;3633
81;3055;3223;3177;3272;3155;3282;3293;3222;3064;3081;3372;3336;2981;3126;3276;3193;3135;3257
82;2059;2943;3088;3056;3145;3043;3148;3164;3099;2940;2972;3243;3221;2856;2994;3152;3064;3028
83;1290;1954;2827;2933;2914;2986;2923;3004;3021;2965;2819;2854;3123;3098;2702;2864;3013;2938
84;1247;1240;1823;2670;2761;2755;2823;2760;2862;2853;2809;2702;2695;2972;2946;2598;2739;2870
85;1423;1164;1154;1710;2496;2584;2597;2618;2595;2712;2678;2643;2567;2525;2796;2761;2451;2583
86;1647;1322;1078;1077;1559;2305;2397;2397;2412;2392;2510;2505;2485;2416;2360;2588;2554;2312
87;1613;1509;1207;999;942;1421;2105;2190;2189;2207;2198;2310;2315;2286;2201;2180;2393;2361
88;1391;1422;1344;1106;911;844;1282;1873;1969;1971;2016;1986;2091;2109;2074;2015;1977;2182
89;1196;1206;1207;1197;958;797;738;1136;1673;1764;1727;1802;1810;1874;1863;1893;1793;1773
90;926;1054;1047;1052;1033;832;703;625;1010;1461;1545;1516;1583;1613;1657;1659;1671;1624
91;788;779;874;909;911;891;701;600;555;881;1265;1332;1302;1357;1377;1440;1407;1462
92;566;630;633;748;757;752;743;577;513;476;740;1041;1127;1102;1136;1183;1211;1189
93;450;452;491;519;606;634;624;621;468;436;400;594;878;929;896;914;976;1023
94;277;346;354;402;410;482;500;494;499;396;362;313;486;723;737;717;707;809
95;231;215;269;261;322;325;369;371;397;414;321;298;245;391;558;578;564;561
96;151;169;150;198;200;237;252;259;280;317;330;238;244;204;295;424;450;434
97;91;109;121;103;140;151;179;187;211;209;243;243;169;178;151;223;310;318
98;68;61;81;86;62;109;117;133;143;143;152;176;187;137;128;120;162;232
99;52;51;48;54;53;41;73;79;91;93;118;101;127;132;85;92;84;120
100 e oltre;48;67;62;75;71;84;91;116;116;161;172;198;184;227;224;204;175;167
Totale;312641;314951;319919;323474;326106;327812;332969;337333;339999;342356;343120;344023;343817;342291;340518;339046;336611;335198

"Ricostruzione della popolazione intercensuaria - Popolazione al 1° gennaio per età"
"Cittadinanza italiana - Provincia: Perugia"
Età/Anno;2002;2003;2004;2005;2006;2007;2008;2009;2010;2011;2012;2013;2014;2015;2016;2017;2018;2019
Età;Totale
0;4532;4880;4922;4815;4962;4992;5056;5135;4994;4807;4713;4610;4441;4320;4076;4081;3878;3578
1;4556;4607;4877;4937;4833;4991;5021;5062;5143;5015;4808;4676;4612;4442;4358;4127;4121;3885
2;4518;4578;4675;4858;4919;4844;5008;5037;5082;5160;5001;4792;4681;4610;4495;4410;4166;4140
3;4527;4562;4672;4706;4876;4929;4839;5007;5039;5099;5145;5004;4789;4708;4674;4540;4427;4186
4;4532;4547;4617;4697;4736;4873;4936;4855;5005;5070;5100;5144;4988;4822;4756;4771;4582;4428
5;4636;4563;4605;4633;4730;4782;4870;4947;4874;5041;5070;5077;5150;5008;4879;4846;4823;4588
6;4574;4676;4585;4639;4675;4777;4797;4846;4931;4902;5043;5051;5076;5201;5038;4948;4869;4848
7;4570;4613;4712;4596;4683;4705;4800;4827;4864;4922;4904;5030;5087;5106;5269;5119;4980;4898
8;4846;4620;4652;4727;4639;4715;4734;4809;4850;4881;4922;4901;5042;5117;5181;5374;5148;4974
9;5073;4887;4669;4683;4752;4669;4754;4755;4825;4857;4870;4932;4923;5083;5178;5275;5394;5163
10;4963;5128;4915;4682;4696;4769;4692;4765;4776;4840;4863;4878;4966;4971;5172;5251;5293;5400
11;5063;4981;5158;4940;4694;4732;4820;4715;4801;4793;4846;4884;4906;5001;5050;5244;5286;5295
12;5136;5085;4990;5168;4980;4732;4746;4827;4731;4815;4802;4863;4908;4936;5060;5117;5269;5289
13;5313;5160;5091;5014;5201;5012;4767;4761;4843;4751;4819;4823;4887;4961;4989;5134;5136;5260
14;4906;5337;5177;5091;5038;5249;5030;4779;4785;4870;4757;4821;4835;4947;5020;5033;5144;5138
15;5104;4917;5345;5195;5093;5061;5255;5047;4802;4797;4873;4748;4835;4871;4996;5077;5044;5125
16;5421;5102;4937;5381;5225;5096;5068;5265;5063;4817;4812;4868;4759;4863;4929;5044;5080;5033
17;5309;5426;5111;4950;5399;5259;5112;5090;5273;5075;4823;4808;4870;4804;4915;4983;5072;5064
18;5875;5342;5452;5143;4994;5422;5294;5150;5122;5323;5123;4854;4888;4960;4889;5023;5062;5174
19;5689;5912;5369;5469;5178;5043;5463;5319;5168;5157;5341;5158;4880;4914;4992;4928;5057;5112
20;6050;5739;5970;5390;5529;5215;5083;5498;5356;5203;5181;5341;5156;4886;4907;4984;4943;5051
21;6121;6085;5775;6009;5455;5570;5235;5129;5545;5381;5237;5227;5338;5163;4909;4947;5008;4947
22;6294;6170;6113;5820;6056;5523;5581;5268;5180;5578;5405;5271;5227;5344;5198;4930;4948;5007
23;6710;6355;6199;6141;5833;6093;5553;5609;5320;5233;5608;5425;5283;5239;5393;5215;4954;4930
24;6891;6744;6417;6245;6179;5874;6131;5592;5639;5346;5268;5643;5450;5277;5268;5425;5221;4940
25;7344;6985;6786;6478;6268;6200;5907;6172;5635;5687;5373;5301;5635;5435;5302;5276;5413;5211
26;7779;7431;7079;6841;6508;6302;6236;5940;6219;5700;5694;5433;5327;5633;5476;5312;5263;5397
27;8057;7831;7494;7114;6908;6548;6333;6286;5948;6263;5725;5719;5409;5336;5665;5464;5286;5249
28;8090;8150;7880;7516;7176;6953;6570;6360;6305;6005;6269;5777;5701;5394;5366;5707;5466;5277
29;8083;8167;8187;7945;7553;7223;7001;6577;6371;6300;6004;6309;5795;5705;5406;5381;5707;5467
30;8188;8152;8204;8255;7995;7605;7261;7049;6619;6411;6303;6040;6308;5786;5748;5430;5381;5727
31;8070;8273;8208;8279;8330;8044;7642;7325;7100;6673;6394;6353;6039;6309;5818;5764;5444;5386
32;8486;8149;8303;8192;8343;8377;8072;7699;7361;7123;6680;6381;6334;6049;6321;5829;5770;5427
33;8337;8547;8214;8304;8261;8346;8421;8081;7715;7393;7128;6699;6383;6320;6097;6327;5844;5764
34;8325;8446;8600;8245;8350;8265;8396;8509;8127;7767;7387;7135;6694;6394;6355;6163;6357;5844
35;8687;8408;8497;8622;8298;8393;8319;8444;8571;8152;7791;7403;7126;6688;6422;6403;6192;6371
36;9057;8797;8488;8548;8667;8360;8471;8400;8514;8614;8193;7800;7388;7125;6712;6471;6430;6221
37;9164;9115;8848;8547;8600;8690;8375;8488;8465;8555;8644;8216;7823;7409;7189;6775;6494;6434
38;8523;9224;9163;8885;8583;8601;8731;8421;8524;8518;8566;8674;8201;7827;7447;7231;6799;6523
39;8398;8584;9256;9202;8915;8597;8631;8783;8450;8569;8549;8574;8662;8247;7877;7484;7260;6802
40;8602;8443;8590;9302;9239;8932;8625;8657;8811;8452;8582;8586;8577;8694;8298;7935;7539;7267
41;8578;8623;8470;8602;9337;9293;8938;8639;8693;8831;8482;8605;8579;8592;8747;8369;7993;7577
42;8241;8615;8667;8504;8653;9397;9326;8959;8667;8722;8847;8520;8600;8606;8624;8786;8409;7988
43;7744;8293;8659;8734;8577;8703;9441;9387;9026;8707;8769;8870;8519;8613;8637;8694;8838;8404
44;7659;7792;8326;8664;8781;8611;8734;9475;9441;9059;8756;8810;8866;8561;8695;8697;8751;8826
45;7907;7733;7808;8347;8682;8794;8627;8748;9530;9497;9084;8777;8820;8895;8599;8747;8730;8783
46;7741;7925;7786;7822;8377;8719;8812;8680;8771;9555;9510;9085;8772;8850;8958;8656;8781;8719
47;7721;7776;7939;7810;7846;8387;8734;8835;8692;8767;9593;9535;9103;8799;8887;8981;8685;8790
48;7581;7736;7776;7933;7820;7868;8416;8768;8835;8719;8782;9615;9533;9104;8827;8910;8998;8689
49;7169;7606;7757;7778;7960;7828;7879;8430;8786;8852;8733;8796;9598;9538;9127;8847;8920;8982
50;7794;7176;7616;7757;7785;7971;7840;7866;8453;8777;8848;8736;8782;9589;9555;9134;8859;8900
51;8020;7783;7183;7641;7772;7789;7965;7853;7840;8451;8784;8846;8720;8804;9614;9562;9131;8851
52;8191;8002;7788;7193;7654;7793;7806;7957;7865;7852;8452;8766;8807;8719;8848;9651;9553;9125
53;8751;8204;8009;7779;7189;7652;7802;7817;7966;7884;7841;8459;8745;8816;8728;8855;9616;9534
54;8082;8769;8210;7993;7777;7178;7653;7814;7826;7947;7876;7846;8456;8722;8824;8737;8869;9581
55;7845;8120;8796;8209;7986;7762;7176;7680;7815;7829;7936;7890;7835;8441;8718;8820;8713;8842
56;6479;7870;8125;8787;8201;7974;7746;7171;7686;7816;7804;7930;7879;7830;8449;8723;8805;8700
57;6902;6482;7884;8113;8789;8189;7943;7754;7152;7686;7809;7791;7907;7861;7817;8428;8711;8792
58;7329;6903;6495;7891;8129;8761;8181;7930;7717;7141;7669;7761;7769;7898;7841;7792;8412;8663
59;6815;7303;6919;6481;7914;8157;8743;8185;7914;7698;7112;7654;7755;7758;7889;7811;7780;8388
60;7038;6809;7300;6915;6451;7910;8165;8744;8170;7873;7674;7090;7629;7743;7732;7882;7769;7770
61;7948;7016;6793;7301;6928;6427;7879;8159;8740;8154;7840;7642;7061;7604;7699;7691;7843;7737
62;7814;7923;6978;6769;7279;6920;6405;7886;8152;8728;8141;7794;7618;7033;7563;7679;7663;7817
63;8162;7819;7884;6934;6724;7243;6886;6373;7853;8147;8695;8111;7762;7587;7002;7535;7625;7622
64;7306;8158;7775;7851;6913;6680;7218;6864;6327;7828;8086;8652;8062;7741;7552;6964;7482;7575
65;7014;7273;8135;7733;7820;6888;6651;7195;6816;6273;7774;8044;8591;7989;7673;7513;6928;7430
66;7303;6954;7243;8131;7689;7769;6845;6619;7154;6779;6224;7738;7988;8556;7946;7619;7459;6878
67;7308;7237;6912;7197;8080;7634;7730;6801;6558;7096;6744;6173;7669;7923;8502;7883;7565;7403
68;7079;7239;7181;6846;7129;8022;7572;7667;6732;6500;7031;6691;6117;7609;7864;8424;7794;7517
69;6788;6981;7170;7110;6769;7065;7942;7517;7608;6656;6423;6978;6630;6053;7538;7808;8325;7730
70;7360;6703;6917;7079;7042;6706;7006;7857;7463;7528;6599;6369;6874;6567;5981;7442;7712;8232
71;7475;7270;6600;6835;6991;6954;6631;6943;7753;7388;7422;6524;6283;6779;6458;5906;7344;7605
72;6583;7343;7180;6486;6729;6920;6834;6537;6855;7665;7303;7327;6440;6187;6684;6389;5835;7240
73;6548;6452;7228;7065;6360;6612;6840;6701;6437;6785;7564;7183;7203;6344;6095;6568;6286;5772
74;6704;6419;6331;7111;6924;6250;6497;6732;6583;6346;6673;7414;7067;7082;6228;5993;6451;6192
75;6632;6580;6257;6206;6966;6771;6099;6344;6578;6465;6221;6533;7286;6968;6938;6126;5881;6365
76;6423;6465;6405;6099;6056;6792;6607;5980;6210;6449;6334;6084;6391;7170;6822;6782;5984;5759
77;6110;6232;6298;6262;5899;5883;6595;6443;5807;6075;6323;6197;5954;6262;6974;6680;6636;5847
78;5976;5918;6032;6110;6040;5735;5709;6390;6246;5679;5914;6165;6020;5819;6088;6782;6496;6474
79;5494;5727;5700;5872;5862;5844;5517;5522;6139;6026;5506;5724;5974;5836;5655;5912;6589;6357
80;5581;5287;5509;5493;5617;5656;5610;5311;5291;5916;5826;5302;5501;5766;5651;5458;5719;6401
81;4945;5271;5021;5236;5215;5373;5444;5341;5101;5064;5653;5605;5066;5296;5543;5445;5263;5507
82;3232;4657;4990;4766;4959;4961;5081;5142;5070;4827;4826;5369;5365;4844;5004;5287;5200;5033
83;2108;3023;4355;4687;4462;4644;4651;4747;4822;4786;4561;4568;5075;5099;4547;4761;4999;4939
84;1957;1978;2775;4050;4336;4162;4321;4328;4417;4494;4434;4283;4262;4785;4788;4317;4517;4728
85;2245;1789;1816;2565;3723;3994;3875;3964;3998;4126;4180;4099;4009;3943;4435;4438;4013;4240
86;2548;2045;1633;1671;2306;3385;3654;3529;3623;3647;3769;3851;3795;3718;3605;4064;4054;3728
87;2448;2302;1838;1492;1434;2081;3037;3273;3180;3260;3312;3419;3473;3450;3347;3301;3690;3699
88;2056;2139;2010;1663;1329;1273;1862;2677;2908;2846;2930;2957;3054;3111;3096;3018;2942;3325
89;1753;1773;1799;1757;1415;1164;1100;1638;2365;2581;2475;2571;2643;2700;2705;2759;2620;2610
90;1370;1523;1526;1552;1492;1214;1015;935;1436;2043;2214;2127;2226;2320;2363;2381;2403;2349
91;1119;1130;1252;1286;1318;1256;1000;858;794;1234;1741;1883;1802;1895;1961;2020;1999;2070
92;752;887;904;1046;1050;1073;1034;811;713;660;1033;1407;1564;1502;1550;1649;1670;1660
93;591;602;687;727;824;863;866;847;665;592;553;809;1159;1264;1200;1243;1332;1382
94;368;450;474;555;572;629;674;660;664;545;478;431;650;924;983;950;944;1080
95;294;275;344;347;428;445;474;497;505;533;425;388;336;513;706;752;731;731
96;197;214;194;251;258;314;342;332;355;398;429;310;306;271;384;531;569;553
97;122;144;151;129;176;191;230;240;264;263;302;315;222;224;197;286;382;402
98;82;82;101;107;83;136;142;173;180;185;193;210;238;173;155;146;197;280
99;62;62;61;69;71;56;87;98;112;112;148;127;145;163;101;111;99;139
100 e oltre;61;86;82;91;83;106;118;141;142;188;197;228;217;255;256;231;202;186
Totale;583904;585666;586856;587694;588380;589190;589643;590049;590207;590445;589473;588213;586151;584969;584045;583704;581316;578318
Età/Anno;2002;2003;2004;2005;2006;2007;2008;2009;2010;2011;2012;2013;2014;2015;2016;2017;2018;2019
Età;Maschi
0;2278;2423;2564;2421;2556;2551;2584;2556;2584;2500;2380;2305;2281;2126;2121;2098;1998;1866
1;2270;2309;2424;2571;2423;2570;2576;2578;2556;2594;2494;2363;2304;2280;2158;2134;2119;1997
2;2393;2280;2346;2421;2563;2440;2579;2588;2602;2560;2589;2475;2368;2321;2330;2181;2152;2113
3;2365;2416;2335;2364;2430;2571;2440;2581;2583;2609;2559;2585;2478;2402;2349;2347;2203;2161
4;2334;2363;2458;2357;2404;2439;2567;2459;2579;2608;2610;2561;2586;2494;2424;2394;2368;2216
5;2400;2347;2387;2476;2373;2415;2434;2580;2471;2594;2604;2605;2564;2592;2516;2467;2421;2375
6;2317;2425;2362;2399;2498;2403;2428;2420;2573;2492;2594;2591;2608;2589;2614;2550;2465;2434
7;2378;2326;2444;2365;2428;2517;2410;2441;2432;2578;2492;2592;2614;2622;2628;2656;2569;2476
8;2518;2402;2350;2458;2386;2449;2530;2425;2465;2443;2580;2491;2598;2630;2652;2683;2672;2578
9;2626;2545;2423;2361;2467;2400;2463;2548;2437;2465;2434;2594;2506;2625;2661;2709;2699;2685
10;2599;2658;2555;2421;2370;2475;2412;2469;2567;2437;2468;2443;2610;2532;2667;2714;2722;2704
11;2584;2610;2669;2564;2429;2394;2502;2427;2486;2570;2447;2478;2471;2622;2567;2694;2732;2724
12;2695;2597;2614;2671;2587;2445;2401;2509;2439;2494;2577;2454;2500;2492;2655;2599;2700;2739
13;2713;2703;2606;2626;2682;2601;2471;2410;2509;2453;2497;2585;2461;2529;2522;2690;2604;2705
14;2479;2723;2714;2607;2634;2720;2614;2474;2424;2526;2451;2500;2592;2492;2566;2542;2701;2604
15;2593;2480;2726;2725;2611;2644;2726;2624;2481;2428;2530;2444;2509;2612;2521;2603;2542;2691
16;2769;2596;2493;2751;2744;2620;2651;2726;2630;2485;2438;2528;2450;2524;2646;2553;2602;2537
17;2684;2774;2605;2502;2767;2759;2628;2663;2729;2633;2490;2435;2532;2477;2556;2673;2567;2593
18;3049;2703;2777;2626;2536;2784;2779;2649;2683;2756;2663;2505;2472;2578;2529;2615;2721;2623
19;2965;3068;2704;2783;2639;2552;2796;2789;2662;2697;2774;2674;2514;2494;2595;2558;2635;2741
20;3137;2993;3086;2709;2812;2665;2571;2798;2800;2684;2703;2772;2676;2513;2492;2598;2570;2624
21;3148;3156;3014;3105;2742;2828;2678;2601;2826;2815;2704;2726;2763;2686;2525;2518;2603;2565
22;3255;3170;3176;3030;3138;2780;2832;2706;2628;2849;2827;2723;2731;2760;2702;2529;2521;2594
23;3445;3284;3193;3194;3028;3157;2792;2850;2732;2652;2874;2845;2730;2739;2779;2710;2547;2518
24;3519;3470;3316;3207;3203;3039;3172;2815;2856;2746;2682;2902;2854;2716;2755;2797;2722;2535
25;3739;3563;3494;3352;3225;3205;3062;3201;2824;2874;2760;2708;2890;2855;2725;2755;2791;2718
26;3928;3805;3596;3522;3361;3252;3216;3090;3218;2839;2867;2785;2723;2887;2879;2722;2749;2782
27;4140;3959;3847;3611;3546;3383;3266;3249;3087;3244;2876;2876;2775;2729;2911;2865;2726;2748
28;4095;4193;4006;3858;3643;3564;3376;3268;3250;3108;3247;2904;2865;2764;2752;2929;2872;2713
29;4074;4143;4218;4051;3873;3662;3584;3372;3260;3238;3102;3265;2907;2861;2760;2760;2922;2853
30;4162;4123;4161;4240;4074;3897;3696;3598;3397;3280;3237;3129;3253;2893;2880;2765;2759;2898
31;4114;4220;4155;4214;4272;4099;3922;3726;3614;3405;3266;3275;3124;3251;2917;2899;2764;2764
32;4274;4149;4219;4170;4257;4297;4105;3942;3746;3643;3416;3264;3258;3124;3247;2924;2884;2752
33;4127;4296;4178;4215;4205;4270;4290;4096;3936;3754;3641;3415;3251;3246;3147;3252;2925;2866
34;4164;4164;4306;4171;4232;4188;4267;4324;4095;3954;3729;3657;3398;3248;3258;3177;3259;2906
35;4417;4181;4176;4293;4196;4247;4209;4285;4340;4087;3946;3724;3634;3391;3260;3286;3199;3245
36;4597;4467;4216;4194;4320;4215;4278;4227;4321;4345;4102;3935;3704;3623;3414;3291;3289;3210
37;4640;4617;4485;4241;4215;4329;4226;4276;4258;4329;4353;4108;3938;3725;3645;3449;3299;3271
38;4175;4666;4641;4507;4249;4200;4344;4246;4287;4292;4320;4353;4091;3937;3748;3659;3469;3313
39;4197;4197;4664;4654;4520;4244;4225;4354;4272;4310;4308;4323;4327;4101;3950;3772;3673;3467
40;4345;4208;4198;4690;4656;4517;4252;4220;4375;4275;4311;4325;4327;4340;4138;3988;3801;3664
41;4252;4348;4213;4195;4697;4666;4508;4251;4239;4399;4299;4324;4315;4328;4372;4187;4007;3815
42;4133;4276;4369;4227;4221;4720;4664;4510;4283;4264;4412;4329;4325;4338;4344;4391;4213;4006
43;3866;4166;4307;4406;4258;4256;4744;4696;4544;4314;4305;4428;4331;4331;4353;4389;4429;4213
44;3773;3900;4189;4316;4432;4277;4273;4756;4717;4568;4344;4328;4420;4346;4369;4381;4416;4419
45;4052;3813;3907;4200;4329;4437;4278;4263;4786;4737;4583;4353;4334;4428;4366;4407;4397;4426
46;3899;4055;3840;3909;4211;4346;4447;4305;4280;4794;4743;4586;4355;4364;4460;4398;4428;4387
47;3851;3916;4066;3852;3919;4207;4352;4460;4302;4277;4819;4759;4595;4373;4378;4473;4424;4447
48;3818;3855;3914;4055;3859;3938;4211;4368;4457;4305;4295;4844;4770;4603;4381;4392;4489;4416
49;3582;3831;3865;3910;4064;3860;3938;4210;4377;4465;4315;4296;4848;4780;4609;4386;4400;4486
50;3831;3584;3832;3858;3915;4061;3862;3928;4218;4355;4462;4309;4297;4846;4792;4628;4389;4396
51;4001;3836;3583;3846;3862;3920;4041;3864;3909;4208;4365;4461;4295;4320;4848;4796;4633;4379
52;4074;3995;3835;3584;3853;3877;3926;4024;3872;3906;4204;4370;4433;4302;4339;4863;4796;4628
53;4323;4074;4003;3828;3572;3848;3877;3934;4022;3883;3903;4210;4364;4442;4311;4345;4848;4777
54;4016;4321;4072;4002;3816;3561;3834;3881;3929;4007;3885;3902;4206;4363;4440;4308;4343;4821
55;3853;4021;4332;4058;3995;3806;3554;3848;3879;3926;4002;3892;3891;4205;4353;4438;4288;4331
56;3150;3865;4016;4324;4052;3982;3795;3542;3861;3871;3914;4000;3890;3890;4196;4356;4424;4275
57;3337;3151;3865;4000;4318;4032;3968;3807;3522;3853;3863;3909;3979;3883;3879;4178;4350;4418
58;3651;3339;3155;3854;4011;4286;4031;3954;3784;3513;3848;3836;3897;3966;3866;3863;4159;4309
59;3349;3631;3339;3152;3858;4019;4267;4018;3946;3770;3494;3836;3830;3881;3966;3835;3853;4148
60;3433;3341;3624;3328;3135;3851;4015;4257;4005;3917;3755;3488;3815;3817;3870;3951;3812;3847
61;3802;3409;3331;3609;3322;3122;3819;4010;4250;3986;3896;3733;3478;3791;3781;3844;3921;3797
62;3708;3784;3381;3304;3584;3319;3097;3810;3999;4235;3975;3860;3721;3463;3764;3767;3822;3903
63;3980;3706;3753;3344;3274;3561;3296;3074;3783;3989;4205;3957;3838;3699;3436;3740;3735;3796
64;3456;3963;3665;3729;3324;3252;3541;3271;3048;3763;3947;4191;3919;3832;3671;3407;3708;3704
65;3242;3420;3944;3632;3704;3295;3233;3519;3234;3022;3721;3918;4152;3875;3785;3645;3385;3671
66;3429;3216;3385;3932;3609;3675;3277;3213;3492;3207;2989;3714;3890;4132;3854;3755;3603;3359
67;3433;3380;3183;3347;3902;3577;3643;3256;3175;3449;3179;2961;3666;3855;4102;3818;3726;3568
68;3334;3390;3344;3138;3293;3857;3541;3599;3221;3121;3406;3152;2926;3629;3813;4057;3764;3700
69;3152;3266;3333;3290;3085;3251;3807;3507;3559;3175;3084;3369;3113;2890;3597;3774;3998;3716
70;3335;3087;3218;3276;3247;3042;3210;3741;3469;3526;3131;3054;3301;3084;2840;3538;3705;3943
71;3418;3263;3006;3169;3212;3195;2990;3176;3672;3417;3457;3068;2995;3239;3002;2787;3481;3644
72;2902;3329;3196;2935;3107;3165;3113;2934;3118;3605;3353;3401;3019;2938;3199;2958;2747;3416
73;2967;2822;3243;3116;2855;3020;3112;3025;2868;3061;3542;3270;3335;2950;2880;3123;2902;2706
74;2961;2871;2735;3165;3028;2788;2945;3045;2958;2804;2989;3458;3192;3259;2884;2818;3048;2844
75;2895;2876;2755;2660;3059;2944;2696;2863;2939;2891;2723;2914;3377;3123;3168;2819;2748;3007
76;2730;2789;2767;2647;2564;2944;2852;2631;2765;2856;2809;2647;2835;3299;3044;3071;2739;2681
77;2628;2622;2688;2667;2528;2457;2837;2750;2528;2689;2781;2719;2568;2737;3172;2959;2993;2666
78;2425;2521;2482;2572;2542;2414;2353;2710;2642;2453;2583;2678;2613;2475;2639;3059;2848;2904
79;2152;2280;2387;2385;2420;2423;2297;2238;2585;2523;2358;2482;2553;2519;2381;2528;2948;2758
80;2253;2019;2138;2254;2242;2285;2290;2172;2113;2462;2413;2244;2342;2435;2404;2281;2423;2830
81;1906;2067;1860;1986;2080;2104;2165;2136;2052;2005;2306;2287;2121;2211;2302;2286;2171;2308
82;1177;1730;1923;1724;1835;1940;1948;1991;1990;1901;1873;2150;2160;2019;2048;2167;2167;2045
83;823;1073;1546;1774;1561;1677;1747;1756;1812;1838;1756;1732;1975;2016;1875;1933;2017;2030
84;714;746;958;1400;1594;1418;1518;1586;1568;1654;1641;1596;1582;1837;1857;1742;1808;1887
85;826;629;671;861;1248;1427;1288;1362;1419;1427;1516;1471;1453;1430;1663;1693;1584;1686
86;902;727;561;602;751;1095;1275;1143;1226;1269;1271;1360;1325;1313;1256;1498;1516;1434
87;844;793;636;500;500;664;946;1099;1003;1066;1128;1123;1173;1174;1157;1133;1316;1355
88;670;725;667;561;424;434;583;811;955;883;925;982;977;1016;1030;1013;975;1160
89;561;571;597;561;459;373;367;504;702;830;754;779;842;838;855;871;834;847
90;444;473;484;505;459;384;316;311;428;591;684;617;653;716;716;732;737;732
91;334;351;382;382;412;365;300;263;241;355;483;564;505;548;592;587;603;612
92;187;259;272;303;298;326;291;235;205;185;294;373;447;405;422;472;467;481
93;142;151;198;209;222;234;246;226;198;158;154;216;288;342;309;337;360;366
94;91;105;121;156;163;152;177;169;165;150;117;119;165;209;253;238;241;275
95;63;60;75;87;110;120;109;128;111;119;105;91;91;124;155;181;173;173
96;47;45;44;53;58;81;90;74;76;82;99;73;63;67;91;113;126;124
97;31;36;31;26;36;40;54;53;54;55;60;72;55;47;46;64;75;91
98;14;21;21;22;21;27;25;42;37;42;42;35;51;38;28;26;35;50
99;10;11;13;15;19;15;14;19;23;19;30;26;19;31;18;20;15;19
100 e oltre;13;19;20;16;12;23;28;26;26;29;26;32;35;30;33;29;29;21
Totale;282946;283695;284241;284515;284834;285222;285375;285514;285655;285869;285557;285170;284240;283863;283775;283953;283127;281821
Età/Anno;2002;2003;2004;2005;2006;2007;2008;2009;2010;2011;2012;2013;2014;2015;2016;2017;2018;2019
Età;Femmine
0;2254;2457;2358;2394;2406;2441;2472;2579;2410;2307;2333;2305;2160;2194;1955;1983;1880;1712
1;2286;2298;2453;2366;2410;2421;2445;2484;2587;2421;2314;2313;2308;2162;2200;1993;2002;1888
2;2125;2298;2329;2437;2356;2404;2429;2449;2480;2600;2412;2317;2313;2289;2165;2229;2014;2027
3;2162;2146;2337;2342;2446;2358;2399;2426;2456;2490;2586;2419;2311;2306;2325;2193;2224;2025
4;2198;2184;2159;2340;2332;2434;2369;2396;2426;2462;2490;2583;2402;2328;2332;2377;2214;2212
5;2236;2216;2218;2157;2357;2367;2436;2367;2403;2447;2466;2472;2586;2416;2363;2379;2402;2213
6;2257;2251;2223;2240;2177;2374;2369;2426;2358;2410;2449;2460;2468;2612;2424;2398;2404;2414
7;2192;2287;2268;2231;2255;2188;2390;2386;2432;2344;2412;2438;2473;2484;2641;2463;2411;2422
8;2328;2218;2302;2269;2253;2266;2204;2384;2385;2438;2342;2410;2444;2487;2529;2691;2476;2396
9;2447;2342;2246;2322;2285;2269;2291;2207;2388;2392;2436;2338;2417;2458;2517;2566;2695;2478
10;2364;2470;2360;2261;2326;2294;2280;2296;2209;2403;2395;2435;2356;2439;2505;2537;2571;2696
11;2479;2371;2489;2376;2265;2338;2318;2288;2315;2223;2399;2406;2435;2379;2483;2550;2554;2571
12;2441;2488;2376;2497;2393;2287;2345;2318;2292;2321;2225;2409;2408;2444;2405;2518;2569;2550
13;2600;2457;2485;2388;2519;2411;2296;2351;2334;2298;2322;2238;2426;2432;2467;2444;2532;2555
14;2427;2614;2463;2484;2404;2529;2416;2305;2361;2344;2306;2321;2243;2455;2454;2491;2443;2534
15;2511;2437;2619;2470;2482;2417;2529;2423;2321;2369;2343;2304;2326;2259;2475;2474;2502;2434
16;2652;2506;2444;2630;2481;2476;2417;2539;2433;2332;2374;2340;2309;2339;2283;2491;2478;2496
17;2625;2652;2506;2448;2632;2500;2484;2427;2544;2442;2333;2373;2338;2327;2359;2310;2505;2471
18;2826;2639;2675;2517;2458;2638;2515;2501;2439;2567;2460;2349;2416;2382;2360;2408;2341;2551
19;2724;2844;2665;2686;2539;2491;2667;2530;2506;2460;2567;2484;2366;2420;2397;2370;2422;2371
20;2913;2746;2884;2681;2717;2550;2512;2700;2556;2519;2478;2569;2480;2373;2415;2386;2373;2427
21;2973;2929;2761;2904;2713;2742;2557;2528;2719;2566;2533;2501;2575;2477;2384;2429;2405;2382
22;3039;3000;2937;2790;2918;2743;2749;2562;2552;2729;2578;2548;2496;2584;2496;2401;2427;2413
23;3265;3071;3006;2947;2805;2936;2761;2759;2588;2581;2734;2580;2553;2500;2614;2505;2407;2412
24;3372;3274;3101;3038;2976;2835;2959;2777;2783;2600;2586;2741;2596;2561;2513;2628;2499;2405
25;3605;3422;3292;3126;3043;2995;2845;2971;2811;2813;2613;2593;2745;2580;2577;2521;2622;2493
26;3851;3626;3483;3319;3147;3050;3020;2850;3001;2861;2827;2648;2604;2746;2597;2590;2514;2615
27;3917;3872;3647;3503;3362;3165;3067;3037;2861;3019;2849;2843;2634;2607;2754;2599;2560;2501
28;3995;3957;3874;3658;3533;3389;3194;3092;3055;2897;3022;2873;2836;2630;2614;2778;2594;2564
29;4009;4024;3969;3894;3680;3561;3417;3205;3111;3062;2902;3044;2888;2844;2646;2621;2785;2614
30;4026;4029;4043;4015;3921;3708;3565;3451;3222;3131;3066;2911;3055;2893;2868;2665;2622;2829
31;3956;4053;4053;4065;4058;3945;3720;3599;3486;3268;3128;3078;2915;3058;2901;2865;2680;2622
32;4212;4000;4084;4022;4086;4080;3967;3757;3615;3480;3264;3117;3076;2925;3074;2905;2886;2675
33;4210;4251;4036;4089;4056;4076;4131;3985;3779;3639;3487;3284;3132;3074;2950;3075;2919;2898
34;4161;4282;4294;4074;4118;4077;4129;4185;4032;3813;3658;3478;3296;3146;3097;2986;3098;2938
35;4270;4227;4321;4329;4102;4146;4110;4159;4231;4065;3845;3679;3492;3297;3162;3117;2993;3126
36;4460;4330;4272;4354;4347;4145;4193;4173;4193;4269;4091;3865;3684;3502;3298;3180;3141;3011
37;4524;4498;4363;4306;4385;4361;4149;4212;4207;4226;4291;4108;3885;3684;3544;3326;3195;3163
38;4348;4558;4522;4378;4334;4401;4387;4175;4237;4226;4246;4321;4110;3890;3699;3572;3330;3210
39;4201;4387;4592;4548;4395;4353;4406;4429;4178;4259;4241;4251;4335;4146;3927;3712;3587;3335
40;4257;4235;4392;4612;4583;4415;4373;4437;4436;4177;4271;4261;4250;4354;4160;3947;3738;3603
41;4326;4275;4257;4407;4640;4627;4430;4388;4454;4432;4183;4281;4264;4264;4375;4182;3986;3762
42;4108;4339;4298;4277;4432;4677;4662;4449;4384;4458;4435;4191;4275;4268;4280;4395;4196;3982
43;3878;4127;4352;4328;4319;4447;4697;4691;4482;4393;4464;4442;4188;4282;4284;4305;4409;4191
44;3886;3892;4137;4348;4349;4334;4461;4719;4724;4491;4412;4482;4446;4215;4326;4316;4335;4407
45;3855;3920;3901;4147;4353;4357;4349;4485;4744;4760;4501;4424;4486;4467;4233;4340;4333;4357
46;3842;3870;3946;3913;4166;4373;4365;4375;4491;4761;4767;4499;4417;4486;4498;4258;4353;4332
47;3870;3860;3873;3958;3927;4180;4382;4375;4390;4490;4774;4776;4508;4426;4509;4508;4261;4343
48;3763;3881;3862;3878;3961;3930;4205;4400;4378;4414;4487;4771;4763;4501;4446;4518;4509;4273
49;3587;3775;3892;3868;3896;3968;3941;4220;4409;4387;4418;4500;4750;4758;4518;4461;4520;4496
50;3963;3592;3784;3899;3870;3910;3978;3938;4235;4422;4386;4427;4485;4743;4763;4506;4470;4504
51;4019;3947;3600;3795;3910;3869;3924;3989;3931;4243;4419;4385;4425;4484;4766;4766;4498;4472
52;4117;4007;3953;3609;3801;3916;3880;3933;3993;3946;4248;4396;4374;4417;4509;4788;4757;4497
53;4428;4130;4006;3951;3617;3804;3925;3883;3944;4001;3938;4249;4381;4374;4417;4510;4768;4757
54;4066;4448;4138;3991;3961;3617;3819;3933;3897;3940;3991;3944;4250;4359;4384;4429;4526;4760
55;3992;4099;4464;4151;3991;3956;3622;3832;3936;3903;3934;3998;3944;4236;4365;4382;4425;4511
56;3329;4005;4109;4463;4149;3992;3951;3629;3825;3945;3890;3930;3989;3940;4253;4367;4381;4425
57;3565;3331;4019;4113;4471;4157;3975;3947;3630;3833;3946;3882;3928;3978;3938;4250;4361;4374
58;3678;3564;3340;4037;4118;4475;4150;3976;3933;3628;3821;3925;3872;3932;3975;3929;4253;4354
59;3466;3672;3580;3329;4056;4138;4476;4167;3968;3928;3618;3818;3925;3877;3923;3976;3927;4240
60;3605;3468;3676;3587;3316;4059;4150;4487;4165;3956;3919;3602;3814;3926;3862;3931;3957;3923
61;4146;3607;3462;3692;3606;3305;4060;4149;4490;4168;3944;3909;3583;3813;3918;3847;3922;3940
62;4106;4139;3597;3465;3695;3601;3308;4076;4153;4493;4166;3934;3897;3570;3799;3912;3841;3914
63;4182;4113;4131;3590;3450;3682;3590;3299;4070;4158;4490;4154;3924;3888;3566;3795;3890;3826
64;3850;4195;4110;4122;3589;3428;3677;3593;3279;4065;4139;4461;4143;3909;3881;3557;3774;3871
65;3772;3853;4191;4101;4116;3593;3418;3676;3582;3251;4053;4126;4439;4114;3888;3868;3543;3759
66;3874;3738;3858;4199;4080;4094;3568;3406;3662;3572;3235;4024;4098;4424;4092;3864;3856;3519
67;3875;3857;3729;3850;4178;4057;4087;3545;3383;3647;3565;3212;4003;4068;4400;4065;3839;3835
68;3745;3849;3837;3708;3836;4165;4031;4068;3511;3379;3625;3539;3191;3980;4051;4367;4030;3817
69;3636;3715;3837;3820;3684;3814;4135;4010;4049;3481;3339;3609;3517;3163;3941;4034;4327;4014
70;4025;3616;3699;3803;3795;3664;3796;4116;3994;4002;3468;3315;3573;3483;3141;3904;4007;4289
71;4057;4007;3594;3666;3779;3759;3641;3767;4081;3971;3965;3456;3288;3540;3456;3119;3863;3961
72;3681;4014;3984;3551;3622;3755;3721;3603;3737;4060;3950;3926;3421;3249;3485;3431;3088;3824
73;3581;3630;3985;3949;3505;3592;3728;3676;3569;3724;4022;3913;3868;3394;3215;3445;3384;3066
74;3743;3548;3596;3946;3896;3462;3552;3687;3625;3542;3684;3956;3875;3823;3344;3175;3403;3348
75;3737;3704;3502;3546;3907;3827;3403;3481;3639;3574;3498;3619;3909;3845;3770;3307;3133;3358
76;3693;3676;3638;3452;3492;3848;3755;3349;3445;3593;3525;3437;3556;3871;3778;3711;3245;3078
77;3482;3610;3610;3595;3371;3426;3758;3693;3279;3386;3542;3478;3386;3525;3802;3721;3643;3181
78;3551;3397;3550;3538;3498;3321;3356;3680;3604;3226;3331;3487;3407;3344;3449;3723;3648;3570
79;3342;3447;3313;3487;3442;3421;3220;3284;3554;3503;3148;3242;3421;3317;3274;3384;3641;3599
80;3328;3268;3371;3239;3375;3371;3320;3139;3178;3454;3413;3058;3159;3331;3247;3177;3296;3571
81;3039;3204;3161;3250;3135;3269;3279;3205;3049;3059;3347;3318;2945;3085;3241;3159;3092;3199
82;2055;2927;3067;3042;3124;3021;3133;3151;3080;2926;2953;3219;3205;2825;2956;3120;3033;2988
83;1285;1950;2809;2913;2901;2967;2904;2991;3010;2948;2805;2836;3100;3083;2672;2828;2982;2909
84;1243;1232;1817;2650;2742;2744;2803;2742;2849;2840;2793;2687;2680;2948;2931;2575;2709;2841
85;1419;1160;1145;1704;2475;2567;2587;2602;2579;2699;2664;2628;2556;2513;2772;2745;2429;2554
86;1646;1318;1072;1069;1555;2290;2379;2386;2397;2378;2498;2491;2470;2405;2349;2566;2538;2294
87;1604;1509;1202;992;934;1417;2091;2174;2177;2194;2184;2296;2300;2276;2190;2168;2374;2344
88;1386;1414;1343;1102;905;839;1279;1866;1953;1963;2005;1975;2077;2095;2066;2005;1967;2165
89;1192;1202;1202;1196;956;791;733;1134;1663;1751;1721;1792;1801;1862;1850;1888;1786;1763
90;926;1050;1042;1047;1033;830;699;624;1008;1452;1530;1510;1573;1604;1647;1649;1666;1617
91;785;779;870;904;906;891;700;595;553;879;1258;1319;1297;1347;1369;1433;1396;1458
92;565;628;632;743;752;747;743;576;508;475;739;1034;1117;1097;1128;1177;1203;1179
93;449;451;489;518;602;629;620;621;467;434;399;593;871;922;891;906;972;1016
94;277;345;353;399;409;477;497;491;499;395;361;312;485;715;730;712;703;805
95;231;215;269;260;318;325;365;369;394;414;320;297;245;389;551;571;558;558
96;150;169;150;198;200;233;252;258;279;316;330;237;243;204;293;418;443;429
97;91;108;120;103;140;151;176;187;210;208;242;243;167;177;151;222;307;311
98;68;61;80;85;62;109;117;131;143;143;151;175;187;135;127;120;162;230
99;52;51;48;54;52;41;73;79;89;93;118;101;126;132;83;91;84;120
100 e oltre;48;67;62;75;71;83;90;115;116;159;171;196;182;225;223;202;173;165
Totale;300958;301971;302615;303179;303546;303968;304268;304535;304552;304576;303916;303043;301911;301106;300270;299751;298189;296497

"Ricostruzione della popolazione intercensuaria - Popolazione al 1° gennaio per età"
"Cittadinanza straniera - Provincia: Perugia"
Età/Anno;2002;2003;2004;2005;2006;2007;2008;2009;2010;2011;2012;2013;2014;2015;2016;2017;2018;2019
Età;Totale
0;423;529;548;910;952;946;992;1150;1065;1124;1165;1191;1151;986;942;800;782;771
1;439;450;551;604;891;941;1000;1026;1159;1070;1122;1206;1175;1110;952;886;762;753
2;388;480;488;565;645;883;982;1019;1031;1154;1055;1156;1208;1114;1029;882;834;752
3;317;402;502;518;617;670;903;1038;1044;1033;1156;1078;1140;1133;1047;939;810;811
4;283;345;439;535;569;627;724;927;1057;1029;1039;1188;1065;1080;1068;949;864;806
5;287;321;380;488;606;600;696;794;932;1060;1037;1071;1173;1025;1001;969;874;840
6;290;321;365;413;551;647;691;763;827;926;1082;1057;1054;1122;945;904;920;862
7;249;341;350;395;481;580;744;736;813;861;912;1086;1034;1010;1023;832;845;892
8;260;294;386;385;478;504;648;801;781;827;885;930;1058;973;924;903;776;839
9;290;292;348;449;469;509;589;708;857;813;857;909;922;984;890;821;832;766
10;241;327;320;387;531;502;612;660;752;888;839;888;879;868;904;799;781;816
11;260;286;363;390;457;562;601;695;697;787;938;860;866;811;793;816;743;775
12;263;278;313;423;459;493;653;657;749;729;822;957;840;804;755;712;769;745
13;225;278;310;378;505;489;566;729;718;778;754;821;923;779;744;669;667;757
14;247;256;308;362;451;553;575;644;786;745;825;790;796;872;716;684;652;679
15;234;256;268;362;435;475;628;644;700;829;771;850;774;756;814;647;671;660
16;227;233;270;316;415;472;555;696;702;745;870;785;841;737;713;743;617;685
17;255;233;259;308;384;452;543;632;755;739;779;886;779;796;717;652;716;642
18;271;280;270;386;420;444;563;623;703;822;782;786;846;697;734;636;591;642
19;279;280;357;319;438;478;594;706;763;811;911;826;802;844;713;766;722;639
20;268;305;387;443;384;462;687;797;849;889;895;965;864;828;876;769;866;817
21;330;301;448;526;513;433;694;907;915;1017;997;951;1009;864;862;909;853;916
22;364;386;483;569;598;596;716;943;1078;1083;1099;1073;1010;1008;880;877;995;920
23;415;431;633;646;654;669;850;975;1121;1232;1203;1188;1130;1028;1002;903;914;1038
24;455;464;698;809;730;701;911;1103;1139;1294;1319;1281;1268;1128;1006;1011;940;961
25;499;536;726;907;894;814;971;1195;1219;1299;1361;1403;1368;1244;1121;1024;1095;986
26;550;582;815;929;1024;992;1106;1242;1311;1363;1343;1452;1489;1352;1218;1151;1051;1144
27;578;636;905;998;1025;1111;1290;1341;1375;1433;1436;1444;1501;1450;1331;1216;1241;1094
28;612;687;951;1114;1136;1085;1368;1528;1430;1471;1477;1522;1503;1459;1427;1352;1277;1277
29;649;707;1011;1152;1217;1205;1360;1557;1601;1503;1512;1545;1534;1471;1426;1423;1355;1321
30;677;768;1018;1245;1301;1292;1465;1558;1618;1664;1546;1559;1597;1501;1435;1440;1419;1403
31;703;748;1031;1198;1361;1359;1518;1597;1599;1709;1666;1594;1578;1555;1497;1445;1460;1462
32;678;761;1023;1183;1288;1367;1537;1675;1641;1630;1666;1712;1608;1542;1534;1484;1408;1492
33;649;729;963;1135;1227;1287;1508;1629;1664;1645;1586;1716;1726;1576;1505;1521;1462;1416
34;663;706;922;1072;1187;1242;1418;1594;1622;1651;1605;1609;1703;1688;1528;1468;1501;1490
35;604;701;917;1007;1104;1180;1397;1477;1596;1617;1595;1658;1618;1643;1638;1513;1424;1494
36;585;630;883;1019;1054;1115;1342;1468;1495;1600;1609;1614;1657;1572;1602;1575;1477;1420
37;590;615;790;1022;1081;1063;1299;1425;1479;1523;1598;1634;1628;1601;1531;1548;1522;1483
38;560;628;748;893;1065;1106;1240;1390;1481;1484;1521;1618;1642;1585;1580;1467;1488;1532
39;552;594;790;846;972;1067;1256;1326;1448;1515;1490;1559;1616;1605;1524;1528;1403;1501
40;436;558;792;868;878;987;1235;1355;1374;1459;1473;1496;1558;1561;1526;1456;1474;1429
41;438;468;701;890;919;888;1101;1356;1438;1405;1439;1491;1499;1494;1501;1444;1378;1474
42;425;472;608;779;944;919;1001;1141;1408;1461;1389;1456;1473;1412;1419;1433;1383;1364
43;360;422;616;681;796;936;1025;1040;1137;1428;1456;1410;1465;1436;1335;1364;1355;1371
44;334;361;548;692;704;801;1042;1088;1036;1136;1406;1473;1399;1431;1375;1291;1306;1361
45;332;346;498;606;714;704;914;1114;1113;1058;1136;1429;1480;1355;1395;1295;1260;1301
46;273;350;448;563;613;729;780;964;1121;1108;1044;1159;1432;1416;1278;1329;1262;1257
47;237;288;460;504;581;606;847;865;979;1146;1112;1044;1144;1395;1355;1234;1284;1253
48;251;250;381;528;512;571;713;913;905;989;1137;1140;1066;1100;1330;1297;1162;1267
49;217;265;330;422;535;517;690;780;935;919;985;1137;1117;1007;1058;1296;1245;1165
50;203;230;327;369;433;540;591;772;805;951;940;1011;1137;1069;960;1015;1242;1258
51;199;208;283;375;387;439;590;651;788;820;947;963;1012;1073;1012;931;982;1248
52;152;206;274;310;383;389;502;644;690;825;824;979;970;965;1017;981;916;973
53;170;162;250;311;320;386;444;571;681;715;825;843;995;932;942;989;952;915
54;117;182;219;282;324;323;425;502;590;689;707;839;848;968;882;899;943;964
55;132;141;232;244;292;309;359;465;520;613;698;729;838;829;922;878;858;931
56;99;130;169;244;269;305;350;403;491;526;631;703;737;808;793;887;844;883
57;110;109;156;196;254;282;334;379;434;492;523;637;695;703;770;758;835;833
58;123;120;133;166;215;260;296;366;395;442;487;543;643;671;689;745;734;845
59;100;135;138;152;180;216;265;320;380;397;442;493;540;631;641;669;713;740
60;78;110;144;142;151;188;229;285;342;384;409;459;490;517;614;630;647;710
61;84;92;128;153;148;152;193;254;299;347;375;419;459;490;509;598;605;657
62;84;88;97;137;165;145;156;212;270;298;355;379;418;441;482;491;580;601
63;90;89;96;110;146;166;153;180;230;262;301;355;374;391;436;482;456;575
64;74;99;108;108;118;148;175;169;195;242;263;307;351;365;370;442;487;470
65;72;83;106;110;115;118;156;201;192;200;242;271;309;332;360;370;434;488
66;56;78;96;113;119;117;123;171;209;201;202;247;261;312;332;357;377;438
67;74;59;80;101;107;118;123;139;179;210;216;208;251;254;298;327;349;382
68;55;80;58;88;109;109;115;130;151;180;214;227;212;245;243;293;328;359
69;48;57;75;76;94;108;106;121;140;156;180;219;221;207;236;234;297;330
70;50;51;56;88;77;91;108;122;125;137;157;185;214;213;194;228;234;291
71;55;46;60;57;76;74;96;113;131;136;147;158;186;202;200;191;221;231
72;31;56;50;63;63;74;69;112;117;133;142;141;148;176;192;195;186;220
73;30;35;57;52;67;61;72;68;111;117;132;142;145;149;171;182;183;182
74;29;31;38;59;54;66;64;74;68;109;118;135;144;141;142;169;175;186
75;32;30;32;40;53;49;66;70;80;69;111;118;137;136;136;138;162;173
76;31;39;35;32;39;52;50;59;70;80;72;107;117;121;130;130;135;158
77;30;26;40;37;30;37;51;46;62;66;81;72;98;110;115;128;124;126
78;22;29;24;38;37;29;37;47;44;61;70;76;73;95;100;114;120;117
79;28;23;30;29;41;37;27;36;47;40;60;72;69;73;87;97;107;112
80;20;29;23;27;30;38;37;26;40;47;41;58;70;68;66;81;81;105
81;24;23;27;27;28;29;34;35;30;39;44;37;56;67;63;58;77;83
82;12;21;25;24;25;30;30;33;38;26;35;40;32;53;60;55;53;72
83;7;14;20;23;23;22;23;24;25;32;25;35;36;29;52;52;48;52
84;7;11;16;25;23;20;23;22;22;25;30;26;31;34;29;42;45;48
85;8;7;13;16;24;21;18;20;20;21;24;27;20;27;34;27;37;43
86;3;8;9;12;11;17;22;18;19;19;20;25;26;20;23;31;22;31
87;12;1;9;8;9;11;16;20;19;17;19;20;24;20;20;23;26;22
88;7;12;3;6;6;6;9;7;21;14;15;16;19;23;16;18;18;23
89;5;7;9;3;4;6;6;7;10;16;12;15;13;17;22;12;13;18
90;0;7;7;8;1;4;4;2;7;11;19;11;15;12;15;19;9;13
91;4;0;7;7;7;1;4;5;3;7;9;17;11;14;11;10;17;7
92;1;4;1;6;7;7;1;3;5;2;6;10;14;8;12;12;11;15
93;1;1;5;1;6;7;6;1;2;2;1;6;10;11;7;10;8;9
94;0;1;2;6;1;6;4;5;1;2;1;1;4;10;10;7;6;8
95;0;0;0;2;7;0;5;3;4;1;2;1;0;5;9;8;8;4
96;1;0;0;0;1;4;0;2;1;1;0;1;1;0;5;6;7;7
97;0;1;1;0;0;1;3;0;1;1;1;0;2;1;0;4;3;7
98;0;0;1;1;0;0;1;2;0;0;1;1;0;2;1;0;3;2
99;0;0;0;0;2;0;0;1;2;0;0;0;1;0;2;1;0;3
100 e oltre;0;0;0;0;0;2;2;2;2;2;1;2;2;2;1;2;2;2
Totale;22582;25148;32688;38623;42846;45251;53713;60911;65126;68684;70879;74039;75487;73850;71952;70098;69208;70511
Età/Anno;2002;2003;2004;2005;2006;2007;2008;2009;2010;2011;2012;2013;2014;2015;2016;2017;2018;2019
Età;Maschi
0;237;272;293;469;503;527;521;610;581;590;616;602;597;514;480;440;394;410
1;221;256;294;323;451;499;553;549;612;577;578;641;587;578;499;454;416;390
2;210;241;277;300;348;442;512;552;554;607;576;595;640;554;531;461;423;412
3;165;216;255;297;326;355;463;543;575;554;614;576;593;591;518;485;428;415
4;148;175;235;275;330;337;377;491;561;569;558;629;570;566;555;473;444;420
5;159;165;192;266;311;340;375;420;501;566;564;576;620;549;525;500;428;437
6;152;168;189;212;302;336;387;414;440;500;563;566;567;590;509;478;484;420
7;124;171;186;202;246;321;381;405;451;456;485;563;553;549;536;445;449;469
8;128;142;199;205;252;264;348;414;430;466;468;483;547;517;510;468;411;445
9;155;136;165;237;235;268;302;384;438;443;489;471;478;507;475;454;433;408
10;138;165;155;184;279;252;319;346;411;453;450;503;460;454;468;427;428;419
11;128;162;191;202;216;289;301;363;364;424;482;460;488;431;412;422;394;418
12;156;139;173;221;242;236;343;338;384;395;444;495;446;450;395;370;398;395
13;125;160;158;200;270;250;271;393;369;398;411;444;477;419;418;350;347;395
14;128;135;163;181;239;300;292;306;420;374;417;431;427;455;395;380;347;353
15;135;124;135;184;217;239;343;322;334;446;391;425;426;412;420;355;365;350
16;126;136;135;160;213;246;286;376;352;360;465;398;418;410;393;380;335;378
17;140;125;147;159;191;231;280;329;406;371;384;473;395;390;407;362;373;358
18;155;154;143;206;224;229;288;319;371;449;387;377;445;352;360;377;337;339
19;151;163;202;166;222;246;305;359;388;398;464;401;385;436;368;396;453;385
20;119;147;229;256;192;215;348;381;412;431;427;487;430;385;445;405;485;531
21;145;126;216;314;264;199;320;446;425;475;472;458;499;419;412;469;476;521
22;164;156;203;276;329;277;328;420;510;483;505;502;468;488;429;443;545;512
23;182;194;271;269;301;351;374;438;495;564;529;541;528;469;488;444;495;576
24;203;190;298;370;288;318;447;503;505;569;589;553;565;523;460;500;484;517
25;184;222;306;418;392;325;429;563;531;570;601;630;585;545;519;485;574;530
26;214;212;355;384;458;438;445;542;596;584;582;649;674;573;541;539;514;608
27;244;248;349;444;407;490;552;562;596;646;619;621;667;655;570;547;624;550
28;251;284;374;437;482;416;581;665;589;633;653;666;654;638;636;588;590;658
29;281;296;438;485;476;532;537;666;708;606;649;700;667;638;609;637;608;634
30;310;342;435;580;548;503;682;645;694;729;648;686;734;658;633;620;656;648
31;336;336;450;549;632;571;618;756;671;741;715;683;696;709;655;639;646;678
32;318;367;458;532;592;633;634;683;784;685;741;737;695;692;693;640;638;681
33;342;357;483;518;571;602;710;692;669;778;660;770;746;675;677;683;640;655
34;326;372;441;529;540;564;659;740;693;655;747;681;768;746;657;670;679;670
35;322;361;472;479;556;536;640;686;741;687;649;782;693;737;727;659;649;687
36;289;345;451;526;505;561;621;677;680;740;682;676;777;686;728;694;642;660
37;315;313;421;537;548;516;632;636;667;695;735;697;700;743;666;688;679;650
38;278;347;360;466;558;558;592;661;646;652;687;747;703;677;736;621;666;694
39;284;297;421;409;517;561;608;605;673;655;649;710;733;684;653;708;591;691
40;207;291;380;458;430;522;618;649;617;656;622;655;715;712;642;611;684;608
41;209;234;339;439;490;437;552;661;667;608;635;619;651;675;684;596;575;691
42;226;237;283;383;464;483;475;547;655;659;570;630;613;602;650;652;562;576
43;188;235;270;305;385;454;511;485;517;615;616;573;631;588;560;612;604;558
44;169;194;279;300;316;377;475;520;457;483;582;623;561;618;563;533;570;602
45;168;181;231;297;308;317;410;484;510;451;467;590;614;534;598;520;513;565
46;137;173;209;257;297;317;335;423;478;483;423;474;579;568;500;555;505;502
47;120;149;202;229;271;289;343;344;403;465;463;424;457;555;533;468;535;512
48;119;125;172;225;238;272;316;361;348;391;454;466;429;427;526;498;431;541
49;102;128;139;186;230;239;299;330;361;332;373;443;434;389;395;502;468;435
50;82;112;139;151;191;232;246;303;322;360;339;378;436;401;351;367;463;481
51;97;93;120;152;154;194;246;252;283;314;360;351;370;394;368;333;357;469
52;63;101;102;135;159;154;207;264;254;289;316;367;351;352;352;350;329;360
53;74;74;109;114;134;163;168;221;257;261;286;313;359;328;340;331;345;329
54;53;80;86;119;118;132;176;184;216;260;254;283;301;335;303;318;311;350
55;52;66;90;89;120;112;143;176;185;213;257;251;273;296;306;302;309;306
56;50;55;71;95;99;122;123;144;178;179;219;252;242;261;276;290;295;320
57;50;56;61;80;99;107;135;130;148;175;172;214;251;224;234;267;267;291
58;46;58;65;62;88;99;109;143;123;142;171;170;206;230;206;220;250;271
59;32;51;66;73;67;94;99;111;143;129;142;167;166;205;210;197;205;247
60;36;34;53;65;72;71;96;101;112;141;132;138;159;149;187;201;197;201
61;34;42;42;53;64;73;73;103;104;110;137;129;139;162;147;174;189;198
62;28;39;45;49;63;61;76;81;102;104;120;135;122;132;158;139;174;185
63;41;32;42;51;52;66;61;83;82;99;101;120;131;115;126;157;136;170
64;27;47;38;48;57;54;68;73;87;83;103;102;119;128;110;124;153;134
65;25;30;50;39;52;57;59;75;80;86;82;105;109;110;126;113;124;156
66;27;28;31;51;48;57;60;60;81;85;85;83;101;112;112;121;114;130
67;28;27;33;32;47;49;56;67;63;84;87;87;83;95;102;113;126;120
68;23;34;28;37;39;50;50;63;71;65;86;91;82;76;90;105;112;129
69;22;25;33;37;39;37;51;53;69;71;67;88;82;80;68;91;106;109
70;19;23;23;42;39;37;35;60;52;64;70;69;89;84;78;69;92;105
71;23;19;30;24;36;39;42;37;67;57;67;68;70;83;77;78;67;84
72;16;24;26;31;25;35;36;49;38;70;62;65;63;71;76;77;72;71
73;9;19;24;23;34;24;33;37;49;37;68;59;68;60;69;70;72;72
74;13;12;18;23;26;31;25;37;37;50;36;69;53;65;56;66;67;76
75;17;16;14;21;20;24;29;26;40;36;52;35;66;52;62;56;63;65
76;11;21;20;16;19;20;25;23;27;40;37;49;39;52;48;59;56;63
77;12;13;20;19;16;17;22;23;24;28;40;35;46;35;47;47;56;51
78;7;12;11;19;20;16;18;19;22;25;30;34;35;43;34;46;45;54
79;10;8;11;12;21;20;14;15;19;19;23;29;32;32;42;30;42;42
80;5;11;8;8;15;20;20;13;16;19;19;22;29;32;28;35;23;43
81;8;4;11;5;8;16;20;18;15;17;19;19;20;26;28;24;34;25
82;8;5;4;10;4;8;15;20;19;12;16;16;16;22;22;23;22;32
83;2;10;2;3;10;3;4;11;14;15;11;17;13;14;22;16;17;23
84;3;3;10;5;4;9;3;4;9;12;14;11;16;10;14;19;15;19
85;4;3;4;10;3;4;8;4;4;8;10;12;9;15;10;11;15;14
86;2;4;3;4;7;2;4;7;4;5;8;11;11;9;12;9;6;13
87;3;1;4;1;1;7;2;4;7;4;5;6;9;10;9;11;7;5
88;2;4;2;2;0;1;6;0;5;6;4;5;5;9;8;8;8;6
89;1;3;4;2;2;0;1;5;0;3;6;5;4;5;9;7;6;8
90;0;3;2;3;1;2;0;1;5;2;4;5;5;3;5;9;4;6
91;1;0;3;2;2;1;3;0;1;5;2;4;6;4;3;3;6;3
92;0;2;0;1;2;2;1;2;0;1;5;3;4;3;4;6;3;5
93;0;0;3;0;2;2;2;1;1;0;0;5;3;4;2;2;4;2
94;0;0;1;3;0;1;1;2;1;1;0;0;3;2;3;2;2;4
95;0;0;0;1;3;0;1;1;1;1;1;0;0;3;2;1;2;1
96;0;0;0;0;1;0;0;1;0;0;0;0;0;0;3;0;0;2
97;0;0;0;0;0;1;0;0;0;0;0;0;0;0;0;3;0;0
98;0;0;0;0;0;0;1;0;0;0;0;0;0;0;0;0;3;0
99;0;0;0;0;1;0;0;1;0;0;0;0;0;0;0;0;0;3
100 e oltre;0;0;0;0;0;1;1;1;2;0;0;0;0;0;0;0;0;0
Totale;10899;12168;15384;18328;20286;21407;25012;28113;29679;30904;31675;33059;33581;32665;31704;30803;30786;31810
Età/Anno;2002;2003;2004;2005;2006;2007;2008;2009;2010;2011;2012;2013;2014;2015;2016;2017;2018;2019
Età;Femmine
0;186;257;255;441;449;419;471;540;484;534;549;589;554;472;462;360;388;361
1;218;194;257;281;440;442;447;477;547;493;544;565;588;532;453;432;346;363
2;178;239;211;265;297;441;470;467;477;547;479;561;568;560;498;421;411;340
3;152;186;247;221;291;315;440;495;469;479;542;502;547;542;529;454;382;396
4;135;170;204;260;239;290;347;436;496;460;481;559;495;514;513;476;420;386
5;128;156;188;222;295;260;321;374;431;494;473;495;553;476;476;469;446;403
6;138;153;176;201;249;311;304;349;387;426;519;491;487;532;436;426;436;442
7;125;170;164;193;235;259;363;331;362;405;427;523;481;461;487;387;396;423
8;132;152;187;180;226;240;300;387;351;361;417;447;511;456;414;435;365;394
9;135;156;183;212;234;241;287;324;419;370;368;438;444;477;415;367;399;358
10;103;162;165;203;252;250;293;314;341;435;389;385;419;414;436;372;353;397
11;132;124;172;188;241;273;300;332;333;363;456;400;378;380;381;394;349;357
12;107;139;140;202;217;257;310;319;365;334;378;462;394;354;360;342;371;350
13;100;118;152;178;235;239;295;336;349;380;343;377;446;360;326;319;320;362
14;119;121;145;181;212;253;283;338;366;371;408;359;369;417;321;304;305;326
15;99;132;133;178;218;236;285;322;366;383;380;425;348;344;394;292;306;310
16;101;97;135;156;202;226;269;320;350;385;405;387;423;327;320;363;282;307
17;115;108;112;149;193;221;263;303;349;368;395;413;384;406;310;290;343;284
18;116;126;127;180;196;215;275;304;332;373;395;409;401;345;374;259;254;303
19;128;117;155;153;216;232;289;347;375;413;447;425;417;408;345;370;269;254
20;149;158;158;187;192;247;339;416;437;458;468;478;434;443;431;364;381;286
21;185;175;232;212;249;234;374;461;490;542;525;493;510;445;450;440;377;395
22;200;230;280;293;269;319;388;523;568;600;594;571;542;520;451;434;450;408
23;233;237;362;377;353;318;476;537;626;668;674;647;602;559;514;459;419;462
24;252;274;400;439;442;383;464;600;634;725;730;728;703;605;546;511;456;444
25;315;314;420;489;502;489;542;632;688;729;760;773;783;699;602;539;521;456
26;336;370;460;545;566;554;661;700;715;779;761;803;815;779;677;612;537;536
27;334;388;556;554;618;621;738;779;779;787;817;823;834;795;761;669;617;544
28;361;403;577;677;654;669;787;863;841;838;824;856;849;821;791;764;687;619
29;368;411;573;667;741;673;823;891;893;897;863;845;867;833;817;786;747;687
30;367;426;583;665;753;789;783;913;924;935;898;873;863;843;802;820;763;755
31;367;412;581;649;729;788;900;841;928;968;951;911;882;846;842;806;814;784
32;360;394;565;651;696;734;903;992;857;945;925;975;913;850;841;844;770;811
33;307;372;480;617;656;685;798;937;995;867;926;946;980;901;828;838;822;761
34;337;334;481;543;647;678;759;854;929;996;858;928;935;942;871;798;822;820
35;282;340;445;528;548;644;757;791;855;930;946;876;925;906;911;854;775;807
36;296;285;432;493;549;554;721;791;815;860;927;938;880;886;874;881;835;760
37;275;302;369;485;533;547;667;789;812;828;863;937;928;858;865;860;843;833
38;282;281;388;427;507;548;648;729;835;832;834;871;939;908;844;846;822;838
39;268;297;369;437;455;506;648;721;775;860;841;849;883;921;871;820;812;810
40;229;267;412;410;448;465;617;706;757;803;851;841;843;849;884;845;790;821
41;229;234;362;451;429;451;549;695;771;797;804;872;848;819;817;848;803;783
42;199;235;325;396;480;436;526;594;753;802;819;826;860;810;769;781;821;788
43;172;187;346;376;411;482;514;555;620;813;840;837;834;848;775;752;751;813
44;165;167;269;392;388;424;567;568;579;653;824;850;838;813;812;758;736;759
45;164;165;267;309;406;387;504;630;603;607;669;839;866;821;797;775;747;736
46;136;177;239;306;316;412;445;541;643;625;621;685;853;848;778;774;757;755
47;117;139;258;275;310;317;504;521;576;681;649;620;687;840;822;766;749;741
48;132;125;209;303;274;299;397;552;557;598;683;674;637;673;804;799;731;726
49;115;137;191;236;305;278;391;450;574;587;612;694;683;618;663;794;777;730
50;121;118;188;218;242;308;345;469;483;591;601;633;701;668;609;648;779;777
51;102;115;163;223;233;245;344;399;505;506;587;612;642;679;644;598;625;779
52;89;105;172;175;224;235;295;380;436;536;508;612;619;613;665;631;587;613
53;96;88;141;197;186;223;276;350;424;454;539;530;636;604;602;658;607;586
54;64;102;133;163;206;191;249;318;374;429;453;556;547;633;579;581;632;614
55;80;75;142;155;172;197;216;289;335;400;441;478;565;533;616;576;549;625
56;49;75;98;149;170;183;227;259;313;347;412;451;495;547;517;597;549;563
57;60;53;95;116;155;175;199;249;286;317;351;423;444;479;536;491;568;542
58;77;62;68;104;127;161;187;223;272;300;316;373;437;441;483;525;484;574
59;68;84;72;79;113;122;166;209;237;268;300;326;374;426;431;472;508;493
60;42;76;91;77;79;117;133;184;230;243;277;321;331;368;427;429;450;509
61;50;50;86;100;84;79;120;151;195;237;238;290;320;328;362;424;416;459
62;56;49;52;88;102;84;80;131;168;194;235;244;296;309;324;352;406;416
63;49;57;54;59;94;100;92;97;148;163;200;235;243;276;310;325;320;405
64;47;52;70;60;61;94;107;96;108;159;160;205;232;237;260;318;334;336
65;47;53;56;71;63;61;97;126;112;114;160;166;200;222;234;257;310;332
66;29;50;65;62;71;60;63;111;128;116;117;164;160;200;220;236;263;308
67;46;32;47;69;60;69;67;72;116;126;129;121;168;159;196;214;223;262
68;32;46;30;51;70;59;65;67;80;115;128;136;130;169;153;188;216;230
69;26;32;42;39;55;71;55;68;71;85;113;131;139;127;168;143;191;221
70;31;28;33;46;38;54;73;62;73;73;87;116;125;129;116;159;142;186
71;32;27;30;33;40;35;54;76;64;79;80;90;116;119;123;113;154;147
72;15;32;24;32;38;39;33;63;79;63;80;76;85;105;116;118;114;149
73;21;16;33;29;33;37;39;31;62;80;64;83;77;89;102;112;111;110
74;16;19;20;36;28;35;39;37;31;59;82;66;91;76;86;103;108;110
75;15;14;18;19;33;25;37;44;40;33;59;83;71;84;74;82;99;108
76;20;18;15;16;20;32;25;36;43;40;35;58;78;69;82;71;79;95
77;18;13;20;18;14;20;29;23;38;38;41;37;52;75;68;81;68;75
78;15;17;13;19;17;13;19;28;22;36;40;42;38;52;66;68;75;63
79;18;15;19;17;20;17;13;21;28;21;37;43;37;41;45;67;65;70
80;15;18;15;19;15;18;17;13;24;28;22;36;41;36;38;46;58;62
81;16;19;16;22;20;13;14;17;15;22;25;18;36;41;35;34;43;58
82;4;16;21;14;21;22;15;13;19;14;19;24;16;31;38;32;31;40
83;5;4;18;20;13;19;19;13;11;17;14;18;23;15;30;36;31;29
84;4;8;6;20;19;11;20;18;13;13;16;15;15;24;15;23;30;29
85;4;4;9;6;21;17;10;16;16;13;14;15;11;12;24;16;22;29
86;1;4;6;8;4;15;18;11;15;14;12;14;15;11;11;22;16;18
87;9;0;5;7;8;4;14;16;12;13;14;14;15;10;11;12;19;17
88;5;8;1;4;6;5;3;7;16;8;11;11;14;14;8;10;10;17
89;4;4;5;1;2;6;5;2;10;13;6;10;9;12;13;5;7;10
90;0;4;5;5;0;2;4;1;2;9;15;6;10;9;10;10;5;7
91;3;0;4;5;5;0;1;5;2;2;7;13;5;10;8;7;11;4
92;1;2;1;5;5;5;0;1;5;1;1;7;10;5;8;6;8;10
93;1;1;2;1;4;5;4;0;1;2;1;1;7;7;5;8;4;7
94;0;1;1;3;1;5;3;3;0;1;1;1;1;8;7;5;4;4
95;0;0;0;1;4;0;4;2;3;0;1;1;0;2;7;7;6;3
96;1;0;0;0;0;4;0;1;1;1;0;1;1;0;2;6;7;5
97;0;1;1;0;0;0;3;0;1;1;1;0;2;1;0;1;3;7
98;0;0;1;1;0;0;0;2;0;0;1;1;0;2;1;0;0;2
99;0;0;0;0;1;0;0;0;2;0;0;0;1;0;2;1;0;0
100 e oltre;0;0;0;0;0;1;1;1;0;2;1;2;2;2;1;2;2;2
Totale;11683;12980;17304;20295;22560;23844;28701;32798;35447;37780;39204;40980;41906;41185;40248;39295;38422;38701
