"Popolazione per età, vista per singola area - Provincia: Vicenza"

"Ricostruzione della popolazione intercensuaria - Popolazione al 1° gennaio per età"
"Tutte le cittadinanze - Provincia: Vicenza"
Età/Anno;2002;2003;2004;2005;2006;2007;2008;2009;2010;2011;2012;2013;2014;2015;2016;2017;2018;2019
Età;Totale
0;8256;8567;8421;9154;8935;8927;8922;9048;8779;8582;8202;8152;7634;7523;7083;6725;6521;6351
1;8337;8349;8649;8552;9135;8980;8938;8956;9004;8768;8542;8203;8123;7624;7516;7111;6739;6587
2;8179;8475;8449;8741;8650;9158;9024;9007;8980;8946;8767;8518;8206;8037;7588;7464;7110;6759
3;8057;8246;8543;8541;8806;8689;9158;9052;8982;8933;8929;8768;8497;8168;7968;7550;7455;7108
4;8132;8141;8307;8656;8614;8831;8712;9170;9026;8964;8869;8966;8743;8441;8131;7912;7497;7450
5;7952;8246;8232;8414;8706;8658;8862;8762;9162;9014;8885;8888;8945;8692;8380;8056;7867;7494
6;7698;8035;8349;8355;8506;8765;8696;8882;8733;9117;8973;8899;8819;8906;8654;8279;8006;7875
7;7555;7795;8124;8471;8476;8533;8818;8768;8881;8739;9090;8968;8877;8792;8825;8558;8239;7978
8;7871;7664;7878;8222;8557;8540;8614;8889;8780;8863;8732;9082;8934;8841;8741;8757;8505;8228
9;8001;7978;7772;7962;8334;8615;8591;8694;8871;8739;8848;8748;9087;8895;8749;8653;8690;8508
10;7753;8058;8049;7909;8037;8377;8672;8665;8718;8892;8734;8853;8730;9056;8829;8679;8600;8665
11;7779;7861;8154;8169;8013;8096;8446;8769;8728;8714;8893;8746;8812;8671;9004;8784;8634;8576
12;7719;7854;7930;8240;8279;8082;8165;8533;8825;8734;8723;8917;8721;8783;8598;8942;8739;8608
13;7615;7821;7919;8034;8337;8342;8158;8282;8569;8889;8741;8721;8895;8705;8740;8533;8913;8722
14;7045;7702;7869;8004;8109;8434;8400;8269;8312;8580;8917;8768;8717;8887;8684;8721;8516;8920
15;7250;7106;7776;7958;8111;8171;8500;8513;8331;8331;8628;8938;8757;8698;8865;8651;8714;8534
16;7596;7330;7173;7898;8119;8192;8205;8603;8571;8379;8391;8668;8929;8736;8662;8824;8636;8721
17;7616;7686;7414;7323;8015;8213;8275;8306;8699;8613;8426;8407;8692;8911;8726;8632;8829;8632
18;7637;7732;7790;7570;7510;8147;8319;8453;8431;8801;8683;8506;8431;8685;8930;8737;8683;8875
19;7922;7704;7840;7910;7677;7611;8254;8479;8541;8489;8869;8745;8521;8460;8704;8980;8796;8752
20;8280;8017;7861;8017;8042;7774;7789;8434;8566;8615;8526;8938;8754;8531;8498;8726;9033;8894
21;8540;8442;8278;8078;8151;8149;7995;8006;8540;8678;8675;8596;8952;8752;8552;8552;8782;9143
22;8791;8671;8686;8580;8211;8258;8332;8221;8121;8649;8788;8754;8635;8996;8792;8571;8628;8864
23;9655;9019;9014;8988;8770;8359;8498;8613;8379;8211;8748;8845;8846;8659;8966;8858;8621;8711
24;10310;9946;9429;9360;9149;8872;8587;8797;8706;8500;8339;8844;8938;8858;8674;8992;8873;8684
25;10763;10594;10364;9861;9523;9239;9145;8849;8938;8841;8598;8445;8902;8953;8898;8726;9007;8919
26;11627;11042;11066;10789;10026;9677;9477;9430;8932;9035;8878;8702;8481;8938;8934;8960;8722;9072
27;12778;11946;11577;11504;10978;10128;9869;9775;9497;9029;9105;8922;8766;8476;8939;8967;8958;8769
28;12820;13087;12449;12037;11701;11065;10381;10194;9792;9622;9118;9133;9006;8760;8511;8948;8943;9020
29;13197;13062;13521;12907;12202;11837;11304;10646;10238;9837;9577;9153;9186;9008;8707;8470;9003;9037
30;13674;13503;13560;13966;13105;12308;12061;11601;10711;10280;9878;9670;9197;9147;9034;8704;8533;9079
31;13682;13942;13939;13882;14057;13130;12514;12271;11604;10671;10251;9941;9699;9146;9087;9003;8772;8628
32;14173;13834;14281;14210;13947;13995;13171;12667;12245;11586;10591;10298;10007;9698;9170;9096;9013;8789
33;14067;14403;14195;14580;14244;13912;14023;13253;12584;12231;11558;10637;10295;10004;9713;9167;9075;9064
34;14188;14281;14739;14453;14590;14188;14013;14146;13231;12508;12111;11561;10695;10264;10023;9700;9209;9160
35;14754;14366;14573;14957;14474;14532;14242;14125;14145;13224;12409;12180;11578;10686;10208;9983;9710;9272
36;14695;14982;14677;14847;15047;14491;14624;14368;14148;14170;13111;12447;12177;11573;10640;10178;9991;9752
37;14513;14847;15218;14876;14900;15068;14632;14749;14399;14131;14147;13154;12442;12161;11542;10593;10174;10036
38;13727;14637;15015;15379;14929;14899;15154;14724;14689;14411;14039;14159;13138;12429;12088;11480;10605;10156
39;13206;13829;14861;15188;15396;14972;14984;15232;14756;14675;14350;14069;14130;13130;12399;12027;11483;10631
40;12783;13290;13968;15062;15257;15349;15092;15076;15219;14713;14607;14369;14083;14118;13102;12341;11959;11505
41;12358;12839;13496;14071;15097;15251;15395;15156;15065;15194;14645;14615;14347;14053;14056;13001;12321;11963
42;11862;12419;12998;13562;14115;15088;15301;15443;15144;15052;15081;14646;14619;14340;13927;13944;12986;12340
43;11040;11941;12548;13117;13588;14074;15131;15375;15395;15115;14994;15093;14590;14559;14258;13860;13894;12986
44;10814;11110;12087;12624;13158;13563;14120;15237;15349;15349;15035;15007;15081;14547;14520;14210;13827;13918
45;10624;10883;11240;12190;12654;13121;13588;14175;15232;15298;15251;15057;14981;15021;14480;14435;14155;13787
46;10400;10662;11015;11302;12244;12655;13162;13609;14152;15214;15263;15273;15037;14963;14945;14400;14416;14091
47;10298;10418;10771;11080;11304;12230;12698;13173;13604;14126;15144;15258;15227;14992;14882;14859;14364;14374
48;9972;10330;10490;10823;11097;11325;12291;12723;13171;13586;14070;15124;15225;15171;14942;14815;14821;14315
49;10137;10011;10426;10533;10800;11084;11389;12298;12686;13174;13514;14042;15115;15166;15143;14907;14774;14754
50;10132;10142;10088;10481;10535;10786;11121;11393;12266;12662;13131;13503;14025;15069;15079;15063;14856;14719
51;10622;10129;10206;10118;10501;10535;10776;11135;11364;12261;12580;13131;13487;13995;15014;15022;15006;14803
52;10483;10630;10143;10232;10115;10461;10540;10768;11122;11349;12205;12568;13088;13444;13935;14894;14949;14948
53;10729;10480;10658;10160;10218;10091;10436;10563;10730;11111;11326;12153;12524;13033;13393;13853;14859;14910
54;10297;10731;10519;10645;10123;10188;10070;10401;10523;10720;11074;11314;12118;12446;12967;13345;13785;14816
55;11590;10275;10723;10508;10631;10069;10142;10063;10364;10504;10663;11041;11267;12064;12381;12909;13286;13744
56;8097;11575;10255;10709;10464;10574;10038;10110;10033;10338;10476;10647;11031;11204;11999;12322;12833;13227
57;9316;8071;11556;10247;10680;10428;10548;10016;10061;9995;10313;10409;10602;10966;11137;11939;12273;12786
58;9764;9256;8047;11535;10195;10629;10373;10514;9971;10003;9961;10285;10373;10530;10924;11062;11897;12235
59;9383;9748;9215;8016;11495;10166;10588;10356;10442;9933;9950;9937;10225;10310;10473;10858;11001;11861
60;9465;9323;9717;9184;7971;11423;10113;10547;10284;10391;9880;9901;9875;10183;10238;10416;10784;10932
61;9970;9433;9292;9675;9106;7907;11369;10072;10498;10232;10352;9859;9849;9821;10094;10201;10379;10716
62;9669;9901;9412;9213;9616;9041;7857;11310;10043;10449;10174;10276;9815;9779;9750;10056;10151;10332
63;9447;9631;9855;9364;9143;9571;8966;7815;11247;9989;10403;10108;10200;9753;9716;9679;9978;10078
64;8579;9386;9548;9793;9276;9058;9486;8916;7743;11179;9920;10324;10039;10140;9678;9637;9645;9902
65;8056;8492;9336;9495;9713;9187;9001;9416;8855;7695;11089;9855;10231;9955;10081;9576;9531;9594
66;8104;8002;8421;9275;9437;9624;9115;8949;9325;8805;7644;10990;9775;10140;9859;9982;9484;9436
67;7940;8010;7940;8346;9172;9332;9541;9022;8914;9241;8716;7572;10888;9673;10058;9757;9909;9397
68;7339;7839;7917;7842;8263;9080;9256;9464;8939;8818;9170;8629;7500;10761;9539;9940;9664;9800
69;7405;7231;7750;7812;7772;8178;8968;9145;9349;8803;8697;9074;8547;7396;10643;9445;9835;9566
70;7203;7297;7107;7642;7697;7660;8061;8858;9037;9267;8705;8601;8943;8443;7310;10513;9317;9725
71;7309;7075;7142;6982;7549;7569;7531;7921;8748;8914;9179;8597;8502;8823;8327;7221;10392;9178
72;6697;7165;6944;7023;6853;7421;7470;7433;7836;8632;8804;9050;8481;8416;8666;8209;7111;10260
73;6717;6553;7031;6816;6874;6736;7306;7352;7275;7710;8506;8657;8921;8372;8289;8544;8064;7013
74;6520;6572;6411;6873;6676;6732;6612;7166;7233;7122;7575;8365;8506;8758;8206;8156;8379;7900
75;6159;6390;6401;6237;6717;6521;6582;6492;7008;7081;6967;7433;8206;8362;8571;8072;8014;8209
76;6113;5991;6214;6214;6046;6528;6348;6435;6303;6853;6917;6809;7258;7990;8192;8420;7903;7849
77;5699;5940;5802;6048;5995;5891;6336;6155;6247;6092;6686;6731;6623;7094;7783;8001;8198;7682
78;5531;5493;5718;5632;5886;5794;5681;6105;5951;6076;5915;6481;6508;6459;6923;7604;7803;7955
79;5015;5286;5284;5498;5430;5655;5599;5494;5865;5732;5870;5731;6283;6306;6255;6684;7355;7588
80;4733;4764;5039;5034;5265;5229;5414;5377;5234;5635;5531;5632;5514;6070;6066;6033;6458;7110
81;4413;4492;4518;4757;4772;5042;5002;5157;5148;5007;5377;5293;5387;5298;5825;5835;5811;6209
82;2872;4134;4260;4288;4482;4514;4777;4732;4886;4878;4753;5134;5052;5126;5010;5565;5577;5519
83;2058;2702;3870;4010;4016;4168;4183;4481;4429;4574;4609;4485;4886;4796;4838;4747;5248;5285
84;1791;1935;2490;3620;3753;3746;3883;3896;4174;4156;4201;4320;4232;4580;4470;4543;4462;4941
85;2054;1641;1789;2292;3308;3481;3466;3610;3623;3864;3846;3922;3994;3945;4245;4174;4234;4181
86;2390;1862;1466;1616;2086;3019;3186;3153;3289;3330;3552;3504;3574;3711;3603;3918;3835;3919
87;2306;2150;1671;1342;1466;1896;2738;2895;2874;3012;3011;3226;3191;3244;3329;3296;3578;3511
88;2062;1990;1872;1486;1213;1319;1709;2458;2566;2602;2733;2668;2875;2870;2891;3008;2945;3252
89;1839;1747;1691;1618;1287;1067;1147;1475;2200;2266;2281;2431;2382;2549;2532;2586;2656;2597
90;1443;1573;1469;1496;1376;1095;949;1002;1273;1954;1975;1954;2141;2091;2208;2213;2267;2283
91;1128;1196;1294;1236;1285;1168;934;792;887;1071;1669;1675;1678;1816;1772;1896;1860;1964
92;843;904;995;1031;1046;1087;991;778;665;738;886;1399;1412;1417;1495;1466;1558;1541
93;653;657;711;827;831;838;881;812;627;565;607;697;1139;1139;1159;1214;1181;1290
94;438;506;495;572;665;691;668;711;646;494;461;492;533;898;901;937;956;915
95;353;330;366;396;453;487;538;523;582;525;384;371;385;414;693;690;720;738
96;185;268;227;273;287;355;371;414;373;445;429;277;277;294;311;518;514;559
97;135;136;185;166;193;214;268;264;298;284;339;319;205;217;203;235;341;374
98;81;96;93;124;113;151;158;185;184;208;212;226;233;151;156;139;173;237
99;62;50;68;59;87;80;104;115;134;137;156;149;171;165;110;99;85;114
100 e oltre;90;105;92;93;105;135;136;148;173;186;220;241;268;264;247;223;204;183
Totale;794977;803988;816293;828857;835920;840571;848024;856830;860002;862700;863323;865839;866418;865350;862551;859736;857645;856939
Età/Anno;2002;2003;2004;2005;2006;2007;2008;2009;2010;2011;2012;2013;2014;2015;2016;2017;2018;2019
Età;Maschi
0;4242;4340;4249;4683;4591;4579;4569;4633;4480;4388;4158;4126;3847;3886;3562;3432;3362;3286
1;4299;4272;4391;4322;4673;4617;4590;4584;4626;4462;4379;4184;4126;3844;3863;3582;3433;3402
2;4084;4373;4319;4442;4362;4677;4628;4628;4595;4598;4459;4376;4168;4070;3821;3846;3579;3439
3;4181;4103;4405;4394;4470;4391;4671;4631;4616;4558;4589;4476;4366;4136;4031;3802;3832;3592
4;4214;4215;4143;4469;4451;4481;4406;4687;4617;4614;4523;4618;4456;4339;4103;3991;3762;3826
5;4087;4282;4279;4204;4491;4478;4507;4431;4654;4613;4580;4529;4619;4428;4306;4085;3959;3758
6;4038;4136;4343;4349;4250;4522;4494;4505;4413;4634;4598;4591;4483;4602;4401;4261;4070;3966
7;3889;4082;4175;4410;4399;4249;4551;4536;4510;4430;4630;4585;4578;4473;4576;4363;4239;4050
8;3962;3942;4130;4230;4456;4429;4302;4591;4540;4503;4429;4620;4560;4550;4433;4544;4346;4245
9;4160;4014;4006;4166;4303;4487;4459;4338;4592;4523;4482;4433;4632;4541;4518;4383;4500;4365
10;3909;4198;4057;4091;4206;4310;4502;4495;4349;4595;4521;4477;4422;4618;4514;4479;4355;4479
11;4088;3979;4257;4124;4145;4237;4333;4545;4549;4347;4601;4530;4469;4402;4585;4495;4458;4347
12;4017;4131;4004;4300;4182;4188;4277;4394;4574;4545;4360;4612;4529;4449;4368;4549;4467;4445
13;3857;4074;4178;4057;4356;4228;4214;4325;4426;4620;4550;4363;4602;4523;4439;4343;4543;4466
14;3612;3914;4101;4204;4101;4405;4266;4263;4344;4433;4646;4561;4355;4607;4514;4434;4330;4553
15;3747;3637;3945;4163;4264;4125;4439;4316;4305;4354;4480;4661;4560;4331;4595;4498;4420;4334
16;3871;3788;3689;4019;4256;4298;4151;4493;4339;4353;4383;4513;4660;4558;4310;4579;4488;4431
17;3900;3920;3829;3791;4073;4292;4348;4212;4557;4368;4387;4396;4533;4646;4562;4298;4573;4513
18;3940;3956;3980;3928;3906;4144;4362;4449;4291;4638;4419;4441;4419;4523;4643;4583;4341;4603
19;4056;3963;4009;4044;3965;3949;4202;4432;4484;4317;4668;4446;4456;4425;4545;4700;4631;4404
20;4190;4089;4027;4092;4067;3968;4041;4276;4464;4493;4323;4695;4446;4446;4438;4549;4742;4687
21;4341;4229;4226;4104;4117;4088;4071;4135;4316;4495;4507;4359;4694;4425;4442;4467;4595;4808
22;4403;4393;4343;4365;4137;4153;4186;4183;4185;4325;4520;4540;4354;4708;4432;4455;4493;4651
23;4850;4510;4587;4486;4413;4195;4249;4310;4256;4201;4331;4540;4589;4353;4699;4471;4484;4546
24;5264;5004;4763;4796;4560;4434;4283;4377;4341;4284;4235;4390;4589;4593;4344;4712;4477;4517
25;5393;5413;5272;5029;4860;4589;4574;4414;4405;4398;4311;4283;4415;4576;4613;4407;4717;4510
26;5912;5551;5668;5555;5083;4898;4693;4720;4446;4448;4397;4371;4303;4422;4586;4642;4402;4773
27;6601;6103;5856;5947;5612;5121;4977;4845;4725;4482;4482;4429;4399;4296;4418;4619;4650;4452
28;6605;6745;6383;6125;5996;5615;5217;5144;4833;4743;4502;4524;4474;4388;4288;4409;4615;4729
29;6831;6754;7005;6674;6168;6044;5714;5358;5198;4831;4693;4536;4545;4484;4357;4268;4463;4668
30;6978;7032;7031;7306;6756;6190;6164;5884;5391;5195;4836;4729;4564;4515;4500;4377;4316;4519
31;7177;7128;7310;7254;7361;6739;6285;6264;5853;5363;5149;4873;4773;4544;4503;4492;4417;4392
32;7376;7292;7330;7558;7294;7334;6768;6376;6251;5836;5298;5142;4906;4771;4549;4512;4501;4450
33;7271;7507;7550;7579;7569;7265;7333;6820;6370;6239;5808;5329;5157;4910;4777;4543;4506;4538
34;7502;7366;7666;7676;7521;7468;7264;7345;6756;6290;6117;5806;5376;5159;4930;4786;4587;4555
35;7714;7592;7534;7819;7656;7455;7455;7281;7322;6720;6205;6150;5811;5357;5142;4939;4808;4660
36;7664;7835;7781;7728;7849;7649;7494;7505;7263;7315;6648;6248;6160;5820;5340;5140;4953;4847
37;7485;7749;7954;7891;7746;7841;7708;7568;7503;7223;7275;6670;6222;6167;5810;5319;5168;5023
38;7023;7567;7859;8043;7893;7709;7884;7735;7512;7474;7160;7291;6659;6212;6147;5804;5323;5182
39;6855;7077;7677;7981;8058;7908;7726;7888;7744;7511;7431;7167;7251;6679;6205;6105;5800;5342
40;6663;6906;7139;7777;8004;8052;7962;7775;7863;7665;7457;7434;7154;7247;6641;6167;6052;5812
41;6374;6702;7008;7199;7782;8002;8054;7967;7739;7824;7607;7453;7439;7128;7218;6589;6166;6056
42;6201;6419;6762;7060;7214;7764;8016;8067;7936;7700;7731;7600;7443;7434;7084;7155;6580;6200
43;5747;6237;6464;6821;7063;7190;7749;8027;8014;7884;7632;7731;7558;7397;7369;7031;7120;6579
44;5639;5780;6290;6504;6834;7037;7195;7801;7984;7956;7807;7623;7690;7519;7372;7324;6994;7140
45;5416;5677;5815;6349;6498;6814;7032;7212;7790;7919;7876;7812;7603;7668;7467;7314;7287;6970
46;5359;5433;5728;5843;6361;6492;6839;7017;7180;7746;7878;7884;7787;7581;7638;7414;7305;7234
47;5320;5367;5476;5749;5855;6357;6483;6807;7000;7117;7701;7862;7851;7768;7529;7568;7387;7272
48;5040;5336;5380;5484;5751;5850;6357;6488;6790;6953;7065;7690;7836;7801;7736;7504;7554;7376
49;5204;5062;5368;5399;5462;5740;5851;6327;6452;6759;6895;7047;7685;7785;7776;7708;7499;7521
50;5247;5203;5072;5389;5407;5447;5748;5832;6302;6404;6718;6873;7041;7654;7744;7731;7690;7473
51;5362;5243;5213;5073;5391;5397;5437;5741;5808;6277;6345;6704;6846;7027;7608;7711;7699;7646
52;5323;5368;5226;5221;5053;5367;5374;5410;5694;5751;6230;6324;6659;6820;6976;7538;7650;7660
53;5386;5321;5359;5220;5205;5043;5334;5359;5380;5664;5732;6189;6290;6626;6796;6927;7513;7629
54;5117;5383;5320;5354;5201;5175;5019;5309;5337;5349;5620;5717;6152;6240;6580;6755;6890;7481
55;5730;5115;5363;5286;5347;5160;5141;5008;5282;5309;5313;5588;5689;6106;6208;6532;6719;6878
56;3971;5722;5078;5340;5265;5318;5134;5107;4985;5255;5274;5286;5558;5631;6072;6157;6499;6683
57;4621;3961;5709;5056;5320;5233;5281;5105;5079;4943;5224;5229;5238;5515;5588;6035;6121;6470
58;4765;4579;3943;5686;5001;5287;5200;5242;5073;5033;4908;5202;5198;5184;5482;5531;6011;6097
59;4596;4749;4538;3921;5645;4988;5244;5170;5187;5032;4988;4878;5160;5149;5148;5445;5495;5990
60;4615;4554;4725;4509;3880;5605;4949;5202;5108;5136;4985;4951;4841;5126;5110;5124;5414;5462
61;4829;4603;4530;4687;4462;3847;5565;4920;5159;5055;5098;4964;4922;4808;5065;5087;5110;5375
62;4823;4789;4582;4461;4660;4425;3815;5523;4889;5108;5022;5043;4930;4876;4772;5048;5051;5071
63;4640;4791;4767;4543;4417;4625;4382;3767;5473;4846;5076;4990;4991;4899;4835;4730;4995;4995
64;4117;4596;4723;4734;4475;4362;4566;4341;3726;5417;4780;5028;4948;4948;4842;4782;4701;4947
65;3728;4049;4549;4669;4668;4423;4327;4501;4290;3681;5363;4731;4961;4901;4925;4784;4710;4668
66;3829;3688;3993;4518;4629;4622;4371;4284;4439;4245;3647;5308;4693;4914;4840;4863;4727;4644
67;3712;3770;3638;3928;4435;4566;4568;4310;4256;4374;4194;3594;5239;4617;4855;4761;4800;4676
68;3405;3641;3712;3563;3866;4358;4508;4499;4256;4190;4324;4126;3549;5155;4542;4768;4698;4734
69;3355;3329;3583;3635;3514;3806;4282;4435;4411;4167;4114;4262;4073;3498;5072;4481;4689;4635
70;3265;3271;3250;3506;3545;3443;3741;4199;4365;4354;4102;4061;4179;4013;3442;4986;4406;4616
71;3246;3173;3165;3164;3441;3462;3351;3657;4116;4269;4292;4041;3994;4093;3935;3372;4911;4308
72;2861;3156;3089;3088;3075;3358;3396;3275;3587;4038;4198;4214;3966;3927;3994;3862;3302;4830
73;2797;2779;3060;2997;2995;3002;3283;3324;3186;3505;3954;4112;4129;3888;3845;3922;3778;3244
74;2673;2694;2696;2952;2901;2900;2914;3192;3236;3109;3418;3866;4000;4021;3786;3759;3818;3662
75;2440;2601;2587;2592;2847;2803;2808;2838;3091;3161;3005;3331;3762;3913;3907;3706;3675;3695
76;2331;2343;2493;2488;2489;2729;2695;2704;2725;2984;3058;2910;3233;3624;3808;3809;3601;3572
77;2136;2240;2234;2398;2358;2387;2617;2571;2600;2599;2869;2944;2820;3143;3496;3685;3681;3476
78;2042;2030;2122;2132;2302;2239;2276;2479;2453;2503;2495;2748;2814;2722;3032;3387;3578;3538
79;1781;1908;1927;2018;2029;2178;2119;2176;2341;2342;2377;2379;2618;2687;2608;2893;3228;3440
80;1559;1650;1773;1797;1887;1926;2051;2001;2050;2214;2230;2250;2247;2486;2553;2485;2769;3091
81;1399;1426;1530;1608;1672;1770;1818;1912;1894;1933;2060;2087;2103;2136;2346;2408;2357;2617
82;961;1237;1328;1403;1492;1532;1618;1697;1780;1750;1804;1939;1954;1967;1981;2199;2271;2201
83;618;869;1095;1199;1280;1356;1357;1462;1524;1601;1613;1660;1816;1818;1817;1849;2039;2127
84;581;567;769;997;1076;1155;1216;1220;1315;1398;1403;1480;1527;1670;1654;1669;1704;1891
85;584;516;502;693;877;961;1032;1092;1096;1182;1248;1278;1331;1379;1512;1508;1533;1579
86;658;504;444;434;609;777;856;887;982;980;1061;1091;1128;1204;1229;1351;1355;1377
87;640;567;427;387;367;533;679;767;797;867;851;939;979;989;1051;1090;1204;1198
88;558;529;482;356;322;312;457;595;661;708;754;724;789;844;847;924;937;1057
89;493;451;443;403;285;266;260;377;495;542;618;644;631;668;704;741;791;806
90;354;409;348;388;322;237;232;217;309;436;458;504;537;531;544;607;626;643
91;272;275;338;276;326;255;192;187;189;254;362;367;403;426;435;458;486;525
92;185;198;218;262;220;257;198;153;147;155;204;297;303;342;341;347;351;381
93;123;131;152;173;206;156;196;148;121;122;118;155;232;229;263;258;272;288
94;85;87;92;112;142;169;116;141;105;95;92;93;122;185;167;192;195;201
95;62;60;60;75;81;104;121;88;112;81;64;73;67;88;130;126;142;142
96;38;44;39;41;52;63;77;91;51;77;63;40;51;45;61;86;89;104
97;16;23;25;26;30;43;45;50;57;35;53;41;22;36;30;45;49;66
98;6;10;17;13;17;20;29;22;36;35;24;31;27;14;27;21;31;35
99;8;3;7;10;12;11;15;21;14;21;20;19;22;23;6;16;16;19
100 e oltre;8;9;8;9;17;17;17;20;23;17;27;30;38;38;34;21;25;21
Totale;390502;395388;402084;409373;412555;414522;417922;422032;423335;423885;423569;425081;425395;424947;423684;422609;422051;422477
Età/Anno;2002;2003;2004;2005;2006;2007;2008;2009;2010;2011;2012;2013;2014;2015;2016;2017;2018;2019
Età;Femmine
0;4014;4227;4172;4471;4344;4348;4353;4415;4299;4194;4044;4026;3787;3637;3521;3293;3159;3065
1;4038;4077;4258;4230;4462;4363;4348;4372;4378;4306;4163;4019;3997;3780;3653;3529;3306;3185
2;4095;4102;4130;4299;4288;4481;4396;4379;4385;4348;4308;4142;4038;3967;3767;3618;3531;3320
3;3876;4143;4138;4147;4336;4298;4487;4421;4366;4375;4340;4292;4131;4032;3937;3748;3623;3516
4;3918;3926;4164;4187;4163;4350;4306;4483;4409;4350;4346;4348;4287;4102;4028;3921;3735;3624
5;3865;3964;3953;4210;4215;4180;4355;4331;4508;4401;4305;4359;4326;4264;4074;3971;3908;3736
6;3660;3899;4006;4006;4256;4243;4202;4377;4320;4483;4375;4308;4336;4304;4253;4018;3936;3909
7;3666;3713;3949;4061;4077;4284;4267;4232;4371;4309;4460;4383;4299;4319;4249;4195;4000;3928
8;3909;3722;3748;3992;4101;4111;4312;4298;4240;4360;4303;4462;4374;4291;4308;4213;4159;3983
9;3841;3964;3766;3796;4031;4128;4132;4356;4279;4216;4366;4315;4455;4354;4231;4270;4190;4143
10;3844;3860;3992;3818;3831;4067;4170;4170;4369;4297;4213;4376;4308;4438;4315;4200;4245;4186
11;3691;3882;3897;4045;3868;3859;4113;4224;4179;4367;4292;4216;4343;4269;4419;4289;4176;4229
12;3702;3723;3926;3940;4097;3894;3888;4139;4251;4189;4363;4305;4192;4334;4230;4393;4272;4163
13;3758;3747;3741;3977;3981;4114;3944;3957;4143;4269;4191;4358;4293;4182;4301;4190;4370;4256
14;3433;3788;3768;3800;4008;4029;4134;4006;3968;4147;4271;4207;4362;4280;4170;4287;4186;4367
15;3503;3469;3831;3795;3847;4046;4061;4197;4026;3977;4148;4277;4197;4367;4270;4153;4294;4200
16;3725;3542;3484;3879;3863;3894;4054;4110;4232;4026;4008;4155;4269;4178;4352;4245;4148;4290
17;3716;3766;3585;3532;3942;3921;3927;4094;4142;4245;4039;4011;4159;4265;4164;4334;4256;4119
18;3697;3776;3810;3642;3604;4003;3957;4004;4140;4163;4264;4065;4012;4162;4287;4154;4342;4272
19;3866;3741;3831;3866;3712;3662;4052;4047;4057;4172;4201;4299;4065;4035;4159;4280;4165;4348
20;4090;3928;3834;3925;3975;3806;3748;4158;4102;4122;4203;4243;4308;4085;4060;4177;4291;4207
21;4199;4213;4052;3974;4034;4061;3924;3871;4224;4183;4168;4237;4258;4327;4110;4085;4187;4335
22;4388;4278;4343;4215;4074;4105;4146;4038;3936;4324;4268;4214;4281;4288;4360;4116;4135;4213
23;4805;4509;4427;4502;4357;4164;4249;4303;4123;4010;4417;4305;4257;4306;4267;4387;4137;4165
24;5046;4942;4666;4564;4589;4438;4304;4420;4365;4216;4104;4454;4349;4265;4330;4280;4396;4167
25;5370;5181;5092;4832;4663;4650;4571;4435;4533;4443;4287;4162;4487;4377;4285;4319;4290;4409
26;5715;5491;5398;5234;4943;4779;4784;4710;4486;4587;4481;4331;4178;4516;4348;4318;4320;4299
27;6177;5843;5721;5557;5366;5007;4892;4930;4772;4547;4623;4493;4367;4180;4521;4348;4308;4317
28;6215;6342;6066;5912;5705;5450;5164;5050;4959;4879;4616;4609;4532;4372;4223;4539;4328;4291
29;6366;6308;6516;6233;6034;5793;5590;5288;5040;5006;4884;4617;4641;4524;4350;4202;4540;4369
30;6696;6471;6529;6660;6349;6118;5897;5717;5320;5085;5042;4941;4633;4632;4534;4327;4217;4560
31;6505;6814;6629;6628;6696;6391;6229;6007;5751;5308;5102;5068;4926;4602;4584;4511;4355;4236
32;6797;6542;6951;6652;6653;6661;6403;6291;5994;5750;5293;5156;5101;4927;4621;4584;4512;4339
33;6796;6896;6645;7001;6675;6647;6690;6433;6214;5992;5750;5308;5138;5094;4936;4624;4569;4526
34;6686;6915;7073;6777;7069;6720;6749;6801;6475;6218;5994;5755;5319;5105;5093;4914;4622;4605
35;7040;6774;7039;7138;6818;7077;6787;6844;6823;6504;6204;6030;5767;5329;5066;5044;4902;4612
36;7031;7147;6896;7119;7198;6842;7130;6863;6885;6855;6463;6199;6017;5753;5300;5038;5038;4905
37;7028;7098;7264;6985;7154;7227;6924;7181;6896;6908;6872;6484;6220;5994;5732;5274;5006;5013
38;6704;7070;7156;7336;7036;7190;7270;6989;7177;6937;6879;6868;6479;6217;5941;5676;5282;4974
39;6351;6752;7184;7207;7338;7064;7258;7344;7012;7164;6919;6902;6879;6451;6194;5922;5683;5289
40;6120;6384;6829;7285;7253;7297;7130;7301;7356;7048;7150;6935;6929;6871;6461;6174;5907;5693
41;5984;6137;6488;6872;7315;7249;7341;7189;7326;7370;7038;7162;6908;6925;6838;6412;6155;5907
42;5661;6000;6236;6502;6901;7324;7285;7376;7208;7352;7350;7046;7176;6906;6843;6789;6406;6140
43;5293;5704;6084;6296;6525;6884;7382;7348;7381;7231;7362;7362;7032;7162;6889;6829;6774;6407
44;5175;5330;5797;6120;6324;6526;6925;7436;7365;7393;7228;7384;7391;7028;7148;6886;6833;6778
45;5208;5206;5425;5841;6156;6307;6556;6963;7442;7379;7375;7245;7378;7353;7013;7121;6868;6817
46;5041;5229;5287;5459;5883;6163;6323;6592;6972;7468;7385;7389;7250;7382;7307;6986;7111;6857
47;4978;5051;5295;5331;5449;5873;6215;6366;6604;7009;7443;7396;7376;7224;7353;7291;6977;7102
48;4932;4994;5110;5339;5346;5475;5934;6235;6381;6633;7005;7434;7389;7370;7206;7311;7267;6939
49;4933;4949;5058;5134;5338;5344;5538;5971;6234;6415;6619;6995;7430;7381;7367;7199;7275;7233
50;4885;4939;5016;5092;5128;5339;5373;5561;5964;6258;6413;6630;6984;7415;7335;7332;7166;7246
51;5260;4886;4993;5045;5110;5138;5339;5394;5556;5984;6235;6427;6641;6968;7406;7311;7307;7157
52;5160;5262;4917;5011;5062;5094;5166;5358;5428;5598;5975;6244;6429;6624;6959;7356;7299;7288
53;5343;5159;5299;4940;5013;5048;5102;5204;5350;5447;5594;5964;6234;6407;6597;6926;7346;7281
54;5180;5348;5199;5291;4922;5013;5051;5092;5186;5371;5454;5597;5966;6206;6387;6590;6895;7335
55;5860;5160;5360;5222;5284;4909;5001;5055;5082;5195;5350;5453;5578;5958;6173;6377;6567;6866
56;4126;5853;5177;5369;5199;5256;4904;5003;5048;5083;5202;5361;5473;5573;5927;6165;6334;6544
57;4695;4110;5847;5191;5360;5195;5267;4911;4982;5052;5089;5180;5364;5451;5549;5904;6152;6316
58;4999;4677;4104;5849;5194;5342;5173;5272;4898;4970;5053;5083;5175;5346;5442;5531;5886;6138
59;4787;4999;4677;4095;5850;5178;5344;5186;5255;4901;4962;5059;5065;5161;5325;5413;5506;5871
60;4850;4769;4992;4675;4091;5818;5164;5345;5176;5255;4895;4950;5034;5057;5128;5292;5370;5470
61;5141;4830;4762;4988;4644;4060;5804;5152;5339;5177;5254;4895;4927;5013;5029;5114;5269;5341
62;4846;5112;4830;4752;4956;4616;4042;5787;5154;5341;5152;5233;4885;4903;4978;5008;5100;5261
63;4807;4840;5088;4821;4726;4946;4584;4048;5774;5143;5327;5118;5209;4854;4881;4949;4983;5083
64;4462;4790;4825;5059;4801;4696;4920;4575;4017;5762;5140;5296;5091;5192;4836;4855;4944;4955
65;4328;4443;4787;4826;5045;4764;4674;4915;4565;4014;5726;5124;5270;5054;5156;4792;4821;4926
66;4275;4314;4428;4757;4808;5002;4744;4665;4886;4560;3997;5682;5082;5226;5019;5119;4757;4792
67;4228;4240;4302;4418;4737;4766;4973;4712;4658;4867;4522;3978;5649;5056;5203;4996;5109;4721
68;3934;4198;4205;4279;4397;4722;4748;4965;4683;4628;4846;4503;3951;5606;4997;5172;4966;5066
69;4050;3902;4167;4177;4258;4372;4686;4710;4938;4636;4583;4812;4474;3898;5571;4964;5146;4931
70;3938;4026;3857;4136;4152;4217;4320;4659;4672;4913;4603;4540;4764;4430;3868;5527;4911;5109
71;4063;3902;3977;3818;4108;4107;4180;4264;4632;4645;4887;4556;4508;4730;4392;3849;5481;4870
72;3836;4009;3855;3935;3778;4063;4074;4158;4249;4594;4606;4836;4515;4489;4672;4347;3809;5430
73;3920;3774;3971;3819;3879;3734;4023;4028;4089;4205;4552;4545;4792;4484;4444;4622;4286;3769
74;3847;3878;3715;3921;3775;3832;3698;3974;3997;4013;4157;4499;4506;4737;4420;4397;4561;4238
75;3719;3789;3814;3645;3870;3718;3774;3654;3917;3920;3962;4102;4444;4449;4664;4366;4339;4514
76;3782;3648;3721;3726;3557;3799;3653;3731;3578;3869;3859;3899;4025;4366;4384;4611;4302;4277
77;3563;3700;3568;3650;3637;3504;3719;3584;3647;3493;3817;3787;3803;3951;4287;4316;4517;4206
78;3489;3463;3596;3500;3584;3555;3405;3626;3498;3573;3420;3733;3694;3737;3891;4217;4225;4417
79;3234;3378;3357;3480;3401;3477;3480;3318;3524;3390;3493;3352;3665;3619;3647;3791;4127;4148
80;3174;3114;3266;3237;3378;3303;3363;3376;3184;3421;3301;3382;3267;3584;3513;3548;3689;4019
81;3014;3066;2988;3149;3100;3272;3184;3245;3254;3074;3317;3206;3284;3162;3479;3427;3454;3592
82;1911;2897;2932;2885;2990;2982;3159;3035;3106;3128;2949;3195;3098;3159;3029;3366;3306;3318
83;1440;1833;2775;2811;2736;2812;2826;3019;2905;2973;2996;2825;3070;2978;3021;2898;3209;3158
84;1210;1368;1721;2623;2677;2591;2667;2676;2859;2758;2798;2840;2705;2910;2816;2874;2758;3050
85;1470;1125;1287;1599;2431;2520;2434;2518;2527;2682;2598;2644;2663;2566;2733;2666;2701;2602
86;1732;1358;1022;1182;1477;2242;2330;2266;2307;2350;2491;2413;2446;2507;2374;2567;2480;2542
87;1666;1583;1244;955;1099;1363;2059;2128;2077;2145;2160;2287;2212;2255;2278;2206;2374;2313
88;1504;1461;1390;1130;891;1007;1252;1863;1905;1894;1979;1944;2086;2026;2044;2084;2008;2195
89;1346;1296;1248;1215;1002;801;887;1098;1705;1724;1663;1787;1751;1881;1828;1845;1865;1791
90;1089;1164;1121;1108;1054;858;717;785;964;1518;1517;1450;1604;1560;1664;1606;1641;1640
91;856;921;956;960;959;913;742;605;698;817;1307;1308;1275;1390;1337;1438;1374;1439
92;658;706;777;769;826;830;793;625;518;583;682;1102;1109;1075;1154;1119;1207;1160
93;530;526;559;654;625;682;685;664;506;443;489;542;907;910;896;956;909;1002
94;353;419;403;460;523;522;552;570;541;399;369;399;411;713;734;745;761;714
95;291;270;306;321;372;383;417;435;470;444;320;298;318;326;563;564;578;596
96;147;224;188;232;235;292;294;323;322;368;366;237;226;249;250;432;425;455
97;119;113;160;140;163;171;223;214;241;249;286;278;183;181;173;190;292;308
98;75;86;76;111;96;131;129;163;148;173;188;195;206;137;129;118;142;202
99;54;47;61;49;75;69;89;94;120;116;136;130;149;142;104;83;69;95
100 e oltre;82;96;84;84;88;118;119;128;150;169;193;211;230;226;213;202;179;162
Totale;404475;408600;414209;419484;423365;426049;430102;434798;436667;438815;439754;440758;441023;440403;438867;437127;435594;434462

"Ricostruzione della popolazione intercensuaria - Popolazione al 1° gennaio per età"
"Cittadinanza italiana - Provincia: Vicenza"
Età/Anno;2002;2003;2004;2005;2006;2007;2008;2009;2010;2011;2012;2013;2014;2015;2016;2017;2018;2019
Età;Totale
0;7327;7438;7310;7554;7273;7122;7030;6952;6737;6716;6338;6280;5879;5884;5659;5441;5358;5228
1;7427;7380;7473;7351;7544;7299;7143;7050;6971;6779;6702;6326;6326;5975;6030;5835;5552;5461
2;7441;7498;7426;7515;7381;7566;7323;7181;7085;6989;6813;6666;6384;6406;6091;6170;5945;5637
3;7409;7467;7548;7449;7540;7414;7573;7321;7190;7107;7012;6794;6711;6506;6522;6247;6289;5984
4;7516;7432;7499;7584;7470;7566;7420;7590;7335;7224;7100;7016;6862;6825;6640;6694;6334;6348
5;7398;7556;7477;7547;7608;7506;7581;7445;7618;7369;7219;7106;7092;7031;6950;6814;6776;6371
6;7202;7424;7601;7524;7573;7640;7524;7599;7457;7664;7376;7215;7172;7260;7182;7122;6908;6834
7;7043;7240;7454;7644;7565;7577;7667;7572;7621;7506;7660;7370;7307;7340;7388;7354;7219;6931
8;7412;7077;7279;7496;7659;7607;7625;7724;7591;7668;7510;7666;7456;7491;7484;7590;7446;7260
9;7518;7463;7122;7299;7525;7689;7635;7670;7744;7622;7661;7515;7761;7633;7593;7624;7661;7496
10;7334;7528;7478;7175;7311;7541;7712;7657;7691;7794;7618;7655;7619;7911;7750;7712;7700;7680
11;7382;7359;7560;7513;7206;7323;7567;7738;7690;7719;7789;7626;7736;7755;8014;7863;7759;7717
12;7350;7383;7373;7583;7526;7242;7340;7594;7770;7722;7707;7798;7704;7880;7811;8098;7902;7753
13;7247;7370;7374;7372;7589;7535;7263;7363;7603;7816;7715;7686;7845;7835;7949;7861;8131;7893
14;6690;7268;7380;7374;7370;7623;7540;7300;7370;7616;7819;7721;7740;7956;7911;8039;7870;8124
15;6879;6693;7284;7370;7375;7355;7629;7572;7328;7399;7622;7820;7747;7815;8014;7972;8052;7871
16;7249;6886;6705;7291;7376;7377;7342;7648;7596;7377;7410;7610;7867;7830;7844;8046;7991;8040
17;7254;7252;6896;6709;7299;7375;7381;7336;7674;7633;7383;7411;7648;7973;7894;7898;8077;7980
18;7288;7264;7260;6913;6734;7323;7399;7410;7397;7760;7702;7470;7523;7854;8111;8072;8035;8238
19;7565;7293;7272;7275;6926;6757;7328;7411;7450;7434;7800;7748;7500;7601;7859;8152;8123;8071
20;7870;7580;7290;7291;7290;6933;6752;7343;7420;7459;7408;7784;7703;7480;7578;7825;8127;8076
21;8033;7912;7594;7333;7303;7289;6933;6773;7334;7422;7441;7415;7734;7664;7485;7595;7835;8134
22;8232;8041;7912;7649;7340;7319;7284;6919;6800;7354;7433;7436;7422;7738;7692;7519;7625;7829
23;8988;8260;8050;7950;7669;7349;7340;7300;6937;6780;7352;7412;7450;7459;7759;7750;7530;7609
24;9536;9066;8263;8056;7960;7673;7322;7363;7279;6924;6796;7355;7435;7426;7478;7798;7757;7537
25;9864;9578;9025;8289;8062;7954;7676;7306;7381;7238;6929;6803;7343;7426;7464;7511;7796;7737
26;10669;9907;9589;9044;8271;8063;7948;7662;7280;7333;7220;6932;6804;7314;7434;7507;7519;7795
27;11668;10725;9919;9615;9041;8274;8024;7953;7646;7265;7318;7178;6912;6808;7321;7458;7478;7499
28;11643;11717;10694;9925;9582;9011;8300;8005;7915;7659;7272;7265;7185;6918;6837;7349;7435;7471
29;12000;11641;11657;10724;9908;9607;8995;8287;8004;7918;7617;7230;7286;7173;6896;6831;7398;7455
30;12519;12036;11611;11661;10692;9882;9637;9019;8308;8007;7874;7603;7265;7254;7188;6934;6876;7445
31;12383;12580;12018;11606;11631;10648;9917;9655;9046;8324;8013;7874;7614;7267;7262;7225;6991;6915
32;12857;12352;12529;11983;11564;11577;10591;9943;9660;9079;8326;8007;7921;7645;7300;7318;7259;6990
33;12720;12955;12311;12521;11930;11534;11565;10574;9959;9762;9137;8345;8000;7955;7662;7372;7340;7327
34;12927;12805;12981;12315;12484;11884;11553;11637;10627;9989;9798;9118;8412;8052;8010;7764;7454;7384
35;13565;13027;12824;12997;12321;12493;11933;11639;11689;10698;10071;9812;9140;8471;8090;8087;7819;7507
36;13563;13690;13096;12903;13029;12362;12541;12026;11720;11795;10789;10101;9867;9237;8526;8181;8161;7896
37;13494;13598;13696;13101;12880;13036;12406;12591;12063;11780;11859;10821;10142;9939;9291;8631;8263;8218
38;12735;13534;13557;13685;13079;12877;13017;12442;12608;12110;11798;11850;10870;10224;9999;9432;8757;8272
39;12282;12767;13561;13548;13643;13107;12879;13036;12483;12678;12131;11824;11874;10990;10300;10100;9549;8819
40;12024;12273;12745;13558;13565;13594;13124;12892;13074;12536;12712;12146;11921;11984;11070;10450;10135;9608
41;11516;12030;12279;12730;13571;13547;13605;13142;12935;13121;12606;12718;12224;12061;12072;11163;10556;10190
42;11184;11556;12007;12246;12747;13600;13576;13645;13176;13042;13151;12628;12809;12349;12105;12154;11240;10588
43;10426;11252;11576;12035;12263;12771;13660;13646;13698;13250;13129;13162;12656;12880;12428;12207;12241;11268
44;10267;10465;11253;11568;12055;12273;12779;13714;13701;13752;13308;13144;13229;12765;12946;12553;12265;12279
45;10158;10309;10475;11263;11582;12041;12266;12808;13747;13737;13762;13326;13214;13299;12823;13003;12601;12260
46;9986;10170;10312;10464;11288;11584;12040;12269;12839;13799;13768;13764;13374;13339;13359;12873;13036;12574
47;9913;9987;10175;10319;10461;11275;11569;12037;12302;12869;13812;13766;13779;13463;13374;13422;12918;13004
48;9613;9926;9977;10163;10327;10488;11280;11587;12059;12315;12870;13794;13776;13839;13524;13450;13444;12859
49;9788;9626;9933;9975;10142;10324;10504;11277;11594;12080;12295;12847;13816;13850;13906;13570;13460;13410
50;9882;9781;9617;9922;9961;10123;10340;10502;11269;11594;12070;12288;12856;13893;13865;13931;13601;13417
51;10374;9870;9764;9610;9927;9944;10095;10342;10494;11278;11578;12041;12316;12918;13914;13900;13934;13551
52;10266;10366;9830;9756;9592;9913;9921;10065;10323;10499;11245;11537;12050;12370;12937;13885;13870;13914
53;10553;10249;10345;9803;9738;9577;9884;9929;10035;10338;10486;11205;11532;12074;12418;12947;13887;13848
54;10172;10546;10235;10325;9776;9725;9557;9863;9901;10030;10316;10475;11189;11528;12073;12428;12919;13852
55;11474;10147;10504;10192;10314;9726;9687;9536;9851;9886;9994;10273;10462;11215;11529;12060;12401;12881
56;7997;11447;10098;10481;10161;10265;9685;9649;9518;9828;9855;9982;10256;10454;11216;11516;12028;12348
57;9232;7959;11401;10074;10453;10128;10227;9642;9609;9486;9799;9783;9946;10249;10440;11204;11481;11986
58;9702;9170;7920;11376;10026;10408;10083;10170;9613;9546;9463;9759;9746;9912;10229;10408;11178;11447
59;9291;9673;9120;7885;11344;10002;10372;10062;10118;9572;9506;9425;9707;9703;9900;10208;10370;11148
60;9391;9223;9626;9085;7846;11273;9945;10320;9997;10073;9524;9457;9379;9679;9669;9880;10157;10312
61;9894;9347;9187;9580;9016;7797;11221;9895;10269;9954;10039;9489;9409;9352;9621;9655;9847;10098
62;9600;9822;9317;9105;9527;8947;7757;11156;9862;10213;9903;9948;9433;9361;9310;9588;9622;9805
63;9374;9554;9763;9260;9036;9482;8871;7700;11093;9814;10160;9827;9877;9380;9308;9270;9525;9563
64;8539;9310;9466;9703;9179;8965;9404;8804;7625;11034;9751;10088;9758;9822;9317;9249;9234;9453
65;7989;8443;9257;9407;9620;9096;8907;9337;8738;7575;10938;9673;9988;9684;9778;9241;9166;9183
66;8059;7931;8366;9196;9352;9534;9026;8857;9243;8689;7525;10833;9588;9907;9593;9681;9154;9079
67;7897;7963;7867;8290;9098;9254;9461;8927;8818;9157;8599;7444;10735;9486;9829;9499;9597;9082
68;7297;7795;7869;7769;8206;9003;9182;9376;8840;8723;9080;8510;7370;10613;9359;9713;9405;9494
69;7371;7188;7702;7761;7700;8117;8891;9069;9267;8712;8597;8978;8422;7272;10502;9270;9605;9318
70;7161;7259;7067;7587;7643;7592;8002;8773;8957;9178;8611;8497;8855;8321;7187;10372;9151;9494
71;7277;7035;7104;6941;7501;7522;7464;7864;8663;8837;9081;8509;8397;8738;8214;7098;10255;9011
72;6671;7131;6905;6985;6812;7379;7420;7357;7781;8551;8719;8947;8388;8306;8585;8106;6987;10117
73;6688;6527;6991;6774;6838;6696;7266;7297;7197;7654;8421;8576;8812;8280;8178;8461;7966;6888
74;6494;6546;6383;6837;6636;6699;6578;7125;7172;7049;7517;8278;8426;8654;8112;8052;8295;7800
75;6143;6357;6376;6207;6680;6488;6547;6458;6965;7023;6888;7379;8113;8273;8475;7977;7912;8126
76;6095;5973;6184;6188;6021;6491;6317;6398;6270;6816;6861;6732;7210;7900;8108;8320;7810;7750
77;5681;5919;5782;6016;5972;5870;6302;6127;6212;6061;6645;6675;6551;7039;7694;7926;8101;7597
78;5521;5479;5699;5616;5853;5772;5663;6074;5922;6039;5884;6438;6456;6385;6865;7516;7727;7856
79;5000;5279;5271;5479;5415;5626;5582;5476;5836;5708;5833;5701;6241;6254;6188;6628;7269;7517
80;4716;4752;5031;5017;5249;5217;5386;5362;5216;5606;5506;5597;5485;6033;6016;5965;6405;7034
81;4403;4479;4507;4748;4759;5026;4990;5130;5130;4993;5348;5271;5348;5269;5791;5784;5747;6154
82;2866;4127;4246;4276;4473;4503;4760;4721;4865;4863;4738;5102;5029;5086;4981;5530;5532;5458
83;2056;2696;3864;3997;4005;4161;4174;4468;4419;4555;4594;4470;4858;4773;4798;4719;5212;5242
84;1789;1933;2484;3609;3743;3735;3878;3887;4161;4147;4183;4306;4213;4554;4448;4507;4432;4906
85;2049;1639;1785;2287;3299;3472;3457;3602;3613;3851;3837;3905;3982;3928;4221;4155;4200;4152
86;2384;1857;1463;1610;2082;3010;3176;3147;3282;3324;3540;3497;3560;3703;3588;3897;3814;3888
87;2304;2144;1665;1337;1461;1893;2730;2887;2868;3007;3005;3214;3183;3227;3322;3283;3562;3492
88;2059;1988;1866;1480;1208;1315;1706;2451;2560;2597;2727;2664;2865;2864;2875;3002;2933;3238
89;1839;1743;1690;1610;1281;1062;1144;1472;2194;2262;2278;2426;2377;2542;2527;2571;2650;2588
90;1442;1573;1464;1493;1368;1089;945;1000;1270;1949;1971;1952;2136;2086;2201;2208;2258;2276
91;1124;1196;1294;1230;1282;1160;929;789;886;1069;1664;1671;1676;1811;1769;1889;1856;1955
92;843;900;995;1030;1040;1084;984;773;665;737;884;1395;1409;1415;1490;1463;1552;1538
93;652;656;709;826;831;833;878;806;623;565;607;695;1135;1135;1157;1209;1178;1285
94;438;504;495;567;664;691;663;709;644;493;461;492;532;894;899;935;953;913
95;353;330;364;396;449;486;538;520;580;525;383;371;385;413;688;689;718;736
96;185;267;227;271;287;353;370;414;370;443;429;276;277;294;310;515;513;557
97;135;135;184;166;191;214;266;263;298;283;337;319;204;217;203;234;338;373
98;81;96;92;122;113;149;158;183;183;208;212;225;233;150;156;138;172;234
99;62;50;68;58;86;80;103;115;132;137;156;149;170;165;109;99;84;113
100 e oltre;90;105;91;91;102;132;133;146;172;184;220;241;267;263;246;222;203;181
Totale;757309;760095;761280;763486;764746;765885;767063;768618;769791;771704;771919;770944;771848;774874;776083;778639;778759;777120
Età/Anno;2002;2003;2004;2005;2006;2007;2008;2009;2010;2011;2012;2013;2014;2015;2016;2017;2018;2019
Età;Maschi
0;3782;3771;3682;3868;3723;3675;3566;3569;3450;3449;3217;3191;2956;3032;2837;2772;2739;2717
1;3837;3799;3800;3704;3848;3729;3685;3575;3589;3467;3446;3226;3210;3007;3082;2929;2831;2808
2;3693;3864;3813;3824;3721;3853;3724;3705;3589;3603;3495;3427;3246;3246;3055;3157;2982;2869
3;3869;3704;3891;3836;3838;3747;3854;3717;3711;3606;3618;3488;3455;3309;3299;3135;3216;3008
4;3898;3864;3724;3917;3855;3840;3752;3865;3730;3736;3601;3615;3507;3512;3365;3379;3184;3237
5;3800;3920;3894;3756;3928;3876;3853;3769;3871;3751;3731;3605;3666;3585;3560;3465;3415;3198
6;3756;3811;3941;3918;3766;3949;3872;3858;3780;3896;3759;3735;3640;3747;3655;3645;3509;3448
7;3611;3769;3831;3966;3938;3764;3953;3900;3870;3818;3893;3756;3783;3733;3824;3748;3692;3518
8;3736;3628;3793;3848;3974;3954;3790;3983;3917;3897;3822;3901;3798;3861;3800;3932;3804;3729
9;3914;3758;3655;3791;3873;3992;3965;3811;3996;3939;3891;3814;3945;3886;3925;3871;3971;3840
10;3690;3919;3762;3683;3798;3871;3994;3975;3824;4030;3937;3882;3869;4025;3946;3990;3909;3974
11;3866;3704;3940;3778;3699;3796;3879;4012;3995;3836;4031;3943;3926;3938;4070;4000;4011;3924
12;3803;3865;3705;3957;3776;3721;3805;3899;4022;4005;3831;4040;3978;3988;3970;4102;4021;4003
13;3659;3814;3858;3700;3959;3783;3725;3815;3909;4050;3997;3822;4061;4047;4023;3998;4125;4013
14;3423;3674;3820;3857;3699;3979;3789;3743;3822;3923;4054;3996;3850;4110;4091;4077;4003;4121
15;3538;3423;3673;3820;3852;3685;3978;3801;3759;3848;3934;4058;4012;3879;4138;4120;4074;3999
16;3699;3540;3442;3683;3823;3846;3673;3985;3807;3794;3854;3934;4077;4065;3886;4169;4133;4069
17;3697;3704;3537;3449;3682;3811;3849;3667;3998;3828;3795;3859;3957;4134;4110;3920;4173;4138
18;3752;3705;3714;3555;3471;3700;3823;3876;3715;4053;3875;3846;3929;4055;4199;4209;3983;4247
19;3866;3757;3709;3723;3565;3488;3705;3831;3904;3749;4086;3902;3867;3977;4066;4220;4236;4004
20;4002;3874;3753;3721;3737;3570;3490;3714;3838;3907;3748;4076;3878;3861;3966;4037;4209;4202
21;4123;4014;3891;3768;3735;3746;3575;3500;3717;3844;3901;3756;4049;3859;3871;3973;4040;4211
22;4160;4139;4028;3913;3780;3751;3759;3569;3516;3722;3858;3900;3763;4059;3871;3894;3985;4039
23;4530;4176;4149;4048;3926;3797;3753;3770;3590;3504;3707;3851;3913;3784;4081;3900;3904;3986
24;4883;4573;4194;4170;4064;3927;3784;3775;3765;3585;3517;3723;3870;3903;3800;4105;3912;3910
25;5020;4896;4579;4217;4182;4063;3925;3788;3774;3758;3590;3515;3716;3873;3931;3844;4118;3897
26;5456;5061;4907;4610;4221;4182;4067;3917;3776;3762;3757;3600;3518;3711;3880;3957;3856;4117
27;6043;5514;5092;4950;4617;4225;4155;4068;3892;3774;3769;3745;3599;3521;3720;3909;3952;3855
28;5984;6072;5514;5116;4937;4609;4213;4145;4054;3877;3767;3764;3738;3589;3526;3729;3894;3961
29;6197;6001;6065;5538;5114;4957;4589;4229;4158;4046;3849;3760;3768;3722;3597;3525;3767;3904
30;6354;6228;5981;6083;5522;5114;4977;4598;4245;4145;4018;3830;3777;3751;3724;3629;3554;3777
31;6446;6388;6240;5998;6100;5504;5117;4971;4597;4243;4134;4005;3844;3771;3770;3739;3649;3585
32;6604;6438;6383;6274;5999;6088;5483;5130;4984;4610;4231;4109;4018;3853;3775;3781;3741;3633
33;6469;6645;6428;6393;6263;5991;6065;5454;5154;5016;4629;4235;4102;4027;3854;3799;3774;3756
34;6731;6483;6628;6395;6344;6192;5941;6041;5424;5123;4977;4606;4285;4133;4047;3912;3850;3768
35;6969;6742;6458;6614;6366;6313;6178;5936;6036;5429;5102;4971;4608;4292;4137;4099;3936;3882
36;6958;7010;6774;6501;6617;6379;6317;6205;5943;6070;5447;5125;5004;4654;4328;4198;4132;3959
37;6845;6953;7013;6755;6484;6609;6391;6342;6206;5968;6083;5461;5114;5038;4680;4386;4243;4166
38;6402;6857;6912;6992;6729;6453;6585;6400;6332;6219;5980;6079;5485;5156;5073;4783;4454;4236
39;6260;6397;6856;6906;6971;6736;6433;6578;6421;6401;6228;5993;6083;5563;5186;5138;4829;4475
40;6164;6232;6371;6833;6910;6952;6726;6444;6610;6459;6433;6240;6036;6136;5588;5269;5155;4849
41;5819;6157;6231;6356;6827;6904;6942;6722;6468;6656;6512;6427;6288;6109;6172;5667;5339;5185
42;5767;5843;6148;6213;6372;6831;6928;6968;6760;6545;6700;6521;6486;6377;6133;6231;5729;5354
43;5348;5801;5866;6179;6238;6399;6860;6976;7011;6814;6628;6721;6554;6523;6403;6199;6277;5740
44;5288;5363;5796;5865;6196;6250;6404;6902;7014;7071;6875;6640;6755;6624;6565;6480;6234;6307
45;5121;5313;5362;5805;5877;6186;6243;6425;6924;7058;7087;6889;6689;6822;6651;6596;6512;6221
46;5084;5120;5326;5350;5811;5883;6195;6240;6445;6964;7089;7084;6931;6778;6859;6689;6622;6489
47;5074;5084;5125;5324;5358;5806;5863;6178;6266;6457;6991;7087;7102;6994;6795;6877;6714;6592
48;4829;5083;5079;5112;5331;5369;5802;5877;6182;6274;6461;6998;7096;7134;7023;6839;6902;6686
49;4988;4833;5091;5076;5094;5337;5366;5789;5882;6199;6264;6451;7023;7149;7175;7051;6859;6877
50;5098;4979;4829;5086;5078;5079;5335;5355;5785;5881;6189;6252;6469;7084;7169;7194;7070;6836
51;5215;5092;4976;4813;5087;5064;5068;5341;5348;5788;5869;6176;6270;6513;7085;7188;7190;7027
52;5219;5214;5066;4972;4790;5080;5046;5044;5314;5343;5768;5845;6175;6315;6515;7077;7153;7157
53;5293;5205;5196;5048;4961;4784;5056;5046;5031;5325;5333;5747;5848;6199;6346;6520;7076;7133
54;5053;5283;5193;5184;5035;4943;4767;5037;5035;5029;5299;5327;5743;5858;6194;6347;6505;7043
55;5672;5052;5250;5152;5180;4993;4912;4757;5029;5029;5001;5273;5330;5758;5867;6185;6330;6484
56;3921;5657;5008;5233;5134;5155;4968;4883;4750;5019;5004;4991;5258;5318;5766;5848;6169;6295
57;4581;3906;5631;4985;5212;5102;5123;4942;4860;4731;4987;4954;4964;5255;5303;5750;5824;6150
58;4740;4538;3880;5611;4934;5182;5075;5082;4918;4824;4709;4960;4926;4934;5244;5277;5737;5804
59;4547;4716;4496;3859;5573;4922;5149;5049;5041;4886;4795;4680;4936;4891;4929;5233;5243;5722
60;4586;4502;4684;4468;3824;5535;4876;5106;4992;5012;4844;4759;4660;4921;4871;4920;5197;5213
61;4794;4570;4478;4647;4423;3799;5498;4847;5064;4954;4981;4822;4738;4643;4880;4861;4901;5162
62;4790;4753;4544;4410;4622;4386;3775;5457;4818;5019;4924;4925;4779;4710;4612;4860;4836;4865
63;4602;4753;4724;4500;4366;4586;4343;3724;5406;4779;4982;4880;4876;4752;4682;4585;4817;4789
64;4104;4555;4685;4692;4437;4321;4529;4295;3682;5351;4721;4941;4840;4841;4706;4639;4558;4772
65;3707;4031;4507;4630;4624;4388;4283;4465;4244;3637;5293;4668;4871;4793;4824;4652;4578;4531
66;3810;3669;3971;4480;4592;4581;4335;4245;4400;4204;3606;5237;4625;4829;4736;4757;4597;4520
67;3694;3752;3616;3904;4402;4531;4533;4273;4223;4334;4152;3553;5171;4554;4774;4666;4688;4558
68;3393;3625;3692;3540;3840;4326;4476;4463;4217;4162;4282;4084;3507;5093;4482;4689;4604;4630
69;3338;3318;3561;3616;3492;3776;4254;4402;4381;4134;4082;4219;4031;3454;5013;4418;4610;4547
70;3244;3252;3238;3481;3526;3423;3708;4167;4335;4325;4070;4025;4140;3969;3401;4928;4344;4538
71;3233;3155;3147;3149;3423;3448;3330;3626;4081;4238;4259;4011;3954;4055;3891;3332;4854;4249
72;2854;3139;3072;3071;3059;3344;3381;3250;3561;4003;4167;4176;3934;3885;3959;3824;3263;4770
73;2787;2770;3040;2981;2977;2987;3269;3305;3163;3477;3919;4079;4088;3857;3802;3887;3742;3201
74;2663;2682;2688;2932;2885;2885;2902;3175;3214;3087;3390;3831;3969;3982;3757;3721;3783;3629
75;2434;2586;2578;2583;2829;2790;2793;2825;3075;3139;2980;3305;3721;3875;3870;3676;3639;3662
76;2326;2336;2479;2477;2481;2712;2681;2687;2713;2971;3038;2886;3212;3585;3775;3776;3573;3537
77;2125;2234;2227;2382;2347;2382;2602;2557;2586;2585;2855;2925;2797;3117;3457;3655;3648;3447
78;2037;2022;2117;2127;2285;2227;2272;2464;2438;2488;2482;2733;2794;2699;3008;3349;3549;3502
79;1770;1905;1920;2012;2024;2165;2110;2171;2326;2329;2362;2368;2603;2666;2589;2870;3192;3413
80;1548;1642;1770;1787;1881;1922;2039;1993;2044;2197;2218;2235;2236;2473;2532;2466;2747;3058
81;1392;1418;1524;1605;1663;1763;1814;1900;1884;1928;2043;2075;2085;2124;2334;2388;2341;2593
82;961;1232;1321;1395;1489;1525;1611;1694;1769;1742;1799;1922;1942;1949;1969;2187;2253;2185
83;616;869;1092;1194;1273;1353;1352;1459;1522;1593;1605;1654;1800;1806;1802;1836;2025;2108
84;580;565;769;991;1071;1148;1215;1216;1312;1396;1395;1474;1520;1654;1644;1655;1688;1877
85;583;515;499;693;872;956;1026;1091;1093;1179;1246;1270;1326;1373;1498;1499;1519;1563
86;657;503;443;431;609;773;852;884;981;978;1058;1090;1123;1201;1225;1340;1345;1368
87;640;566;425;385;364;533;676;763;794;866;849;936;978;983;1048;1087;1198;1189
88;557;529;481;356;320;310;457;592;657;705;753;724;786;843;840;921;934;1052
89;493;450;443;403;285;263;258;377;493;539;617;644;631;665;703;734;788;804
90;353;409;347;388;322;237;229;216;309;434;456;503;537;531;541;606;621;639
91;270;275;338;276;326;255;192;184;188;254;361;365;402;426;435;455;485;521
92;185;196;218;262;220;257;198;153;147;154;203;297;301;341;341;347;349;381
93;123;131;151;173;206;156;196;148;121;122;118;154;232;226;262;258;272;286
94;85;87;92;111;142;169;116;141;105;95;92;93;122;185;166;191;195;201
95;62;60;60;75;81;104;121;88;112;81;64;73;67;88;130;125;141;142
96;38;44;39;41;52;63;77;91;51;77;63;40;51;45;61;86;88;103
97;16;23;25;26;30;43;45;50;57;35;53;41;22;36;30;45;49;65
98;6;10;17;13;17;20;29;22;36;35;24;31;27;14;27;20;31;35
99;8;3;7;10;12;11;15;21;14;21;20;19;22;23;6;16;15;19
100 e oltre;8;9;7;8;16;16;16;19;22;17;27;30;38;38;34;21;25;20
Totale;369618;371070;371985;373356;374203;374955;375343;376149;376983;378309;378606;378504;379301;381331;382217;384040;384532;383878
Età/Anno;2002;2003;2004;2005;2006;2007;2008;2009;2010;2011;2012;2013;2014;2015;2016;2017;2018;2019
Età;Femmine
0;3545;3667;3628;3686;3550;3447;3464;3383;3287;3267;3121;3089;2923;2852;2822;2669;2619;2511
1;3590;3581;3673;3647;3696;3570;3458;3475;3382;3312;3256;3100;3116;2968;2948;2906;2721;2653
2;3748;3634;3613;3691;3660;3713;3599;3476;3496;3386;3318;3239;3138;3160;3036;3013;2963;2768
3;3540;3763;3657;3613;3702;3667;3719;3604;3479;3501;3394;3306;3256;3197;3223;3112;3073;2976
4;3618;3568;3775;3667;3615;3726;3668;3725;3605;3488;3499;3401;3355;3313;3275;3315;3150;3111
5;3598;3636;3583;3791;3680;3630;3728;3676;3747;3618;3488;3501;3426;3446;3390;3349;3361;3173
6;3446;3613;3660;3606;3807;3691;3652;3741;3677;3768;3617;3480;3532;3513;3527;3477;3399;3386
7;3432;3471;3623;3678;3627;3813;3714;3672;3751;3688;3767;3614;3524;3607;3564;3606;3527;3413
8;3676;3449;3486;3648;3685;3653;3835;3741;3674;3771;3688;3765;3658;3630;3684;3658;3642;3531
9;3604;3705;3467;3508;3652;3697;3670;3859;3748;3683;3770;3701;3816;3747;3668;3753;3690;3656
10;3644;3609;3716;3492;3513;3670;3718;3682;3867;3764;3681;3773;3750;3886;3804;3722;3791;3706
11;3516;3655;3620;3735;3507;3527;3688;3726;3695;3883;3758;3683;3810;3817;3944;3863;3748;3793
12;3547;3518;3668;3626;3750;3521;3535;3695;3748;3717;3876;3758;3726;3892;3841;3996;3881;3750
13;3588;3556;3516;3672;3630;3752;3538;3548;3694;3766;3718;3864;3784;3788;3926;3863;4006;3880
14;3267;3594;3560;3517;3671;3644;3751;3557;3548;3693;3765;3725;3890;3846;3820;3962;3867;4003
15;3341;3270;3611;3550;3523;3670;3651;3771;3569;3551;3688;3762;3735;3936;3876;3852;3978;3872
16;3550;3346;3263;3608;3553;3531;3669;3663;3789;3583;3556;3676;3790;3765;3958;3877;3858;3971
17;3557;3548;3359;3260;3617;3564;3532;3669;3676;3805;3588;3552;3691;3839;3784;3978;3904;3842
18;3536;3559;3546;3358;3263;3623;3576;3534;3682;3707;3827;3624;3594;3799;3912;3863;4052;3991
19;3699;3536;3563;3552;3361;3269;3623;3580;3546;3685;3714;3846;3633;3624;3793;3932;3887;4067
20;3868;3706;3537;3570;3553;3363;3262;3629;3582;3552;3660;3708;3825;3619;3612;3788;3918;3874
21;3910;3898;3703;3565;3568;3543;3358;3273;3617;3578;3540;3659;3685;3805;3614;3622;3795;3923
22;4072;3902;3884;3736;3560;3568;3525;3350;3284;3632;3575;3536;3659;3679;3821;3625;3640;3790
23;4458;4084;3901;3902;3743;3552;3587;3530;3347;3276;3645;3561;3537;3675;3678;3850;3626;3623
24;4653;4493;4069;3886;3896;3746;3538;3588;3514;3339;3279;3632;3565;3523;3678;3693;3845;3627
25;4844;4682;4446;4072;3880;3891;3751;3518;3607;3480;3339;3288;3627;3553;3533;3667;3678;3840
26;5213;4846;4682;4434;4050;3881;3881;3745;3504;3571;3463;3332;3286;3603;3554;3550;3663;3678
27;5625;5211;4827;4665;4424;4049;3869;3885;3754;3491;3549;3433;3313;3287;3601;3549;3526;3644
28;5659;5645;5180;4809;4645;4402;4087;3860;3861;3782;3505;3501;3447;3329;3311;3620;3541;3510
29;5803;5640;5592;5186;4794;4650;4406;4058;3846;3872;3768;3470;3518;3451;3299;3306;3631;3551
30;6165;5808;5630;5578;5170;4768;4660;4421;4063;3862;3856;3773;3488;3503;3464;3305;3322;3668
31;5937;6192;5778;5608;5531;5144;4800;4684;4449;4081;3879;3869;3770;3496;3492;3486;3342;3330
32;6253;5914;6146;5709;5565;5489;5108;4813;4676;4469;4095;3898;3903;3792;3525;3537;3518;3357
33;6251;6310;5883;6128;5667;5543;5500;5120;4805;4746;4508;4110;3898;3928;3808;3573;3566;3571
34;6196;6322;6353;5920;6140;5692;5612;5596;5203;4866;4821;4512;4127;3919;3963;3852;3604;3616
35;6596;6285;6366;6383;5955;6180;5755;5703;5653;5269;4969;4841;4532;4179;3953;3988;3883;3625
36;6605;6680;6322;6402;6412;5983;6224;5821;5777;5725;5342;4976;4863;4583;4198;3983;4029;3937
37;6649;6645;6683;6346;6396;6427;6015;6249;5857;5812;5776;5360;5028;4901;4611;4245;4020;4052
38;6333;6677;6645;6693;6350;6424;6432;6042;6276;5891;5818;5771;5385;5068;4926;4649;4303;4036
39;6022;6370;6705;6642;6672;6371;6446;6458;6062;6277;5903;5831;5791;5427;5114;4962;4720;4344
40;5860;6041;6374;6725;6655;6642;6398;6448;6464;6077;6279;5906;5885;5848;5482;5181;4980;4759
41;5697;5873;6048;6374;6744;6643;6663;6420;6467;6465;6094;6291;5936;5952;5900;5496;5217;5005
42;5417;5713;5859;6033;6375;6769;6648;6677;6416;6497;6451;6107;6323;5972;5972;5923;5511;5234
43;5078;5451;5710;5856;6025;6372;6800;6670;6687;6436;6501;6441;6102;6357;6025;6008;5964;5528
44;4979;5102;5457;5703;5859;6023;6375;6812;6687;6681;6433;6504;6474;6141;6381;6073;6031;5972
45;5037;4996;5113;5458;5705;5855;6023;6383;6823;6679;6675;6437;6525;6477;6172;6407;6089;6039
46;4902;5050;4986;5114;5477;5701;5845;6029;6394;6835;6679;6680;6443;6561;6500;6184;6414;6085
47;4839;4903;5050;4995;5103;5469;5706;5859;6036;6412;6821;6679;6677;6469;6579;6545;6204;6412
48;4784;4843;4898;5051;4996;5119;5478;5710;5877;6041;6409;6796;6680;6705;6501;6611;6542;6173
49;4800;4793;4842;4899;5048;4987;5138;5488;5712;5881;6031;6396;6793;6701;6731;6519;6601;6533
50;4784;4802;4788;4836;4883;5044;5005;5147;5484;5713;5881;6036;6387;6809;6696;6737;6531;6581
51;5159;4778;4788;4797;4840;4880;5027;5001;5146;5490;5709;5865;6046;6405;6829;6712;6744;6524
52;5047;5152;4764;4784;4802;4833;4875;5021;5009;5156;5477;5692;5875;6055;6422;6808;6717;6757
53;5260;5044;5149;4755;4777;4793;4828;4883;5004;5013;5153;5458;5684;5875;6072;6427;6811;6715
54;5119;5263;5042;5141;4741;4782;4790;4826;4866;5001;5017;5148;5446;5670;5879;6081;6414;6809
55;5802;5095;5254;5040;5134;4733;4775;4779;4822;4857;4993;5000;5132;5457;5662;5875;6071;6397
56;4076;5790;5090;5248;5027;5110;4717;4766;4768;4809;4851;4991;4998;5136;5450;5668;5859;6053
57;4651;4053;5770;5089;5241;5026;5104;4700;4749;4755;4812;4829;4982;4994;5137;5454;5657;5836
58;4962;4632;4040;5765;5092;5226;5008;5088;4695;4722;4754;4799;4820;4978;4985;5131;5441;5643
59;4744;4957;4624;4026;5771;5080;5223;5013;5077;4686;4711;4745;4771;4812;4971;4975;5127;5426
60;4805;4721;4942;4617;4022;5738;5069;5214;5005;5061;4680;4698;4719;4758;4798;4960;4960;5099
61;5100;4777;4709;4933;4593;3998;5723;5048;5205;5000;5058;4667;4671;4709;4741;4794;4946;4936
62;4810;5069;4773;4695;4905;4561;3982;5699;5044;5194;4979;5023;4654;4651;4698;4728;4786;4940
63;4772;4801;5039;4760;4670;4896;4528;3976;5687;5035;5178;4947;5001;4628;4626;4685;4708;4774
64;4435;4755;4781;5011;4742;4644;4875;4509;3943;5683;5030;5147;4918;4981;4611;4610;4676;4681
65;4282;4412;4750;4777;4996;4708;4624;4872;4494;3938;5645;5005;5117;4891;4954;4589;4588;4652
66;4249;4262;4395;4716;4760;4953;4691;4612;4843;4485;3919;5596;4963;5078;4857;4924;4557;4559
67;4203;4211;4251;4386;4696;4723;4928;4654;4595;4823;4447;3891;5564;4932;5055;4833;4909;4524
68;3904;4170;4177;4229;4366;4677;4706;4913;4623;4561;4798;4426;3863;5520;4877;5024;4801;4864
69;4033;3870;4141;4145;4208;4341;4637;4667;4886;4578;4515;4759;4391;3818;5489;4852;4995;4771
70;3917;4007;3829;4106;4117;4169;4294;4606;4622;4853;4541;4472;4715;4352;3786;5444;4807;4956
71;4044;3880;3957;3792;4078;4074;4134;4238;4582;4599;4822;4498;4443;4683;4323;3766;5401;4762
72;3817;3992;3833;3914;3753;4035;4039;4107;4220;4548;4552;4771;4454;4421;4626;4282;3724;5347
73;3901;3757;3951;3793;3861;3709;3997;3992;4034;4177;4502;4497;4724;4423;4376;4574;4224;3687
74;3831;3864;3695;3905;3751;3814;3676;3950;3958;3962;4127;4447;4457;4672;4355;4331;4512;4171
75;3709;3771;3798;3624;3851;3698;3754;3633;3890;3884;3908;4074;4392;4398;4605;4301;4273;4464
76;3769;3637;3705;3711;3540;3779;3636;3711;3557;3845;3823;3846;3998;4315;4333;4544;4237;4213
77;3556;3685;3555;3634;3625;3488;3700;3570;3626;3476;3790;3750;3754;3922;4237;4271;4453;4150
78;3484;3457;3582;3489;3568;3545;3391;3610;3484;3551;3402;3705;3662;3686;3857;4167;4178;4354
79;3230;3374;3351;3467;3391;3461;3472;3305;3510;3379;3471;3333;3638;3588;3599;3758;4077;4104
80;3168;3110;3261;3230;3368;3295;3347;3369;3172;3409;3288;3362;3249;3560;3484;3499;3658;3976
81;3011;3061;2983;3143;3096;3263;3176;3230;3246;3065;3305;3196;3263;3145;3457;3396;3406;3561
82;1905;2895;2925;2881;2984;2978;3149;3027;3096;3121;2939;3180;3087;3137;3012;3343;3279;3273
83;1440;1827;2772;2803;2732;2808;2822;3009;2897;2962;2989;2816;3058;2967;2996;2883;3187;3134
84;1209;1368;1715;2618;2672;2587;2663;2671;2849;2751;2788;2832;2693;2900;2804;2852;2744;3029
85;1466;1124;1286;1594;2427;2516;2431;2511;2520;2672;2591;2635;2656;2555;2723;2656;2681;2589
86;1727;1354;1020;1179;1473;2237;2324;2263;2301;2346;2482;2407;2437;2502;2363;2557;2469;2520
87;1664;1578;1240;952;1097;1360;2054;2124;2074;2141;2156;2278;2205;2244;2274;2196;2364;2303
88;1502;1459;1385;1124;888;1005;1249;1859;1903;1892;1974;1940;2079;2021;2035;2081;1999;2186
89;1346;1293;1247;1207;996;799;886;1095;1701;1723;1661;1782;1746;1877;1824;1837;1862;1784
90;1089;1164;1117;1105;1046;852;716;784;961;1515;1515;1449;1599;1555;1660;1602;1637;1637
91;854;921;956;954;956;905;737;605;698;815;1303;1306;1274;1385;1334;1434;1371;1434
92;658;704;777;768;820;827;786;620;518;583;681;1098;1108;1074;1149;1116;1203;1157
93;529;525;558;653;625;677;682;658;502;443;489;541;903;909;895;951;906;999
94;353;417;403;456;522;522;547;568;539;398;369;399;410;709;733;744;758;712
95;291;270;304;321;368;382;417;432;468;444;319;298;318;325;558;564;577;594
96;147;223;188;230;235;290;293;323;319;366;366;236;226;249;249;429;425;454
97;119;112;159;140;161;171;221;213;241;248;284;278;182;181;173;189;289;308
98;75;86;75;109;96;129;129;161;147;173;188;194;206;136;129;118;141;199
99;54;47;61;48;74;69;88;94;118;116;136;130;148;142;103;83;69;94
100 e oltre;82;96;84;83;86;116;117;127;150;167;193;211;229;225;212;201;178;161
Totale;387691;389025;389295;390130;390543;390930;391720;392469;392808;393395;393313;392440;392547;393543;393866;394599;394227;393242

"Ricostruzione della popolazione intercensuaria - Popolazione al 1° gennaio per età"
"Cittadinanza straniera - Provincia: Vicenza"
Età/Anno;2002;2003;2004;2005;2006;2007;2008;2009;2010;2011;2012;2013;2014;2015;2016;2017;2018;2019
Età;Totale
0;929;1129;1111;1600;1662;1805;1892;2096;2042;1866;1864;1872;1755;1639;1424;1284;1163;1123
1;910;969;1176;1201;1591;1681;1795;1906;2033;1989;1840;1877;1797;1649;1486;1276;1187;1126
2;738;977;1023;1226;1269;1592;1701;1826;1895;1957;1954;1852;1822;1631;1497;1294;1165;1122
3;648;779;995;1092;1266;1275;1585;1731;1792;1826;1917;1974;1786;1662;1446;1303;1166;1124
4;616;709;808;1072;1144;1265;1292;1580;1691;1740;1769;1950;1881;1616;1491;1218;1163;1102
5;554;690;755;867;1098;1152;1281;1317;1544;1645;1666;1782;1853;1661;1430;1242;1091;1123
6;496;611;748;831;933;1125;1172;1283;1276;1453;1597;1684;1647;1646;1472;1157;1098;1041
7;512;555;670;827;911;956;1151;1196;1260;1233;1430;1598;1570;1452;1437;1204;1020;1047
8;459;587;599;726;898;933;989;1165;1189;1195;1222;1416;1478;1350;1257;1167;1059;968
9;483;515;650;663;809;926;956;1024;1127;1117;1187;1233;1326;1262;1156;1029;1029;1012
10;419;530;571;734;726;836;960;1008;1027;1098;1116;1198;1111;1145;1079;967;900;985
11;397;502;594;656;807;773;879;1031;1038;995;1104;1120;1076;916;990;921;875;859
12;369;471;557;657;753;840;825;939;1055;1012;1016;1119;1017;903;787;844;837;855
13;368;451;545;662;748;807;895;919;966;1073;1026;1035;1050;870;791;672;782;829
14;355;434;489;630;739;811;860;969;942;964;1098;1047;977;931;773;682;646;796
15;371;413;492;588;736;816;871;941;1003;932;1006;1118;1010;883;851;679;662;663
16;347;444;468;607;743;815;863;955;975;1002;981;1058;1062;906;818;778;645;681
17;362;434;518;614;716;838;894;970;1025;980;1043;996;1044;938;832;734;752;652
18;349;468;530;657;776;824;920;1043;1034;1041;981;1036;908;831;819;665;648;637
19;357;411;568;635;751;854;926;1068;1091;1055;1069;997;1021;859;845;828;673;681
20;410;437;571;726;752;841;1037;1091;1146;1156;1118;1154;1051;1051;920;901;906;818
21;507;530;684;745;848;860;1062;1233;1206;1256;1234;1181;1218;1088;1067;957;947;1009
22;559;630;774;931;871;939;1048;1302;1321;1295;1355;1318;1213;1258;1100;1052;1003;1035
23;667;759;964;1038;1101;1010;1158;1313;1442;1431;1396;1433;1396;1200;1207;1108;1091;1102
24;774;880;1166;1304;1189;1199;1265;1434;1427;1576;1543;1489;1503;1432;1196;1194;1116;1147
25;899;1016;1339;1572;1461;1285;1469;1543;1557;1603;1669;1642;1559;1527;1434;1215;1211;1182
26;958;1135;1477;1745;1755;1614;1529;1768;1652;1702;1658;1770;1677;1624;1500;1453;1203;1277
27;1110;1221;1658;1889;1937;1854;1845;1822;1851;1764;1787;1744;1854;1668;1618;1509;1480;1270
28;1177;1370;1755;2112;2119;2054;2081;2189;1877;1963;1846;1868;1821;1842;1674;1599;1508;1549
29;1197;1421;1864;2183;2294;2230;2309;2359;2234;1919;1960;1923;1900;1835;1811;1639;1605;1582
30;1155;1467;1949;2305;2413;2426;2424;2582;2403;2273;2004;2067;1932;1893;1846;1770;1657;1634
31;1299;1362;1921;2276;2426;2482;2597;2616;2558;2347;2238;2067;2085;1879;1825;1778;1781;1713
32;1316;1482;1752;2227;2383;2418;2580;2724;2585;2507;2265;2291;2086;2053;1870;1778;1754;1799
33;1347;1448;1884;2059;2314;2378;2458;2679;2625;2469;2421;2292;2295;2049;2051;1795;1735;1737
34;1261;1476;1758;2138;2106;2304;2460;2509;2604;2519;2313;2443;2283;2212;2013;1936;1755;1776
35;1189;1339;1749;1960;2153;2039;2309;2486;2456;2526;2338;2368;2438;2215;2118;1896;1891;1765
36;1132;1292;1581;1944;2018;2129;2083;2342;2428;2375;2322;2346;2310;2336;2114;1997;1830;1856
37;1019;1249;1522;1775;2020;2032;2226;2158;2336;2351;2288;2333;2300;2222;2251;1962;1911;1818
38;992;1103;1458;1694;1850;2022;2137;2282;2081;2301;2241;2309;2268;2205;2089;2048;1848;1884
39;924;1062;1300;1640;1753;1865;2105;2196;2273;1997;2219;2245;2256;2140;2099;1927;1934;1812
40;759;1017;1223;1504;1692;1755;1968;2184;2145;2177;1895;2223;2162;2134;2032;1891;1824;1897
41;842;809;1217;1341;1526;1704;1790;2014;2130;2073;2039;1897;2123;1992;1984;1838;1765;1773
42;678;863;991;1316;1368;1488;1725;1798;1968;2010;1930;2018;1810;1991;1822;1790;1746;1752
43;614;689;972;1082;1325;1303;1471;1729;1697;1865;1865;1931;1934;1679;1830;1653;1653;1718
44;547;645;834;1056;1103;1290;1341;1523;1648;1597;1727;1863;1852;1782;1574;1657;1562;1639
45;466;574;765;927;1072;1080;1322;1367;1485;1561;1489;1731;1767;1722;1657;1432;1554;1527
46;414;492;703;838;956;1071;1122;1340;1313;1415;1495;1509;1663;1624;1586;1527;1380;1517
47;385;431;596;761;843;955;1129;1136;1302;1257;1332;1492;1448;1529;1508;1437;1446;1370
48;359;404;513;660;770;837;1011;1136;1112;1271;1200;1330;1449;1332;1418;1365;1377;1456
49;349;385;493;558;658;760;885;1021;1092;1094;1219;1195;1299;1316;1237;1337;1314;1344
50;250;361;471;559;574;663;781;891;997;1068;1061;1215;1169;1176;1214;1132;1255;1302
51;248;259;442;508;574;591;681;793;870;983;1002;1090;1171;1077;1100;1122;1072;1252
52;217;264;313;476;523;548;619;703;799;850;960;1031;1038;1074;998;1009;1079;1034
53;176;231;313;357;480;514;552;634;695;773;840;948;992;959;975;906;972;1062
54;125;185;284;320;347;463;513;538;622;690;758;839;929;918;894;917;866;964
55;116;128;219;316;317;343;455;527;513;618;669;768;805;849;852;849;885;863
56;100;128;157;228;303;309;353;461;515;510;621;665;775;750;783;806;805;879
57;84;112;155;173;227;300;321;374;452;509;514;626;656;717;697;735;792;800
58;62;86;127;159;169;221;290;344;358;457;498;526;627;618;695;654;719;788
59;92;75;95;131;151;164;216;294;324;361;444;512;518;607;573;650;631;713
60;74;100;91;99;125;150;168;227;287;318;356;444;496;504;569;536;627;620
61;76;86;105;95;90;110;148;177;229;278;313;370;440;469;473;546;532;618
62;69;79;95;108;89;94;100;154;181;236;271;328;382;418;440;468;529;527
63;73;77;92;104;107;89;95;115;154;175;243;281;323;373;408;409;453;515
64;40;76;82;90;97;93;82;112;118;145;169;236;281;318;361;388;411;449
65;67;49;79;88;93;91;94;79;117;120;151;182;243;271;303;335;365;411
66;45;71;55;79;85;90;89;92;82;116;119;157;187;233;266;301;330;357
67;43;47;73;56;74;78;80;95;96;84;117;128;153;187;229;258;312;315
68;42;44;48;73;57;77;74;88;99;95;90;119;130;148;180;227;259;306
69;34;43;48;51;72;61;77;76;82;91;100;96;125;124;141;175;230;248
70;42;38;40;55;54;68;59;85;80;89;94;104;88;122;123;141;166;231
71;32;40;38;41;48;47;67;57;85;77;98;88;105;85;113;123;137;167
72;26;34;39;38;41;42;50;76;55;81;85;103;93;110;81;103;124;143
73;29;26;40;42;36;40;40;55;78;56;85;81;109;92;111;83;98;125
74;26;26;28;36;40;33;34;41;61;73;58;87;80;104;94;104;84;100
75;16;33;25;30;37;33;35;34;43;58;79;54;93;89;96;95;102;83
76;18;18;30;26;25;37;31;37;33;37;56;77;48;90;84;100;93;99
77;18;21;20;32;23;21;34;28;35;31;41;56;72;55;89;75;97;85
78;10;14;19;16;33;22;18;31;29;37;31;43;52;74;58;88;76;99
79;15;7;13;19;15;29;17;18;29;24;37;30;42;52;67;56;86;71
80;17;12;8;17;16;12;28;15;18;29;25;35;29;37;50;68;53;76
81;10;13;11;9;13;16;12;27;18;14;29;22;39;29;34;51;64;55
82;6;7;14;12;9;11;17;11;21;15;15;32;23;40;29;35;45;61
83;2;6;6;13;11;7;9;13;10;19;15;15;28;23;40;28;36;43
84;2;2;6;11;10;11;5;9;13;9;18;14;19;26;22;36;30;35
85;5;2;4;5;9;9;9;8;10;13;9;17;12;17;24;19;34;29
86;6;5;3;6;4;9;10;6;7;6;12;7;14;8;15;21;21;31
87;2;6;6;5;5;3;8;8;6;5;6;12;8;17;7;13;16;19
88;3;2;6;6;5;4;3;7;6;5;6;4;10;6;16;6;12;14
89;0;4;1;8;6;5;3;3;6;4;3;5;5;7;5;15;6;9
90;1;0;5;3;8;6;4;2;3;5;4;2;5;5;7;5;9;7
91;4;0;0;6;3;8;5;3;1;2;5;4;2;5;3;7;4;9
92;0;4;0;1;6;3;7;5;0;1;2;4;3;2;5;3;6;3
93;1;1;2;1;0;5;3;6;4;0;0;2;4;4;2;5;3;5
94;0;2;0;5;1;0;5;2;2;1;0;0;1;4;2;2;3;2
95;0;0;2;0;4;1;0;3;2;0;1;0;0;1;5;1;2;2
96;0;1;0;2;0;2;1;0;3;2;0;1;0;0;1;3;1;2
97;0;1;1;0;2;0;2;1;0;1;2;0;1;0;0;1;3;1
98;0;0;1;2;0;2;0;2;1;0;0;1;0;1;0;1;1;3
99;0;0;0;1;1;0;1;0;2;0;0;0;1;0;1;0;1;1
100 e oltre;0;0;1;2;3;3;3;2;1;2;0;0;1;1;1;1;1;2
Totale;37668;43893;55013;65371;71174;74686;80961;88212;90211;90996;91404;94895;94570;90476;86468;81097;78886;79819
Età/Anno;2002;2003;2004;2005;2006;2007;2008;2009;2010;2011;2012;2013;2014;2015;2016;2017;2018;2019
Età;Maschi
0;460;569;567;815;868;904;1003;1064;1030;939;941;935;891;854;725;660;623;569
1;462;473;591;618;825;888;905;1009;1037;995;933;958;916;837;781;653;602;594
2;391;509;506;618;641;824;904;923;1006;995;964;949;922;824;766;689;597;570
3;312;399;514;558;632;644;817;914;905;952;971;988;911;827;732;667;616;584
4;316;351;419;552;596;641;654;822;887;878;922;1003;949;827;738;612;578;589
5;287;362;385;448;563;602;654;662;783;862;849;924;953;843;746;620;544;560
6;282;325;402;431;484;573;622;647;633;738;839;856;843;855;746;616;561;518
7;278;313;344;444;461;485;598;636;640;612;737;829;795;740;752;615;547;532
8;226;314;337;382;482;475;512;608;623;606;607;719;762;689;633;612;542;516
9;246;256;351;375;430;495;494;527;596;584;591;619;687;655;593;512;529;525
10;219;279;295;408;408;439;508;520;525;565;584;595;553;593;568;489;446;505
11;222;275;317;346;446;441;454;533;554;511;570;587;543;464;515;495;447;423
12;214;266;299;343;406;467;472;495;552;540;529;572;551;461;398;447;446;442
13;198;260;320;357;397;445;489;510;517;570;553;541;541;476;416;345;418;453
14;189;240;281;347;402;426;477;520;522;510;592;565;505;497;423;357;327;432
15;209;214;272;343;412;440;461;515;546;506;546;603;548;452;457;378;346;335
16;172;248;247;336;433;452;478;508;532;559;529;579;583;493;424;410;355;362
17;203;216;292;342;391;481;499;545;559;540;592;537;576;512;452;378;400;375
18;188;251;266;373;435;444;539;573;576;585;544;595;490;468;444;374;358;356
19;190;206;300;321;400;461;497;601;580;568;582;544;589;448;479;480;395;400
20;188;215;274;371;330;398;551;562;626;586;575;619;568;585;472;512;533;485
21;218;215;335;336;382;342;496;635;599;651;606;603;645;566;571;494;555;597
22;243;254;315;452;357;402;427;614;669;603;662;640;591;649;561;561;508;612
23;320;334;438;438;487;398;496;540;666;697;624;689;676;569;618;571;580;560
24;381;431;569;626;496;507;499;602;576;699;718;667;719;690;544;607;565;607
25;373;517;693;812;678;526;649;626;631;640;721;768;699;703;682;563;599;613
26;456;490;761;945;862;716;626;803;670;686;640;771;785;711;706;685;546;656
27;558;589;764;997;995;896;822;777;833;708;713;684;800;775;698;710;698;597
28;621;673;869;1009;1059;1006;1004;999;779;866;735;760;736;799;762;680;721;768
29;634;753;940;1136;1054;1087;1125;1129;1040;785;844;776;777;762;760;743;696;764
30;624;804;1050;1223;1234;1076;1187;1286;1146;1050;818;899;787;764;776;748;762;742
31;731;740;1070;1256;1261;1235;1168;1293;1256;1120;1015;868;929;773;733;753;768;807
32;772;854;947;1284;1295;1246;1285;1246;1267;1226;1067;1033;888;918;774;731;760;817
33;802;862;1122;1186;1306;1274;1268;1366;1216;1223;1179;1094;1055;883;923;744;732;782
34;771;883;1038;1281;1177;1276;1323;1304;1332;1167;1140;1200;1091;1026;883;874;737;787
35;745;850;1076;1205;1290;1142;1277;1345;1286;1291;1103;1179;1203;1065;1005;840;872;778
36;706;825;1007;1227;1232;1270;1177;1300;1320;1245;1201;1123;1156;1166;1012;942;821;888
37;640;796;941;1136;1262;1232;1317;1226;1297;1255;1192;1209;1108;1129;1130;933;925;857
38;621;710;947;1051;1164;1256;1299;1335;1180;1255;1180;1212;1174;1056;1074;1021;869;946
39;595;680;821;1075;1087;1172;1293;1310;1323;1110;1203;1174;1168;1116;1019;967;971;867
40;499;674;768;944;1094;1100;1236;1331;1253;1206;1024;1194;1118;1111;1053;898;897;963
41;555;545;777;843;955;1098;1112;1245;1271;1168;1095;1026;1151;1019;1046;922;827;871
42;434;576;614;847;842;933;1088;1099;1176;1155;1031;1079;957;1057;951;924;851;846
43;399;436;598;642;825;791;889;1051;1003;1070;1004;1010;1004;874;966;832;843;839
44;351;417;494;639;638;787;791;899;970;885;932;983;935;895;807;844;760;833
45;295;364;453;544;621;628;789;787;866;861;789;923;914;846;816;718;775;749
46;275;313;402;493;550;609;644;777;735;782;789;800;856;803;779;725;683;745
47;246;283;351;425;497;551;620;629;734;660;710;775;749;774;734;691;673;680
48;211;253;301;372;420;481;555;611;608;679;604;692;740;667;713;665;652;690
49;216;229;277;323;368;403;485;538;570;560;631;596;662;636;601;657;640;644
50;149;224;243;303;329;368;413;477;517;523;529;621;572;570;575;537;620;637
51;147;151;237;260;304;333;369;400;460;489;476;528;576;514;523;523;509;619
52;104;154;160;249;263;287;328;366;380;408;462;479;484;505;461;461;497;503
53;93;116;163;172;244;259;278;313;349;339;399;442;442;427;450;407;437;496
54;64;100;127;170;166;232;252;272;302;320;321;390;409;382;386;408;385;438
55;58;63;113;134;167;167;229;251;253;280;312;315;359;348;341;347;389;394
56;50;65;70;107;131;163;166;224;235;236;270;295;300;313;306;309;330;388
57;40;55;78;71;108;131;158;163;219;212;237;275;274;260;285;285;297;320
58;25;41;63;75;67;105;125;160;155;209;199;242;272;250;238;254;274;293
59;49;33;42;62;72;66;95;121;146;146;193;198;224;258;219;212;252;268
60;29;52;41;41;56;70;73;96;116;124;141;192;181;205;239;204;217;249
61;35;33;52;40;39;48;67;73;95;101;117;142;184;165;185;226;209;213
62;33;36;38;51;38;39;40;66;71;89;98;118;151;166;160;188;215;206
63;38;38;43;43;51;39;39;43;67;67;94;110;115;147;153;145;178;206
64;13;41;38;42;38;41;37;46;44;66;59;87;108;107;136;143;143;175
65;21;18;42;39;44;35;44;36;46;44;70;63;90;108;101;132;132;137
66;19;19;22;38;37;41;36;39;39;41;41;71;68;85;104;106;130;124
67;18;18;22;24;33;35;35;37;33;40;42;41;68;63;81;95;112;118
68;12;16;20;23;26;32;32;36;39;28;42;42;42;62;60;79;94;104
69;17;11;22;19;22;30;28;33;30;33;32;43;42;44;59;63;79;88
70;21;19;12;25;19;20;33;32;30;29;32;36;39;44;41;58;62;78
71;13;18;18;15;18;14;21;31;35;31;33;30;40;38;44;40;57;59
72;7;17;17;17;16;14;15;25;26;35;31;38;32;42;35;38;39;60
73;10;9;20;16;18;15;14;19;23;28;35;33;41;31;43;35;36;43
74;10;12;8;20;16;15;12;17;22;22;28;35;31;39;29;38;35;33
75;6;15;9;9;18;13;15;13;16;22;25;26;41;38;37;30;36;33
76;5;7;14;11;8;17;14;17;12;13;20;24;21;39;33;33;28;35
77;11;6;7;16;11;5;15;14;14;14;14;19;23;26;39;30;33;29
78;5;8;5;5;17;12;4;15;15;15;13;15;20;23;24;38;29;36
79;11;3;7;6;5;13;9;5;15;13;15;11;15;21;19;23;36;27
80;11;8;3;10;6;4;12;8;6;17;12;15;11;13;21;19;22;33
81;7;8;6;3;9;7;4;12;10;5;17;12;18;12;12;20;16;24
82;0;5;7;8;3;7;7;3;11;8;5;17;12;18;12;12;18;16
83;2;0;3;5;7;3;5;3;2;8;8;6;16;12;15;13;14;19
84;1;2;0;6;5;7;1;4;3;2;8;6;7;16;10;14;16;14
85;1;1;3;0;5;5;6;1;3;3;2;8;5;6;14;9;14;16
86;1;1;1;3;0;4;4;3;1;2;3;1;5;3;4;11;10;9
87;0;1;2;2;3;0;3;4;3;1;2;3;1;6;3;3;6;9
88;1;0;1;0;2;2;0;3;4;3;1;0;3;1;7;3;3;5
89;0;1;0;0;0;3;2;0;2;3;1;0;0;3;1;7;3;2
90;1;0;1;0;0;0;3;1;0;2;2;1;0;0;3;1;5;4
91;2;0;0;0;0;0;0;3;1;0;1;2;1;0;0;3;1;4
92;0;2;0;0;0;0;0;0;0;1;1;0;2;1;0;0;2;0
93;0;0;1;0;0;0;0;0;0;0;0;1;0;3;1;0;0;2
94;0;0;0;1;0;0;0;0;0;0;0;0;0;0;1;1;0;0
95;0;0;0;0;0;0;0;0;0;0;0;0;0;0;0;1;1;0
96;0;0;0;0;0;0;0;0;0;0;0;0;0;0;0;0;1;1
97;0;0;0;0;0;0;0;0;0;0;0;0;0;0;0;0;0;1
98;0;0;0;0;0;0;0;0;0;0;0;0;0;0;0;1;0;0
99;0;0;0;0;0;0;0;0;0;0;0;0;0;0;0;0;1;0
100 e oltre;0;0;1;1;1;1;1;1;1;0;0;0;0;0;0;0;0;1
Totale;20884;24318;30099;36017;38352;39567;42579;45883;46352;45576;44963;46577;46094;43616;41467;38569;37519;38599
Età/Anno;2002;2003;2004;2005;2006;2007;2008;2009;2010;2011;2012;2013;2014;2015;2016;2017;2018;2019
Età;Femmine
0;469;560;544;785;794;901;889;1032;1012;927;923;937;864;785;699;624;540;554
1;448;496;585;583;766;793;890;897;996;994;907;919;881;812;705;623;585;532
2;347;468;517;608;628;768;797;903;889;962;990;903;900;807;731;605;568;552
3;336;380;481;534;634;631;768;817;887;874;946;986;875;835;714;636;550;540
4;300;358;389;520;548;624;638;758;804;862;847;947;932;789;753;606;585;513
5;267;328;370;419;535;550;627;655;761;783;817;858;900;818;684;622;547;563
6;214;286;346;400;449;552;550;636;643;715;758;828;804;791;726;541;537;523
7;234;242;326;383;450;471;553;560;620;621;693;769;775;712;685;589;473;515
8;233;273;262;344;416;458;477;557;566;589;615;697;716;661;624;555;517;452
9;237;259;299;288;379;431;462;497;531;533;596;614;639;607;563;517;500;487
10;200;251;276;326;318;397;452;488;502;533;532;603;558;552;511;478;454;480
11;175;227;277;310;361;332;425;498;484;484;534;533;533;452;475;426;428;436
12;155;205;258;314;347;373;353;444;503;472;487;547;466;442;389;397;391;413
13;170;191;225;305;351;362;406;409;449;503;473;494;509;394;375;327;364;376
14;166;194;208;283;337;385;383;449;420;454;506;482;472;434;350;325;319;364
15;162;199;220;245;324;376;410;426;457;426;460;515;462;431;394;301;316;328
16;175;196;221;271;310;363;385;447;443;443;452;479;479;413;394;368;290;319
17;159;218;226;272;325;357;395;425;466;440;451;459;468;426;380;356;352;277
18;161;217;264;284;341;380;381;470;458;456;437;441;418;363;375;291;290;281
19;167;205;268;314;351;393;429;467;511;487;487;453;432;411;366;348;278;281
20;222;222;297;355;422;443;486;529;520;570;543;535;483;466;448;389;373;333
21;289;315;349;409;466;518;566;598;607;605;628;578;573;522;496;463;392;412
22;316;376;459;479;514;537;621;688;652;692;693;678;622;609;539;491;495;423
23;347;425;526;600;614;612;662;773;776;734;772;744;720;631;589;537;511;542
24;393;449;597;678;693;692;766;832;851;877;825;822;784;742;652;587;551;540
25;526;499;646;760;783;759;820;917;926;963;948;874;860;824;752;652;612;569
26;502;645;716;800;893;898;903;965;982;1016;1018;999;892;913;794;768;657;621
27;552;632;894;892;942;958;1023;1045;1018;1056;1074;1060;1054;893;920;799;782;673
28;556;697;886;1103;1060;1048;1077;1190;1098;1097;1111;1108;1085;1043;912;919;787;781
29;563;668;924;1047;1240;1143;1184;1230;1194;1134;1116;1147;1123;1073;1051;896;909;818
30;531;663;899;1082;1179;1350;1237;1296;1257;1223;1186;1168;1145;1129;1070;1022;895;892
31;568;622;851;1020;1165;1247;1429;1323;1302;1227;1223;1199;1156;1106;1092;1025;1013;906
32;544;628;805;943;1088;1172;1295;1478;1318;1281;1198;1258;1198;1135;1096;1047;994;982
33;545;586;762;873;1008;1104;1190;1313;1409;1246;1242;1198;1240;1166;1128;1051;1003;955
34;490;593;720;857;929;1028;1137;1205;1272;1352;1173;1243;1192;1186;1130;1062;1018;989
35;444;489;673;755;863;897;1032;1141;1170;1235;1235;1189;1235;1150;1113;1056;1019;987
36;426;467;574;717;786;859;906;1042;1108;1130;1121;1223;1154;1170;1102;1055;1009;968
37;379;453;581;639;758;800;909;932;1039;1096;1096;1124;1192;1093;1121;1029;986;961
38;371;393;511;643;686;766;838;947;901;1046;1061;1097;1094;1149;1015;1027;979;938
39;329;382;479;565;666;693;812;886;950;887;1016;1071;1088;1024;1080;960;963;945
40;260;343;455;560;598;655;732;853;892;971;871;1029;1044;1023;979;993;927;934
41;287;264;440;498;571;606;678;769;859;905;944;871;972;973;938;916;938;902
42;244;287;377;469;526;555;637;699;792;855;899;939;853;934;871;866;895;906
43;215;253;374;440;500;512;582;678;694;795;861;921;930;805;864;821;810;879
44;196;228;340;417;465;503;550;624;678;712;795;880;917;887;767;813;802;806
45;171;210;312;383;451;452;533;580;619;700;700;808;853;876;841;714;779;778
46;139;179;301;345;406;462;478;563;578;633;706;709;807;821;807;802;697;772
47;139;148;245;336;346;404;509;507;568;597;622;717;699;755;774;746;773;690
48;148;151;212;288;350;356;456;525;504;592;596;638;709;665;705;700;725;766
49;133;156;216;235;290;357;400;483;522;534;588;599;637;680;636;680;674;700
50;101;137;228;256;245;295;368;414;480;545;532;594;597;606;639;595;635;665
51;101;108;205;248;270;258;312;393;410;494;526;562;595;563;577;599;563;633
52;113;110;153;227;260;261;291;337;419;442;498;552;554;569;537;548;582;531
53;83;115;150;185;236;255;274;321;346;434;441;506;550;532;525;499;535;566
54;61;85;157;150;181;231;261;266;320;370;437;449;520;536;508;509;481;526
55;58;65;106;182;150;176;226;276;260;338;357;453;446;501;511;502;496;469
56;50;63;87;121;172;146;187;237;280;274;351;370;475;437;477;497;475;491
57;44;57;77;102;119;169;163;211;233;297;277;351;382;457;412;450;495;480
58;37;45;64;84;102;116;165;184;203;248;299;284;355;368;457;400;445;495
59;43;42;53;69;79;98;121;173;178;215;251;314;294;349;354;438;379;445
60;45;48;50;58;69;80;95;131;171;194;215;252;315;299;330;332;410;371
61;41;53;53;55;51;62;81;104;134;177;196;228;256;304;288;320;323;405
62;36;43;57;57;51;55;60;88;110;147;173;210;231;252;280;280;314;321
63;35;39;49;61;56;50;56;72;87;108;149;171;208;226;255;264;275;309
64;27;35;44;48;59;52;45;66;74;79;110;149;173;211;225;245;268;274
65;46;31;37;49;49;56;50;43;71;76;81;119;153;163;202;203;233;274
66;26;52;33;41;48;49;53;53;43;75;78;86;119;148;162;195;200;233
67;25;29;51;32;41;43;45;58;63;44;75;87;85;124;148;163;200;197
68;30;28;28;50;31;45;42;52;60;67;48;77;88;86;120;148;165;202
69;17;32;26;32;50;31;49;43;52;58;68;53;83;80;82;112;151;160
70;21;19;28;30;35;48;26;53;50;60;62;68;49;78;82;83;104;153
71;19;22;20;26;30;33;46;26;50;46;65;58;65;47;69;83;80;108
72;19;17;22;21;25;28;35;51;29;46;54;65;61;68;46;65;85;83
73;19;17;20;26;18;25;26;36;55;28;50;48;68;61;68;48;62;82
74;16;14;20;16;24;18;22;24;39;51;30;52;49;65;65;66;49;67
75;10;18;16;21;19;20;20;21;27;36;54;28;52;51;59;65;66;50
76;13;11;16;15;17;20;17;20;21;24;36;53;27;51;51;67;65;64
77;7;15;13;16;12;16;19;14;21;17;27;37;49;29;50;45;64;56
78;5;6;14;11;16;10;14;16;14;22;18;28;32;51;34;50;47;63
79;4;4;6;13;10;16;8;13;14;11;22;19;27;31;48;33;50;44
80;6;4;5;7;10;8;16;7;12;12;13;20;18;24;29;49;31;43
81;3;5;5;6;4;9;8;15;8;9;12;10;21;17;22;31;48;31
82;6;2;7;4;6;4;10;8;10;7;10;15;11;22;17;23;27;45
83;0;6;3;8;4;4;4;10;8;11;7;9;12;11;25;15;22;24
84;1;0;6;5;5;4;4;5;10;7;10;8;12;10;12;22;14;21
85;4;1;1;5;4;4;3;7;7;10;7;9;7;11;10;10;20;13
86;5;4;2;3;4;5;6;3;6;4;9;6;9;5;11;10;11;22
87;2;5;4;3;2;3;5;4;3;4;4;9;7;11;4;10;10;10
88;2;2;5;6;3;2;3;4;2;2;5;4;7;5;9;3;9;9
89;0;3;1;8;6;2;1;3;4;1;2;5;5;4;4;8;3;7
90;0;0;4;3;8;6;1;1;3;3;2;1;5;5;4;4;4;3
91;2;0;0;6;3;8;5;0;0;2;4;2;1;5;3;4;3;5
92;0;2;0;1;6;3;7;5;0;0;1;4;1;1;5;3;4;3
93;1;1;1;1;0;5;3;6;4;0;0;1;4;1;1;5;3;3
94;0;2;0;4;1;0;5;2;2;1;0;0;1;4;1;1;3;2
95;0;0;2;0;4;1;0;3;2;0;1;0;0;1;5;0;1;2
96;0;1;0;2;0;2;1;0;3;2;0;1;0;0;1;3;0;1
97;0;1;1;0;2;0;2;1;0;1;2;0;1;0;0;1;3;0
98;0;0;1;2;0;2;0;2;1;0;0;1;0;1;0;0;1;3
99;0;0;0;1;1;0;1;0;2;0;0;0;1;0;1;0;0;1
100 e oltre;0;0;0;1;2;2;2;1;0;2;0;0;1;1;1;1;1;1
Totale;16784;19575;24914;29354;32822;35119;38382;42329;43859;45420;46441;48318;48476;46860;45001;42528;41367;41220
