"Popolazione per età, vista per singola area - Provincia: Pescara"

"Ricostruzione della popolazione intercensuaria - Popolazione al 1° gennaio per età"
"Tutte le cittadinanze - Provincia: Pescara"
Età/Anno;2002;2003;2004;2005;2006;2007;2008;2009;2010;2011;2012;2013;2014;2015;2016;2017;2018;2019
Età;Totale
0;2648;2603;2698;2777;2773;2866;2901;2989;2819;2927;2823;2762;2730;2685;2551;2536;2309;2157
1;2623;2685;2636;2718;2815;2783;2894;2948;2997;2829;2939;2831;2753;2701;2687;2560;2534;2348
2;2608;2654;2729;2642;2768;2836;2834;2921;2955;3007;2840;2954;2840;2747;2693;2701;2546;2529
3;2674;2633;2700;2754;2665;2803;2868;2886;2942;3003;2996;2832;2950;2854;2750;2682;2679;2550
4;2640;2730;2656;2713;2817;2706;2864;2910;2927;2954;3004;3014;2822;2943;2875;2728;2659;2673
5;2604;2672;2762;2680;2743;2831;2751;2910;2939;2917;2957;3024;3035;2842;2932;2883;2696;2671
6;2692;2633;2695;2808;2709;2783;2894;2781;2923;2963;2920;2969;3013;3043;2841;2955;2863;2709
7;2793;2722;2661;2729;2858;2739;2854;2939;2816;2941;2968;2911;2978;3009;3059;2835;2948;2873
8;2891;2825;2755;2680;2771;2862;2773;2883;2958;2840;2959;2979;2906;2978;3003;3061;2832;2944
9;3050;2927;2850;2764;2711;2798;2905;2797;2917;2981;2855;2964;2991;2916;2981;3000;3069;2840
10;3032;3076;2951;2875;2796;2742;2837;2950;2848;2946;3006;2882;2940;2994;2928;2983;2979;3070
11;2966;3062;3107;2984;2905;2828;2791;2878;3005;2858;2961;3007;2874;2948;2996;2926;2972;2964
12;2974;2984;3092;3141;2996;2933;2868;2816;2903;3027;2886;2967;3013;2882;2939;2995;2920;2980
13;2970;2992;3001;3109;3177;3016;2964;2905;2838;2915;3054;2890;2971;3015;2892;2935;2983;2928
14;2952;2977;3019;3026;3129;3199;3073;2988;2934;2865;2934;3062;2899;2981;3018;2919;2936;2997
15;3001;2965;3005;3030;3066;3148;3257;3111;3010;2952;2889;2937;3055;2901;2989;3018;2926;2928
16;3058;3029;2977;3024;3049;3103;3178;3294;3157;3032;2975;2906;2944;3061;2903;2990;3009;2928
17;3118;3078;3052;2979;3044;3072;3158;3209;3321;3188;3041;2973;2915;2958;3061;2921;2987;3010
18;3192;3140;3105;3083;3015;3073;3130;3204;3249;3357;3237;3086;3012;2922;2981;3080;2938;3021
19;3269;3215;3167;3106;3104;3044;3137;3169;3253;3291;3399;3273;3118;3016;2942;3010;3131;3005
20;3188;3269;3243;3188;3128;3123;3125;3190;3221;3281;3325;3426;3297;3126;3017;2944;3024;3136
21;3247;3207;3314;3249;3215;3160;3197;3208;3260;3282;3324;3372;3449;3289;3118;3038;2974;3052
22;3479;3240;3233;3350;3262;3247;3277;3268;3260;3307;3320;3366;3406;3472;3294;3111;3032;3009
23;3705;3501;3298;3264;3381;3278;3331;3345;3324;3334;3374;3375;3400;3434;3477;3294;3120;3038
24;3791;3730;3532;3363;3293;3394;3353;3431;3394;3373;3388;3431;3401;3403;3424;3480;3285;3148
25;4020;3813;3796;3577;3410;3349;3487;3433;3494;3425;3418;3424;3449;3392;3369;3413;3462;3295
26;4120;4039;3857;3812;3630;3436;3453;3566;3517;3568;3490;3455;3441;3457;3371;3354;3402;3438
27;4353;4158;4119;3935;3859;3673;3551;3524;3625;3615;3611;3547;3469;3446;3439;3376;3346;3390
28;4451;4410;4207;4163;3998;3892;3800;3627;3587;3645;3628;3643;3561;3460;3465;3430;3346;3342
29;4518;4489;4449;4294;4242;4042;4052;3903;3681;3652;3654;3667;3681;3526;3442;3436;3424;3349
30;4690;4545;4587;4516;4345;4284;4221;4118;3946;3759;3693;3690;3666;3677;3498;3477;3414;3406
31;4624;4719;4652;4651;4553;4377;4387;4254;4149;3993;3783;3729;3701;3645;3670;3470;3459;3445
32;4791;4629;4762;4744;4700;4634;4467;4410;4283;4178;4007;3808;3755;3682;3620;3668;3441;3485
33;4597;4818;4687;4849;4784;4738;4777;4521;4450;4302;4210;4015;3841;3752;3680;3612;3651;3447
34;4632;4654;4911;4769;4899;4851;4881;4813;4552;4524;4300;4236;4057;3848;3782;3687;3576;3666
35;4870;4646;4718;5003;4816;4944;4976;4915;4830;4593;4544;4351;4272;4072;3826;3800;3682;3584
36;4875;4949;4720;4789;5065;4879;5078;5045;4986;4881;4629;4561;4350;4282;4072;3828;3781;3716
37;4959;4941;4993;4820;4847;5100;4986;5129;5113;5039;4887;4665;4594;4341;4292;4065;3813;3785
38;4718;5014;4997;5050;4861;4879;5189;5058;5157;5149;5022;4933;4660;4616;4335;4274;4025;3838
39;4467;4749;5068;5056;5109;4909;5007;5267;5100;5180;5159;5057;4967;4665;4622;4303;4216;4065
40;4265;4522;4819;5128;5129;5141;4968;5080;5317;5154;5173;5177;5062;4963;4676;4619;4290;4228
41;4208;4304;4567;4865;5180;5152;5219;5035;5151;5361;5172;5195;5199;5048;4969;4672;4580;4292
42;4108;4240;4376;4614;4893;5198;5223;5267;5081;5157;5377;5189;5207;5181;5056;4960;4639;4579
43;4002;4122;4294;4401;4678;4913;5279;5270;5299;5113;5170;5383;5199;5222;5180;5041;4934;4634
44;4025;4017;4171;4332;4434;4687;5000;5328;5308;5323;5138;5200;5404;5207;5232;5163;5028;4943
45;3885;4038;4069;4182;4389;4465;4743;5039;5355;5335;5332;5168;5226;5405;5203;5224;5126;5050
46;3845;3889;4086;4099;4208;4417;4539;4793;5052;5398;5349;5339;5162;5252;5410;5200;5199;5153
47;3776;3891;3929;4132;4124;4234;4461;4615;4840;5069;5433;5353;5358;5166;5211;5425;5161;5210
48;3545;3796;3942;3957;4148;4149;4297;4513;4654;4843;5098;5442;5354;5352;5144;5215;5412;5149
49;3604;3582;3823;3979;3978;4161;4206;4351;4537;4671;4869;5105;5457;5347;5354;5145;5208;5392
50;3751;3608;3646;3833;3999;3998;4219;4239;4393;4557;4675;4881;5089;5447;5329;5343;5146;5219
51;3808;3753;3633;3667;3838;4012;4056;4277;4264;4409;4551;4683;4892;5085;5426;5315;5308;5131
52;3762;3821;3782;3635;3674;3847;4093;4090;4304;4262;4400;4538;4703;4879;5070;5409;5303;5301
53;3994;3787;3854;3806;3650;3697;3885;4122;4106;4321;4258;4399;4518;4684;4857;5059;5379;5296
54;3943;4013;3814;3876;3812;3648;3726;3939;4143;4101;4302;4269;4408;4517;4658;4844;5047;5375
55;3869;3971;4032;3824;3885;3828;3676;3769;3937;4172;4117;4298;4270;4399;4486;4632;4837;5049
56;3023;3882;3976;4037;3839;3893;3866;3683;3777;3939;4185;4112;4289;4246;4372;4459;4622;4824
57;3279;3037;3900;3992;4064;3847;3916;3882;3686;3790;3949;4151;4104;4271;4218;4380;4438;4629
58;3226;3286;3046;3932;4008;4059;3875;3936;3891;3684;3794;3947;4139;4076;4256;4209;4366;4426
59;3175;3225;3310;3040;3939;3993;4101;3891;3936;3914;3676;3790;3943;4132;4050;4227;4190;4349
60;3135;3177;3239;3316;3051;3957;4008;4120;3909;3943;3903;3652;3764;3929;4107;4031;4214;4169
61;3702;3141;3185;3240;3318;3059;3955;4040;4146;3924;3941;3882;3644;3744;3917;4086;3998;4191
62;3900;3693;3134;3193;3226;3322;3072;3962;4040;4125;3911;3915;3862;3646;3719;3896;4070;3983
63;3521;3904;3682;3131;3187;3234;3333;3069;3948;4051;4119;3908;3884;3821;3632;3693;3877;4050
64;3464;3511;3895;3683;3127;3189;3234;3352;3046;3958;4044;4101;3889;3862;3798;3612;3649;3833
65;3511;3471;3505;3895;3674;3126;3197;3221;3346;3014;3946;4021;4073;3854;3839;3780;3587;3617
66;3487;3500;3477;3485;3856;3665;3125;3195;3205;3340;2985;3921;3986;4023;3840;3804;3743;3557
67;3336;3461;3484;3463;3473;3849;3665;3157;3180;3201;3309;2942;3883;3947;3970;3809;3761;3712
68;3407;3316;3439;3445;3434;3442;3824;3647;3128;3155;3178;3276;2923;3841;3891;3928;3780;3727
69;3107;3389;3303;3431;3426;3424;3408;3797;3611;3111;3139;3144;3234;2897;3790;3855;3887;3751
70;3261;3084;3362;3280;3373;3401;3393;3371;3768;3578;3084;3099;3111;3202;2860;3750;3792;3850
71;3463;3218;3040;3323;3221;3340;3368;3356;3327;3701;3538;3044;3052;3060;3152;2832;3702;3737
72;3030;3418;3160;2990;3292;3175;3308;3301;3310;3292;3671;3474;2993;2994;3013;3104;2770;3643
73;2986;2981;3350;3109;2937;3244;3137;3261;3240;3261;3244;3613;3410;2950;2934;2985;3040;2701
74;2900;2933;2922;3306;3058;2891;3194;3085;3204;3174;3222;3182;3517;3337;2891;2877;2921;3006
75;2750;2829;2887;2844;3217;2994;2840;3129;3023;3138;3099;3148;3117;3449;3273;2822;2835;2851
76;2811;2678;2750;2807;2751;3120;2931;2821;3052;2972;3076;3018;3055;3047;3366;3197;2754;2769
77;2512;2738;2613;2651;2728;2669;3035;2843;2750;2970;2900;2977;2931;2988;2948;3293;3126;2686
78;2359;2443;2648;2532;2571;2641;2586;2949;2755;2673;2864;2804;2887;2848;2886;2858;3201;3034
79;2248;2249;2355;2539;2438;2480;2565;2500;2838;2673;2600;2761;2713;2788;2741;2814;2761;3112
80;2084;2160;2142;2231;2446;2323;2396;2457;2396;2707;2569;2490;2646;2626;2686;2644;2694;2664
81;2035;1947;2057;2020;2127;2329;2212;2283;2338;2280;2578;2448;2365;2530;2510;2584;2526;2597
82;1278;1929;1833;1953;1896;1994;2199;2104;2168;2211;2177;2436;2316;2275;2404;2382;2444;2408
83;859;1191;1821;1703;1840;1759;1867;2064;1966;2014;2082;2028;2298;2190;2143;2249;2258;2289
84;857;812;1089;1680;1568;1706;1656;1739;1927;1870;1883;1941;1900;2139;2037;2029;2094;2122
85;971;788;724;996;1556;1450;1571;1550;1605;1744;1723;1740;1802;1774;1975;1901;1885;1934
86;1077;875;717;673;926;1390;1314;1453;1414;1458;1583;1563;1610;1676;1623;1786;1728;1720
87;944;973;772;650;595;832;1255;1211;1303;1279;1296;1442;1413;1453;1513;1483;1613;1583
88;841;823;844;667;561;539;748;1124;1083;1159;1135;1155;1310;1265;1308;1347;1310;1451
89;779;710;698;727;586;507;459;678;1001;960;992;984;1029;1141;1086;1162;1160;1173
90;557;655;565;583;620;521;432;388;576;858;833;847;844;885;981;944;1007;1007
91;478;462;535;477;490;541;436;363;325;507;721;695;707;722;741;856;796;852
92;325;378;355;451;375;414;435;367;323;278;413;584;580;582;586;635;688;657
93;258;271;287;289;352;291;329;377;285;262;225;328;480;464;461;474;514;576
94;165;206;219;218;224;274;221;260;296;226;212;170;263;373;372;380;375;414
95;137;141;155;166;164;175;218;186;208;246;183;168;135;200;277;290;293;300
96;95;92;96;119;125;124;139;167;126;170;198;135;124;105;144;207;225;221
97;64;71;65;76;92;94;95;101;119;94;133;131;99;91;71;100;151;169
98;25;40;44;41;48;65;59;71;76;82;74;90;96;84;65;50;72;114
99;25;20;19;20;24;32;35;41;45;59;66;53;57;66;58;44;34;50
100 e oltre;43;44;34;36;32;24;42;54;66;73;93;108;110;102;111;116;97;98
Totale;295730;297628;300331;302834;305182;307299;312170;315846;318143;320237;321369;322011;322271;321830;320710;320008;318034;317366
Età/Anno;2002;2003;2004;2005;2006;2007;2008;2009;2010;2011;2012;2013;2014;2015;2016;2017;2018;2019
Età;Maschi
0;1321;1355;1362;1455;1445;1509;1471;1537;1419;1547;1494;1431;1372;1405;1316;1320;1183;1088
1;1367;1337;1367;1372;1472;1456;1513;1482;1536;1421;1555;1497;1414;1372;1395;1322;1320;1210
2;1333;1388;1364;1366;1406;1492;1486;1526;1495;1534;1425;1558;1491;1405;1375;1401;1303;1312
3;1387;1342;1416;1378;1380;1417;1506;1508;1534;1526;1531;1434;1554;1496;1405;1356;1392;1323
4;1404;1422;1357;1422;1406;1412;1439;1522;1524;1540;1525;1547;1432;1546;1509;1400;1355;1383
5;1336;1409;1440;1373;1435;1421;1432;1467;1536;1519;1538;1535;1564;1444;1544;1511;1380;1357
6;1380;1346;1420;1462;1400;1466;1446;1457;1477;1545;1519;1540;1532;1573;1436;1549;1495;1391
7;1432;1394;1363;1440;1489;1424;1507;1478;1471;1483;1539;1512;1541;1530;1578;1436;1544;1496
8;1494;1453;1425;1365;1467;1501;1443;1526;1488;1484;1493;1541;1507;1544;1523;1579;1440;1539
9;1552;1519;1476;1431;1383;1484;1523;1459;1540;1503;1499;1490;1549;1518;1552;1513;1588;1441
10;1543;1565;1533;1488;1448;1394;1495;1533;1492;1553;1517;1509;1467;1548;1527;1549;1501;1581
11;1508;1555;1579;1552;1504;1469;1412;1514;1564;1495;1560;1514;1503;1470;1560;1520;1548;1490
12;1542;1522;1567;1604;1556;1523;1487;1420;1532;1574;1510;1562;1516;1504;1470;1562;1518;1554
13;1521;1549;1536;1577;1615;1575;1543;1510;1433;1545;1596;1502;1564;1520;1506;1474;1557;1519
14;1491;1531;1560;1552;1590;1620;1609;1557;1534;1446;1557;1595;1502;1565;1525;1523;1468;1569
15;1555;1495;1544;1565;1569;1603;1648;1634;1565;1539;1460;1566;1593;1501;1576;1521;1522;1470
16;1595;1572;1499;1554;1575;1585;1617;1668;1657;1576;1551;1470;1570;1595;1503;1579;1518;1521
17;1585;1608;1591;1497;1567;1591;1617;1636;1679;1680;1578;1552;1484;1574;1596;1509;1577;1518
18;1650;1597;1627;1610;1515;1584;1619;1653;1662;1699;1711;1606;1577;1485;1593;1612;1531;1610
19;1597;1668;1614;1626;1617;1537;1612;1638;1685;1684;1722;1729;1609;1581;1495;1611;1666;1570
20;1534;1588;1682;1623;1637;1620;1573;1641;1661;1693;1699;1731;1725;1607;1587;1502;1632;1665
21;1643;1533;1595;1686;1634;1650;1660;1622;1673;1698;1708;1709;1738;1717;1599;1598;1531;1655
22;1751;1632;1548;1608;1697;1652;1706;1683;1639;1693;1715;1728;1728;1750;1717;1589;1610;1561
23;1885;1750;1664;1571;1616;1696;1697;1731;1709;1673;1727;1737;1740;1735;1732;1715;1596;1618
24;1927;1893;1772;1697;1575;1625;1707;1740;1754;1735;1697;1736;1757;1742;1718;1733;1715;1617
25;2032;1943;1923;1784;1716;1604;1670;1728;1767;1756;1744;1716;1735;1733;1716;1709;1741;1722
26;2049;2038;1962;1926;1811;1718;1647;1693;1767;1804;1772;1753;1720;1735;1715;1704;1725;1737
27;2276;2062;2070;2008;1959;1824;1767;1678;1736;1805;1821;1787;1759;1701;1731;1713;1701;1725
28;2220;2292;2081;2067;2030;1970;1867;1801;1691;1723;1822;1841;1799;1752;1685;1732;1710;1698
29;2233;2233;2312;2119;2110;2032;2027;1916;1817;1737;1732;1834;1847;1783;1735;1673;1728;1718
30;2324;2245;2284;2372;2139;2134;2111;2066;1941;1856;1751;1756;1826;1844;1766;1753;1663;1719
31;2319;2334;2308;2304;2389;2142;2183;2114;2062;1965;1865;1773;1749;1805;1839;1753;1736;1676
32;2340;2325;2365;2338;2334;2419;2179;2182;2126;2072;1972;1891;1782;1740;1781;1824;1739;1737
33;2295;2358;2353;2398;2360;2340;2483;2209;2203;2152;2075;1986;1921;1789;1730;1784;1810;1766
34;2241;2309;2403;2380;2403;2373;2386;2488;2213;2220;2127;2084;2001;1909;1791;1719;1764;1828
35;2396;2246;2346;2445;2402;2416;2430;2413;2488;2227;2240;2151;2106;2017;1906;1807;1723;1775
36;2483;2435;2288;2389;2479;2437;2476;2464;2449;2513;2231;2241;2146;2110;2009;1919;1799;1756
37;2525;2522;2449;2330;2423;2520;2494;2495;2480;2473;2534;2242;2261;2144;2114;2011;1910;1813
38;2405;2551;2550;2458;2356;2452;2560;2527;2498;2488;2444;2548;2244;2271;2139;2090;1978;1921
39;2180;2422;2567;2591;2495;2381;2486;2595;2553;2500;2494;2463;2558;2254;2263;2121;2065;2022
40;2103;2216;2443;2589;2622;2508;2408;2507;2625;2578;2488;2517;2470;2555;2256;2249;2118;2084
41;2056;2121;2232;2466;2616;2641;2545;2419;2532;2636;2574;2507;2530;2467;2567;2241;2224;2121
42;2017;2075;2155;2259;2481;2618;2647;2562;2429;2520;2649;2586;2522;2509;2484;2568;2221;2227
43;1978;2024;2089;2169;2288;2493;2644;2665;2570;2443;2534;2641;2598;2532;2504;2476;2548;2234
44;1973;1981;2039;2113;2179;2285;2532;2667;2683;2586;2450;2540;2649;2593;2537;2512;2470;2547
45;1912;1979;2004;2045;2143;2192;2297;2538;2679;2686;2595;2460;2533;2646;2586;2516;2484;2486
46;1854;1912;1993;2026;2052;2160;2215;2315;2536;2705;2699;2601;2460;2548;2640;2576;2486;2501
47;1858;1878;1926;2014;2028;2068;2179;2240;2343;2540;2722;2686;2606;2465;2518;2649;2561;2489
48;1741;1874;1901;1935;2013;2041;2094;2201;2259;2331;2549;2721;2683;2593;2458;2516;2636;2552
49;1739;1761;1871;1918;1949;2023;2057;2109;2209;2269;2344;2559;2724;2663;2599;2452;2515;2624
50;1729;1748;1784;1878;1927;1959;2033;2066;2118;2202;2273;2355;2541;2716;2653;2590;2453;2524
51;1817;1739;1749;1783;1876;1936;1976;2061;2075;2115;2207;2270;2352;2526;2708;2646;2563;2453
52;1822;1832;1757;1742;1779;1879;1960;1987;2066;2063;2106;2195;2273;2347;2521;2698;2647;2563
53;1885;1827;1839;1763;1752;1783;1882;1961;1990;2071;2058;2099;2181;2267;2327;2515;2680;2636
54;1915;1895;1840;1852;1762;1750;1783;1904;1961;1974;2060;2056;2105;2176;2249;2319;2509;2671
55;1882;1926;1899;1843;1854;1770;1751;1800;1895;1967;1979;2060;2049;2106;2156;2234;2316;2510
56;1498;1890;1920;1901;1851;1858;1786;1736;1799;1894;1974;1972;2053;2044;2090;2139;2224;2319
57;1595;1504;1892;1918;1908;1859;1863;1790;1727;1795;1907;1952;1957;2045;2023;2106;2118;2219
58;1532;1595;1503;1911;1932;1901;1870;1870;1793;1727;1786;1901;1942;1946;2030;2019;2094;2112
59;1528;1530;1603;1494;1916;1916;1921;1873;1866;1799;1723;1783;1888;1937;1931;2012;2007;2084
60;1489;1529;1534;1598;1496;1925;1917;1928;1878;1858;1784;1711;1760;1872;1922;1923;2013;1992
61;1769;1487;1535;1528;1599;1498;1914;1926;1939;1879;1855;1774;1702;1753;1866;1913;1908;1996
62;1837;1754;1488;1534;1516;1603;1501;1920;1924;1931;1870;1839;1751;1700;1741;1849;1900;1896
63;1737;1837;1741;1485;1515;1519;1608;1502;1905;1931;1932;1871;1801;1733;1684;1725;1837;1895
64;1699;1731;1825;1740;1476;1504;1523;1609;1488;1902;1926;1914;1857;1789;1723;1679;1707;1813
65;1689;1701;1724;1824;1735;1476;1498;1505;1601;1465;1893;1913;1900;1824;1771;1704;1662;1688
66;1661;1687;1705;1703;1789;1725;1462;1489;1497;1597;1445;1880;1886;1866;1807;1747;1677;1637
67;1565;1645;1674;1691;1692;1783;1717;1472;1474;1496;1574;1404;1847;1868;1840;1775;1715;1662
68;1613;1557;1629;1648;1662;1665;1760;1704;1457;1461;1477;1552;1383;1816;1835;1814;1762;1690
69;1391;1588;1557;1625;1642;1647;1634;1744;1687;1439;1447;1446;1531;1371;1780;1809;1790;1740
70;1456;1375;1565;1541;1579;1625;1628;1602;1723;1666;1427;1421;1437;1520;1345;1755;1766;1772
71;1513;1424;1355;1540;1506;1558;1602;1600;1568;1676;1640;1399;1395;1400;1486;1321;1722;1731
72;1312;1486;1384;1321;1518;1477;1537;1551;1567;1542;1657;1600;1372;1362;1372;1456;1286;1693
73;1324;1283;1447;1347;1286;1480;1449;1496;1506;1531;1509;1620;1555;1340;1325;1354;1414;1239
74;1278;1285;1243;1423;1314;1254;1437;1416;1462;1468;1514;1474;1559;1503;1314;1285;1315;1388
75;1212;1230;1253;1199;1371;1285;1229;1396;1368;1416;1416;1473;1432;1502;1460;1275;1263;1274
76;1206;1168;1181;1202;1138;1313;1243;1211;1340;1330;1372;1365;1415;1391;1458;1408;1231;1225
77;1065;1156;1129;1117;1150;1092;1260;1193;1167;1285;1290;1316;1319;1360;1333;1414;1366;1187
78;963;1027;1108;1075;1069;1104;1048;1214;1154;1134;1222;1240;1269;1277;1306;1273;1357;1310
79;881;889;980;1045;1027;1017;1062;1008;1153;1103;1087;1162;1179;1217;1201;1266;1226;1310
80;842;817;829;898;995;969;963;1012;951;1071;1038;1032;1095;1129;1158;1146;1193;1179
81;753;764;761;761;851;932;907;909;948;897;1000;960;974;1030;1066;1105;1078;1133
82;474;685;705;709;688;763;867;853;854;870;840;933;885;931;959;1003;1031;1013
83;325;435;616;635;654;623;692;789;773;775;800;770;859;829;861;882;938;957
84;304;301;395;563;572;586;570;638;725;714;695;730;713;786;753;802;808;865
85;350;271;267;347;515;521;524;521;584;636;643;623;681;653;716;685;737;732
86;374;306;234;238;307;445;457;467;473;527;554;570;564;620;575;633;617;661
87;327;335;248;202;205;272;398;425;408;426;457;478;510;502;556;512;561;551
88;282;287;278;203;175;171;241;345;389;349;361;403;425;433;437;486;435;492
89;275;241;242;223;168;157;143;202;292;330;290;288;345;361;356;377;407;376
90;161;229;177;190;188;145;129;121;163;245;285;245;233;283;303;299;319;334
91;143;137;173;156;149;162;115;107;95;138;193;240;201;195;231;254;239;266
92;93;108;96;137;114;119;120;92;101;75;112;158;190;161;162;184;205;193
93;55;75;79;73;100;75;79;97;74;74;58;86;134;151;122;128;151;175
94;47;40;56;61;52;70;52;59;67;59;58;45;66;98;120;88;96;120
95;43;35;28;38;48;39;54;40;49;51;42;47;38;45;67;89;63;75
96;26;31;27;22;30;37;26;43;22;37;44;32;35;31;28;45;69;46
97;23;21;22;26;16;23;24;19;28;13;33;30;19;24;18;20;35;55
98;10;12;12;10;15;7;15;18;16;20;9;26;16;14;15;14;12;25
99;3;10;6;6;6;10;4;6;12;12;18;6;20;8;7;8;9;8
100 e oltre;7;5;7;8;7;6;10;8;13;13;19;24;21;24;21;20;15;18
Totale;142662;143629;144916;146094;147267;148390;150396;152039;153100;154019;154613;154958;154973;154767;154194;153854;153091;153039
Età/Anno;2002;2003;2004;2005;2006;2007;2008;2009;2010;2011;2012;2013;2014;2015;2016;2017;2018;2019
Età;Femmine
0;1327;1248;1336;1322;1328;1357;1430;1452;1400;1380;1329;1331;1358;1280;1235;1216;1126;1069
1;1256;1348;1269;1346;1343;1327;1381;1466;1461;1408;1384;1334;1339;1329;1292;1238;1214;1138
2;1275;1266;1365;1276;1362;1344;1348;1395;1460;1473;1415;1396;1349;1342;1318;1300;1243;1217
3;1287;1291;1284;1376;1285;1386;1362;1378;1408;1477;1465;1398;1396;1358;1345;1326;1287;1227
4;1236;1308;1299;1291;1411;1294;1425;1388;1403;1414;1479;1467;1390;1397;1366;1328;1304;1290
5;1268;1263;1322;1307;1308;1410;1319;1443;1403;1398;1419;1489;1471;1398;1388;1372;1316;1314
6;1312;1287;1275;1346;1309;1317;1448;1324;1446;1418;1401;1429;1481;1470;1405;1406;1368;1318
7;1361;1328;1298;1289;1369;1315;1347;1461;1345;1458;1429;1399;1437;1479;1481;1399;1404;1377
8;1397;1372;1330;1315;1304;1361;1330;1357;1470;1356;1466;1438;1399;1434;1480;1482;1392;1405
9;1498;1408;1374;1333;1328;1314;1382;1338;1377;1478;1356;1474;1442;1398;1429;1487;1481;1399
10;1489;1511;1418;1387;1348;1348;1342;1417;1356;1393;1489;1373;1473;1446;1401;1434;1478;1489
11;1458;1507;1528;1432;1401;1359;1379;1364;1441;1363;1401;1493;1371;1478;1436;1406;1424;1474
12;1432;1462;1525;1537;1440;1410;1381;1396;1371;1453;1376;1405;1497;1378;1469;1433;1402;1426
13;1449;1443;1465;1532;1562;1441;1421;1395;1405;1370;1458;1388;1407;1495;1386;1461;1426;1409
14;1461;1446;1459;1474;1539;1579;1464;1431;1400;1419;1377;1467;1397;1416;1493;1396;1468;1428
15;1446;1470;1461;1465;1497;1545;1609;1477;1445;1413;1429;1371;1462;1400;1413;1497;1404;1458
16;1463;1457;1478;1470;1474;1518;1561;1626;1500;1456;1424;1436;1374;1466;1400;1411;1491;1407
17;1533;1470;1461;1482;1477;1481;1541;1573;1642;1508;1463;1421;1431;1384;1465;1412;1410;1492
18;1542;1543;1478;1473;1500;1489;1511;1551;1587;1658;1526;1480;1435;1437;1388;1468;1407;1411
19;1672;1547;1553;1480;1487;1507;1525;1531;1568;1607;1677;1544;1509;1435;1447;1399;1465;1435
20;1654;1681;1561;1565;1491;1503;1552;1549;1560;1588;1626;1695;1572;1519;1430;1442;1392;1471
21;1604;1674;1719;1563;1581;1510;1537;1586;1587;1584;1616;1663;1711;1572;1519;1440;1443;1397
22;1728;1608;1685;1742;1565;1595;1571;1585;1621;1614;1605;1638;1678;1722;1577;1522;1422;1448
23;1820;1751;1634;1693;1765;1582;1634;1614;1615;1661;1647;1638;1660;1699;1745;1579;1524;1420
24;1864;1837;1760;1666;1718;1769;1646;1691;1640;1638;1691;1695;1644;1661;1706;1747;1570;1531
25;1988;1870;1873;1793;1694;1745;1817;1705;1727;1669;1674;1708;1714;1659;1653;1704;1721;1573
26;2071;2001;1895;1886;1819;1718;1806;1873;1750;1764;1718;1702;1721;1722;1656;1650;1677;1701
27;2077;2096;2049;1927;1900;1849;1784;1846;1889;1810;1790;1760;1710;1745;1708;1663;1645;1665
28;2231;2118;2126;2096;1968;1922;1933;1826;1896;1922;1806;1802;1762;1708;1780;1698;1636;1644
29;2285;2256;2137;2175;2132;2010;2025;1987;1864;1915;1922;1833;1834;1743;1707;1763;1696;1631
30;2366;2300;2303;2144;2206;2150;2110;2052;2005;1903;1942;1934;1840;1833;1732;1724;1751;1687
31;2305;2385;2344;2347;2164;2235;2204;2140;2087;2028;1918;1956;1952;1840;1831;1717;1723;1769
32;2451;2304;2397;2406;2366;2215;2288;2228;2157;2106;2035;1917;1973;1942;1839;1844;1702;1748
33;2302;2460;2334;2451;2424;2398;2294;2312;2247;2150;2135;2029;1920;1963;1950;1828;1841;1681
34;2391;2345;2508;2389;2496;2478;2495;2325;2339;2304;2173;2152;2056;1939;1991;1968;1812;1838
35;2474;2400;2372;2558;2414;2528;2546;2502;2342;2366;2304;2200;2166;2055;1920;1993;1959;1809
36;2392;2514;2432;2400;2586;2442;2602;2581;2537;2368;2398;2320;2204;2172;2063;1909;1982;1960
37;2434;2419;2544;2490;2424;2580;2492;2634;2633;2566;2353;2423;2333;2197;2178;2054;1903;1972
38;2313;2463;2447;2592;2505;2427;2629;2531;2659;2661;2578;2385;2416;2345;2196;2184;2047;1917
39;2287;2327;2501;2465;2614;2528;2521;2672;2547;2680;2665;2594;2409;2411;2359;2182;2151;2043
40;2162;2306;2376;2539;2507;2633;2560;2573;2692;2576;2685;2660;2592;2408;2420;2370;2172;2144
41;2152;2183;2335;2399;2564;2511;2674;2616;2619;2725;2598;2688;2669;2581;2402;2431;2356;2171
42;2091;2165;2221;2355;2412;2580;2576;2705;2652;2637;2728;2603;2685;2672;2572;2392;2418;2352
43;2024;2098;2205;2232;2390;2420;2635;2605;2729;2670;2636;2742;2601;2690;2676;2565;2386;2400
44;2052;2036;2132;2219;2255;2402;2468;2661;2625;2737;2688;2660;2755;2614;2695;2651;2558;2396
45;1973;2059;2065;2137;2246;2273;2446;2501;2676;2649;2737;2708;2693;2759;2617;2708;2642;2564
46;1991;1977;2093;2073;2156;2257;2324;2478;2516;2693;2650;2738;2702;2704;2770;2624;2713;2652
47;1918;2013;2003;2118;2096;2166;2282;2375;2497;2529;2711;2667;2752;2701;2693;2776;2600;2721
48;1804;1922;2041;2022;2135;2108;2203;2312;2395;2512;2549;2721;2671;2759;2686;2699;2776;2597
49;1865;1821;1952;2061;2029;2138;2149;2242;2328;2402;2525;2546;2733;2684;2755;2693;2693;2768
50;2022;1860;1862;1955;2072;2039;2186;2173;2275;2355;2402;2526;2548;2731;2676;2753;2693;2695
51;1991;2014;1884;1884;1962;2076;2080;2216;2189;2294;2344;2413;2540;2559;2718;2669;2745;2678
52;1940;1989;2025;1893;1895;1968;2133;2103;2238;2199;2294;2343;2430;2532;2549;2711;2656;2738
53;2109;1960;2015;2043;1898;1914;2003;2161;2116;2250;2200;2300;2337;2417;2530;2544;2699;2660
54;2028;2118;1974;2024;2050;1898;1943;2035;2182;2127;2242;2213;2303;2341;2409;2525;2538;2704
55;1987;2045;2133;1981;2031;2058;1925;1969;2042;2205;2138;2238;2221;2293;2330;2398;2521;2539
56;1525;1992;2056;2136;1988;2035;2080;1947;1978;2045;2211;2140;2236;2202;2282;2320;2398;2505
57;1684;1533;2008;2074;2156;1988;2053;2092;1959;1995;2042;2199;2147;2226;2195;2274;2320;2410
58;1694;1691;1543;2021;2076;2158;2005;2066;2098;1957;2008;2046;2197;2130;2226;2190;2272;2314
59;1647;1695;1707;1546;2023;2077;2180;2018;2070;2115;1953;2007;2055;2195;2119;2215;2183;2265
60;1646;1648;1705;1718;1555;2032;2091;2192;2031;2085;2119;1941;2004;2057;2185;2108;2201;2177
61;1933;1654;1650;1712;1719;1561;2041;2114;2207;2045;2086;2108;1942;1991;2051;2173;2090;2195
62;2063;1939;1646;1659;1710;1719;1571;2042;2116;2194;2041;2076;2111;1946;1978;2047;2170;2087
63;1784;2067;1941;1646;1672;1715;1725;1567;2043;2120;2187;2037;2083;2088;1948;1968;2040;2155
64;1765;1780;2070;1943;1651;1685;1711;1743;1558;2056;2118;2187;2032;2073;2075;1933;1942;2020
65;1822;1770;1781;2071;1939;1650;1699;1716;1745;1549;2053;2108;2173;2030;2068;2076;1925;1929
66;1826;1813;1772;1782;2067;1940;1663;1706;1708;1743;1540;2041;2100;2157;2033;2057;2066;1920
67;1771;1816;1810;1772;1781;2066;1948;1685;1706;1705;1735;1538;2036;2079;2130;2034;2046;2050
68;1794;1759;1810;1797;1772;1777;2064;1943;1671;1694;1701;1724;1540;2025;2056;2114;2018;2037
69;1716;1801;1746;1806;1784;1777;1774;2053;1924;1672;1692;1698;1703;1526;2010;2046;2097;2011
70;1805;1709;1797;1739;1794;1776;1765;1769;2045;1912;1657;1678;1674;1682;1515;1995;2026;2078
71;1950;1794;1685;1783;1715;1782;1766;1756;1759;2025;1898;1645;1657;1660;1666;1511;1980;2006
72;1718;1932;1776;1669;1774;1698;1771;1750;1743;1750;2014;1874;1621;1632;1641;1648;1484;1950
73;1662;1698;1903;1762;1651;1764;1688;1765;1734;1730;1735;1993;1855;1610;1609;1631;1626;1462
74;1622;1648;1679;1883;1744;1637;1757;1669;1742;1706;1708;1708;1958;1834;1577;1592;1606;1618
75;1538;1599;1634;1645;1846;1709;1611;1733;1655;1722;1683;1675;1685;1947;1813;1547;1572;1577
76;1605;1510;1569;1605;1613;1807;1688;1610;1712;1642;1704;1653;1640;1656;1908;1789;1523;1544
77;1447;1582;1484;1534;1578;1577;1775;1650;1583;1685;1610;1661;1612;1628;1615;1879;1760;1499
78;1396;1416;1540;1457;1502;1537;1538;1735;1601;1539;1642;1564;1618;1571;1580;1585;1844;1724
79;1367;1360;1375;1494;1411;1463;1503;1492;1685;1570;1513;1599;1534;1571;1540;1548;1535;1802
80;1242;1343;1313;1333;1451;1354;1433;1445;1445;1636;1531;1458;1551;1497;1528;1498;1501;1485
81;1282;1183;1296;1259;1276;1397;1305;1374;1390;1383;1578;1488;1391;1500;1444;1479;1448;1464
82;804;1244;1128;1244;1208;1231;1332;1251;1314;1341;1337;1503;1431;1344;1445;1379;1413;1395
83;534;756;1205;1068;1186;1136;1175;1275;1193;1239;1282;1258;1439;1361;1282;1367;1320;1332
84;553;511;694;1117;996;1120;1086;1101;1202;1156;1188;1211;1187;1353;1284;1227;1286;1257
85;621;517;457;649;1041;929;1047;1029;1021;1108;1080;1117;1121;1121;1259;1216;1148;1202
86;703;569;483;435;619;945;857;986;941;931;1029;993;1046;1056;1048;1153;1111;1059
87;617;638;524;448;390;560;857;786;895;853;839;964;903;951;957;971;1052;1032
88;559;536;566;464;386;368;507;779;694;810;774;752;885;832;871;861;875;959
89;504;469;456;504;418;350;316;476;709;630;702;696;684;780;730;785;753;797
90;396;426;388;393;432;376;303;267;413;613;548;602;611;602;678;645;688;673
91;335;325;362;321;341;379;321;256;230;369;528;455;506;527;510;602;557;586
92;232;270;259;314;261;295;315;275;222;203;301;426;390;421;424;451;483;464
93;203;196;208;216;252;216;250;280;211;188;167;242;346;313;339;346;363;401
94;118;166;163;157;172;204;169;201;229;167;154;125;197;275;252;292;279;294
95;94;106;127;128;116;136;164;146;159;195;141;121;97;155;210;201;230;225
96;69;61;69;97;95;87;113;124;104;133;154;103;89;74;116;162;156;175
97;41;50;43;50;76;71;71;82;91;81;100;101;80;67;53;80;116;114
98;15;28;32;31;33;58;44;53;60;62;65;64;80;70;50;36;60;89
99;22;10;13;14;18;22;31;35;33;47;48;47;37;58;51;36;25;42
100 e oltre;36;39;27;28;25;18;32;46;53;60;74;84;89;78;90;96;82;80
Totale;153068;153999;155415;156740;157915;158909;161774;163807;165043;166218;166756;167053;167298;167063;166516;166154;164943;164327

"Ricostruzione della popolazione intercensuaria - Popolazione al 1° gennaio per età"
"Cittadinanza italiana - Provincia: Pescara"
Età/Anno;2002;2003;2004;2005;2006;2007;2008;2009;2010;2011;2012;2013;2014;2015;2016;2017;2018;2019
Età;Totale
0;2598;2550;2643;2691;2674;2753;2748;2803;2627;2736;2603;2540;2523;2455;2335;2345;2141;1987
1;2590;2638;2578;2654;2726;2678;2773;2784;2810;2635;2745;2594;2529;2493;2460;2351;2355;2177
2;2559;2614;2671;2578;2696;2743;2711;2791;2787;2821;2635;2745;2605;2519;2495;2483;2359;2368
3;2642;2582;2650;2688;2593;2712;2757;2747;2802;2826;2810;2625;2744;2611;2534;2486;2477;2368
4;2618;2695;2601;2653;2735;2627;2746;2792;2773;2810;2828;2810;2613;2737;2646;2541;2479;2484
5;2573;2646;2720;2614;2671;2747;2644;2769;2807;2761;2811;2830;2815;2633;2737;2664;2529;2494
6;2665;2601;2660;2754;2639;2705;2791;2661;2777;2819;2759;2802;2819;2829;2649;2774;2666;2544
7;2749;2688;2624;2688;2788;2657;2741;2819;2677;2795;2822;2748;2801;2818;2862;2651;2791;2691
8;2851;2776;2707;2638;2718;2794;2674;2758;2825;2698;2808;2828;2740;2809;2834;2873;2661;2799
9;3021;2881;2800;2713;2657;2739;2822;2686;2778;2844;2703;2801;2844;2750;2824;2843;2898;2675
10;2999;3044;2898;2818;2733;2682;2765;2852;2712;2795;2858;2725;2788;2851;2772;2829;2835;2903
11;2933;3021;3063;2918;2838;2759;2709;2794;2884;2723;2804;2855;2728;2805;2868;2780;2832;2829
12;2940;2943;3042;3090;2925;2856;2772;2722;2804;2893;2743;2801;2856;2740;2814;2872;2782;2847
13;2937;2957;2952;3054;3108;2938;2875;2794;2737;2808;2901;2736;2809;2858;2760;2821;2875;2795
14;2909;2935;2981;2963;3061;3127;2977;2880;2806;2753;2818;2909;2739;2813;2873;2795;2830;2882
15;2976;2927;2957;2986;2986;3074;3161;3003;2897;2808;2766;2818;2917;2741;2820;2872;2800;2827
16;3024;2998;2940;2971;2992;3010;3088;3182;3029;2907;2818;2782;2818;2916;2744;2821;2873;2800
17;3085;3037;3011;2938;2980;3004;3041;3109;3195;3048;2904;2808;2782;2826;2925;2751;2825;2873
18;3159;3109;3056;3033;2953;3005;3045;3068;3124;3212;3077;2932;2853;2797;2850;2951;2770;2868
19;3245;3176;3129;3051;3043;2981;3039;3060;3085;3150;3242;3104;2949;2844;2805;2868;2950;2802
20;3154;3245;3191;3133;3071;3061;3009;3063;3077;3099;3165;3240;3107;2946;2836;2801;2857;2937
21;3207;3169;3262;3196;3151;3095;3094;3035;3092;3089;3118;3182;3239;3089;2938;2843;2797;2859
22;3412;3195;3162;3272;3206;3171;3126;3113;3049;3100;3103;3125;3203;3234;3098;2937;2826;2795
23;3633;3416;3197;3178;3271;3209;3200;3154;3131;3070;3131;3131;3136;3221;3224;3101;2923;2807
24;3723;3650;3417;3232;3194;3277;3226;3215;3163;3133;3091;3148;3136;3128;3205;3223;3076;2922
25;3939;3739;3668;3425;3248;3226;3316;3247;3240;3153;3143;3094;3134;3108;3102;3185;3202;3059
26;4018;3944;3733;3655;3446;3264;3269;3327;3270;3247;3175;3133;3089;3118;3082;3091;3159;3156
27;4262;4039;3968;3781;3676;3479;3295;3275;3343;3301;3259;3202;3128;3079;3096;3072;3054;3128
28;4349;4294;4044;3975;3804;3705;3510;3304;3291;3325;3284;3257;3192;3102;3097;3089;3029;3029
29;4411;4379;4293;4063;3996;3822;3759;3550;3306;3310;3311;3294;3268;3154;3101;3078;3067;3009
30;4568;4422;4421;4312;4084;4010;3904;3752;3550;3347;3315;3321;3283;3241;3123;3107;3046;3043
31;4492;4591;4474;4460;4316;4089;4023;3900;3764;3572;3356;3319;3315;3254;3233;3087;3090;3057
32;4664;4492;4597;4538;4492;4381;4140;4035;3907;3772;3573;3343;3322;3287;3245;3243;3071;3101
33;4477;4681;4512;4663;4558;4522;4450;4163;4062;3924;3797;3560;3364;3299;3291;3256;3239;3066
34;4502;4523;4751;4575;4694;4603;4616;4471;4193;4113;3931;3794;3595;3362;3310;3313;3243;3247
35;4764;4517;4552;4816;4611;4734;4688;4648;4493;4230;4142;3942;3814;3595;3363;3324;3315;3258
36;4772;4841;4566;4605;4872;4678;4825;4732;4695;4527;4265;4142;3933;3820;3601;3370;3306;3366
37;4853;4834;4859;4645;4651;4909;4745;4860;4784;4730;4543;4275;4160;3915;3839;3616;3387;3320
38;4607;4908;4877;4884;4675;4678;4953;4792;4861;4807;4720;4570;4256;4170;3921;3838;3609;3410
39;4364;4633;4934;4929;4930;4715;4756;4999;4808;4867;4808;4734;4586;4255;4186;3913;3820;3648
40;4192;4413;4678;4981;4979;4958;4713;4782;5027;4836;4854;4806;4727;4573;4274;4201;3926;3851
41;4132;4231;4434;4714;5013;5003;4996;4741;4829;5058;4845;4862;4814;4721;4587;4296;4195;3927
42;4043;4168;4273;4462;4735;5034;5035;5033;4767;4820;5063;4857;4864;4788;4741;4607;4283;4210
43;3940;4061;4193;4296;4507;4760;5080;5069;5061;4805;4841;5048;4846;4876;4798;4745;4606;4276
44;3971;3955;4085;4213;4318;4520;4812;5118;5094;5084;4814;4852;5048;4850;4900;4806;4747;4607
45;3813;3988;3979;4091;4255;4340;4550;4832;5137;5107;5081;4832;4856;5049;4865;4914;4793;4769
46;3793;3822;4007;3997;4103;4276;4370;4561;4842;5163;5120;5086;4815;4861;5071;4873;4918;4817
47;3732;3837;3841;4042;4015;4129;4298;4399;4585;4835;5188;5117;5091;4820;4846;5096;4847;4934
48;3518;3750;3874;3859;4056;4030;4167;4312;4418;4578;4857;5191;5117;5091;4821;4862;5095;4843
49;3568;3552;3759;3901;3874;4069;4057;4176;4319;4431;4608;4863;5196;5101;5105;4825;4863;5081
50;3725;3573;3582;3764;3909;3899;4094;4065;4201;4323;4442;4608;4847;5182;5094;5101;4830;4879
51;3779;3723;3579;3593;3764;3924;3938;4123;4088;4210;4330;4435;4607;4837;5175;5084;5082;4824
52;3738;3791;3740;3579;3596;3769;3971;3946;4132;4083;4203;4309;4428;4598;4836;5173;5083;5075
53;3974;3765;3802;3755;3586;3614;3788;3981;3959;4145;4079;4197;4290;4414;4590;4838;5157;5070
54;3915;3994;3780;3820;3761;3586;3630;3820;3989;3961;4135;4080;4198;4285;4403;4595;4839;5145
55;3843;3942;4000;3784;3822;3777;3588;3667;3814;4008;3971;4126;4074;4195;4265;4389;4585;4826
56;3005;3857;3945;4001;3797;3829;3796;3584;3676;3814;4016;3955;4112;4062;4170;4245;4376;4575
57;3258;3017;3876;3958;4025;3805;3838;3803;3583;3681;3828;3985;3936;4103;4046;4178;4228;4380
58;3211;3264;3017;3905;3968;4023;3824;3851;3802;3581;3676;3818;3962;3914;4094;4041;4171;4214
59;3151;3211;3285;3008;3913;3951;4058;3830;3849;3817;3575;3657;3791;3945;3897;4074;4026;4152
60;3118;3152;3224;3287;3020;3925;3967;4074;3844;3854;3800;3546;3617;3776;3932;3883;4062;4008
61;3684;3123;3162;3222;3290;3028;3924;3996;4089;3853;3848;3781;3531;3598;3762;3924;3861;4038
62;3883;3675;3120;3166;3205;3296;3043;3925;3989;4073;3841;3821;3755;3527;3579;3736;3908;3846
63;3508;3886;3662;3113;3158;3213;3299;3031;3907;3997;4067;3836;3788;3715;3515;3563;3718;3891
64;3458;3502;3872;3663;3108;3155;3210;3315;3006;3908;3988;4047;3816;3769;3696;3501;3526;3686
65;3499;3465;3493;3869;3653;3104;3165;3194;3309;2979;3896;3967;4017;3778;3747;3679;3476;3496
66;3473;3485;3467;3467;3833;3642;3098;3161;3173;3301;2947;3868;3930;3967;3750;3710;3645;3440
67;3325;3445;3471;3455;3453;3823;3637;3120;3140;3168;3272;2903;3824;3889;3909;3721;3670;3609
68;3401;3304;3423;3434;3425;3426;3796;3622;3094;3116;3144;3238;2886;3784;3838;3861;3690;3639
69;3099;3381;3289;3414;3412;3416;3393;3763;3589;3074;3098;3105;3200;2860;3735;3802;3820;3658
70;3251;3074;3349;3265;3356;3385;3384;3356;3738;3552;3048;3058;3077;3168;2827;3697;3739;3781
71;3453;3207;3030;3312;3206;3327;3350;3349;3309;3672;3512;3006;3012;3024;3118;2798;3651;3679
72;3023;3407;3150;2981;3279;3158;3294;3285;3301;3274;3639;3447;2954;2953;2982;3072;2734;3585
73;2978;2972;3338;3099;2925;3234;3125;3247;3223;3252;3228;3585;3383;2905;2895;2954;3008;2668
74;2893;2922;2912;3296;3049;2881;3184;3071;3189;3154;3213;3164;3489;3311;2844;2837;2894;2969
75;2742;2823;2876;2832;3206;2985;2826;3120;3010;3123;3078;3136;3102;3423;3248;2776;2791;2825
76;2805;2669;2746;2797;2737;3110;2918;2804;3043;2960;3061;2998;3042;3031;3340;3172;2709;2724
77;2503;2733;2606;2648;2717;2655;3023;2831;2736;2963;2888;2963;2913;2976;2935;3267;3104;2644
78;2358;2434;2645;2525;2564;2633;2573;2936;2742;2659;2857;2792;2874;2832;2875;2844;3178;3012
79;2245;2248;2348;2536;2431;2474;2556;2488;2827;2661;2585;2754;2698;2773;2727;2803;2748;3089
80;2081;2157;2139;2225;2443;2315;2391;2448;2383;2694;2557;2476;2638;2610;2672;2632;2682;2651
81;2033;1944;2055;2017;2121;2324;2205;2278;2331;2268;2566;2437;2351;2522;2497;2572;2514;2587
82;1273;1926;1829;1952;1894;1990;2196;2097;2162;2205;2166;2424;2307;2263;2395;2371;2434;2397
83;859;1187;1818;1699;1837;1757;1863;2061;1960;2009;2077;2019;2286;2182;2133;2243;2247;2280
84;856;811;1086;1677;1562;1705;1654;1735;1924;1863;1878;1937;1891;2129;2029;2018;2091;2111
85;968;787;723;995;1553;1445;1570;1548;1603;1742;1718;1735;1799;1765;1966;1892;1874;1930
86;1073;872;716;673;925;1386;1309;1452;1412;1456;1581;1558;1606;1673;1614;1781;1721;1709
87;944;970;771;649;595;830;1251;1208;1301;1277;1295;1440;1408;1451;1511;1476;1609;1576
88;839;823;843;666;560;539;747;1120;1079;1159;1133;1154;1308;1261;1306;1345;1303;1445
89;779;710;698;725;585;507;459;676;997;958;992;982;1028;1140;1083;1162;1157;1167
90;556;655;565;583;617;520;432;388;575;855;832;847;841;884;980;941;1007;1003
91;477;459;535;477;489;537;435;363;325;506;718;694;707;719;738;855;794;851
92;325;377;354;450;374;414;431;365;323;278;412;582;579;582;584;632;687;656
93;258;271;287;287;351;291;329;373;283;262;225;327;480;464;461;472;512;575
94;165;206;218;218;222;273;221;260;293;226;212;170;262;373;372;380;374;413
95;137;141;155;165;164;173;217;186;208;244;183;168;135;199;277;290;293;299
96;95;92;96;119;124;124;138;166;126;170;196;135;124;105;144;207;225;221
97;63;71;65;76;92;93;95;101;118;94;133;130;99;91;71;100;151;169
98;25;39;44;41;48;65;58;71;76;82;74;90;96;84;65;50;72;114
99;25;20;19;20;24;32;35;40;45;59;66;53;57;66;58;44;34;50
100 e oltre;43;44;34;36;32;24;42;54;66;73;93;108;110;102;111;116;96;98
Totale;292118;293713;295123;296684;298097;299729;302229;304080;305035;305971;306328;305764;305171;304211;303397;302980;301303;300274
Età/Anno;2002;2003;2004;2005;2006;2007;2008;2009;2010;2011;2012;2013;2014;2015;2016;2017;2018;2019
Età;Maschi
0;1299;1321;1335;1409;1397;1443;1397;1438;1324;1443;1362;1323;1282;1281;1204;1221;1097;1000
1;1347;1321;1332;1342;1428;1403;1443;1405;1437;1332;1449;1357;1306;1280;1276;1214;1227;1127
2;1307;1368;1344;1331;1371;1447;1416;1451;1412;1437;1331;1446;1356;1296;1284;1288;1209;1233
3;1373;1319;1390;1355;1341;1373;1450;1431;1454;1441;1432;1333;1444;1358;1300;1269;1288;1228
4;1395;1405;1332;1392;1376;1368;1380;1462;1443;1462;1441;1436;1326;1438;1378;1310;1270;1284
5;1314;1400;1418;1343;1399;1387;1375;1394;1468;1436;1461;1443;1447;1338;1443;1392;1302;1273
6;1361;1324;1405;1437;1364;1423;1407;1391;1400;1474;1435;1453;1437;1461;1342;1455;1391;1310
7;1414;1374;1340;1423;1460;1380;1445;1425;1398;1405;1469;1430;1450;1432;1480;1347;1464;1395
8;1474;1430;1399;1341;1442;1470;1389;1456;1429;1411;1417;1471;1426;1456;1440;1483;1354;1469
9;1536;1493;1448;1405;1351;1454;1482;1398;1464;1441;1419;1413;1482;1435;1471;1435;1501;1358
10;1524;1549;1504;1456;1418;1362;1460;1491;1415;1473;1449;1425;1394;1480;1443;1469;1432;1497
11;1494;1534;1559;1515;1465;1437;1372;1471;1508;1419;1479;1444;1429;1403;1499;1445;1474;1427
12;1524;1506;1545;1578;1520;1480;1443;1375;1476;1511;1431;1476;1438;1437;1415;1503;1448;1482
13;1499;1529;1515;1550;1584;1531;1496;1458;1383;1487;1520;1423;1478;1440;1446;1423;1502;1449
14;1467;1504;1538;1525;1558;1592;1554;1499;1471;1387;1494;1519;1421;1475;1446;1463;1423;1509
15;1544;1474;1514;1542;1533;1567;1608;1568;1504;1467;1394;1503;1526;1419;1479;1444;1457;1421
16;1574;1554;1480;1519;1547;1543;1572;1621;1581;1512;1470;1402;1504;1525;1421;1479;1450;1455
17;1570;1582;1564;1476;1525;1557;1560;1583;1622;1592;1508;1465;1406;1509;1527;1423;1480;1449
18;1636;1583;1595;1579;1487;1541;1578;1580;1591;1630;1609;1522;1490;1415;1526;1541;1428;1507
19;1584;1649;1595;1591;1584;1512;1557;1584;1592;1608;1646;1624;1523;1487;1414;1535;1543;1442
20;1518;1580;1658;1598;1603;1590;1525;1572;1594;1596;1617;1646;1619;1520;1490;1417;1529;1531
21;1625;1519;1575;1664;1607;1615;1613;1545;1588;1603;1604;1619;1639;1609;1511;1495;1416;1525
22;1725;1612;1517;1579;1670;1619;1629;1618;1547;1599;1613;1611;1631;1639;1612;1513;1497;1417
23;1855;1725;1620;1531;1575;1665;1636;1642;1630;1559;1626;1631;1613;1639;1626;1613;1499;1485
24;1906;1863;1726;1640;1533;1583;1653;1638;1650;1633;1574;1621;1635;1616;1625;1624;1600;1500
25;2002;1915;1870;1722;1645;1548;1603;1651;1651;1644;1630;1581;1608;1614;1596;1613;1624;1582
26;2011;2000;1912;1861;1742;1642;1571;1600;1665;1661;1647;1614;1571;1598;1596;1592;1611;1593
27;2244;2022;2003;1945;1880;1757;1664;1570;1626;1668;1664;1649;1610;1550;1592;1585;1564;1596
28;2191;2258;2026;1992;1953;1893;1769;1681;1564;1597;1671;1665;1645;1594;1539;1597;1566;1548
29;2198;2204;2258;2025;2009;1949;1914;1790;1675;1582;1603;1677;1659;1627;1583;1522;1582;1554
30;2278;2202;2226;2293;2035;2015;1980;1914;1793;1686;1585;1615;1670;1654;1614;1585;1507;1560
31;2268;2287;2236;2243;2298;2029;2009;1966;1904;1797;1689;1591;1598;1643;1643;1601;1574;1507
32;2292;2278;2298;2258;2266;2325;2043;2005;1970;1905;1803;1692;1595;1579;1627;1630;1587;1569
33;2246;2309;2289;2325;2279;2268;2347;2049;2021;1991;1906;1794;1716;1586;1572;1635;1623;1596
34;2190;2253;2338;2310;2328;2286;2298;2343;2065;2036;1974;1894;1808;1697;1585;1572;1624;1630
35;2351;2192;2271;2362;2322;2335;2315;2309;2345;2077;2048;1978;1907;1813;1700;1600;1575;1624
36;2438;2380;2220;2297;2391;2360;2370;2330;2330;2359;2075;2039;1966;1910;1804;1715;1591;1607
37;2480;2471;2380;2253;2320;2432;2396;2377;2341;2347;2382;2071;2050;1963;1922;1816;1723;1598
38;2352;2504;2494;2373;2272;2343;2452;2417;2373;2345;2330;2390;2059;2052;1962;1915;1800;1731
39;2133;2355;2514;2530;2402;2296;2371;2479;2428;2372;2347;2338;2391;2062;2055;1954;1907;1833
40;2071;2165;2366;2529;2551;2410;2293;2383;2499;2443;2356;2350;2337;2378;2074;2055;1961;1928
41;2022;2087;2172;2384;2542;2571;2427;2298;2402;2513;2444;2372;2356;2334;2389;2077;2046;1967
42;1988;2043;2110;2189;2398;2543;2571;2442;2308;2398;2525;2453;2378;2331;2354;2405;2074;2050
43;1945;1994;2050;2126;2212;2416;2563;2593;2457;2331;2420;2512;2451;2386;2333;2358;2405;2077
44;1950;1945;2008;2066;2134;2216;2437;2584;2599;2482;2335;2420;2512;2447;2399;2348;2361;2401
45;1875;1955;1961;2009;2090;2143;2223;2439;2596;2598;2483;2342;2410;2508;2455;2397;2338;2373
46;1827;1879;1967;1974;2014;2106;2156;2229;2440;2615;2608;2493;2339;2412;2517;2450;2383;2351
47;1833;1849;1886;1984;1979;2029;2120;2171;2254;2440;2632;2597;2495;2344;2393;2530;2446;2391
48;1730;1848;1865;1893;1982;1986;2046;2130;2188;2245;2448;2630;2593;2492;2342;2402;2524;2439
49;1723;1749;1844;1882;1903;1995;1999;2046;2133;2196;2256;2460;2631;2573;2508;2341;2403;2517
50;1716;1732;1766;1850;1890;1916;1997;2003;2051;2124;2203;2264;2448;2622;2567;2504;2345;2412
51;1808;1725;1731;1762;1847;1899;1927;2007;2011;2051;2135;2199;2263;2439;2620;2559;2485;2353
52;1813;1823;1741;1727;1755;1848;1921;1934;2013;2003;2044;2121;2189;2258;2440;2618;2563;2481
53;1876;1818;1826;1747;1734;1758;1844;1920;1939;2017;2000;2038;2109;2186;2247;2439;2607;2550
54;1907;1885;1828;1841;1746;1733;1758;1861;1916;1929;2007;1994;2044;2102;2179;2249;2439;2594
55;1872;1917;1888;1828;1839;1756;1725;1777;1849;1925;1930;2002;1987;2043;2084;2163;2245;2432
56;1493;1878;1913;1887;1835;1843;1763;1712;1775;1850;1928;1925;1996;1986;2027;2073;2151;2246
57;1589;1497;1883;1911;1894;1841;1843;1767;1705;1769;1862;1908;1910;1989;1973;2041;2054;2150
58;1526;1590;1494;1901;1923;1888;1848;1846;1766;1705;1759;1856;1894;1900;1978;1971;2033;2045
59;1520;1524;1596;1486;1906;1906;1907;1849;1842;1770;1699;1755;1837;1888;1892;1963;1955;2021
60;1481;1519;1528;1591;1488;1914;1907;1913;1852;1833;1752;1684;1727;1821;1882;1887;1964;1945
61;1757;1479;1524;1522;1592;1490;1903;1914;1925;1857;1827;1746;1674;1722;1813;1874;1875;1948
62;1828;1741;1482;1523;1510;1595;1493;1905;1909;1919;1846;1813;1719;1672;1709;1796;1858;1861
63;1734;1826;1728;1478;1504;1512;1593;1489;1890;1916;1916;1846;1777;1700;1656;1695;1788;1851
64;1698;1730;1813;1729;1471;1490;1516;1595;1475;1884;1908;1897;1830;1765;1692;1647;1676;1767
65;1685;1700;1720;1811;1724;1469;1484;1498;1587;1451;1875;1897;1883;1798;1750;1673;1633;1656
66;1658;1683;1702;1698;1779;1713;1455;1477;1488;1584;1430;1862;1870;1848;1776;1728;1650;1607
67;1561;1641;1671;1688;1687;1770;1701;1461;1464;1486;1561;1389;1828;1851;1821;1749;1698;1636
68;1611;1552;1626;1646;1658;1661;1745;1690;1446;1452;1468;1539;1369;1799;1819;1794;1736;1671
69;1388;1586;1551;1621;1637;1643;1630;1727;1674;1429;1437;1436;1518;1357;1764;1792;1769;1714
70;1454;1370;1562;1535;1576;1617;1623;1599;1707;1652;1417;1414;1428;1507;1333;1739;1749;1752
71;1507;1422;1350;1537;1499;1556;1593;1596;1563;1661;1626;1388;1387;1392;1473;1309;1707;1711
72;1309;1479;1381;1317;1513;1468;1534;1544;1561;1538;1639;1586;1361;1355;1365;1442;1273;1674
73;1322;1279;1439;1345;1281;1478;1442;1494;1499;1525;1505;1607;1541;1328;1319;1345;1399;1230
74;1273;1281;1239;1417;1313;1249;1433;1408;1459;1458;1508;1469;1547;1489;1302;1278;1307;1370
75;1208;1225;1251;1194;1365;1282;1223;1393;1361;1414;1406;1467;1426;1491;1447;1264;1252;1266
76;1202;1164;1177;1199;1132;1307;1240;1203;1336;1324;1370;1356;1409;1384;1447;1396;1219;1214
77;1061;1153;1126;1114;1148;1086;1254;1190;1160;1282;1284;1314;1311;1354;1328;1401;1356;1175
78;962;1023;1107;1072;1063;1103;1042;1209;1149;1129;1219;1234;1265;1271;1301;1267;1346;1301
79;879;889;977;1043;1024;1012;1059;1003;1149;1099;1081;1159;1173;1211;1196;1261;1220;1299
80;842;815;828;896;993;964;959;1009;945;1066;1034;1027;1091;1123;1153;1142;1189;1173
81;753;764;760;760;849;930;903;905;946;892;996;955;969;1024;1062;1102;1073;1129
82;473;685;704;708;688;760;866;849;849;868;835;929;881;928;953;1000;1030;1008
83;325;434;616;634;651;623;689;788;770;771;798;766;855;826;857;878;935;957
84;304;301;394;562;571;585;570;635;724;711;691;729;710;782;750;798;806;862
85;349;271;267;347;514;520;523;521;583;636;641;619;680;650;713;682;733;730
86;371;305;234;238;307;444;456;466;473;526;554;568;561;619;572;632;615;657
87;327;333;248;202;205;271;397;425;407;426;456;478;508;501;556;509;560;549
88;282;287;278;203;175;171;241;344;387;349;361;402;425;432;436;486;432;491
89;275;241;242;222;167;157;143;202;292;329;290;288;344;361;355;377;407;374
90;160;229;177;190;186;144;129;121;163;245;285;245;233;282;303;298;319;334
91;143;136;173;156;149;160;114;107;95;138;193;240;201;195;230;254;239;265
92;93;108;96;137;113;119;118;91;101;75;112;158;190;161;162;183;205;193
93;55;75;79;73;100;75;79;95;73;74;58;86;134;151;122;128;150;175
94;47;40;56;61;52;70;52;59;66;59;58;45;66;98;120;88;96;119
95;43;35;28;38;48;39;54;40;49;50;42;47;38;45;67;89;63;75
96;26;31;27;22;30;37;26;43;22;37;43;32;35;31;28;45;69;46
97;23;21;22;26;16;23;24;19;28;13;33;29;19;24;18;20;35;55
98;10;12;12;10;15;7;15;18;16;20;9;26;16;14;15;14;12;25
99;3;10;6;6;6;10;4;6;12;12;18;6;20;8;7;8;9;8
100 e oltre;7;5;7;8;7;6;10;8;13;13;19;24;21;24;21;20;15;18
Totale;141112;141931;142686;143465;144260;145153;146152;147027;147543;148032;148279;148117;147774;147342;146952;146766;146024;145570
Età/Anno;2002;2003;2004;2005;2006;2007;2008;2009;2010;2011;2012;2013;2014;2015;2016;2017;2018;2019
Età;Femmine
0;1299;1229;1308;1282;1277;1310;1351;1365;1303;1293;1241;1217;1241;1174;1131;1124;1044;987
1;1243;1317;1246;1312;1298;1275;1330;1379;1373;1303;1296;1237;1223;1213;1184;1137;1128;1050
2;1252;1246;1327;1247;1325;1296;1295;1340;1375;1384;1304;1299;1249;1223;1211;1195;1150;1135
3;1269;1263;1260;1333;1252;1339;1307;1316;1348;1385;1378;1292;1300;1253;1234;1217;1189;1140
4;1223;1290;1269;1261;1359;1259;1366;1330;1330;1348;1387;1374;1287;1299;1268;1231;1209;1200
5;1259;1246;1302;1271;1272;1360;1269;1375;1339;1325;1350;1387;1368;1295;1294;1272;1227;1221
6;1304;1277;1255;1317;1275;1282;1384;1270;1377;1345;1324;1349;1382;1368;1307;1319;1275;1234
7;1335;1314;1284;1265;1328;1277;1296;1394;1279;1390;1353;1318;1351;1386;1382;1304;1327;1296
8;1377;1346;1308;1297;1276;1324;1285;1302;1396;1287;1391;1357;1314;1353;1394;1390;1307;1330
9;1485;1388;1352;1308;1306;1285;1340;1288;1314;1403;1284;1388;1362;1315;1353;1408;1397;1317
10;1475;1495;1394;1362;1315;1320;1305;1361;1297;1322;1409;1300;1394;1371;1329;1360;1403;1406
11;1439;1487;1504;1403;1373;1322;1337;1323;1376;1304;1325;1411;1299;1402;1369;1335;1358;1402
12;1416;1437;1497;1512;1405;1376;1329;1347;1328;1382;1312;1325;1418;1303;1399;1369;1334;1365
13;1438;1428;1437;1504;1524;1407;1379;1336;1354;1321;1381;1313;1331;1418;1314;1398;1373;1346
14;1442;1431;1443;1438;1503;1535;1423;1381;1335;1366;1324;1390;1318;1338;1427;1332;1407;1373
15;1432;1453;1443;1444;1453;1507;1553;1435;1393;1341;1372;1315;1391;1322;1341;1428;1343;1406
16;1450;1444;1460;1452;1445;1467;1516;1561;1448;1395;1348;1380;1314;1391;1323;1342;1423;1345
17;1515;1455;1447;1462;1455;1447;1481;1526;1573;1456;1396;1343;1376;1317;1398;1328;1345;1424
18;1523;1526;1461;1454;1466;1464;1467;1488;1533;1582;1468;1410;1363;1382;1324;1410;1342;1361
19;1661;1527;1534;1460;1459;1469;1482;1476;1493;1542;1596;1480;1426;1357;1391;1333;1407;1360
20;1636;1665;1533;1535;1468;1471;1484;1491;1483;1503;1548;1594;1488;1426;1346;1384;1328;1406
21;1582;1650;1687;1532;1544;1480;1481;1490;1504;1486;1514;1563;1600;1480;1427;1348;1381;1334
22;1687;1583;1645;1693;1536;1552;1497;1495;1502;1501;1490;1514;1572;1595;1486;1424;1329;1378
23;1778;1691;1577;1647;1696;1544;1564;1512;1501;1511;1505;1500;1523;1582;1598;1488;1424;1322
24;1817;1787;1691;1592;1661;1694;1573;1577;1513;1500;1517;1527;1501;1512;1580;1599;1476;1422
25;1937;1824;1798;1703;1603;1678;1713;1596;1589;1509;1513;1513;1526;1494;1506;1572;1578;1477
26;2007;1944;1821;1794;1704;1622;1698;1727;1605;1586;1528;1519;1518;1520;1486;1499;1548;1563
27;2018;2017;1965;1836;1796;1722;1631;1705;1717;1633;1595;1553;1518;1529;1504;1487;1490;1532
28;2158;2036;2018;1983;1851;1812;1741;1623;1727;1728;1613;1592;1547;1508;1558;1492;1463;1481
29;2213;2175;2035;2038;1987;1873;1845;1760;1631;1728;1708;1617;1609;1527;1518;1556;1485;1455
30;2290;2220;2195;2019;2049;1995;1924;1838;1757;1661;1730;1706;1613;1587;1509;1522;1539;1483
31;2224;2304;2238;2217;2018;2060;2014;1934;1860;1775;1667;1728;1717;1611;1590;1486;1516;1550
32;2372;2214;2299;2280;2226;2056;2097;2030;1937;1867;1770;1651;1727;1708;1618;1613;1484;1532
33;2231;2372;2223;2338;2279;2254;2103;2114;2041;1933;1891;1766;1648;1713;1719;1621;1616;1470
34;2312;2270;2413;2265;2366;2317;2318;2128;2128;2077;1957;1900;1787;1665;1725;1741;1619;1617
35;2413;2325;2281;2454;2289;2399;2373;2339;2148;2153;2094;1964;1907;1782;1663;1724;1740;1634
36;2334;2461;2346;2308;2481;2318;2455;2402;2365;2168;2190;2103;1967;1910;1797;1655;1715;1759
37;2373;2363;2479;2392;2331;2477;2349;2483;2443;2383;2161;2204;2110;1952;1917;1800;1664;1722
38;2255;2404;2383;2511;2403;2335;2501;2375;2488;2462;2390;2180;2197;2118;1959;1923;1809;1679
39;2231;2278;2420;2399;2528;2419;2385;2520;2380;2495;2461;2396;2195;2193;2131;1959;1913;1815
40;2121;2248;2312;2452;2428;2548;2420;2399;2528;2393;2498;2456;2390;2195;2200;2146;1965;1923
41;2110;2144;2262;2330;2471;2432;2569;2443;2427;2545;2401;2490;2458;2387;2198;2219;2149;1960
42;2055;2125;2163;2273;2337;2491;2464;2591;2459;2422;2538;2404;2486;2457;2387;2202;2209;2160
43;1995;2067;2143;2170;2295;2344;2517;2476;2604;2474;2421;2536;2395;2490;2465;2387;2201;2199
44;2021;2010;2077;2147;2184;2304;2375;2534;2495;2602;2479;2432;2536;2403;2501;2458;2386;2206
45;1938;2033;2018;2082;2165;2197;2327;2393;2541;2509;2598;2490;2446;2541;2410;2517;2455;2396
46;1966;1943;2040;2023;2089;2170;2214;2332;2402;2548;2512;2593;2476;2449;2554;2423;2535;2466
47;1899;1988;1955;2058;2036;2100;2178;2228;2331;2395;2556;2520;2596;2476;2453;2566;2401;2543
48;1788;1902;2009;1966;2074;2044;2121;2182;2230;2333;2409;2561;2524;2599;2479;2460;2571;2404
49;1845;1803;1915;2019;1971;2074;2058;2130;2186;2235;2352;2403;2565;2528;2597;2484;2460;2564
50;2009;1841;1816;1914;2019;1983;2097;2062;2150;2199;2239;2344;2399;2560;2527;2597;2485;2467
51;1971;1998;1848;1831;1917;2025;2011;2116;2077;2159;2195;2236;2344;2398;2555;2525;2597;2471
52;1925;1968;1999;1852;1841;1921;2050;2012;2119;2080;2159;2188;2239;2340;2396;2555;2520;2594
53;2098;1947;1976;2008;1852;1856;1944;2061;2020;2128;2079;2159;2181;2228;2343;2399;2550;2520
54;2008;2109;1952;1979;2015;1853;1872;1959;2073;2032;2128;2086;2154;2183;2224;2346;2400;2551
55;1971;2025;2112;1956;1983;2021;1863;1890;1965;2083;2041;2124;2087;2152;2181;2226;2340;2394
56;1512;1979;2032;2114;1962;1986;2033;1872;1901;1964;2088;2030;2116;2076;2143;2172;2225;2329
57;1669;1520;1993;2047;2131;1964;1995;2036;1878;1912;1966;2077;2026;2114;2073;2137;2174;2230
58;1685;1674;1523;2004;2045;2135;1976;2005;2036;1876;1917;1962;2068;2014;2116;2070;2138;2169
59;1631;1687;1689;1522;2007;2045;2151;1981;2007;2047;1876;1902;1954;2057;2005;2111;2071;2131
60;1637;1633;1696;1696;1532;2011;2060;2161;1992;2021;2048;1862;1890;1955;2050;1996;2098;2063
61;1927;1644;1638;1700;1698;1538;2021;2082;2164;1996;2021;2035;1857;1876;1949;2050;1986;2090
62;2055;1934;1638;1643;1695;1701;1550;2020;2080;2154;1995;2008;2036;1855;1870;1940;2050;1985
63;1774;2060;1934;1635;1654;1701;1706;1542;2017;2081;2151;1990;2011;2015;1859;1868;1930;2040
64;1760;1772;2059;1934;1637;1665;1694;1720;1531;2024;2080;2150;1986;2004;2004;1854;1850;1919
65;1814;1765;1773;2058;1929;1635;1681;1696;1722;1528;2021;2070;2134;1980;1997;2006;1843;1840
66;1815;1802;1765;1769;2054;1929;1643;1684;1685;1717;1517;2006;2060;2119;1974;1982;1995;1833
67;1764;1804;1800;1767;1766;2053;1936;1659;1676;1682;1711;1514;1996;2038;2088;1972;1972;1973
68;1790;1752;1797;1788;1767;1765;2051;1932;1648;1664;1676;1699;1517;1985;2019;2067;1954;1968
69;1711;1795;1738;1793;1775;1773;1763;2036;1915;1645;1661;1669;1682;1503;1971;2010;2051;1944
70;1797;1704;1787;1730;1780;1768;1761;1757;2031;1900;1631;1644;1649;1661;1494;1958;1990;2029
71;1946;1785;1680;1775;1707;1771;1757;1753;1746;2011;1886;1618;1625;1632;1645;1489;1944;1968
72;1714;1928;1769;1664;1766;1690;1760;1741;1740;1736;2000;1861;1593;1598;1617;1630;1461;1911
73;1656;1693;1899;1754;1644;1756;1683;1753;1724;1727;1723;1978;1842;1577;1576;1609;1609;1438
74;1620;1641;1673;1879;1736;1632;1751;1663;1730;1696;1705;1695;1942;1822;1542;1559;1587;1599
75;1534;1598;1625;1638;1841;1703;1603;1727;1649;1709;1672;1669;1676;1932;1801;1512;1539;1559
76;1603;1505;1569;1598;1605;1803;1678;1601;1707;1636;1691;1642;1633;1647;1893;1776;1490;1510
77;1442;1580;1480;1534;1569;1569;1769;1641;1576;1681;1604;1649;1602;1622;1607;1866;1748;1469
78;1396;1411;1538;1453;1501;1530;1531;1727;1593;1530;1638;1558;1609;1561;1574;1577;1832;1711
79;1366;1359;1371;1493;1407;1462;1497;1485;1678;1562;1504;1595;1525;1562;1531;1542;1528;1790
80;1239;1342;1311;1329;1450;1351;1432;1439;1438;1628;1523;1449;1547;1487;1519;1490;1493;1478
81;1280;1180;1295;1257;1272;1394;1302;1373;1385;1376;1570;1482;1382;1498;1435;1470;1441;1458
82;800;1241;1125;1244;1206;1230;1330;1248;1313;1337;1331;1495;1426;1335;1442;1371;1404;1389
83;534;753;1202;1065;1186;1134;1174;1273;1190;1238;1279;1253;1431;1356;1276;1365;1312;1323
84;552;510;692;1115;991;1120;1084;1100;1200;1152;1187;1208;1181;1347;1279;1220;1285;1249
85;619;516;456;648;1039;925;1047;1027;1020;1106;1077;1116;1119;1115;1253;1210;1141;1200
86;702;567;482;435;618;942;853;986;939;930;1027;990;1045;1054;1042;1149;1106;1052
87;617;637;523;447;390;559;854;783;894;851;839;962;900;950;955;967;1049;1027
88;557;536;565;463;385;368;506;776;692;810;772;752;883;829;870;859;871;954
89;504;469;456;503;418;350;316;474;705;629;702;694;684;779;728;785;750;793
90;396;426;388;393;431;376;303;267;412;610;547;602;608;602;677;643;688;669
91;334;323;362;321;340;377;321;256;230;368;525;454;506;524;508;601;555;586
92;232;269;258;313;261;295;313;274;222;203;300;424;389;421;422;449;482;463
93;203;196;208;214;251;216;250;278;210;188;167;241;346;313;339;344;362;400
94;118;166;162;157;170;203;169;201;227;167;154;125;196;275;252;292;278;294
95;94;106;127;127;116;134;163;146;159;194;141;121;97;154;210;201;230;224
96;69;61;69;97;94;87;112;123;104;133;153;103;89;74;116;162;156;175
97;40;50;43;50;76;70;71;82;90;81;100;101;80;67;53;80;116;114
98;15;27;32;31;33;58;43;53;60;62;65;64;80;70;50;36;60;89
99;22;10;13;14;18;22;31;34;33;47;48;47;37;58;51;36;25;42
100 e oltre;36;39;27;28;25;18;32;46;53;60;74;84;89;78;90;96;81;80
Totale;151006;151782;152437;153219;153837;154576;156077;157053;157492;157939;158049;157647;157397;156869;156445;156214;155279;154704

"Ricostruzione della popolazione intercensuaria - Popolazione al 1° gennaio per età"
"Cittadinanza straniera - Provincia: Pescara"
Età/Anno;2002;2003;2004;2005;2006;2007;2008;2009;2010;2011;2012;2013;2014;2015;2016;2017;2018;2019
Età;Totale
0;50;53;55;86;99;113;153;186;192;191;220;222;207;230;216;191;168;170
1;33;47;58;64;89;105;121;164;187;194;194;237;224;208;227;209;179;171
2;49;40;58;64;72;93;123;130;168;186;205;209;235;228;198;218;187;161
3;32;51;50;66;72;91;111;139;140;177;186;207;206;243;216;196;202;182
4;22;35;55;60;82;79;118;118;154;144;176;204;209;206;229;187;180;189
5;31;26;42;66;72;84;107;141;132;156;146;194;220;209;195;219;167;177
6;27;32;35;54;70;78;103;120;146;144;161;167;194;214;192;181;197;165
7;44;34;37;41;70;82;113;120;139;146;146;163;177;191;197;184;157;182
8;40;49;48;42;53;68;99;125;133;142;151;151;166;169;169;188;171;145
9;29;46;50;51;54;59;83;111;139;137;152;163;147;166;157;157;171;165
10;33;32;53;57;63;60;72;98;136;151;148;157;152;143;156;154;144;167
11;33;41;44;66;67;69;82;84;121;135;157;152;146;143;128;146;140;135
12;34;41;50;51;71;77;96;94;99;134;143;166;157;142;125;123;138;133
13;33;35;49;55;69;78;89;111;101;107;153;154;162;157;132;114;108;133
14;43;42;38;63;68;72;96;108;128;112;116;153;160;168;145;124;106;115
15;25;38;48;44;80;74;96;108;113;144;123;119;138;160;169;146;126;101
16;34;31;37;53;57;93;90;112;128;125;157;124;126;145;159;169;136;128
17;33;41;41;41;64;68;117;100;126;140;137;165;133;132;136;170;162;137
18;33;31;49;50;62;68;85;136;125;145;160;154;159;125;131;129;168;153
19;24;39;38;55;61;63;98;109;168;141;157;169;169;172;137;142;181;203
20;34;24;52;55;57;62;116;127;144;182;160;186;190;180;181;143;167;199
21;40;38;52;53;64;65;103;173;168;193;206;190;210;200;180;195;177;193
22;67;45;71;78;56;76;151;155;211;207;217;241;203;238;196;174;206;214
23;72;85;101;86;110;69;131;191;193;264;243;244;264;213;253;193;197;231
24;68;80;115;131;99;117;127;216;231;240;297;283;265;275;219;257;209;226
25;81;74;128;152;162;123;171;186;254;272;275;330;315;284;267;228;260;236
26;102;95;124;157;184;172;184;239;247;321;315;322;352;339;289;263;243;282
27;91;119;151;154;183;194;256;249;282;314;352;345;341;367;343;304;292;262
28;102;116;163;188;194;187;290;323;296;320;344;386;369;358;368;341;317;313
29;107;110;156;231;246;220;293;353;375;342;343;373;413;372;341;358;357;340
30;122;123;166;204;261;274;317;366;396;412;378;369;383;436;375;370;368;363
31;132;128;178;191;237;288;364;354;385;421;427;410;386;391;437;383;369;388
32;127;137;165;206;208;253;327;375;376;406;434;465;433;395;375;425;370;384
33;120;137;175;186;226;216;327;358;388;378;413;455;477;453;389;356;412;381
34;130;131;160;194;205;248;265;342;359;411;369;442;462;486;472;374;333;419
35;106;129;166;187;205;210;288;267;337;363;402;409;458;477;463;476;367;326
36;103;108;154;184;193;201;253;313;291;354;364;419;417;462;471;458;475;350
37;106;107;134;175;196;191;241;269;329;309;344;390;434;426;453;449;426;465
38;111;106;120;166;186;201;236;266;296;342;302;363;404;446;414;436;416;428
39;103;116;134;127;179;194;251;268;292;313;351;323;381;410;436;390;396;417
40;73;109;141;147;150;183;255;298;290;318;319;371;335;390;402;418;364;377
41;76;73;133;151;167;149;223;294;322;303;327;333;385;327;382;376;385;365
42;65;72;103;152;158;164;188;234;314;337;314;332;343;393;315;353;356;369
43;62;61;101;105;171;153;199;201;238;308;329;335;353;346;382;296;328;358
44;54;62;86;119;116;167;188;210;214;239;324;348;356;357;332;357;281;336
45;72;50;90;91;134;125;193;207;218;228;251;336;370;356;338;310;333;281
46;52;67;79;102;105;141;169;232;210;235;229;253;347;391;339;327;281;336
47;44;54;88;90;109;105;163;216;255;234;245;236;267;346;365;329;314;276
48;27;46;68;98;92;119;130;201;236;265;241;251;237;261;323;353;317;306
49;36;30;64;78;104;92;149;175;218;240;261;242;261;246;249;320;345;311
50;26;35;64;69;90;99;125;174;192;234;233;273;242;265;235;242;316;340
51;29;30;54;74;74;88;118;154;176;199;221;248;285;248;251;231;226;307
52;24;30;42;56;78;78;122;144;172;179;197;229;275;281;234;236;220;226
53;20;22;52;51;64;83;97;141;147;176;179;202;228;270;267;221;222;226
54;28;19;34;56;51;62;96;119;154;140;167;189;210;232;255;249;208;230
55;26;29;32;40;63;51;88;102;123;164;146;172;196;204;221;243;252;223
56;18;25;31;36;42;64;70;99;101;125;169;157;177;184;202;214;246;249
57;21;20;24;34;39;42;78;79;103;109;121;166;168;168;172;202;210;249
58;15;22;29;27;40;36;51;85;89;103;118;129;177;162;162;168;195;212
59;24;14;25;32;26;42;43;61;87;97;101;133;152;187;153;153;164;197
60;17;25;15;29;31;32;41;46;65;89;103;106;147;153;175;148;152;161
61;18;18;23;18;28;31;31;44;57;71;93;101;113;146;155;162;137;153
62;17;18;14;27;21;26;29;37;51;52;70;94;107;119;140;160;162;137
63;13;18;20;18;29;21;34;38;41;54;52;72;96;106;117;130;159;159
64;6;9;23;20;19;34;24;37;40;50;56;54;73;93;102;111;123;147
65;12;6;12;26;21;22;32;27;37;35;50;54;56;76;92;101;111;121
66;14;15;10;18;23;23;27;34;32;39;38;53;56;56;90;94;98;117
67;11;16;13;8;20;26;28;37;40;33;37;39;59;58;61;88;91;103
68;6;12;16;11;9;16;28;25;34;39;34;38;37;57;53;67;90;88
69;8;8;14;17;14;8;15;34;22;37;41;39;34;37;55;53;67;93
70;10;10;13;15;17;16;9;15;30;26;36;41;34;34;33;53;53;69
71;10;11;10;11;15;13;18;7;18;29;26;38;40;36;34;34;51;58
72;7;11;10;9;13;17;14;16;9;18;32;27;39;41;31;32;36;58
73;8;9;12;10;12;10;12;14;17;9;16;28;27;45;39;31;32;33
74;7;11;10;10;9;10;10;14;15;20;9;18;28;26;47;40;27;37
75;8;6;11;12;11;9;14;9;13;15;21;12;15;26;25;46;44;26
76;6;9;4;10;14;10;13;17;9;12;15;20;13;16;26;25;45;45
77;9;5;7;3;11;14;12;12;14;7;12;14;18;12;13;26;22;42
78;1;9;3;7;7;8;13;13;13;14;7;12;13;16;11;14;23;22
79;3;1;7;3;7;6;9;12;11;12;15;7;15;15;14;11;13;23
80;3;3;3;6;3;8;5;9;13;13;12;14;8;16;14;12;12;13
81;2;3;2;3;6;5;7;5;7;12;12;11;14;8;13;12;12;10
82;5;3;4;1;2;4;3;7;6;6;11;12;9;12;9;11;10;11
83;0;4;3;4;3;2;4;3;6;5;5;9;12;8;10;6;11;9
84;1;1;3;3;6;1;2;4;3;7;5;4;9;10;8;11;3;11
85;3;1;1;1;3;5;1;2;2;2;5;5;3;9;9;9;11;4
86;4;3;1;0;1;4;5;1;2;2;2;5;4;3;9;5;7;11
87;0;3;1;1;0;2;4;3;2;2;1;2;5;2;2;7;4;7
88;2;0;1;1;1;0;1;4;4;0;2;1;2;4;2;2;7;6
89;0;0;0;2;1;0;0;2;4;2;0;2;1;1;3;0;3;6
90;1;0;0;0;3;1;0;0;1;3;1;0;3;1;1;3;0;4
91;1;3;0;0;1;4;1;0;0;1;3;1;0;3;3;1;2;1
92;0;1;1;1;1;0;4;2;0;0;1;2;1;0;2;3;1;1
93;0;0;0;2;1;0;0;4;2;0;0;1;0;0;0;2;2;1
94;0;0;1;0;2;1;0;0;3;0;0;0;1;0;0;0;1;1
95;0;0;0;1;0;2;1;0;0;2;0;0;0;1;0;0;0;1
96;0;0;0;0;1;0;1;1;0;0;2;0;0;0;0;0;0;0
97;1;0;0;0;0;1;0;0;1;0;0;1;0;0;0;0;0;0
98;0;1;0;0;0;0;1;0;0;0;0;0;0;0;0;0;0;0
99;0;0;0;0;0;0;0;1;0;0;0;0;0;0;0;0;0;0
100 e oltre;0;0;0;0;0;0;0;0;0;0;0;0;0;0;0;0;1;0
Totale;3612;3915;5208;6150;7085;7570;9941;11766;13108;14266;15041;16247;17100;17619;17313;17028;16731;17092
Età/Anno;2002;2003;2004;2005;2006;2007;2008;2009;2010;2011;2012;2013;2014;2015;2016;2017;2018;2019
Età;Maschi
0;22;34;27;46;48;66;74;99;95;104;132;108;90;124;112;99;86;88
1;20;16;35;30;44;53;70;77;99;89;106;140;108;92;119;108;93;83
2;26;20;20;35;35;45;70;75;83;97;94;112;135;109;91;113;94;79
3;14;23;26;23;39;44;56;77;80;85;99;101;110;138;105;87;104;95
4;9;17;25;30;30;44;59;60;81;78;84;111;106;108;131;90;85;99
5;22;9;22;30;36;34;57;73;68;83;77;92;117;106;101;119;78;84
6;19;22;15;25;36;43;39;66;77;71;84;87;95;112;94;94;104;81
7;18;20;23;17;29;44;62;53;73;78;70;82;91;98;98;89;80;101
8;20;23;26;24;25;31;54;70;59;73;76;70;81;88;83;96;86;70
9;16;26;28;26;32;30;41;61;76;62;80;77;67;83;81;78;87;83
10;19;16;29;32;30;32;35;42;77;80;68;84;73;68;84;80;69;84
11;14;21;20;37;39;32;40;43;56;76;81;70;74;67;61;75;74;63
12;18;16;22;26;36;43;44;45;56;63;79;86;78;67;55;59;70;72
13;22;20;21;27;31;44;47;52;50;58;76;79;86;80;60;51;55;70
14;24;27;22;27;32;28;55;58;63;59;63;76;81;90;79;60;45;60
15;11;21;30;23;36;36;40;66;61;72;66;63;67;82;97;77;65;49
16;21;18;19;35;28;42;45;47;76;64;81;68;66;70;82;100;68;66
17;15;26;27;21;42;34;57;53;57;88;70;87;78;65;69;86;97;69
18;14;14;32;31;28;43;41;73;71;69;102;84;87;70;67;71;103;103
19;13;19;19;35;33;25;55;54;93;76;76;105;86;94;81;76;123;128
20;16;8;24;25;34;30;48;69;67;97;82;85;106;87;97;85;103;134
21;18;14;20;22;27;35;47;77;85;95;104;90;99;108;88;103;115;130
22;26;20;31;29;27;33;77;65;92;94;102;117;97;111;105;76;113;144
23;30;25;44;40;41;31;61;89;79;114;101;106;127;96;106;102;97;133
24;21;30;46;57;42;42;54;102;104;102;123;115;122;126;93;109;115;117
25;30;28;53;62;71;56;67;77;116;112;114;135;127;119;120;96;117;140
26;38;38;50;65;69;76;76;93;102;143;125;139;149;137;119;112;114;144
27;32;40;67;63;79;67;103;108;110;137;157;138;149;151;139;128;137;129
28;29;34;55;75;77;77;98;120;127;126;151;176;154;158;146;135;144;150
29;35;29;54;94;101;83;113;126;142;155;129;157;188;156;152;151;146;164
30;46;43;58;79;104;119;131;152;148;170;166;141;156;190;152;168;156;159
31;51;47;72;61;91;113;174;148;158;168;176;182;151;162;196;152;162;169
32;48;47;67;80;68;94;136;177;156;167;169;199;187;161;154;194;152;168
33;49;49;64;73;81;72;136;160;182;161;169;192;205;203;158;149;187;170
34;51;56;65;70;75;87;88;145;148;184;153;190;193;212;206;147;140;198
35;45;54;75;83;80;81;115;104;143;150;192;173;199;204;206;207;148;151
36;45;55;68;92;88;77;106;134;119;154;156;202;180;200;205;204;208;149
37;45;51;69;77;103;88;98;118;139;126;152;171;211;181;192;195;187;215
38;53;47;56;85;84;109;108;110;125;143;114;158;185;219;177;175;178;190
39;47;67;53;61;93;85;115;116;125;128;147;125;167;192;208;167;158;189
40;32;51;77;60;71;98;115;124;126;135;132;167;133;177;182;194;157;156
41;34;34;60;82;74;70;118;121;130;123;130;135;174;133;178;164;178;154
42;29;32;45;70;83;75;76;120;121;122;124;133;144;178;130;163;147;177
43;33;30;39;43;76;77;81;72;113;112;114;129;147;146;171;118;143;157
44;23;36;31;47;45;69;95;83;84;104;115;120;137;146;138;164;109;146
45;37;24;43;36;53;49;74;99;83;88;112;118;123;138;131;119;146;113
46;27;33;26;52;38;54;59;86;96;90;91;108;121;136;123;126;103;150
47;25;29;40;30;49;39;59;69;89;100;90;89;111;121;125;119;115;98
48;11;26;36;42;31;55;48;71;71;86;101;91;90;101;116;114;112;113
49;16;12;27;36;46;28;58;63;76;73;88;99;93;90;91;111;112;107
50;13;16;18;28;37;43;36;63;67;78;70;91;93;94;86;86;108;112
51;9;14;18;21;29;37;49;54;64;64;72;71;89;87;88;87;78;100
52;9;9;16;15;24;31;39;53;53;60;62;74;84;89;81;80;84;82
53;9;9;13;16;18;25;38;41;51;54;58;61;72;81;80;76;73;86
54;8;10;12;11;16;17;25;43;45;45;53;62;61;74;70;70;70;77
55;10;9;11;15;15;14;26;23;46;42;49;58;62;63;72;71;71;78
56;5;12;7;14;16;15;23;24;24;44;46;47;57;58;63;66;73;73
57;6;7;9;7;14;18;20;23;22;26;45;44;47;56;50;65;64;69
58;6;5;9;10;9;13;22;24;27;22;27;45;48;46;52;48;61;67
59;8;6;7;8;10;10;14;24;24;29;24;28;51;49;39;49;52;63
60;8;10;6;7;8;11;10;15;26;25;32;27;33;51;40;36;49;47
61;12;8;11;6;7;8;11;12;14;22;28;28;28;31;53;39;33;48
62;9;13;6;11;6;8;8;15;15;12;24;26;32;28;32;53;42;35
63;3;11;13;7;11;7;15;13;15;15;16;25;24;33;28;30;49;44
64;1;1;12;11;5;14;7;14;13;18;18;17;27;24;31;32;31;46
65;4;1;4;13;11;7;14;7;14;14;18;16;17;26;21;31;29;32
66;3;4;3;5;10;12;7;12;9;13;15;18;16;18;31;19;27;30
67;4;4;3;3;5;13;16;11;10;10;13;15;19;17;19;26;17;26
68;2;5;3;2;4;4;15;14;11;9;9;13;14;17;16;20;26;19
69;3;2;6;4;5;4;4;17;13;10;10;10;13;14;16;17;21;26
70;2;5;3;6;3;8;5;3;16;14;10;7;9;13;12;16;17;20
71;6;2;5;3;7;2;9;4;5;15;14;11;8;8;13;12;15;20
72;3;7;3;4;5;9;3;7;6;4;18;14;11;7;7;14;13;19
73;2;4;8;2;5;2;7;2;7;6;4;13;14;12;6;9;15;9
74;5;4;4;6;1;5;4;8;3;10;6;5;12;14;12;7;8;18
75;4;5;2;5;6;3;6;3;7;2;10;6;6;11;13;11;11;8
76;4;4;4;3;6;6;3;8;4;6;2;9;6;7;11;12;12;11
77;4;3;3;3;2;6;6;3;7;3;6;2;8;6;5;13;10;12
78;1;4;1;3;6;1;6;5;5;5;3;6;4;6;5;6;11;9
79;2;0;3;2;3;5;3;5;4;4;6;3;6;6;5;5;6;11
80;0;2;1;2;2;5;4;3;6;5;4;5;4;6;5;4;4;6
81;0;0;1;1;2;2;4;4;2;5;4;5;5;6;4;3;5;4
82;1;0;1;1;0;3;1;4;5;2;5;4;4;3;6;3;1;5
83;0;1;0;1;3;0;3;1;3;4;2;4;4;3;4;4;3;0
84;0;0;1;1;1;1;0;3;1;3;4;1;3;4;3;4;2;3
85;1;0;0;0;1;1;1;0;1;0;2;4;1;3;3;3;4;2
86;3;1;0;0;0;1;1;1;0;1;0;2;3;1;3;1;2;4
87;0;2;0;0;0;1;1;0;1;0;1;0;2;1;0;3;1;2
88;0;0;0;0;0;0;0;1;2;0;0;1;0;1;1;0;3;1
89;0;0;0;1;1;0;0;0;0;1;0;0;1;0;1;0;0;2
90;1;0;0;0;2;1;0;0;0;0;0;0;0;1;0;1;0;0
91;0;1;0;0;0;2;1;0;0;0;0;0;0;0;1;0;0;1
92;0;0;0;0;1;0;2;1;0;0;0;0;0;0;0;1;0;0
93;0;0;0;0;0;0;0;2;1;0;0;0;0;0;0;0;1;0
94;0;0;0;0;0;0;0;0;1;0;0;0;0;0;0;0;0;1
95;0;0;0;0;0;0;0;0;0;1;0;0;0;0;0;0;0;0
96;0;0;0;0;0;0;0;0;0;0;1;0;0;0;0;0;0;0
97;0;0;0;0;0;0;0;0;0;0;0;1;0;0;0;0;0;0
98;0;0;0;0;0;0;0;0;0;0;0;0;0;0;0;0;0;0
99;0;0;0;0;0;0;0;0;0;0;0;0;0;0;0;0;0;0
100 e oltre;0;0;0;0;0;0;0;0;0;0;0;0;0;0;0;0;0;0
Totale;1550;1698;2230;2629;3007;3237;4244;5012;5557;5987;6334;6841;7199;7425;7242;7088;7067;7469
Età/Anno;2002;2003;2004;2005;2006;2007;2008;2009;2010;2011;2012;2013;2014;2015;2016;2017;2018;2019
Età;Femmine
0;28;19;28;40;51;47;79;87;97;87;88;114;117;106;104;92;82;82
1;13;31;23;34;45;52;51;87;88;105;88;97;116;116;108;101;86;88
2;23;20;38;29;37;48;53;55;85;89;111;97;100;119;107;105;93;82
3;18;28;24;43;33;47;55;62;60;92;87;106;96;105;111;109;98;87
4;13;18;30;30;52;35;59;58;73;66;92;93;103;98;98;97;95;90
5;9;17;20;36;36;50;50;68;64;73;69;102;103;103;94;100;89;93
6;8;10;20;29;34;35;64;54;69;73;77;80;99;102;98;87;93;84
7;26;14;14;24;41;38;51;67;66;68;76;81;86;93;99;95;77;81
8;20;26;22;18;28;37;45;55;74;69;75;81;85;81;86;92;85;75
9;13;20;22;25;22;29;42;50;63;75;72;86;80;83;76;79;84;82
10;14;16;24;25;33;28;37;56;59;71;80;73;79;75;72;74;75;83
11;19;20;24;29;28;37;42;41;65;59;76;82;72;76;67;71;66;72
12;16;25;28;25;35;34;52;49;43;71;64;80;79;75;70;64;68;61
13;11;15;28;28;38;34;42;59;51;49;77;75;76;77;72;63;53;63
14;19;15;16;36;36;44;41;50;65;53;53;77;79;78;66;64;61;55
15;14;17;18;21;44;38;56;42;52;72;57;56;71;78;72;69;61;52
16;13;13;18;18;29;51;45;65;52;61;76;56;60;75;77;69;68;62
17;18;15;14;20;22;34;60;47;69;52;67;78;55;67;67;84;65;68
18;19;17;17;19;34;25;44;63;54;76;58;70;72;55;64;58;65;50
19;11;20;19;20;28;38;43;55;75;65;81;64;83;78;56;66;58;75
20;18;16;28;30;23;32;68;58;77;85;78;101;84;93;84;58;64;65
21;22;24;32;31;37;30;56;96;83;98;102;100;111;92;92;92;62;63
22;41;25;40;49;29;43;74;90;119;113;115;124;106;127;91;98;93;70
23;42;60;57;46;69;38;70;102;114;150;142;138;137;117;147;91;100;98
24;47;50;69;74;57;75;73;114;127;138;174;168;143;149;126;148;94;109
25;51;46;75;90;91;67;104;109;138;160;161;195;188;165;147;132;143;96
26;64;57;74;92;115;96;108;146;145;178;190;183;203;202;170;151;129;138
27;59;79;84;91;104;127;153;141;172;177;195;207;192;216;204;176;155;133
28;73;82;108;113;117;110;192;203;169;194;193;210;215;200;222;206;173;163
29;72;81;102;137;145;137;180;227;233;187;214;216;225;216;189;207;211;176
30;76;80;108;125;157;155;186;214;248;242;212;228;227;246;223;202;212;204
31;81;81;106;130;146;175;190;206;227;253;251;228;235;229;241;231;207;219
32;79;90;98;126;140;159;191;198;220;239;265;266;246;234;221;231;218;216
33;71;88;111;113;145;144;191;198;206;217;244;263;272;250;231;207;225;211
34;79;75;95;124;130;161;177;197;211;227;216;252;269;274;266;227;193;221
35;61;75;91;104;125;129;173;163;194;213;210;236;259;273;257;269;219;175
36;58;53;86;92;105;124;147;179;172;200;208;217;237;262;266;254;267;201
37;61;56;65;98;93;103;143;151;190;183;192;219;223;245;261;254;239;250
38;58;59;64;81;102;92;128;156;171;199;188;205;219;227;237;261;238;238
39;56;49;81;66;86;109;136;152;167;185;204;198;214;218;228;223;238;228
40;41;58;64;87;79;85;140;174;164;183;187;204;202;213;220;224;207;221
41;42;39;73;69;93;79;105;173;192;180;197;198;211;194;204;212;207;211
42;36;40;58;82;75;89;112;114;193;215;190;199;199;215;185;190;209;192
43;29;31;62;62;95;76;118;129;125;196;215;206;206;200;211;178;185;201
44;31;26;55;72;71;98;93;127;130;135;209;228;219;211;194;193;172;190
45;35;26;47;55;81;76;119;108;135;140;139;218;247;218;207;191;187;168
46;25;34;53;50;67;87;110;146;114;145;138;145;226;255;216;201;178;186
47;19;25;48;60;60;66;104;147;166;134;155;147;156;225;240;210;199;178
48;16;20;32;56;61;64;82;130;165;179;140;160;147;160;207;239;205;193
49;20;18;37;42;58;64;91;112;142;167;173;143;168;156;158;209;233;204
50;13;19;46;41;53;56;89;111;125;156;163;182;149;171;149;156;208;228
51;20;16;36;53;45;51;69;100;112;135;149;177;196;161;163;144;148;207
52;15;21;26;41;54;47;83;91;119;119;135;155;191;192;153;156;136;144
53;11;13;39;35;46;58;59;100;96;122;121;141;156;189;187;145;149;140
54;20;9;22;45;35;45;71;76;109;95;114;127;149;158;185;179;138;153
55;16;20;21;25;48;37;62;79;77;122;97;114;134;141;149;172;181;145
56;13;13;24;22;26;49;47;75;77;81;123;110;120;126;139;148;173;176
57;15;13;15;27;25;24;58;56;81;83;76;122;121;112;122;137;146;180
58;9;17;20;17;31;23;29;61;62;81;91;84;129;116;110;120;134;145
59;16;8;18;24;16;32;29;37;63;68;77;105;101;138;114;104;112;134
60;9;15;9;22;23;21;31;31;39;64;71;79;114;102;135;112;103;114
61;6;10;12;12;21;23;20;32;43;49;65;73;85;115;102;123;104;105
62;8;5;8;16;15;18;21;22;36;40;46;68;75;91;108;107;120;102
63;10;7;7;11;18;14;19;25;26;39;36;47;72;73;89;100;110;115
64;5;8;11;9;14;20;17;23;27;32;38;37;46;69;71;79;92;101
65;8;5;8;13;10;15;18;20;23;21;32;38;39;50;71;70;82;89
66;11;11;7;13;13;11;20;22;23;26;23;35;40;38;59;75;71;87
67;7;12;10;5;15;13;12;26;30;23;24;24;40;41;42;62;74;77
68;4;7;13;9;5;12;13;11;23;30;25;25;23;40;37;47;64;69
69;5;6;8;13;9;4;11;17;9;27;31;29;21;23;39;36;46;67
70;8;5;10;9;14;8;4;12;14;12;26;34;25;21;21;37;36;49
71;4;9;5;8;8;11;9;3;13;14;12;27;32;28;21;22;36;38
72;4;4;7;5;8;8;11;9;3;14;14;13;28;34;24;18;23;39
73;6;5;4;8;7;8;5;12;10;3;12;15;13;33;33;22;17;24
74;2;7;6;4;8;5;6;6;12;10;3;13;16;12;35;33;19;19
75;4;1;9;7;5;6;8;6;6;13;11;6;9;15;12;35;33;18
76;2;5;0;7;8;4;10;9;5;6;13;11;7;9;15;13;33;34
77;5;2;4;0;9;8;6;9;7;4;6;12;10;6;8;13;12;30
78;0;5;2;4;1;7;7;8;8;9;4;6;9;10;6;8;12;13
79;1;1;4;1;4;1;6;7;7;8;9;4;9;9;9;6;7;12
80;3;1;2;4;1;3;1;6;7;8;8;9;4;10;9;8;8;7
81;2;3;1;2;4;3;3;1;5;7;8;6;9;2;9;9;7;6
82;4;3;3;0;2;1;2;3;1;4;6;8;5;9;3;8;9;6
83;0;3;3;3;0;2;1;2;3;1;3;5;8;5;6;2;8;9
84;1;1;2;2;5;0;2;1;2;4;1;3;6;6;5;7;1;8
85;2;1;1;1;2;4;0;2;1;2;3;1;2;6;6;6;7;2
86;1;2;1;0;1;3;4;0;2;1;2;3;1;2;6;4;5;7
87;0;1;1;1;0;1;3;3;1;2;0;2;3;1;2;4;3;5
88;2;0;1;1;1;0;1;3;2;0;2;0;2;3;1;2;4;5
89;0;0;0;1;0;0;0;2;4;1;0;2;0;1;2;0;3;4
90;0;0;0;0;1;0;0;0;1;3;1;0;3;0;1;2;0;4
91;1;2;0;0;1;2;0;0;0;1;3;1;0;3;2;1;2;0
92;0;1;1;1;0;0;2;1;0;0;1;2;1;0;2;2;1;1
93;0;0;0;2;1;0;0;2;1;0;0;1;0;0;0;2;1;1
94;0;0;1;0;2;1;0;0;2;0;0;0;1;0;0;0;1;0
95;0;0;0;1;0;2;1;0;0;1;0;0;0;1;0;0;0;1
96;0;0;0;0;1;0;1;1;0;0;1;0;0;0;0;0;0;0
97;1;0;0;0;0;1;0;0;1;0;0;0;0;0;0;0;0;0
98;0;1;0;0;0;0;1;0;0;0;0;0;0;0;0;0;0;0
99;0;0;0;0;0;0;0;1;0;0;0;0;0;0;0;0;0;0
100 e oltre;0;0;0;0;0;0;0;0;0;0;0;0;0;0;0;0;1;0
Totale;2062;2217;2978;3521;4078;4333;5697;6754;7551;8279;8707;9406;9901;10194;10071;9940;9664;9623
