"Popolazione per età, vista per singola area - Provincia: Bologna"

"Ricostruzione della popolazione intercensuaria - Popolazione al 1° gennaio per età"
"Tutte le cittadinanze - Provincia: Bologna"
Età/Anno;2002;2003;2004;2005;2006;2007;2008;2009;2010;2011;2012;2013;2014;2015;2016;2017;2018;2019
Età;Totale
0;7671;8067;7958;8477;8441;8743;8822;8835;9128;8730;8703;8549;8502;8332;8122;7847;7538;7526
1;7722;7797;8116;8079;8537;8482;8817;8940;8885;9165;8808;8797;8618;8559;8420;8250;7969;7671
2;7395;7830;7829;8158;8142;8543;8541;8857;8973;8863;9177;8886;8824;8636;8573;8500;8284;8076
3;7017;7475;7884;7910;8190;8145;8582;8606;8844;8971;8875;9253;8896;8834;8693;8593;8554;8316
4;7021;7125;7518;7947;7990;8186;8176;8639;8623;8870;8993;8922;9280;8894;8855;8696;8580;8583
5;6782;7076;7176;7588;8004;8029;8267;8233;8642;8656;8911;9054;8991;9329;8922;8883;8711;8564
6;6635;6896;7124;7270;7646;8025;8121;8320;8249;8657;8684;8979;9083;9022;9362;8964;8868;8737
7;6597;6701;6970;7211;7353;7687;8154;8231;8367;8306;8677;8747;9028;9114;9020;9374;8956;8929
8;6522;6681;6763;7053;7297;7422;7802;8240;8320;8380;8340;8728;8768;9074;9149;9037;9372;8990
9;6679;6624;6777;6802;7131;7352;7519;7907;8308;8371;8429;8382;8757;8818;9116;9140;9058;9401
10;6561;6762;6671;6886;6877;7197;7476;7635;7999;8418;8436;8496;8406;8818;8839;9157;9162;9116
11;6523;6612;6853;6746;6965;6923;7292;7608;7710;8082;8502;8498;8542;8446;8861;8869;9199;9227
12;6236;6580;6626;6893;6790;7036;7046;7408;7687;7800;8165;8537;8557;8562;8460;8907;8921;9227
13;6117;6310;6627;6705;6981;6856;7133;7154;7470;7753;7897;8212;8562;8594;8598;8505;8942;8963
14;5851;6206;6339;6672;6748;7000;6949;7239;7246;7573;7833;7948;8271;8605;8634;8658;8550;8990
15;5859;5912;6226;6369;6718;6796;7114;7055;7326;7346;7664;7869;7994;8317;8640;8676;8692;8602
16;6077;5893;5969;6264;6453;6736;6872;7232;7180;7417;7424;7722;7899;8001;8364;8651;8743;8764
17;6140;6113;5915;6024;6351;6515;6818;6973;7321;7279;7516;7484;7777;7932;8043;8457;8818;8803
18;6460;6194;6161;6071;6145;6455;6641;6980;7120;7430;7402;7600;7539;7827;8021;8184;8673;8948
19;6462;6579;6306;6322;6205;6260;6654;6885;7170;7252;7628;7561;7703;7675;7932;8195;8469;8838
20;6703;6621;6769;6545;6463;6339;6550;6983;7155;7382;7439;7838;7714;7879;7849;8146;8457;8634
21;7243;6865;6869;7018;6720;6632;6655;6927;7270;7391;7623;7664;8028;7839;8060;8059;8386;8626
22;7973;7493;7098;7184;7218;6928;7026;7072;7194;7524;7652;7887;7863;8161;8001;8250;8270;8643
23;8824;8222;7852;7484;7483;7476;7377;7552;7402;7545;7832;7954;8170;8109;8378;8224;8536;8564
24;9437;9188;8630;8260;7869;7883;7978;7943;7939;7780;7871;8196;8237;8424;8399;8749;8552;8825
25;10821;9727;9643;9103;8667;8235;8448;8541;8430;8432;8171;8304;8513;8498;8790;8762;9171;8935
26;11834;11246;10316;10202;9564;9109;8789;9113;9048;8910;8924;8682;8762;8857;8881;9258;9191;9697
27;12956;12166;11754;10876;10678;9947;9681;9477;9602;9564;9369;9472;9167;9138;9235;9369;9698;9746
28;13569;13287;12691;12384;11248;11120;10535;10373;10023;10119;10090;9916;9956;9543;9588;9761;9805;10273
29;14084;13880;13836;13253;12797;11708;11675;11196;10927;10485;10581;10663;10447;10323;9948;10059;10245;10294
30;14941;14394;14423;14305;13679;13169;12316;12301;11653;11324;10919;11056;11143;10712;10700;10391;10430;10703
31;14908;15120;14895;14970;14614;14031;13508;12915;12712;11941;11644;11399;11430;11405;11108;11088;10706;10911
32;15230;15132;15671;15231;15268;14976;14428;14018;13191;12948;12276;12067;11777;11626;11682;11482;11325;11016
33;14900;15414;15583;15980;15443;15518;15312;14919;14219;13392;13233;12588;12339;11923;11861;11991;11673;11617
34;15001;15030;15805;15882;16131;15692;15848;15635;15092;14307;13629;13532;12821;12497;12080;12073;12083;11951
35;15544;15098;15422;16037;16003;16323;15931;16118;15795;15200;14523;13908;13763;12981;12664;12269;12211;12350
36;15617;15722;15391;15704;16135;16102;16617;16172;16275;15892;15346;14738;14146;13806;13139;12877;12316;12381
37;15961;15695;15926;15638;15831;16209;16292;16824;16296;16432;15952;15537;14892;14201;13885;13298;12930;12534
38;14802;16081;15822;16113;15753;15942;16399;16498;16881;16382;16498;16113;15666;14984;14291;14045;13324;13065
39;14492;14873;16343;16027;16139;15828;16149;16602;16577;16985;16444;16572;16212;15698;15097;14392;14040;13450
40;14161;14585;15011;16491;16155;16147;16090;16314;16647;16651;17047;16555;16647;16253;15771;15176;14419;14140
41;13598;14209;14707;15156;16548;16166;16280;16288;16364;16713;16648;17117;16636;16620;16289;15891;15241;14503
42;13468;13647;14298;14793;15150;16599;16297;16411;16339;16431;16769;16755;17168;16707;16750;16344;15933;15333
43;13046;13532;13794;14381;14827;15154;16749;16417;16424;16374;16483;16862;16804;17173;16711;16816;16335;15966
44;12958;13100;13650;13913;14407;14852;15242;16844;16460;16479;16404;16574;16908;16858;17234;16724;16800;16418
45;12689;12972;13239;13744;13920;14406;14957;15344;16903;16516;16478;16476;16606;16920;16832;17251;16708;16860
46;12301;12742;13066;13322;13798;13916;14532;15056;15416;17011;16532;16544;16488;16623;16979;16885;17240;16790
47;12265;12335;12829;13149;13355;13821;14001;14614;15062;15497;16993;16581;16563;16551;16651;16985;16941;17309
48;11779;12294;12401;12850;13143;13365;13882;14113;14636;15091;15466;16994;16584;16571;16565;16704;17013;16983
49;11833;11799;12385;12443;12870;13138;13471;13979;14148;14652;15136;15517;17006;16559;16576;16604;16715;17033
50;11627;11816;11869;12439;12445;12850;13195;13551;13987;14183;14662;15172;15557;17007;16537;16627;16604;16737
51;12333;11615;11856;11895;12425;12426;12914;13303;13576;14035;14196;14709;15185;15507;17008;16539;16639;16635
52;12604;12306;11651;11855;11865;12421;12473;12973;13356;13616;14072;14209;14751;15182;15536;17007;16517;16646
53;13615;12600;12305;11668;11849;11858;12438;12556;13033;13380;13593;14088;14220;14746;15191;15479;16997;16537
54;13927;13592;12583;12271;11645;11802;11848;12474;12565;13058;13383;13624;14069;14204;14710;15181;15448;16964
55;14487;13906;13609;12567;12205;11596;11799;11861;12477;12582;13051;13406;13646;14083;14187;14677;15150;15434
56;10070;14440;13878;13557;12532;12166;11590;11815;11840;12468;12590;13051;13413;13646;14042;14175;14657;15118
57;11361;9998;14434;13858;13500;12479;12104;11603;11803;11858;12485;12603;13027;13400;13595;14019;14146;14619
58;11473;11340;9924;14398;13777;13442;12445;12070;11581;11774;11857;12478;12569;13004;13415;13534;13992;14114
59;11551;11422;11282;9871;14319;13717;13420;12402;12046;11539;11727;11865;12444;12533;12941;13357;13481;13964
60;12036;11497;11339;11182;9783;14230;13651;13367;12371;11985;11472;11680;11806;12364;12492;12918;13233;13466
61;13251;11973;11403;11241;11110;9685;14151;13607;13290;12328;11947;11435;11619;11743;12305;12435;12863;13165
62;13224;13167;11890;11288;11168;11049;9623;14098;13572;13246;12253;11922;11389;11611;11708;12215;12348;12798
63;12997;13123;13050;11777;11212;11085;10958;9555;14018;13501;13151;12182;11871;11340;11557;11633;12146;12309
64;11772;12906;13034;12956;11663;11137;10975;10886;9481;13965;13423;13077;12105;11754;11262;11479;11572;12048
65;11179;11684;12766;12932;12834;11587;11025;10928;10831;9381;13889;13331;13007;12022;11684;11167;11380;11508
66;11740;11076;11576;12631;12799;12683;11435;10914;10865;10740;9308;13786;13228;12917;11937;11589;11127;11329
67;11492;11627;10956;11467;12520;12685;12539;11335;10816;10786;10630;9263;13644;13115;12846;11835;11529;11051
68;11152;11366;11487;10849;11366;12392;12548;12416;11222;10691;10685;10564;9161;13551;13003;12726;11738;11432
69;10755;11032;11225;11310;10713;11235;12226;12419;12315;11126;10589;10606;10438;9048;13417;12904;12631;11595
70;11044;10636;10888;11051;11167;10568;11109;12060;12295;12179;11002;10476;10491;10327;8950;13277;12747;12525
71;11253;10893;10465;10726;10873;11014;10420;10974;11878;12120;12018;10877;10355;10373;10204;8827;13128;12592
72;10594;11053;10697;10255;10503;10700;10842;10271;10828;11712;11987;11861;10734;10224;10239;10059;8699;12959
73;10294;10396;10810;10489;10074;10324;10524;10624;10103;10695;11542;11809;11704;10573;10082;10089;9928;8570
74;10312;10081;10148;10576;10266;9872;10138;10320;10451;9938;10497;11360;11632;11541;10399;9912;9926;9795
75;9785;10096;9817;9904;10331;10011;9643;9932;10083;10260;9771;10327;11188;11408;11297;10185;9734;9732
76;9878;9528;9806;9567;9673;10105;9762;9405;9677;9875;10039;9555;10118;10970;11140;11081;9993;9530
77;9314;9580;9235;9511;9285;9403;9844;9451;9166;9433;9644;9809;9354;9911;10694;10890;10847;9776
78;9075;8999;9200;8908;9198;8990;9110;9538;9145;8883;9159;9387;9543;9128;9640;10423;10585;10573
79;8925;8736;8680;8848;8570;8892;8670;8752;9200;8826;8591;8888;9096;9265;8846;9361;10093;10312
80;8376;8531;8329;8334;8458;8204;8574;8337;8382;8875;8494;8283;8562;8800;8917;8559;9044;9734
81;8035;7980;8068;7916;7915;8048;7838;8184;7956;8061;8513;8124;7929;8211;8429;8608;8226;8702
82;4984;7582;7515;7632;7484;7508;7613;7435;7757;7537;7653;8099;7768;7580;7794;8081;8230;7841
83;3548;4642;7039;7072;7132;6978;7066;7135;6990;7313;7106;7233;7707;7358;7156;7433;7631;7799
84;3239;3290;4275;6542;6585;6672;6484;6590;6677;6532;6805;6669;6842;7279;6927;6772;7008;7181
85;3826;2977;3004;3953;5981;6089;6160;6014;6111;6210;6104;6316;6235;6358;6767;6464;6351;6571
86;4514;3453;2691;2770;3621;5461;5579;5684;5497;5611;5730;5602;5842;5792;5830;6251;5988;5915
87;4053;4069;3083;2421;2480;3294;4937;5020;5122;5034;5071;5190;5119;5336;5236;5344;5708;5421
88;3604;3609;3535;2745;2153;2192;2918;4389;4470;4574;4512;4546;4672;4619;4731;4735;4788;5167
89;3093;3107;3101;3067;2375;1877;1927;2537;3873;3952;3987;3994;4039;4159;4061;4236;4188;4292
90;2450;2602;2610;2703;2657;2073;1658;1648;2202;3339;3403;3460;3509;3526;3597;3552;3708;3664
91;2047;2067;2159;2224;2304;2250;1781;1427;1400;1871;2844;2907;2959;3031;2979;3087;3012;3224
92;1465;1687;1700;1792;1845;1905;1884;1482;1179;1161;1587;2350;2469;2513;2500;2483;2552;2544
93;1173;1176;1356;1381;1460;1496;1568;1537;1211;957;936;1316;1889;2044;2046;2063;2052;2097
94;793;934;918;1097;1102;1161;1227;1246;1200;982;783;739;1043;1528;1587;1678;1655;1638
95;571;628;700;720;816;867;883;975;1000;946;771;601;584;815;1164;1244;1288;1315
96;393;416;457;525;509;603;645;658;730;764;731;584;454;438;616;912;925;989
97;269;282;309;340;352;368;430;469;476;539;603;540;439;347;319;451;684;720
98;159;181;201;210;239;254;260;313;327;365;391;435;379;324;243;235;326;485
99;97;99;120;140;142;168;174;187;213;231;257;270;291;262;219;167;182;253
100 e oltre;144;141;149;177;206;215;250;270;275;313;372;389;419;453;422;410;373;345
Totale;915218;919839;927109;935493;940326;945206;955086;966533;973567;979999;985902;993332;998967;1002098;1005022;1009831;1012550;1017551
Età/Anno;2002;2003;2004;2005;2006;2007;2008;2009;2010;2011;2012;2013;2014;2015;2016;2017;2018;2019
Età;Maschi
0;3845;4160;4076;4375;4388;4544;4528;4550;4625;4551;4457;4384;4284;4259;4201;4070;3890;3878
1;3949;3905;4182;4128;4392;4402;4599;4601;4571;4662;4577;4494;4411;4323;4297;4261;4109;3941
2;3731;4028;3939;4197;4171;4404;4433;4616;4604;4572;4673;4626;4525;4443;4338;4334;4270;4168
3;3639;3784;4041;3993;4214;4188;4422;4471;4602;4588;4584;4710;4618;4534;4481;4345;4364;4281
4;3620;3689;3803;4079;4046;4227;4202;4447;4478;4631;4624;4606;4731;4622;4548;4472;4333;4390
5;3418;3659;3724;3826;4117;4099;4290;4231;4457;4478;4663;4638;4654;4748;4646;4559;4478;4318
6;3454;3479;3678;3774;3863;4138;4158;4321;4240;4481;4481;4690;4649;4651;4797;4660;4556;4493
7;3383;3492;3516;3725;3830;3878;4208;4230;4350;4268;4490;4524;4737;4664;4645;4796;4663;4571
8;3444;3438;3527;3564;3776;3884;3943;4248;4276;4362;4292;4516;4534;4764;4677;4637;4806;4682
9;3338;3493;3487;3558;3606;3807;3925;3989;4279;4315;4388;4309;4534;4556;4785;4693;4633;4816
10;3403;3372;3518;3563;3603;3638;3886;3975;4031;4355;4353;4410;4337;4565;4567;4789;4719;4675
11;3354;3427;3419;3552;3596;3622;3699;3950;4006;4074;4384;4385;4420;4348;4591;4589;4813;4752
12;3191;3377;3433;3454;3581;3621;3687;3761;3994;4059;4119;4405;4433;4439;4365;4614;4623;4819
13;3109;3222;3405;3466;3498;3614;3671;3740;3800;4025;4113;4147;4429;4457;4458;4387;4619;4654
14;3056;3147;3238;3432;3494;3507;3659;3715;3812;3866;4058;4145;4168;4452;4483;4484;4404;4650
15;2935;3081;3155;3261;3454;3509;3573;3728;3767;3861;3921;4074;4166;4201;4480;4510;4505;4429
16;3134;2939;3106;3166;3301;3480;3572;3644;3805;3817;3900;3953;4085;4178;4234;4477;4542;4546
17;3176;3156;2941;3139;3220;3335;3523;3618;3699;3863;3876;3930;3999;4118;4209;4317;4623;4581
18;3308;3193;3172;3008;3213;3275;3407;3630;3723;3759;3924;3927;3960;4021;4164;4325;4501;4717
19;3297;3363;3247;3255;3080;3282;3378;3529;3728;3788;3865;3988;3978;4033;4071;4308;4531;4610
20;3466;3362;3444;3364;3318;3125;3403;3542;3642;3813;3871;3968;4057;4044;4134;4166;4465;4623
21;3730;3521;3475;3540;3422;3393;3266;3571;3676;3737;3896;4000;4025;4110;4140;4247;4308;4552
22;4025;3848;3622;3636;3646;3500;3574;3462;3693;3795;3870;4033;4094;4073;4199;4236;4349;4443
23;4472;4152;3986;3804;3771;3751;3686;3812;3586;3822;3934;4032;4145;4203;4183;4285;4382;4508
24;4776;4655;4361;4203;3951;3966;3986;3974;3982;3726;3967;4092;4155;4261;4354;4375;4433;4543
25;5481;4917;4893;4595;4374;4131;4201;4238;4195;4215;3894;4199;4217;4273;4432;4530;4600;4623
26;5983;5714;5213;5213;4778;4579;4407;4515;4450;4384;4446;4154;4405;4360;4465;4658;4729;4835
27;6548;6131;5967;5444;5423;4960;4841;4731;4715;4659;4588;4728;4391;4562;4567;4705;4887;4963
28;6843;6686;6389;6309;5595;5599;5233;5177;4983;4929;4904;4898;4941;4587;4822;4841;4937;5217
29;7191;6965;6939;6659;6530;5797;5881;5523;5462;5178;5163;5225;5156;5098;4799;5084;5105;5185
30;7584;7324;7235;7172;6856;6682;6079;6173;5729;5655;5394;5449;5459;5296;5274;4996;5248;5349
31;7490;7692;7547;7517;7328;6987;6834;6350;6343;5807;5819;5658;5652;5587;5503;5485;5163;5496
32;7729;7635;7955;7683;7619;7498;7186;7091;6503;6411;5954;6074;5825;5737;5761;5705;5609;5354
33;7538;7810;7840;8133;7760;7757;7658;7421;7147;6598;6529;6117;6234;5908;5880;5951;5820;5756
34;7522;7559;8041;7953;8179;7903;7913;7810;7460;7163;6725;6735;6237;6303;6017;5999;5984;5967
35;7996;7526;7754;8145;8029;8294;8006;8031;7858;7433;7280;6880;6864;6307;6413;6112;6062;6171
36;7896;8072;7706;7896;8190;8061;8443;8091;8082;7876;7520;7398;7029;6868;6421;6494;6172;6144
37;8053;7918;8156;7835;7971;8228;8167;8526;8142;8171;7887;7643;7464;7063;6921;6511;6538;6292
38;7568;8103;7959;8222;7894;8015;8322;8241;8523;8170;8185;7962;7703;7480;7098;7053;6509;6610
39;7291;7595;8229;8084;8210;7927;8090;8401;8269;8524;8201;8240;8015;7716;7559;7160;7039;6575
40;7144;7362;7665;8320;8127;8220;8023;8124;8372;8265;8522;8244;8260;8036;7743;7624;7155;7101
41;6802;7180;7410;7724;8330;8125;8230;8108;8137;8343;8266;8556;8273;8238;8058;7803;7629;7206
42;6841;6821;7209;7458;7706;8340;8184;8266;8077;8129;8341;8303;8583;8288;8313;8079;7819;7674
43;6526;6885;6893;7212;7468;7694;8398;8209;8238;8056;8126;8397;8326;8583;8281;8354;8075;7846
44;6571;6550;6912;6926;7190;7479;7719;8402;8213;8222;8041;8165;8422;8334;8600;8292;8359;8136
45;6343;6580;6596;6936;6928;7190;7486;7740;8401;8189;8187;8070;8171;8415;8336;8614;8271;8366
46;6049;6382;6576;6637;6936;6915;7227;7513;7749;8424;8164;8202;8074;8151;8437;8343;8585;8303
47;6058;6064;6407;6602;6645;6918;6930;7237;7501;7748;8394;8171;8199;8105;8161;8424;8343;8619
48;5858;6070;6086;6410;6608;6652;6932;6936;7209;7475;7711;8369;8164;8169;8088;8185;8407;8362
49;5758;5872;6084;6068;6399;6602;6676;6946;6898;7174;7470;7726;8358;8127;8171;8080;8184;8414
50;5682;5764;5881;6079;6056;6377;6588;6674;6921;6857;7147;7467;7720;8353;8116;8201;8074;8190
51;6008;5678;5774;5883;6065;6055;6376;6614;6636;6898;6854;7158;7465;7665;8345;8118;8199;8080
52;6165;6000;5669;5746;5851;6060;6052;6364;6609;6595;6896;6841;7158;7432;7670;8330;8086;8178
53;6538;6161;5995;5661;5731;5854;6063;6070;6363;6588;6560;6899;6835;7146;7410;7625;8310;8092
54;6775;6509;6135;5963;5639;5695;5814;6043;6054;6329;6551;6564;6855;6806;7105;7384;7608;8309
55;7049;6761;6503;6113;5940;5604;5669;5784;6026;6021;6319;6550;6569;6842;6786;7074;7354;7598
56;4880;7020;6725;6468;6076;5913;5583;5649;5747;5982;6011;6291;6542;6562;6804;6734;7049;7331
57;5514;4844;7020;6699;6432;6035;5863;5571;5627;5719;5977;5996;6252;6524;6522;6788;6718;7025
58;5563;5497;4789;7004;6662;6392;6008;5827;5535;5607;5694;5982;5967;6236;6521;6477;6781;6696
59;5466;5532;5460;4758;6954;6628;6370;5968;5796;5486;5575;5692;5932;5948;6190;6476;6445;6760
60;5751;5421;5489;5390;4712;6879;6574;6311;5938;5739;5444;5539;5645;5866;5908;6168;6410;6420
61;6261;5707;5352;5414;5342;4650;6834;6528;6260;5889;5699;5416;5489;5597;5824;5872;6127;6358
62;6315;6217;5650;5280;5364;5307;4604;6808;6500;6224;5831;5660;5363;5468;5575;5761;5817;6064
63;6136;6246;6155;5578;5236;5307;5250;4559;6740;6450;6165;5789;5603;5332;5428;5518;5712;5785
64;5582;6074;6186;6100;5508;5202;5231;5206;4518;6688;6409;6127;5736;5532;5294;5369;5471;5651
65;5298;5522;5978;6113;6016;5451;5135;5188;5159;4435;6635;6353;6090;5692;5478;5227;5302;5429
66;5454;5220;5461;5886;6032;5918;5356;5061;5144;5109;4390;6561;6283;6018;5639;5411;5181;5263
67;5346;5389;5139;5365;5818;5963;5831;5298;5013;5078;5019;4355;6459;6203;5968;5568;5369;5130
68;5143;5250;5292;5061;5305;5722;5884;5758;5228;4929;5001;4960;4292;6392;6133;5886;5497;5289
69;5013;5077;5170;5179;4972;5236;5612;5806;5698;5161;4865;4958;4864;4228;6318;6054;5838;5410
70;4983;4932;4996;5074;5086;4883;5149;5512;5721;5609;5091;4786;4896;4803;4169;6219;5953;5765
71;5044;4886;4823;4911;4961;4995;4782;5064;5397;5606;5508;5013;4727;4841;4743;4088;6114;5855
72;4691;4919;4775;4677;4765;4852;4886;4688;4988;5286;5530;5426;4906;4637;4762;4661;4007;6012
73;4487;4571;4766;4655;4575;4651;4746;4738;4585;4903;5177;5411;5334;4820;4563;4674;4581;3946
74;4517;4353;4419;4616;4522;4452;4539;4619;4625;4495;4783;5061;5301;5231;4714;4471;4576;4498
75;4121;4384;4181;4280;4475;4367;4313;4422;4474;4498;4394;4679;4946;5172;5099;4599;4362;4457
76;4079;3980;4210;4029;4146;4344;4236;4169;4254;4349;4373;4262;4552;4809;5012;4971;4480;4236
77;3750;3907;3809;4030;3866;3991;4181;4054;4026;4104;4214;4230;4142;4416;4637;4874;4813;4350
78;3656;3557;3685;3615;3848;3680;3812;4019;3877;3855;3960;4052;4081;4012;4253;4485;4702;4652
79;3421;3448;3378;3507;3444;3690;3491;3628;3839;3698;3689;3784;3926;3923;3862;4110;4307;4550
80;3139;3204;3222;3188;3295;3248;3518;3300;3432;3652;3503;3510;3610;3759;3737;3707;3939;4107
81;3025;2925;2942;3005;2975;3071;3058;3312;3133;3248;3446;3308;3327;3443;3558;3581;3534;3748
82;1816;2761;2682;2734;2780;2760;2852;2836;3068;2903;3037;3224;3122;3128;3229;3362;3385;3322
83;1278;1638;2486;2482;2502;2550;2551;2617;2608;2824;2706;2814;3036;2955;2897;3037;3121;3177
84;1154;1151;1470;2255;2278;2284;2328;2343;2402;2377;2561;2496;2613;2804;2737;2706;2816;2886
85;1320;1024;1016;1325;2039;2056;2056;2144;2136;2202;2187;2318;2286;2393;2560;2526;2494;2582
86;1499;1159;892;909;1184;1808;1838;1858;1908;1922;1998;1942;2096;2091;2163;2322;2315;2291
87;1305;1322;988;765;781;1045;1586;1610;1637;1709;1680;1744;1738;1880;1835;1915;2067;2065
88;1183;1126;1123;856;655;677;901;1377;1407;1438;1483;1473;1519;1534;1610;1616;1664;1813
89;963;1018;957;948;706;554;589;756;1184;1218;1238;1250;1270;1310;1311;1415;1395;1445
90;724;775;840;830;797;596;472;475;654;982;1022;1042;1064;1065;1092;1109;1199;1186
91;580;601;622;682;691;643;494;395;374;527;809;837;852;873;862;904;914;1015
92;368;456;465;495;553;541;521;377;315;295;425;623;673;697;702;691;704;742
93;274;276;343;350;382;433;437;397;293;250;218;328;477;534;528;561;528;570
94;194;205;205;266;249;299;334;331;302;237;188;164;261;348;412;399;421;407
95;119;154;142;152;175;192;216;260;244;225;182;139;119;198;259;315;284;318
96;73;78;97;95;106;118;133;153;188;159;170;140;95;87;143;199;224;199
97;54;61;50;69;62;73;88;87;104;135;124;112;96;63;64;99;141;168
98;26;33;43;28;50;45;42;62;58;78;94;81;73;61;40;43;73;91
99;16;18;20;31;13;34;29;30;41;35;53;63;59;53;40;28;30;54
100 e oltre;24;20;31;36;40;26;42;38;36;41;44;54;71;73;66;61;49;42
Totale;438738;441186;444657;448850;451336;453948;458661;463913;466904;469110;471920;476073;478937;480513;482860;485807;487688;490811
Età/Anno;2002;2003;2004;2005;2006;2007;2008;2009;2010;2011;2012;2013;2014;2015;2016;2017;2018;2019
Età;Femmine
0;3826;3907;3882;4102;4053;4199;4294;4285;4503;4179;4246;4165;4218;4073;3921;3777;3648;3648
1;3773;3892;3934;3951;4145;4080;4218;4339;4314;4503;4231;4303;4207;4236;4123;3989;3860;3730
2;3664;3802;3890;3961;3971;4139;4108;4241;4369;4291;4504;4260;4299;4193;4235;4166;4014;3908
3;3378;3691;3843;3917;3976;3957;4160;4135;4242;4383;4291;4543;4278;4300;4212;4248;4190;4035
4;3401;3436;3715;3868;3944;3959;3974;4192;4145;4239;4369;4316;4549;4272;4307;4224;4247;4193
5;3364;3417;3452;3762;3887;3930;3977;4002;4185;4178;4248;4416;4337;4581;4276;4324;4233;4246
6;3181;3417;3446;3496;3783;3887;3963;3999;4009;4176;4203;4289;4434;4371;4565;4304;4312;4244
7;3214;3209;3454;3486;3523;3809;3946;4001;4017;4038;4187;4223;4291;4450;4375;4578;4293;4358
8;3078;3243;3236;3489;3521;3538;3859;3992;4044;4018;4048;4212;4234;4310;4472;4400;4566;4308
9;3341;3131;3290;3244;3525;3545;3594;3918;4029;4056;4041;4073;4223;4262;4331;4447;4425;4585
10;3158;3390;3153;3323;3274;3559;3590;3660;3968;4063;4083;4086;4069;4253;4272;4368;4443;4441
11;3169;3185;3434;3194;3369;3301;3593;3658;3704;4008;4118;4113;4122;4098;4270;4280;4386;4475
12;3045;3203;3193;3439;3209;3415;3359;3647;3693;3741;4046;4132;4124;4123;4095;4293;4298;4408
13;3008;3088;3222;3239;3483;3242;3462;3414;3670;3728;3784;4065;4133;4137;4140;4118;4323;4309
14;2795;3059;3101;3240;3254;3493;3290;3524;3434;3707;3775;3803;4103;4153;4151;4174;4146;4340
15;2924;2831;3071;3108;3264;3287;3541;3327;3559;3485;3743;3795;3828;4116;4160;4166;4187;4173
16;2943;2954;2863;3098;3152;3256;3300;3588;3375;3600;3524;3769;3814;3823;4130;4174;4201;4218
17;2964;2957;2974;2885;3131;3180;3295;3355;3622;3416;3640;3554;3778;3814;3834;4140;4195;4222
18;3152;3001;2989;3063;2932;3180;3234;3350;3397;3671;3478;3673;3579;3806;3857;3859;4172;4231
19;3165;3216;3059;3067;3125;2978;3276;3356;3442;3464;3763;3573;3725;3642;3861;3887;3938;4228
20;3237;3259;3325;3181;3145;3214;3147;3441;3513;3569;3568;3870;3657;3835;3715;3980;3992;4011
21;3513;3344;3394;3478;3298;3239;3389;3356;3594;3654;3727;3664;4003;3729;3920;3812;4078;4074
22;3948;3645;3476;3548;3572;3428;3452;3610;3501;3729;3782;3854;3769;4088;3802;4014;3921;4200
23;4352;4070;3866;3680;3712;3725;3691;3740;3816;3723;3898;3922;4025;3906;4195;3939;4154;4056
24;4661;4533;4269;4057;3918;3917;3992;3969;3957;4054;3904;4104;4082;4163;4045;4374;4119;4282
25;5340;4810;4750;4508;4293;4104;4247;4303;4235;4217;4277;4105;4296;4225;4358;4232;4571;4312
26;5851;5532;5103;4989;4786;4530;4382;4598;4598;4526;4478;4528;4357;4497;4416;4600;4462;4862
27;6408;6035;5787;5432;5255;4987;4840;4746;4887;4905;4781;4744;4776;4576;4668;4664;4811;4783
28;6726;6601;6302;6075;5653;5521;5302;5196;5040;5190;5186;5018;5015;4956;4766;4920;4868;5056
29;6893;6915;6897;6594;6267;5911;5794;5673;5465;5307;5418;5438;5291;5225;5149;4975;5140;5109
30;7357;7070;7188;7133;6823;6487;6237;6128;5924;5669;5525;5607;5684;5416;5426;5395;5182;5354
31;7418;7428;7348;7453;7286;7044;6674;6565;6369;6134;5825;5741;5778;5818;5605;5603;5543;5415
32;7501;7497;7716;7548;7649;7478;7242;6927;6688;6537;6322;5993;5952;5889;5921;5777;5716;5662
33;7362;7604;7743;7847;7683;7761;7654;7498;7072;6794;6704;6471;6105;6015;5981;6040;5853;5861
34;7479;7471;7764;7929;7952;7789;7935;7825;7632;7144;6904;6797;6584;6194;6063;6074;6099;5984
35;7548;7572;7668;7892;7974;8029;7925;8087;7937;7767;7243;7028;6899;6674;6251;6157;6149;6179
36;7721;7650;7685;7808;7945;8041;8174;8081;8193;8016;7826;7340;7117;6938;6718;6383;6144;6237
37;7908;7777;7770;7803;7860;7981;8125;8298;8154;8261;8065;7894;7428;7138;6964;6787;6392;6242
38;7234;7978;7863;7891;7859;7927;8077;8257;8358;8212;8313;8151;7963;7504;7193;6992;6815;6455
39;7201;7278;8114;7943;7929;7901;8059;8201;8308;8461;8243;8332;8197;7982;7538;7232;7001;6875
40;7017;7223;7346;8171;8028;7927;8067;8190;8275;8386;8525;8311;8387;8217;8028;7552;7264;7039
41;6796;7029;7297;7432;8218;8041;8050;8180;8227;8370;8382;8561;8363;8382;8231;8088;7612;7297
42;6627;6826;7089;7335;7444;8259;8113;8145;8262;8302;8428;8452;8585;8419;8437;8265;8114;7659
43;6520;6647;6901;7169;7359;7460;8351;8208;8186;8318;8357;8465;8478;8590;8430;8462;8260;8120
44;6387;6550;6738;6987;7217;7373;7523;8442;8247;8257;8363;8409;8486;8524;8634;8432;8441;8282
45;6346;6392;6643;6808;6992;7216;7471;7604;8502;8327;8291;8406;8435;8505;8496;8637;8437;8494
46;6252;6360;6490;6685;6862;7001;7305;7543;7667;8587;8368;8342;8414;8472;8542;8542;8655;8487
47;6207;6271;6422;6547;6710;6903;7071;7377;7561;7749;8599;8410;8364;8446;8490;8561;8598;8690
48;5921;6224;6315;6440;6535;6713;6950;7177;7427;7616;7755;8625;8420;8402;8477;8519;8606;8621
49;6075;5927;6301;6375;6471;6536;6795;7033;7250;7478;7666;7791;8648;8432;8405;8524;8531;8619
50;5945;6052;5988;6360;6389;6473;6607;6877;7066;7326;7515;7705;7837;8654;8421;8426;8530;8547
51;6325;5937;6082;6012;6360;6371;6538;6689;6940;7137;7342;7551;7720;7842;8663;8421;8440;8555
52;6439;6306;5982;6109;6014;6361;6421;6609;6747;7021;7176;7368;7593;7750;7866;8677;8431;8468
53;7077;6439;6310;6007;6118;6004;6375;6486;6670;6792;7033;7189;7385;7600;7781;7854;8687;8445
54;7152;7083;6448;6308;6006;6107;6034;6431;6511;6729;6832;7060;7214;7398;7605;7797;7840;8655
55;7438;7145;7106;6454;6265;5992;6130;6077;6451;6561;6732;6856;7077;7241;7401;7603;7796;7836
56;5190;7420;7153;7089;6456;6253;6007;6166;6093;6486;6579;6760;6871;7084;7238;7441;7608;7787
57;5847;5154;7414;7159;7068;6444;6241;6032;6176;6139;6508;6607;6775;6876;7073;7231;7428;7594
58;5910;5843;5135;7394;7115;7050;6437;6243;6046;6167;6163;6496;6602;6768;6894;7057;7211;7418
59;6085;5890;5822;5113;7365;7089;7050;6434;6250;6053;6152;6173;6512;6585;6751;6881;7036;7204
60;6285;6076;5850;5792;5071;7351;7077;7056;6433;6246;6028;6141;6161;6498;6584;6750;6823;7046
61;6990;6266;6051;5827;5768;5035;7317;7079;7030;6439;6248;6019;6130;6146;6481;6563;6736;6807
62;6909;6950;6240;6008;5804;5742;5019;7290;7072;7022;6422;6262;6026;6143;6133;6454;6531;6734
63;6861;6877;6895;6199;5976;5778;5708;4996;7278;7051;6986;6393;6268;6008;6129;6115;6434;6524
64;6190;6832;6848;6856;6155;5935;5744;5680;4963;7277;7014;6950;6369;6222;5968;6110;6101;6397
65;5881;6162;6788;6819;6818;6136;5890;5740;5672;4946;7254;6978;6917;6330;6206;5940;6078;6079
66;6286;5856;6115;6745;6767;6765;6079;5853;5721;5631;4918;7225;6945;6899;6298;6178;5946;6066
67;6146;6238;5817;6102;6702;6722;6708;6037;5803;5708;5611;4908;7185;6912;6878;6267;6160;5921
68;6009;6116;6195;5788;6061;6670;6664;6658;5994;5762;5684;5604;4869;7159;6870;6840;6241;6143
69;5742;5955;6055;6131;5741;5999;6614;6613;6617;5965;5724;5648;5574;4820;7099;6850;6793;6185
70;6061;5704;5892;5977;6081;5685;5960;6548;6574;6570;5911;5690;5595;5524;4781;7058;6794;6760
71;6209;6007;5642;5815;5912;6019;5638;5910;6481;6514;6510;5864;5628;5532;5461;4739;7014;6737
72;5903;6134;5922;5578;5738;5848;5956;5583;5840;6426;6457;6435;5828;5587;5477;5398;4692;6947
73;5807;5825;6044;5834;5499;5673;5778;5886;5518;5792;6365;6398;6370;5753;5519;5415;5347;4624
74;5795;5728;5729;5960;5744;5420;5599;5701;5826;5443;5714;6299;6331;6310;5685;5441;5350;5297
75;5664;5712;5636;5624;5856;5644;5330;5510;5609;5762;5377;5648;6242;6236;6198;5586;5372;5275
76;5799;5548;5596;5538;5527;5761;5526;5236;5423;5526;5666;5293;5566;6161;6128;6110;5513;5294
77;5564;5673;5426;5481;5419;5412;5663;5397;5140;5329;5430;5579;5212;5495;6057;6016;6034;5426
78;5419;5442;5515;5293;5350;5310;5298;5519;5268;5028;5199;5335;5462;5116;5387;5938;5883;5921
79;5504;5288;5302;5341;5126;5202;5179;5124;5361;5128;4902;5104;5170;5342;4984;5251;5786;5762
80;5237;5327;5107;5146;5163;4956;5056;5037;4950;5223;4991;4773;4952;5041;5180;4852;5105;5627
81;5010;5055;5126;4911;4940;4977;4780;4872;4823;4813;5067;4816;4602;4768;4871;5027;4692;4954
82;3168;4821;4833;4898;4704;4748;4761;4599;4689;4634;4616;4875;4646;4452;4565;4719;4845;4519
83;2270;3004;4553;4590;4630;4428;4515;4518;4382;4489;4400;4419;4671;4403;4259;4396;4510;4622
84;2085;2139;2805;4287;4307;4388;4156;4247;4275;4155;4244;4173;4229;4475;4190;4066;4192;4295
85;2506;1953;1988;2628;3942;4033;4104;3870;3975;4008;3917;3998;3949;3965;4207;3938;3857;3989
86;3015;2294;1799;1861;2437;3653;3741;3826;3589;3689;3732;3660;3746;3701;3667;3929;3673;3624
87;2748;2747;2095;1656;1699;2249;3351;3410;3485;3325;3391;3446;3381;3456;3401;3429;3641;3356
88;2421;2483;2412;1889;1498;1515;2017;3012;3063;3136;3029;3073;3153;3085;3121;3119;3124;3354
89;2130;2089;2144;2119;1669;1323;1338;1781;2689;2734;2749;2744;2769;2849;2750;2821;2793;2847
90;1726;1827;1770;1873;1860;1477;1186;1173;1548;2357;2381;2418;2445;2461;2505;2443;2509;2478
91;1467;1466;1537;1542;1613;1607;1287;1032;1026;1344;2035;2070;2107;2158;2117;2183;2098;2209
92;1097;1231;1235;1297;1292;1364;1363;1105;864;866;1162;1727;1796;1816;1798;1792;1848;1802
93;899;900;1013;1031;1078;1063;1131;1140;918;707;718;988;1412;1510;1518;1502;1524;1527
94;599;729;713;831;853;862;893;915;898;745;595;575;782;1180;1175;1279;1234;1231
95;452;474;558;568;641;675;667;715;756;721;589;462;465;617;905;929;1004;997
96;320;338;360;430;403;485;512;505;542;605;561;444;359;351;473;713;701;790
97;215;221;259;271;290;295;342;382;372;404;479;428;343;284;255;352;543;552
98;133;148;158;182;189;209;218;251;269;287;297;354;306;263;203;192;253;394
99;81;81;100;109;129;134;145;157;172;196;204;207;232;209;179;139;152;199
100 e oltre;120;121;118;141;166;189;208;232;239;272;328;335;348;380;356;349;324;303
Totale;476480;478653;482452;486643;488990;491258;496425;502620;506663;510889;513982;517259;520030;521585;522162;524024;524862;526740

"Ricostruzione della popolazione intercensuaria - Popolazione al 1° gennaio per età"
"Cittadinanza italiana - Provincia: Bologna"
Età/Anno;2002;2003;2004;2005;2006;2007;2008;2009;2010;2011;2012;2013;2014;2015;2016;2017;2018;2019
Età;Totale
0;6909;7270;7066;7284;7234;7451;7428;7329;7299;6934;6917;6630;6544;6439;6205;6059;5762;5854
1;7028;7016;7302;7126;7352;7294;7511;7521;7357;7335;7016;6954;6689;6613;6587;6404;6256;5921
2;6759;7105;7011;7313;7190;7374;7291;7528;7517;7336;7351;7040;6973;6741;6711;6750;6550;6390
3;6449;6819;7132;7036;7319;7181;7385;7302;7507;7491;7343;7373;7053;7042;6875;6868;6859;6622
4;6485;6523;6857;7171;7082;7314;7174;7389;7282;7509;7496;7366;7415;7115;7170;7025;6941;6921
5;6338;6523;6554;6888;7193;7100;7327;7169;7392;7296;7533;7524;7427;7517;7247;7308;7143;6982
6;6203;6417;6541;6618;6909;7219;7128;7326;7157;7405;7302;7561;7581;7528;7647;7420;7412;7192
7;6175;6249;6464;6591;6662;6929;7261;7175;7335;7192;7402;7341;7639;7685;7622;7795;7498;7483
8;6131;6234;6288;6500;6648;6715;6956;7294;7216;7337;7208;7440;7415;7753;7788;7729;7923;7574
9;6312;6206;6300;6294;6524;6674;6723;6986;7322;7228;7347;7237;7512;7529;7871;7896;7829;7995
10;6223;6363;6225;6344;6315;6558;6730;6757;6999;7365;7247;7389;7298;7627;7630;7986;7999;7908
11;6205;6259;6414;6254;6378;6339;6580;6780;6784;7035;7381;7304;7466;7405;7748;7750;8068;8059
12;5914;6228;6259;6429;6276;6419;6374;6619;6802;6794;7049;7404;7389;7534;7498;7870;7837;8091
13;5819;5965;6244;6290;6458;6307;6437;6397;6640;6820;6809;7080;7444;7465;7618;7594;7935;7862
14;5506;5869;5979;6240;6285;6462;6344;6460;6402;6673;6834;6828;7134;7496;7551;7722;7643;7979
15;5554;5546;5877;5987;6226;6295;6483;6358;6491;6429;6690;6845;6858;7201;7577;7636;7761;7652
16;5776;5579;5573;5882;5996;6221;6301;6502;6385;6514;6439;6698;6879;6901;7277;7641;7672;7800
17;5810;5792;5567;5576;5900;6016;6232;6315;6513;6417;6524;6455;6725;6930;6967;7365;7714;7695
18;6151;5845;5802;5621;5605;5945;6030;6275;6382;6570;6475;6573;6550;6851;7060;7091;7536;7886
19;6115;6239;5893;5899;5695;5661;6002;6088;6323;6410;6615;6550;6636;6649;6929;7154;7231;7664
20;6292;6214;6342;6036;5988;5781;5771;6094;6167;6389;6467;6679;6593;6724;6732;7024;7283;7287
21;6761;6388;6328;6491;6172;6088;5862;5871;6187;6219;6475;6535;6725;6637;6785;6830;7140;7377
22;7382;6936;6449;6474;6616;6319;6182;5976;5937;6239;6299;6546;6605;6791;6706;6913;6951;7285
23;8230;7516;7046;6609;6619;6786;6458;6349;6094;6025;6355;6403;6663;6706;6893;6849;7089;7096
24;8739;8456;7644;7216;6806;6862;6957;6613;6489;6185;6160;6480;6506;6779;6830;7097;7070;7263
25;10034;8920;8600;7873;7432;7036;7078;7132;6815;6674;6388;6342;6590;6668;6966;7042;7367;7304
26;11022;10287;9099;8847;8140;7698;7244;7333;7385;7045;6952;6644;6573;6796;6861;7289;7362;7779
27;12068;11227;10393;9321;9075;8408;7930;7531;7605;7615;7309;7276;6897;6824;7045;7188;7641;7821
28;12613;12254;11354;10671;9475;9407;8598;8220;7812;7901;7918;7636;7549;7159;7135;7437;7539;8092
29;13127;12814;12404;11627;10881;9800;9605;8852;8513;8059;8198;8275;7962;7801;7450;7489;7846;7939
30;14019;13309;12940;12590;11804;11128;10043;9826;9132;8711;8364;8492;8577;8133;8052;7784;7824;8199
31;13874;14105;13472;13197;12719;12079;11213;10342;10063;9305;8950;8686;8734;8786;8410;8386;8061;8216
32;14260;14012;14330;13578;13371;12984;12232;11436;10508;10227;9563;9233;8944;8926;8960;8724;8666;8304
33;13842;14402;14215;14440;13680;13592;13086;12473;11607;10694;10472;9746;9416;9088;9096;9209;8937;8906
34;14043;13946;14547;14320;14530;13908;13755;13246;12624;11688;10930;10668;9888;9576;9220;9279;9399;9151
35;14614;14133;14123;14608;14401;14696;14001;13896;13381;12670;11888;11140;10805;10015;9717;9424;9483;9619
36;14625;14741;14251;14202;14665;14474;14802;14112;14015;13457;12844;12044;11301;10875;10169;9921;9528;9624
37;15064;14684;14767;14315;14261;14717;14469;14849;14179;14128;13528;12980;12145;11373;10966;10369;10082;9722
38;13970;15164;14659;14756;14350;14297;14716;14491;14840;14210;14183;13633;13081;12256;11499;11158;10492;10196
39;13733;14010;15230;14695;14730;14372;14260;14749;14530;14887;14262;14235;13743;13161;12396;11633;11288;10614
40;13474;13809;13977;15237;14770;14724;14419;14264;14738;14538;14913;14306;14311;13866;13294;12557;11774;11384
41;12906;13501;13803;13985;15258;14775;14736;14492;14278;14732;14526;14962;14364;14368;13982;13475;12719;11844
42;12874;12938;13452;13802;13978;15293;14799;14779;14510;14351;14766;14600;15001;14457;14502;14113;13581;12809
43;12508;12948;12969;13454;13813;13978;15365;14837;14818;14537;14430;14818;14689;15060;14536;14653;14217;13632
44;12466;12560;12967;12991;13459;13845;13962;15386;14870;14835;14560;14494;14889;14789;15168;14617;14739;14293
45;12190;12488;12583;12972;12995;13459;13838;13967;15412;14902;14833;14624;14528;14945;14845;15265;14668;14799
46;11892;12240;12478;12603;12996;13001;13452;13846;13997;15467;14897;14883;14657;14626;15043;14967;15334;14745
47;11878;11929;12244;12488;12605;12997;12977;13428;13828;14029;15466;14934;14903;14736;14713;15099;15057;15394
48;11439;11902;11921;12221;12452;12610;12965;12969;13397;13809;14009;15447;14944;14934;14796;14802;15178;15076
49;11488;11451;11898;11905;12218;12449;12599;12945;12940;13395;13807;14035;15455;14995;15006;14849;14860;15224
50;11359;11483;11446;11900;11887;12185;12413;12569;12915;12922;13372;13833;14049;15477;15024;15089;14924;14888
51;12079;11355;11472;11422;11872;11849;12171;12433;12548;12865;12907;13380;13830;14053;15513;15077;15154;14952
52;12369;12052;11326;11417;11378;11845;11824;12124;12412;12516;12869;12897;13396;13839;14117;15556;15109;15160
53;13408;12373;12014;11299;11383;11349;11813;11817;12124;12395;12475;12881;12884;13410;13876;14104;15596;15131
54;13767;13396;12323;11943;11265;11328;11306;11792;11787;12107;12374;12479;12848;12887;13379;13891;14117;15584
55;14347;13749;13386;12262;11878;11221;11279;11263;11759;11743;12092;12355;12482;12863;12883;13377;13872;14111
56;9967;14306;13696;13308;12220;11828;11184;11242;11225;11721;11726;12067;12351;12495;12848;12876;13385;13844
57;11255;9896;14269;13652;13238;12157;11748;11139;11191;11193;11706;11724;12019;12346;12473;12844;12868;13341
58;11384;11225;9809;14212;13572;13174;12093;11681;11098;11147;11175;11685;11678;12011;12364;12440;12860;12847
59;11455;11338;11156;9752;14131;13508;13134;12022;11625;11014;11092;11165;11641;11647;11969;12318;12422;12837
60;11958;11397;11245;11059;9666;14046;13425;13050;11972;11537;10963;11044;11106;11564;11614;11956;12258;12412
61;13127;11891;11300;11138;10984;9567;13958;13361;12951;11907;11482;10901;10979;11051;11510;11581;11933;12194
62;13136;13047;11803;11181;11066;10912;9498;13901;13311;12893;11831;11433;10837;10960;11025;11431;11531;11880
63;12907;13034;12927;11686;11102;10988;10816;9419;13810;13232;12803;11756;11368;10791;10911;10966;11366;11496
64;11716;12823;12937;12835;11578;11029;10877;10740;9334;13746;13158;12721;11665;11273;10736;10852;10930;11275
65;11121;11622;12681;12837;12714;11494;10912;10810;10671;9211;13659;13056;12654;11574;11193;10651;10764;10863
66;11688;11016;11504;12541;12702;12560;11344;10792;10728;10572;9118;13543;12933;12554;11489;11092;10595;10706
67;11427;11566;10889;11385;12436;12579;12417;11232;10677;10647;10454;9061;13405;12821;12481;11391;11025;10513
68;11097;11305;11420;10770;11286;12307;12439;12296;11102;10538;10542;10375;8967;13298;12707;12360;11304;10935
69;10714;10981;11162;11246;10635;11160;12141;12305;12184;10998;10425;10448;10250;8855;13169;12611;12266;11173
70;11009;10594;10842;10989;11104;10488;11033;11973;12175;12037;10871;10310;10325;10140;8758;13038;12467;12169
71;11212;10856;10418;10681;10809;10956;10338;10890;11775;12001;11870;10739;10190;10211;10020;8653;12899;12316
72;10566;11006;10656;10211;10460;10633;10786;10180;10732;11610;11860;11706;10586;10059;10073;9883;8524;12728
73;10255;10365;10759;10448;10030;10279;10455;10553;10010;10598;11433;11678;11546;10421;9910;9923;9759;8397
74;10274;10043;10113;10525;10225;9826;10095;10245;10370;9847;10394;11248;11500;11379;10250;9744;9768;9643
75;9762;10058;9780;9871;10279;9977;9600;9890;10008;10175;9674;10221;11068;11272;11144;10045;9567;9580
76;9838;9499;9768;9532;9638;10056;9727;9357;9630;9801;9953;9456;10009;10852;11008;10928;9854;9365
77;9297;9541;9209;9474;9250;9370;9795;9416;9122;9387;9572;9719;9249;9804;10579;10768;10695;9640
78;9061;8979;9161;8884;9162;8958;9084;9484;9111;8837;9114;9313;9452;9027;9539;10315;10472;10425
79;8902;8722;8661;8811;8550;8855;8638;8726;9145;8790;8541;8836;9022;9178;8750;9268;9988;10203
80;8361;8508;8314;8318;8427;8188;8536;8307;8362;8824;8458;8233;8510;8728;8832;8466;8956;9637
81;8019;7965;8047;7901;7901;8020;7824;8149;7922;8037;8456;8089;7875;8159;8355;8526;8139;8621
82;4970;7566;7497;7609;7471;7499;7584;7418;7725;7508;7629;8041;7732;7530;7742;8013;8161;7757
83;3535;4630;7025;7057;7111;6966;7059;7108;6973;7283;7076;7208;7656;7327;7110;7384;7570;7731
84;3229;3276;4261;6526;6571;6651;6472;6585;6650;6516;6774;6639;6819;7229;6900;6726;6968;7122
85;3822;2970;2991;3944;5967;6075;6139;6003;6108;6186;6090;6285;6203;6338;6716;6441;6304;6532
86;4509;3451;2684;2760;3613;5447;5568;5666;5489;5607;5705;5590;5816;5762;5809;6206;5965;5873
87;4047;4066;3081;2418;2470;3288;4925;5012;5109;5029;5066;5167;5105;5316;5207;5325;5667;5399
88;3600;3606;3532;2743;2151;2183;2913;4380;4462;4566;4509;4542;4651;4608;4708;4710;4771;5131
89;3086;3104;3098;3062;2373;1875;1918;2533;3865;3943;3979;3992;4036;4139;4051;4215;4164;4276
90;2446;2596;2608;2698;2653;2072;1656;1640;2197;3332;3395;3451;3507;3523;3577;3545;3690;3641
91;2045;2065;2152;2222;2299;2248;1780;1426;1396;1867;2840;2901;2952;3029;2977;3069;3006;3207
92;1464;1686;1698;1785;1843;1902;1883;1481;1178;1159;1582;2345;2466;2508;2498;2480;2539;2538
93;1171;1174;1355;1381;1454;1494;1564;1535;1210;956;933;1310;1884;2041;2041;2061;2047;2084
94;793;933;916;1097;1102;1154;1225;1243;1200;981;782;737;1036;1524;1584;1672;1653;1635
95;571;628;699;718;816;867;877;973;998;946;770;601;582;810;1159;1241;1283;1314
96;392;416;457;524;509;603;645;656;729;762;731;583;454;437;613;907;922;986
97;269;281;309;340;351;368;430;469;474;538;601;540;439;347;318;449;680;719
98;159;181;200;210;239;254;260;313;327;363;390;433;379;324;243;234;325;481
99;97;99;120;139;142;168;174;187;213;231;255;269;290;262;219;167;181;252
100 e oltre;143;141;148;176;205;215;250;270;275;313;372;389;417;450;419;408;372;345
Totale;882474;884191;883157;883766;883674;885058;885096;885930;886140;885947;886588;887743;888763;890374;891741;895778;898379;900413
Età/Anno;2002;2003;2004;2005;2006;2007;2008;2009;2010;2011;2012;2013;2014;2015;2016;2017;2018;2019
Età;Maschi
0;3469;3747;3602;3773;3762;3895;3799;3775;3674;3641;3560;3395;3303;3317;3206;3154;2970;3015
1;3596;3521;3757;3629;3793;3786;3946;3850;3785;3691;3680;3567;3417;3346;3391;3311;3237;3041
2;3410;3650;3536;3753;3669;3808;3796;3960;3844;3776;3701;3693;3586;3457;3404;3482;3395;3299
3;3337;3452;3651;3555;3762;3669;3810;3797;3950;3826;3789;3707;3688;3631;3536;3472;3539;3434
4;3330;3373;3479;3667;3593;3771;3657;3814;3778;3950;3840;3802;3731;3711;3699;3614;3515;3573
5;3199;3362;3397;3482;3678;3620;3788;3660;3817;3766;3964;3850;3844;3784;3786;3770;3670;3534
6;3233;3243;3365;3433;3503;3696;3645;3779;3657;3846;3769;3979;3871;3886;3875;3869;3830;3701
7;3151;3256;3270;3387;3465;3512;3726;3678;3776;3670;3848;3797;4021;3925;3931;3955;3912;3851
8;3239;3189;3276;3288;3425;3505;3533;3746;3712;3788;3689;3865;3833;4079;3977;3968;4027;3951
9;3144;3275;3226;3289;3310;3445;3496;3545;3759;3728;3802;3709;3896;3887;4130;4036;4015;4064
10;3225;3163;3281;3266;3305;3328;3476;3513;3554;3802;3735;3818;3749;3957;3935;4175;4100;4071
11;3206;3245;3191;3299;3284;3315;3343;3498;3529;3574;3802;3769;3847;3790;4022;3994;4223;4133
12;3029;3214;3247;3205;3314;3301;3330;3367;3525;3543;3583;3807;3825;3888;3847;4081;4039;4232
13;2961;3051;3221;3259;3219;3328;3308;3343;3384;3531;3550;3604;3833;3864;3925;3894;4102;4051
14;2856;2985;3057;3219;3261;3212;3345;3317;3355;3416;3536;3561;3614;3865;3915;3971;3917;4130
15;2784;2873;2988;3064;3207;3263;3232;3360;3333;3363;3432;3545;3576;3642;3911;3960;3989;3924
16;2969;2786;2880;2994;3062;3219;3276;3253;3382;3341;3367;3433;3561;3603;3681;3940;3969;4007
17;2990;2978;2775;2884;3003;3071;3230;3278;3260;3399;3347;3377;3456;3599;3640;3724;3983;3973
18;3159;2995;2978;2797;2908;3026;3080;3255;3322;3302;3437;3384;3430;3512;3652;3698;3803;4081
19;3129;3191;3018;3023;2835;2944;3055;3115;3289;3342;3323;3472;3416;3484;3541;3710;3776;3873
20;3254;3173;3231;3093;3086;2858;2993;3108;3151;3314;3375;3358;3487;3452;3529;3568;3775;3804
21;3517;3297;3226;3283;3155;3144;2899;3043;3169;3176;3344;3419;3373;3512;3490;3578;3624;3836
22;3797;3610;3331;3314;3361;3237;3196;2966;3091;3202;3237;3390;3467;3403;3557;3559;3638;3693
23;4230;3874;3640;3413;3396;3438;3307;3275;3016;3134;3273;3310;3441;3524;3446;3616;3654;3718
24;4486;4357;3945;3744;3490;3524;3532;3384;3368;3061;3206;3339;3361;3506;3589;3566;3730;3755
25;5174;4580;4427;4048;3829;3615;3628;3604;3479;3463;3158;3302;3382;3441;3591;3688;3710;3838
26;5631;5333;4689;4548;4148;3957;3731;3745;3720;3596;3601;3292;3408;3491;3539;3741;3861;3899
27;6209;5736;5391;4753;4659;4279;4081;3868;3869;3814;3730;3777;3418;3536;3622;3712;3928;4051
28;6446;6295;5788;5533;4817;4807;4378;4241;3982;3982;3965;3913;3883;3574;3701;3807;3900;4174
29;6807;6525;6374;5935;5639;4970;4906;4467;4391;4072;4117;4160;4065;4002;3726;3894;4031;4097
30;7160;6873;6576;6462;6019;5748;5095;4996;4594;4482;4234;4272;4292;4162;4123;3863;4043;4214
31;7021;7217;6928;6702;6510;6124;5767;5210;5077;4642;4590;4390;4399;4403;4292;4284;4004;4248
32;7247;7105;7308;6950;6757;6616;6199;5851;5295;5123;4744;4734;4499;4485;4531;4448;4423;4132
33;6990;7287;7183;7363;6964;6855;6653;6275;5881;5359;5205;4821;4815;4578;4581;4662;4560;4521
34;7018;7006;7378;7200;7380;7089;6916;6705;6325;5909;5453;5324;4891;4888;4644;4674;4754;4652
35;7467;7021;7092;7391;7246;7473;7114;6964;6743;6279;5987;5556;5383;4941;4951;4756;4761;4892
36;7315;7511;7105;7123;7400;7259;7529;7133;7009;6778;6352;6062;5642;5411;5040;5029;4824;4820
37;7534;7317;7509;7141;7155;7411;7265;7523;7161;7066;6777;6428;6104;5689;5447;5133;5128;4912
38;7084;7566;7283;7469;7148;7148;7405;7240;7503;7188;7091;6811;6471;6134;5741;5579;5181;5184
39;6855;7081;7594;7308;7434;7138;7110;7419;7265;7509;7220;7128;6871;6503;6202;5814;5643;5228
40;6754;6903;7061;7603;7326;7431;7140;7076;7401;7274;7529;7217;7162;6931;6567;6322;5876;5691
41;6429;6768;6894;7058;7599;7325;7393;7183;7096;7397;7286;7547;7232;7183;6988;6674;6413;5909
42;6522;6436;6751;6892;7052;7611;7347;7416;7185;7145;7404;7314;7568;7273;7263;7056;6734;6458
43;6223;6575;6463;6738;6895;7053;7655;7361;7433;7220;7206;7452;7371;7612;7301;7347;7127;6761
44;6299;6241;6578;6453;6726;6924;7048;7661;7390;7432;7239;7240;7511;7419;7656;7344;7416;7185
45;6073;6310;6255;6575;6471;6736;6906;7052;7695;7417;7427;7281;7256;7554;7453;7724;7355;7428
46;5817;6110;6291;6277;6578;6466;6730;6913;7082;7724;7414;7442;7312;7288;7604;7518;7746;7386
47;5846;5832;6119;6294;6278;6559;6447;6726;6917;7103;7731;7429;7458;7360;7333;7629;7555;7780
48;5678;5854;5831;6117;6291;6291;6542;6438;6711;6909;7094;7712;7434;7468;7372;7375;7669;7566
49;5574;5679;5853;5813;6108;6290;6274;6535;6415;6702;6910;7112;7726;7463;7531;7392;7410;7692
50;5537;5587;5672;5842;5802;6085;6258;6250;6506;6390;6678;6925;7110;7753;7487;7582;7434;7411
51;5884;5532;5587;5662;5824;5797;6070;6263;6219;6473;6380;6680;6937;7105;7776;7516;7611;7441
52;6039;5878;5513;5551;5632;5809;5783;6042;6254;6187;6473;6376;6688;6931;7130;7793;7521;7594
53;6439;6038;5873;5493;5526;5625;5797;5784;6043;6252;6156;6474;6379;6701;6937;7120;7807;7533
54;6692;6414;6008;5832;5474;5489;5597;5786;5774;6018;6227;6158;6445;6385;6675;6932;7133;7800
55;6990;6688;6408;5982;5812;5450;5459;5567;5772;5743;6009;6221;6175;6452;6375;6657;6915;7127
56;4846;6957;6644;6371;5947;5783;5424;5441;5533;5739;5736;5980;6222;6185;6441;6349;6648;6900
57;5466;4807;6953;6612;6337;5905;5729;5404;5425;5508;5729;5735;5943;6218;6160;6437;6336;6633
58;5531;5440;4746;6929;6578;6296;5867;5688;5375;5404;5487;5733;5708;5943;6229;6138;6455;6318
59;5423;5501;5400;4715;6877;6545;6270;5827;5655;5326;5379;5485;5697;5693;5916;6196;6130;6436
60;5713;5379;5449;5335;4669;6806;6487;6210;5798;5597;5293;5342;5444;5630;5667;5914;6157;6123
61;6213;5664;5309;5372;5289;4610;6756;6440;6157;5757;5557;5267;5298;5414;5592;5641;5892;6109
62;6284;6170;5606;5236;5325;5255;4562;6732;6409;6124;5700;5513;5217;5282;5394;5541;5606;5836
63;6100;6214;6107;5536;5189;5268;5195;4514;6667;6360;6062;5656;5459;5188;5250;5345;5498;5580
64;5557;6043;6153;6052;5471;5158;5195;5146;4468;6614;6322;6024;5599;5397;5157;5203;5306;5440
65;5280;5496;5948;6084;5968;5412;5088;5145;5095;4382;6553;6264;5991;5555;5342;5096;5146;5265
66;5429;5203;5428;5853;5999;5873;5320;5013;5096;5042;4331;6475;6190;5914;5502;5285;5048;5110
67;5320;5365;5119;5332;5785;5921;5788;5258;4963;5031;4954;4292;6377;6111;5861;5433;5246;5001
68;5122;5225;5265;5038;5273;5689;5840;5722;5181;4882;4951;4890;4231;6305;6039;5777;5367;5172
69;4991;5059;5144;5157;4946;5206;5578;5765;5661;5114;4816;4901;4800;4167;6234;5960;5731;5282
70;4977;4910;4979;5050;5063;4855;5122;5478;5681;5567;5043;4738;4836;4736;4108;6137;5869;5662
71;5028;4877;4801;4894;4939;4973;4754;5032;5355;5566;5463;4962;4679;4785;4677;4033;6035;5774
72;4680;4902;4764;4657;4750;4831;4864;4655;4953;5243;5485;5374;4854;4592;4705;4599;3952;5938
73;4473;4560;4748;4643;4556;4636;4721;4714;4553;4872;5129;5365;5283;4768;4512;4617;4521;3891
74;4511;4339;4407;4599;4510;4433;4524;4588;4598;4463;4753;5011;5254;5178;4661;4420;4519;4443
75;4118;4376;4167;4268;4457;4357;4295;4404;4442;4469;4361;4645;4895;5121;5045;4549;4307;4402
76;4071;3973;4202;4016;4133;4325;4227;4148;4236;4314;4342;4228;4518;4757;4967;4920;4434;4178
77;3746;3898;3804;4021;3854;3978;4162;4045;4005;4086;4183;4197;4109;4383;4587;4834;4768;4302
78;3652;3552;3676;3609;3839;3671;3802;3999;3866;3834;3941;4022;4046;3982;4222;4438;4665;4611
79;3414;3445;3372;3497;3440;3679;3482;3618;3820;3685;3667;3763;3898;3888;3832;4082;4262;4514
80;3135;3198;3220;3183;3288;3244;3507;3295;3424;3635;3490;3486;3588;3732;3703;3677;3911;4067
81;3019;2920;2937;3003;2970;3065;3054;3303;3124;3240;3427;3296;3301;3421;3529;3548;3507;3722
82;1809;2757;2677;2726;2779;2756;2844;2829;3059;2895;3029;3206;3110;3104;3207;3336;3358;3297
83;1274;1632;2484;2478;2496;2548;2547;2609;2604;2816;2698;2806;3018;2944;2873;3016;3098;3151
84;1149;1145;1464;2253;2275;2278;2326;2339;2394;2372;2553;2488;2604;2786;2728;2680;2800;2867
85;1317;1020;1011;1321;2036;2053;2050;2142;2133;2195;2183;2310;2277;2385;2542;2519;2469;2569
86;1499;1158;889;906;1181;1805;1836;1852;1906;1919;1991;1939;2088;2083;2155;2308;2307;2271
87;1305;1322;988;764;778;1044;1585;1609;1631;1707;1677;1739;1735;1875;1827;1907;2057;2058
88;1180;1126;1123;856;655;674;900;1376;1406;1434;1482;1471;1515;1531;1603;1610;1656;1803
89;961;1016;957;948;706;554;587;755;1183;1215;1234;1250;1268;1307;1308;1410;1390;1440
90;724;772;839;829;797;596;472;474;652;981;1019;1038;1064;1064;1089;1108;1195;1181
91;580;601;618;681;690;643;494;395;373;525;809;834;849;873;861;901;913;1012
92;368;456;465;490;552;540;521;377;315;294;423;623;672;696;702;690;702;741
93;274;276;343;350;377;432;436;397;293;250;217;326;477;533;527;561;527;566
94;194;205;205;266;249;294;333;330;302;237;188;163;258;348;411;397;421;406
95;119;154;142;152;175;192;212;259;244;225;182;139;118;196;259;314;282;318
96;73;78;97;95;106;118;133;151;187;159;170;140;95;87;141;199;223;198
97;54;61;50;69;62;73;88;87;102;134;124;112;96;63;64;97;141;167
98;26;33;43;28;50;45;42;62;58;76;93;81;73;61;40;43;72;91
99;16;18;20;31;13;34;29;30;41;35;51;62;59;53;40;28;30;53
100 e oltre;23;20;30;35;40;26;42;38;36;41;44;54;70;72;65;60;49;42
Totale;422498;423481;423143;423561;423814;424824;425111;425668;426126;426194;426897;427925;428796;430146;431568;434083;435911;437308
Età/Anno;2002;2003;2004;2005;2006;2007;2008;2009;2010;2011;2012;2013;2014;2015;2016;2017;2018;2019
Età;Femmine
0;3440;3523;3464;3511;3472;3556;3629;3554;3625;3293;3357;3235;3241;3122;2999;2905;2792;2839
1;3432;3495;3545;3497;3559;3508;3565;3671;3572;3644;3336;3387;3272;3267;3196;3093;3019;2880
2;3349;3455;3475;3560;3521;3566;3495;3568;3673;3560;3650;3347;3387;3284;3307;3268;3155;3091
3;3112;3367;3481;3481;3557;3512;3575;3505;3557;3665;3554;3666;3365;3411;3339;3396;3320;3188
4;3155;3150;3378;3504;3489;3543;3517;3575;3504;3559;3656;3564;3684;3404;3471;3411;3426;3348
5;3139;3161;3157;3406;3515;3480;3539;3509;3575;3530;3569;3674;3583;3733;3461;3538;3473;3448
6;2970;3174;3176;3185;3406;3523;3483;3547;3500;3559;3533;3582;3710;3642;3772;3551;3582;3491
7;3024;2993;3194;3204;3197;3417;3535;3497;3559;3522;3554;3544;3618;3760;3691;3840;3586;3632
8;2892;3045;3012;3212;3223;3210;3423;3548;3504;3549;3519;3575;3582;3674;3811;3761;3896;3623
9;3168;2931;3074;3005;3214;3229;3227;3441;3563;3500;3545;3528;3616;3642;3741;3860;3814;3931
10;2998;3200;2944;3078;3010;3230;3254;3244;3445;3563;3512;3571;3549;3670;3695;3811;3899;3837
11;2999;3014;3223;2955;3094;3024;3237;3282;3255;3461;3579;3535;3619;3615;3726;3756;3845;3926
12;2885;3014;3012;3224;2962;3118;3044;3252;3277;3251;3466;3597;3564;3646;3651;3789;3798;3859
13;2858;2914;3023;3031;3239;2979;3129;3054;3256;3289;3259;3476;3611;3601;3693;3700;3833;3811
14;2650;2884;2922;3021;3024;3250;2999;3143;3047;3257;3298;3267;3520;3631;3636;3751;3726;3849
15;2770;2673;2889;2923;3019;3032;3251;2998;3158;3066;3258;3300;3282;3559;3666;3676;3772;3728
16;2807;2793;2693;2888;2934;3002;3025;3249;3003;3173;3072;3265;3318;3298;3596;3701;3703;3793
17;2820;2814;2792;2692;2897;2945;3002;3037;3253;3018;3177;3078;3269;3331;3327;3641;3731;3722
18;2992;2850;2824;2824;2697;2919;2950;3020;3060;3268;3038;3189;3120;3339;3408;3393;3733;3805
19;2986;3048;2875;2876;2860;2717;2947;2973;3034;3068;3292;3078;3220;3165;3388;3444;3455;3791
20;3038;3041;3111;2943;2902;2923;2778;2986;3016;3075;3092;3321;3106;3272;3203;3456;3508;3483
21;3244;3091;3102;3208;3017;2944;2963;2828;3018;3043;3131;3116;3352;3125;3295;3252;3516;3541
22;3585;3326;3118;3160;3255;3082;2986;3010;2846;3037;3062;3156;3138;3388;3149;3354;3313;3592
23;4000;3642;3406;3196;3223;3348;3151;3074;3078;2891;3082;3093;3222;3182;3447;3233;3435;3378
24;4253;4099;3699;3472;3316;3338;3425;3229;3121;3124;2954;3141;3145;3273;3241;3531;3340;3508
25;4860;4340;4173;3825;3603;3421;3450;3528;3336;3211;3230;3040;3208;3227;3375;3354;3657;3466
26;5391;4954;4410;4299;3992;3741;3513;3588;3665;3449;3351;3352;3165;3305;3322;3548;3501;3880
27;5859;5491;5002;4568;4416;4129;3849;3663;3736;3801;3579;3499;3479;3288;3423;3476;3713;3770
28;6167;5959;5566;5138;4658;4600;4220;3979;3830;3919;3953;3723;3666;3585;3434;3630;3639;3918
29;6320;6289;6030;5692;5242;4830;4699;4385;4122;3987;4081;4115;3897;3799;3724;3595;3815;3842
30;6859;6436;6364;6128;5785;5380;4948;4830;4538;4229;4130;4220;4285;3971;3929;3921;3781;3985
31;6853;6888;6544;6495;6209;5955;5446;5132;4986;4663;4360;4296;4335;4383;4118;4102;4057;3968
32;7013;6907;7022;6628;6614;6368;6033;5585;5213;5104;4819;4499;4445;4441;4429;4276;4243;4172
33;6852;7115;7032;7077;6716;6737;6433;6198;5726;5335;5267;4925;4601;4510;4515;4547;4377;4385
34;7025;6940;7169;7120;7150;6819;6839;6541;6299;5779;5477;5344;4997;4688;4576;4605;4645;4499
35;7147;7112;7031;7217;7155;7223;6887;6932;6638;6391;5901;5584;5422;5074;4766;4668;4722;4727
36;7310;7230;7146;7079;7265;7215;7273;6979;7006;6679;6492;5982;5659;5464;5129;4892;4704;4804
37;7530;7367;7258;7174;7106;7306;7204;7326;7018;7062;6751;6552;6041;5684;5519;5236;4954;4810
38;6886;7598;7376;7287;7202;7149;7311;7251;7337;7022;7092;6822;6610;6122;5758;5579;5311;5012
39;6878;6929;7636;7387;7296;7234;7150;7330;7265;7378;7042;7107;6872;6658;6194;5819;5645;5386
40;6720;6906;6916;7634;7444;7293;7279;7188;7337;7264;7384;7089;7149;6935;6727;6235;5898;5693
41;6477;6733;6909;6927;7659;7450;7343;7309;7182;7335;7240;7415;7132;7185;6994;6801;6306;5935
42;6352;6502;6701;6910;6926;7682;7452;7363;7325;7206;7362;7286;7433;7184;7239;7057;6847;6351
43;6285;6373;6506;6716;6918;6925;7710;7476;7385;7317;7224;7366;7318;7448;7235;7306;7090;6871
44;6167;6319;6389;6538;6733;6921;6914;7725;7480;7403;7321;7254;7378;7370;7512;7273;7323;7108
45;6117;6178;6328;6397;6524;6723;6932;6915;7717;7485;7406;7343;7272;7391;7392;7541;7313;7371
46;6075;6130;6187;6326;6418;6535;6722;6933;6915;7743;7483;7441;7345;7338;7439;7449;7588;7359
47;6032;6097;6125;6194;6327;6438;6530;6702;6911;6926;7735;7505;7445;7376;7380;7470;7502;7614
48;5761;6048;6090;6104;6161;6319;6423;6531;6686;6900;6915;7735;7510;7466;7424;7427;7509;7510
49;5914;5772;6045;6092;6110;6159;6325;6410;6525;6693;6897;6923;7729;7532;7475;7457;7450;7532
50;5822;5896;5774;6058;6085;6100;6155;6319;6409;6532;6694;6908;6939;7724;7537;7507;7490;7477
51;6195;5823;5885;5760;6048;6052;6101;6170;6329;6392;6527;6700;6893;6948;7737;7561;7543;7511
52;6330;6174;5813;5866;5746;6036;6041;6082;6158;6329;6396;6521;6708;6908;6987;7763;7588;7566
53;6969;6335;6141;5806;5857;5724;6016;6033;6081;6143;6319;6407;6505;6709;6939;6984;7789;7598
54;7075;6982;6315;6111;5791;5839;5709;6006;6013;6089;6147;6321;6403;6502;6704;6959;6984;7784
55;7357;7061;6978;6280;6066;5771;5820;5696;5987;6000;6083;6134;6307;6411;6508;6720;6957;6984
56;5121;7349;7052;6937;6273;6045;5760;5801;5692;5982;5990;6087;6129;6310;6407;6527;6737;6944
57;5789;5089;7316;7040;6901;6252;6019;5735;5766;5685;5977;5989;6076;6128;6313;6407;6532;6708
58;5853;5785;5063;7283;6994;6878;6226;5993;5723;5743;5688;5952;5970;6068;6135;6302;6405;6529
59;6032;5837;5756;5037;7254;6963;6864;6195;5970;5688;5713;5680;5944;5954;6053;6122;6292;6401
60;6245;6018;5796;5724;4997;7240;6938;6840;6174;5940;5670;5702;5662;5934;5947;6042;6101;6289
61;6914;6227;5991;5766;5695;4957;7202;6921;6794;6150;5925;5634;5681;5637;5918;5940;6041;6085
62;6852;6877;6197;5945;5741;5657;4936;7169;6902;6769;6131;5920;5620;5678;5631;5890;5925;6044
63;6807;6820;6820;6150;5913;5720;5621;4905;7143;6872;6741;6100;5909;5603;5661;5621;5868;5916
64;6159;6780;6784;6783;6107;5871;5682;5594;4866;7132;6836;6697;6066;5876;5579;5649;5624;5835
65;5841;6126;6733;6753;6746;6082;5824;5665;5576;4829;7106;6792;6663;6019;5851;5555;5618;5598
66;6259;5813;6076;6688;6703;6687;6024;5779;5632;5530;4787;7068;6743;6640;5987;5807;5547;5596
67;6107;6201;5770;6053;6651;6658;6629;5974;5714;5616;5500;4769;7028;6710;6620;5958;5779;5512
68;5975;6080;6155;5732;6013;6618;6599;6574;5921;5656;5591;5485;4736;6993;6668;6583;5937;5763
69;5723;5922;6018;6089;5689;5954;6563;6540;6523;5884;5609;5547;5450;4688;6935;6651;6535;5891
70;6032;5684;5863;5939;6041;5633;5911;6495;6494;6470;5828;5572;5489;5404;4650;6901;6598;6507
71;6184;5979;5617;5787;5870;5983;5584;5858;6420;6435;6407;5777;5511;5426;5343;4620;6864;6542
72;5886;6104;5892;5554;5710;5802;5922;5525;5779;6367;6375;6332;5732;5467;5368;5284;4572;6790
73;5782;5805;6011;5805;5474;5643;5734;5839;5457;5726;6304;6313;6263;5653;5398;5306;5238;4506
74;5763;5704;5706;5926;5715;5393;5571;5657;5772;5384;5641;6237;6246;6201;5589;5324;5249;5200
75;5644;5682;5613;5603;5822;5620;5305;5486;5566;5706;5313;5576;6173;6151;6099;5496;5260;5178
76;5767;5526;5566;5516;5505;5731;5500;5209;5394;5487;5611;5228;5491;6095;6041;6008;5420;5187
77;5551;5643;5405;5453;5396;5392;5633;5371;5117;5301;5389;5522;5140;5421;5992;5934;5927;5338
78;5409;5427;5485;5275;5323;5287;5282;5485;5245;5003;5173;5291;5406;5045;5317;5877;5807;5814
79;5488;5277;5289;5314;5110;5176;5156;5108;5325;5105;4874;5073;5124;5290;4918;5186;5726;5689
80;5226;5310;5094;5135;5139;4944;5029;5012;4938;5189;4968;4747;4922;4996;5129;4789;5045;5570
81;5000;5045;5110;4898;4931;4955;4770;4846;4798;4797;5029;4793;4574;4738;4826;4978;4632;4899
82;3161;4809;4820;4883;4692;4743;4740;4589;4666;4613;4600;4835;4622;4426;4535;4677;4803;4460
83;2261;2998;4541;4579;4615;4418;4512;4499;4369;4467;4378;4402;4638;4383;4237;4368;4472;4580
84;2080;2131;2797;4273;4296;4373;4146;4246;4256;4144;4221;4151;4215;4443;4172;4046;4168;4255
85;2505;1950;1980;2623;3931;4022;4089;3861;3975;3991;3907;3975;3926;3953;4174;3922;3835;3963
86;3010;2293;1795;1854;2432;3642;3732;3814;3583;3688;3714;3651;3728;3679;3654;3898;3658;3602
87;2742;2744;2093;1654;1692;2244;3340;3403;3478;3322;3389;3428;3370;3441;3380;3418;3610;3341
88;2420;2480;2409;1887;1496;1509;2013;3004;3056;3132;3027;3071;3136;3077;3105;3100;3115;3328
89;2125;2088;2141;2114;1667;1321;1331;1778;2682;2728;2745;2742;2768;2832;2743;2805;2774;2836
90;1722;1824;1769;1869;1856;1476;1184;1166;1545;2351;2376;2413;2443;2459;2488;2437;2495;2460
91;1465;1464;1534;1541;1609;1605;1286;1031;1023;1342;2031;2067;2103;2156;2116;2168;2093;2195
92;1096;1230;1233;1295;1291;1362;1362;1104;863;865;1159;1722;1794;1812;1796;1790;1837;1797
93;897;898;1012;1031;1077;1062;1128;1138;917;706;716;984;1407;1508;1514;1500;1520;1518
94;599;728;711;831;853;860;892;913;898;744;594;574;778;1176;1173;1275;1232;1229
95;452;474;557;566;641;675;665;714;754;721;588;462;464;614;900;927;1001;996
96;319;338;360;429;403;485;512;505;542;603;561;443;359;350;472;708;699;788
97;215;220;259;271;289;295;342;382;372;404;477;428;343;284;254;352;539;552
98;133;148;157;182;189;209;218;251;269;287;297;352;306;263;203;191;253;390
99;81;81;100;108;129;134;145;157;172;196;204;207;231;209;179;139;151;199
100 e oltre;120;121;118;141;165;189;208;232;239;272;328;335;347;378;354;348;323;303
Totale;459976;460710;460014;460205;459860;460234;459985;460262;460014;459753;459691;459818;459967;460228;460173;461695;462468;463105

"Ricostruzione della popolazione intercensuaria - Popolazione al 1° gennaio per età"
"Cittadinanza straniera - Provincia: Bologna"
Età/Anno;2002;2003;2004;2005;2006;2007;2008;2009;2010;2011;2012;2013;2014;2015;2016;2017;2018;2019
Età;Totale
0;762;797;892;1193;1207;1292;1394;1506;1829;1796;1786;1919;1958;1893;1917;1788;1776;1672
1;694;781;814;953;1185;1188;1306;1419;1528;1830;1792;1843;1929;1946;1833;1846;1713;1750
2;636;725;818;845;952;1169;1250;1329;1456;1527;1826;1846;1851;1895;1862;1750;1734;1686
3;568;656;752;874;871;964;1197;1304;1337;1480;1532;1880;1843;1792;1818;1725;1695;1694
4;536;602;661;776;908;872;1002;1250;1341;1361;1497;1556;1865;1779;1685;1671;1639;1662
5;444;553;622;700;811;929;940;1064;1250;1360;1378;1530;1564;1812;1675;1575;1568;1582
6;432;479;583;652;737;806;993;994;1092;1252;1382;1418;1502;1494;1715;1544;1456;1545
7;422;452;506;620;691;758;893;1056;1032;1114;1275;1406;1389;1429;1398;1579;1458;1446
8;391;447;475;553;649;707;846;946;1104;1043;1132;1288;1353;1321;1361;1308;1449;1416
9;367;418;477;508;607;678;796;921;986;1143;1082;1145;1245;1289;1245;1244;1229;1406
10;338;399;446;542;562;639;746;878;1000;1053;1189;1107;1108;1191;1209;1171;1163;1208
11;318;353;439;492;587;584;712;828;926;1047;1121;1194;1076;1041;1113;1119;1131;1168
12;322;352;367;464;514;617;672;789;885;1006;1116;1133;1168;1028;962;1037;1084;1136
13;298;345;383;415;523;549;696;757;830;933;1088;1132;1118;1129;980;911;1007;1101
14;345;337;360;432;463;538;605;779;844;900;999;1120;1137;1109;1083;936;907;1011
15;305;366;349;382;492;501;631;697;835;917;974;1024;1136;1116;1063;1040;931;950
16;301;314;396;382;457;515;571;730;795;903;985;1024;1020;1100;1087;1010;1071;964
17;330;321;348;448;451;499;586;658;808;862;992;1029;1052;1002;1076;1092;1104;1108
18;309;349;359;450;540;510;611;705;738;860;927;1027;989;976;961;1093;1137;1062
19;347;340;413;423;510;599;652;797;847;842;1013;1011;1067;1026;1003;1041;1238;1174
20;411;407;427;509;475;558;779;889;988;993;972;1159;1121;1155;1117;1122;1174;1347
21;482;477;541;527;548;544;793;1056;1083;1172;1148;1129;1303;1202;1275;1229;1246;1249
22;591;557;649;710;602;609;844;1096;1257;1285;1353;1341;1258;1370;1295;1337;1319;1358
23;594;706;806;875;864;690;919;1203;1308;1520;1477;1551;1507;1403;1485;1375;1447;1468
24;698;732;986;1044;1063;1021;1021;1330;1450;1595;1711;1716;1731;1645;1569;1652;1482;1562
25;787;807;1043;1230;1235;1199;1370;1409;1615;1758;1783;1962;1923;1830;1824;1720;1804;1631
26;812;959;1217;1355;1424;1411;1545;1780;1663;1865;1972;2038;2189;2061;2020;1969;1829;1918
27;888;939;1361;1555;1603;1539;1751;1946;1997;1949;2060;2196;2270;2314;2190;2181;2057;1925
28;956;1033;1337;1713;1773;1713;1937;2153;2211;2218;2172;2280;2407;2384;2453;2324;2266;2181
29;957;1066;1432;1626;1916;1908;2070;2344;2414;2426;2383;2388;2485;2522;2498;2570;2399;2355
30;922;1085;1483;1715;1875;2041;2273;2475;2521;2613;2555;2564;2566;2579;2648;2607;2606;2504
31;1034;1015;1423;1773;1895;1952;2295;2573;2649;2636;2694;2713;2696;2619;2698;2702;2645;2695
32;970;1120;1341;1653;1897;1992;2196;2582;2683;2721;2713;2834;2833;2700;2722;2758;2659;2712
33;1058;1012;1368;1540;1763;1926;2226;2446;2612;2698;2761;2842;2923;2835;2765;2782;2736;2711
34;958;1084;1258;1562;1601;1784;2093;2389;2468;2619;2699;2864;2933;2921;2860;2794;2684;2800
35;930;965;1299;1429;1602;1627;1930;2222;2414;2530;2635;2768;2958;2966;2947;2845;2728;2731
36;992;981;1140;1502;1470;1628;1815;2060;2260;2435;2502;2694;2845;2931;2970;2956;2788;2757
37;897;1011;1159;1323;1570;1492;1823;1975;2117;2304;2424;2557;2747;2828;2919;2929;2848;2812
38;832;917;1163;1357;1403;1645;1683;2007;2041;2172;2315;2480;2585;2728;2792;2887;2832;2869
39;759;863;1113;1332;1409;1456;1889;1853;2047;2098;2182;2337;2469;2537;2701;2759;2752;2836
40;687;776;1034;1254;1385;1423;1671;2050;1909;2113;2134;2249;2336;2387;2477;2619;2645;2756
41;692;708;904;1171;1290;1391;1544;1796;2086;1981;2122;2155;2272;2252;2307;2416;2522;2659
42;594;709;846;991;1172;1306;1498;1632;1829;2080;2003;2155;2167;2250;2248;2231;2352;2524
43;538;584;825;927;1014;1176;1384;1580;1606;1837;2053;2044;2115;2113;2175;2163;2118;2334
44;492;540;683;922;948;1007;1280;1458;1590;1644;1844;2080;2019;2069;2066;2107;2061;2125
45;499;484;656;772;925;947;1119;1377;1491;1614;1645;1852;2078;1975;1987;1986;2040;2061
46;409;502;588;719;802;915;1080;1210;1419;1544;1635;1661;1831;1997;1936;1918;1906;2045
47;387;406;585;661;750;824;1024;1186;1234;1468;1527;1647;1660;1815;1938;1886;1884;1915
48;340;392;480;629;691;755;917;1144;1239;1282;1457;1547;1640;1637;1769;1902;1835;1907
49;345;348;487;538;652;689;872;1034;1208;1257;1329;1482;1551;1564;1570;1755;1855;1809
50;268;333;423;539;558;665;782;982;1072;1261;1290;1339;1508;1530;1513;1538;1680;1849
51;254;260;384;473;553;577;743;870;1028;1170;1289;1329;1355;1454;1495;1462;1485;1683
52;235;254;325;438;487;576;649;849;944;1100;1203;1312;1355;1343;1419;1451;1408;1486
53;207;227;291;369;466;509;625;739;909;985;1118;1207;1336;1336;1315;1375;1401;1406
54;160;196;260;328;380;474;542;682;778;951;1009;1145;1221;1317;1331;1290;1331;1380
55;140;157;223;305;327;375;520;598;718;839;959;1051;1164;1220;1304;1300;1278;1323
56;103;134;182;249;312;338;406;573;615;747;864;984;1062;1151;1194;1299;1272;1274
57;106;102;165;206;262;322;356;464;612;665;779;879;1008;1054;1122;1175;1278;1278
58;89;115;115;186;205;268;352;389;483;627;682;793;891;993;1051;1094;1132;1267
59;96;84;126;119;188;209;286;380;421;525;635;700;803;886;972;1039;1059;1127
60;78;100;94;123;117;184;226;317;399;448;509;636;700;800;878;962;975;1054
61;124;82;103;103;126;118;193;246;339;421;465;534;640;692;795;854;930;971
62;88;120;87;107;102;137;125;197;261;353;422;489;552;651;683;784;817;918
63;90;89;123;91;110;97;142;136;208;269;348;426;503;549;646;667;780;813
64;56;83;97;121;85;108;98;146;147;219;265;356;440;481;526;627;642;773
65;58;62;85;95;120;93;113;118;160;170;230;275;353;448;491;516;616;645
66;52;60;72;90;97;123;91;122;137;168;190;243;295;363;448;497;532;623
67;65;61;67;82;84;106;122;103;139;139;176;202;239;294;365;444;504;538
68;55;61;67;79;80;85;109;120;120;153;143;189;194;253;296;366;434;497
69;41;51;63;64;78;75;85;114;131;128;164;158;188;193;248;293;365;422
70;35;42;46;62;63;80;76;87;120;142;131;166;166;187;192;239;280;356
71;41;37;47;45;64;58;82;84;103;119;148;138;165;162;184;174;229;276
72;28;47;41;44;43;67;56;91;96;102;127;155;148;165;166;176;175;231
73;39;31;51;41;44;45;69;71;93;97;109;131;158;152;172;166;169;173
74;38;38;35;51;41;46;43;75;81;91;103;112;132;162;149;168;158;152
75;23;38;37;33;52;34;43;42;75;85;97;106;120;136;153;140;167;152
76;40;29;38;35;35;49;35;48;47;74;86;99;109;118;132;153;139;165
77;17;39;26;37;35;33;49;35;44;46;72;90;105;107;115;122;152;136
78;14;20;39;24;36;32;26;54;34;46;45;74;91;101;101;108;113;148
79;23;14;19;37;20;37;32;26;55;36;50;52;74;87;96;93;105;109
80;15;23;15;16;31;16;38;30;20;51;36;50;52;72;85;93;88;97
81;16;15;21;15;14;28;14;35;34;24;57;35;54;52;74;82;87;81
82;14;16;18;23;13;9;29;17;32;29;24;58;36;50;52;68;69;84
83;13;12;14;15;21;12;7;27;17;30;30;25;51;31;46;49;61;68
84;10;14;14;16;14;21;12;5;27;16;31;30;23;50;27;46;40;59
85;4;7;13;9;14;14;21;11;3;24;14;31;32;20;51;23;47;39
86;5;2;7;10;8;14;11;18;8;4;25;12;26;30;21;45;23;42
87;6;3;2;3;10;6;12;8;13;5;5;23;14;20;29;19;41;22
88;4;3;3;2;2;9;5;9;8;8;3;4;21;11;23;25;17;36
89;7;3;3;5;2;2;9;4;8;9;8;2;3;20;10;21;24;16
90;4;6;2;5;4;1;2;8;5;7;8;9;2;3;20;7;18;23
91;2;2;7;2;5;2;1;1;4;4;4;6;7;2;2;18;6;17
92;1;1;2;7;2;3;1;1;1;2;5;5;3;5;2;3;13;6
93;2;2;1;0;6;2;4;2;1;1;3;6;5;3;5;2;5;13
94;0;1;2;0;0;7;2;3;0;1;1;2;7;4;3;6;2;3
95;0;0;1;2;0;0;6;2;2;0;1;0;2;5;5;3;5;1
96;1;0;0;1;0;0;0;2;1;2;0;1;0;1;3;5;3;3
97;0;1;0;0;1;0;0;0;2;1;2;0;0;0;1;2;4;1
98;0;0;1;0;0;0;0;0;0;2;1;2;0;0;0;1;1;4
99;0;0;0;1;0;0;0;0;0;0;2;1;1;0;0;0;1;1
100 e oltre;1;0;1;1;1;0;0;0;0;0;0;0;2;3;3;2;1;0
Totale;32744;35648;43952;51727;56652;60148;69990;80603;87427;94052;99314;105589;110204;111724;113281;114053;114171;117138
Età/Anno;2002;2003;2004;2005;2006;2007;2008;2009;2010;2011;2012;2013;2014;2015;2016;2017;2018;2019
Età;Maschi
0;376;413;474;602;626;649;729;775;951;910;897;989;981;942;995;916;920;863
1;353;384;425;499;599;616;653;751;786;971;897;927;994;977;906;950;872;900
2;321;378;403;444;502;596;637;656;760;796;972;933;939;986;934;852;875;869
3;302;332;390;438;452;519;612;674;652;762;795;1003;930;903;945;873;825;847
4;290;316;324;412;453;456;545;633;700;681;784;804;1000;911;849;858;818;817
5;219;297;327;344;439;479;502;571;640;712;699;788;810;964;860;789;808;784
6;221;236;313;341;360;442;513;542;583;635;712;711;778;765;922;791;726;792
7;232;236;246;338;365;366;482;552;574;598;642;727;716;739;714;841;751;720
8;205;249;251;276;351;379;410;502;564;574;603;651;701;685;700;669;779;731
9;194;218;261;269;296;362;429;444;520;587;586;600;638;669;655;657;618;752
10;178;209;237;297;298;310;410;462;477;553;618;592;588;608;632;614;619;604
11;148;182;228;253;312;307;356;452;477;500;582;616;573;558;569;595;590;619
12;162;163;186;249;267;320;357;394;469;516;536;598;608;551;518;533;584;587
13;148;171;184;207;279;286;363;397;416;494;563;543;596;593;533;493;517;603
14;200;162;181;213;233;295;314;398;457;450;522;584;554;587;568;513;487;520
15;151;208;167;197;247;246;341;368;434;498;489;529;590;559;569;550;516;505
16;165;153;226;172;239;261;296;391;423;476;533;520;524;575;553;537;573;539
17;186;178;166;255;217;264;293;340;439;464;529;553;543;519;569;593;640;608
18;149;198;194;211;305;249;327;375;401;457;487;543;530;509;512;627;698;636
19;168;172;229;232;245;338;323;414;439;446;542;516;562;549;530;598;755;737
20;212;189;213;271;232;267;410;434;491;499;496;610;570;592;605;598;690;819
21;213;224;249;257;267;249;367;528;507;561;552;581;652;598;650;669;684;716
22;228;238;291;322;285;263;378;496;602;593;633;643;627;670;642;677;711;750
23;242;278;346;391;375;313;379;537;570;688;661;722;704;679;737;669;728;790
24;290;298;416;459;461;442;454;590;614;665;761;753;794;755;765;809;703;788
25;307;337;466;547;545;516;573;634;716;752;736;897;835;832;841;842;890;785
26;352;381;524;665;630;622;676;770;730;788;845;862;997;869;926;917;868;936
27;339;395;576;691;764;681;760;863;846;845;858;951;973;1026;945;993;959;912
28;397;391;601;776;778;792;855;936;1001;947;939;985;1058;1013;1121;1034;1037;1043
29;384;440;565;724;891;827;975;1056;1071;1106;1046;1065;1091;1096;1073;1190;1074;1088
30;424;451;659;710;837;934;984;1177;1135;1173;1160;1177;1167;1134;1151;1133;1205;1135
31;469;475;619;815;818;863;1067;1140;1266;1165;1229;1268;1253;1184;1211;1201;1159;1248
32;482;530;647;733;862;882;987;1240;1208;1288;1210;1340;1326;1252;1230;1257;1186;1222
33;548;523;657;770;796;902;1005;1146;1266;1239;1324;1296;1419;1330;1299;1289;1260;1235
34;504;553;663;753;799;814;997;1105;1135;1254;1272;1411;1346;1415;1373;1325;1230;1315
35;529;505;662;754;783;821;892;1067;1115;1154;1293;1324;1481;1366;1462;1356;1301;1279
36;581;561;601;773;790;802;914;958;1073;1098;1168;1336;1387;1457;1381;1465;1348;1324
37;519;601;647;694;816;817;902;1003;981;1105;1110;1215;1360;1374;1474;1378;1410;1380
38;484;537;676;753;746;867;917;1001;1020;982;1094;1151;1232;1346;1357;1474;1328;1426
39;436;514;635;776;776;789;980;982;1004;1015;981;1112;1144;1213;1357;1346;1396;1347
40;390;459;604;717;801;789;883;1048;971;991;993;1027;1098;1105;1176;1302;1279;1410
41;373;412;516;666;731;800;837;925;1041;946;980;1009;1041;1055;1070;1129;1216;1297
42;319;385;458;566;654;729;837;850;892;984;937;989;1015;1015;1050;1023;1085;1216
43;303;310;430;474;573;641;743;848;805;836;920;945;955;971;980;1007;948;1085
44;272;309;334;473;464;555;671;741;823;790;802;925;911;915;944;948;943;951
45;270;270;341;361;457;454;580;688;706;772;760;789;915;861;883;890;916;938
46;232;272;285;360;358;449;497;600;667;700;750;760;762;863;833;825;839;917
47;212;232;288;308;367;359;483;511;584;645;663;742;741;745;828;795;788;839
48;180;216;255;293;317;361;390;498;498;566;617;657;730;701;716;810;738;796
49;184;193;231;255;291;312;402;411;483;472;560;614;632;664;640;688;774;722
50;145;177;209;237;254;292;330;424;415;467;469;542;610;600;629;619;640;779
51;124;146;187;221;241;258;306;351;417;425;474;478;528;560;569;602;588;639
52;126;122;156;195;219;251;269;322;355;408;423;465;470;501;540;537;565;584
53;99;123;122;168;205;229;266;286;320;336;404;425;456;445;473;505;503;559
54;83;95;127;131;165;206;217;257;280;311;324;406;410;421;430;452;475;509
55;59;73;95;131;128;154;210;217;254;278;310;329;394;390;411;417;439;471
56;34;63;81;97;129;130;159;208;214;243;275;311;320;377;363;385;401;431
57;48;37;67;87;95;130;134;167;202;211;248;261;309;306;362;351;382;392
58;32;57;43;75;84;96;141;139;160;203;207;249;259;293;292;339;326;378
59;43;31;60;43;77;83;100;141;141;160;196;207;235;255;274;280;315;324
60;38;42;40;55;43;73;87;101;140;142;151;197;201;236;241;254;253;297
61;48;43;43;42;53;40;78;88;103;132;142;149;191;183;232;231;235;249
62;31;47;44;44;39;52;42;76;91;100;131;147;146;186;181;220;211;228
63;36;32;48;42;47;39;55;45;73;90;103;133;144;144;178;173;214;205
64;25;31;33;48;37;44;36;60;50;74;87;103;137;135;137;166;165;211
65;18;26;30;29;48;39;47;43;64;53;82;89;99;137;136;131;156;164
66;25;17;33;33;33;45;36;48;48;67;59;86;93;104;137;126;133;153
67;26;24;20;33;33;42;43;40;50;47;65;63;82;92;107;135;123;129
68;21;25;27;23;32;33;44;36;47;47;50;70;61;87;94;109;130;117
69;22;18;26;22;26;30;34;41;37;47;49;57;64;61;84;94;107;128
70;6;22;17;24;23;28;27;34;40;42;48;48;60;67;61;82;84;103
71;16;9;22;17;22;22;28;32;42;40;45;51;48;56;66;55;79;81
72;11;17;11;20;15;21;22;33;35;43;45;52;52;45;57;62;55;74
73;14;11;18;12;19;15;25;24;32;31;48;46;51;52;51;57;60;55
74;6;14;12;17;12;19;15;31;27;32;30;50;47;53;53;51;57;55
75;3;8;14;12;18;10;18;18;32;29;33;34;51;51;54;50;55;55
76;8;7;8;13;13;19;9;21;18;35;31;34;34;52;45;51;46;58
77;4;9;5;9;12;13;19;9;21;18;31;33;33;33;50;40;45;48
78;4;5;9;6;9;9;10;20;11;21;19;30;35;30;31;47;37;41
79;7;3;6;10;4;11;9;10;19;13;22;21;28;35;30;28;45;36
80;4;6;2;5;7;4;11;5;8;17;13;24;22;27;34;30;28;40
81;6;5;5;2;5;6;4;9;9;8;19;12;26;22;29;33;27;26
82;7;4;5;8;1;4;8;7;9;8;8;18;12;24;22;26;27;25
83;4;6;2;4;6;2;4;8;4;8;8;8;18;11;24;21;23;26
84;5;6;6;2;3;6;2;4;8;5;8;8;9;18;9;26;16;19
85;3;4;5;4;3;3;6;2;3;7;4;8;9;8;18;7;25;13
86;0;1;3;3;3;3;2;6;2;3;7;3;8;8;8;14;8;20
87;0;0;0;1;3;1;1;1;6;2;3;5;3;5;8;8;10;7
88;3;0;0;0;0;3;1;1;1;4;1;2;4;3;7;6;8;10
89;2;2;0;0;0;0;2;1;1;3;4;0;2;3;3;5;5;5
90;0;3;1;1;0;0;0;1;2;1;3;4;0;1;3;1;4;5
91;0;0;4;1;1;0;0;0;1;2;0;3;3;0;1;3;1;3
92;0;0;0;5;1;1;0;0;0;1;2;0;1;1;0;1;2;1
93;0;0;0;0;5;1;1;0;0;0;1;2;0;1;1;0;1;4
94;0;0;0;0;0;5;1;1;0;0;0;1;3;0;1;2;0;1
95;0;0;0;0;0;0;4;1;0;0;0;0;1;2;0;1;2;0
96;0;0;0;0;0;0;0;2;1;0;0;0;0;0;2;0;1;1
97;0;0;0;0;0;0;0;0;2;1;0;0;0;0;0;2;0;1
98;0;0;0;0;0;0;0;0;0;2;1;0;0;0;0;0;1;0
99;0;0;0;0;0;0;0;0;0;0;2;1;0;0;0;0;0;1
100 e oltre;1;0;1;1;0;0;0;0;0;0;0;0;1;1;1;1;0;0
Totale;16240;17705;21514;25289;27522;29124;33550;38245;40778;42916;45023;48148;50141;50367;51292;51724;51777;53503
Età/Anno;2002;2003;2004;2005;2006;2007;2008;2009;2010;2011;2012;2013;2014;2015;2016;2017;2018;2019
Età;Femmine
0;386;384;418;591;581;643;665;731;878;886;889;930;977;951;922;872;856;809
1;341;397;389;454;586;572;653;668;742;859;895;916;935;969;927;896;841;850
2;315;347;415;401;450;573;613;673;696;731;854;913;912;909;928;898;859;817
3;266;324;362;436;419;445;585;630;685;718;737;877;913;889;873;852;870;847
4;246;286;337;364;455;416;457;617;641;680;713;752;865;868;836;813;821;845
5;225;256;295;356;372;450;438;493;610;648;679;742;754;848;815;786;760;798
6;211;243;270;311;377;364;480;452;509;617;670;707;724;729;793;753;730;753
7;190;216;260;282;326;392;411;504;458;516;633;679;673;690;684;738;707;726
8;186;198;224;277;298;328;436;444;540;469;529;637;652;636;661;639;670;685
9;173;200;216;239;311;316;367;477;466;556;496;545;607;620;590;587;611;654
10;160;190;209;245;264;329;336;416;523;500;571;515;520;583;577;557;544;604
11;170;171;211;239;275;277;356;376;449;547;539;578;503;483;544;524;541;549
12;160;189;181;215;247;297;315;395;416;490;580;535;560;477;444;504;500;549
13;150;174;199;208;244;263;333;360;414;439;525;589;522;536;447;418;490;498
14;145;175;179;219;230;243;291;381;387;450;477;536;583;522;515;423;420;491
15;154;158;182;185;245;255;290;329;401;419;485;495;546;557;494;490;415;445
16;136;161;170;210;218;254;275;339;372;427;452;504;496;525;534;473;498;425
17;144;143;182;193;234;235;293;318;369;398;463;476;509;483;507;499;464;500
18;160;151;165;239;235;261;284;330;337;403;440;484;459;467;449;466;439;426
19;179;168;184;191;265;261;329;383;408;396;471;495;505;477;473;443;483;437
20;199;218;214;238;243;291;369;455;497;494;476;549;551;563;512;524;484;528
21;269;253;292;270;281;295;426;528;576;611;596;548;651;604;625;560;562;533
22;363;319;358;388;317;346;466;600;655;692;720;698;631;700;653;660;608;608
23;352;428;460;484;489;377;540;666;738;832;816;829;803;724;748;706;719;678
24;408;434;570;585;602;579;567;740;836;930;950;963;937;890;804;843;779;774
25;480;470;577;683;690;683;797;775;899;1006;1047;1065;1088;998;983;878;914;846
26;460;578;693;690;794;789;869;1010;933;1077;1127;1176;1192;1192;1094;1052;961;982
27;549;544;785;864;839;858;991;1083;1151;1104;1202;1245;1297;1288;1245;1188;1098;1013
28;559;642;736;937;995;921;1082;1217;1210;1271;1233;1295;1349;1371;1332;1290;1229;1138
29;573;626;867;902;1025;1081;1095;1288;1343;1320;1337;1323;1394;1426;1425;1380;1325;1267
30;498;634;824;1005;1038;1107;1289;1298;1386;1440;1395;1387;1399;1445;1497;1474;1401;1369
31;565;540;804;958;1077;1089;1228;1433;1383;1471;1465;1445;1443;1435;1487;1501;1486;1447
32;488;590;694;920;1035;1110;1209;1342;1475;1433;1503;1494;1507;1448;1492;1501;1473;1490
33;510;489;711;770;967;1024;1221;1300;1346;1459;1437;1546;1504;1505;1466;1493;1476;1476
34;454;531;595;809;802;970;1096;1284;1333;1365;1427;1453;1587;1506;1487;1469;1454;1485
35;401;460;637;675;819;806;1038;1155;1299;1376;1342;1444;1477;1600;1485;1489;1427;1452
36;411;420;539;729;680;826;901;1102;1187;1337;1334;1358;1458;1474;1589;1491;1440;1433
37;378;410;512;629;754;675;921;972;1136;1199;1314;1342;1387;1454;1445;1551;1438;1432
38;348;380;487;604;657;778;766;1006;1021;1190;1221;1329;1353;1382;1435;1413;1504;1443
39;323;349;478;556;633;667;909;871;1043;1083;1201;1225;1325;1324;1344;1413;1356;1489
40;297;317;430;537;584;634;788;1002;938;1122;1141;1222;1238;1282;1301;1317;1366;1346
41;319;296;388;505;559;591;707;871;1045;1035;1142;1146;1231;1197;1237;1287;1306;1362
42;275;324;388;425;518;577;661;782;937;1096;1066;1166;1152;1235;1198;1208;1267;1308
43;235;274;395;453;441;535;641;732;801;1001;1133;1099;1160;1142;1195;1156;1170;1249
44;220;231;349;449;484;452;609;717;767;854;1042;1155;1108;1154;1122;1159;1118;1174
45;229;214;315;411;468;493;539;689;785;842;885;1063;1163;1114;1104;1096;1124;1123
46;177;230;303;359;444;466;583;610;752;844;885;901;1069;1134;1103;1093;1067;1128
47;175;174;297;353;383;465;541;675;650;823;864;905;919;1070;1110;1091;1096;1076
48;160;176;225;336;374;394;527;646;741;716;840;890;910;936;1053;1092;1097;1111
49;161;155;256;283;361;377;470;623;725;785;769;868;919;900;930;1067;1081;1087
50;123;156;214;302;304;373;452;558;657;794;821;797;898;930;884;919;1040;1070
51;130;114;197;252;312;319;437;519;611;745;815;851;827;894;926;860;897;1044
52;109;132;169;243;268;325;380;527;589;692;780;847;885;842;879;914;843;902
53;108;104;169;201;261;280;359;453;589;649;714;782;880;891;842;870;898;847
54;77;101;133;197;215;268;325;425;498;640;685;739;811;896;901;838;856;871
55;81;84;128;174;199;221;310;381;464;561;649;722;770;830;893;883;839;852
56;69;71;101;152;183;208;247;365;401;504;589;673;742;774;831;914;871;843
57;58;65;98;119;167;192;222;297;410;454;531;618;699;748;760;824;896;886
58;57;58;72;111;121;172;211;250;323;424;475;544;632;700;759;755;806;889
59;53;53;66;76;111;126;186;239;280;365;439;493;568;631;698;759;744;803
60;40;58;54;68;74;111;139;216;259;306;358;439;499;564;637;708;722;757
61;76;39;60;61;73;78;115;158;236;289;323;385;449;509;563;623;695;722
62;57;73;43;63;63;85;83;121;170;253;291;342;406;465;502;564;606;690
63;54;57;75;49;63;58;87;91;135;179;245;293;359;405;468;494;566;608
64;31;52;64;73;48;64;62;86;97;145;178;253;303;346;389;461;477;562
65;40;36;55;66;72;54;66;75;96;117;148;186;254;311;355;385;460;481
66;27;43;39;57;64;78;55;74;89;101;131;157;202;259;311;371;399;470
67;39;37;47;49;51;64;79;63;89;92;111;139;157;202;258;309;381;409
68;34;36;40;56;48;52;65;84;73;106;93;119;133;166;202;257;304;380
69;19;33;37;42;52;45;51;73;94;81;115;101;124;132;164;199;258;294
70;29;20;29;38;40;52;49;53;80;100;83;118;106;120;131;157;196;253
71;25;28;25;28;42;36;54;52;61;79;103;87;117;106;118;119;150;195
72;17;30;30;24;28;46;34;58;61;59;82;103;96;120;109;114;120;157
73;25;20;33;29;25;30;44;47;61;66;61;85;107;100;121;109;109;118
74;32;24;23;34;29;27;28;44;54;59;73;62;85;109;96;117;101;97
75;20;30;23;21;34;24;25;24;43;56;64;72;69;85;99;90;112;97
76;32;22;30;22;22;30;26;27;29;39;55;65;75;66;87;102;93;107
77;13;30;21;28;23;20;30;26;23;28;41;57;72;74;65;82;107;88
78;10;15;30;18;27;23;16;34;23;25;26;44;56;71;70;61;76;107
79;16;11;13;27;16;26;23;16;36;23;28;31;46;52;66;65;60;73
80;11;17;13;11;24;12;27;25;12;34;23;26;30;45;51;63;60;57
81;10;10;16;13;9;22;10;26;25;16;38;23;28;30;45;49;60;55
82;7;12;13;15;12;5;21;10;23;21;16;40;24;26;30;42;42;59
83;9;6;12;11;15;10;3;19;13;22;22;17;33;20;22;28;38;42
84;5;8;8;14;11;15;10;1;19;11;23;22;14;32;18;20;24;40
85;1;3;8;5;11;11;15;9;0;17;10;23;23;12;33;16;22;26
86;5;1;4;7;5;11;9;12;6;1;18;9;18;22;13;31;15;22
87;6;3;2;2;7;5;11;7;7;3;2;18;11;15;21;11;31;15
88;1;3;3;2;2;6;4;8;7;4;2;2;17;8;16;19;9;26
89;5;1;3;5;2;2;7;3;7;6;4;2;1;17;7;16;19;11
90;4;3;1;4;4;1;2;7;3;6;5;5;2;2;17;6;14;18
91;2;2;3;1;4;2;1;1;3;2;4;3;4;2;1;15;5;14
92;1;1;2;2;1;2;1;1;1;1;3;5;2;4;2;2;11;5
93;2;2;1;0;1;1;3;2;1;1;2;4;5;2;4;2;4;9
94;0;1;2;0;0;2;1;2;0;1;1;1;4;4;2;4;2;2
95;0;0;1;2;0;0;2;1;2;0;1;0;1;3;5;2;3;1
96;1;0;0;1;0;0;0;0;0;2;0;1;0;1;1;5;2;2
97;0;1;0;0;1;0;0;0;0;0;2;0;0;0;1;0;4;0
98;0;0;1;0;0;0;0;0;0;0;0;2;0;0;0;1;0;4
99;0;0;0;1;0;0;0;0;0;0;0;0;1;0;0;0;1;0
100 e oltre;0;0;0;0;1;0;0;0;0;0;0;0;1;2;2;1;1;0
Totale;16504;17943;22438;26438;29130;31024;36440;42358;46649;51136;54291;57441;60063;61357;61989;62329;62394;63635
