"Popolazione per età, vista per singola area - Provincia: Brindisi"

"Ricostruzione della popolazione intercensuaria - Popolazione al 1° gennaio per età"
"Tutte le cittadinanze - Provincia: Brindisi"
Età/Anno;2002;2003;2004;2005;2006;2007;2008;2009;2010;2011;2012;2013;2014;2015;2016;2017;2018;2019
Età;Totale
0;3722;3773;3585;3675;3525;3582;3523;3536;3581;3412;3307;3198;3240;3069;2891;2818;2689;2570
1;3770;3733;3775;3566;3680;3502;3567;3506;3533;3621;3401;3300;3176;3230;3052;2882;2802;2677
2;3977;3767;3753;3770;3586;3691;3524;3560;3529;3567;3638;3412;3314;3167;3218;3035;2878;2802
3;3815;3978;3789;3770;3790;3620;3705;3532;3571;3552;3571;3639;3399;3316;3171;3202;3012;2863
4;3816;3823;3978;3808;3816;3809;3625;3715;3557;3575;3561;3573;3636;3396;3316;3161;3193;3005
5;4025;3821;3870;3989;3829;3823;3819;3631;3743;3593;3590;3564;3567;3632;3374;3321;3169;3195
6;4020;4021;3829;3880;4015;3853;3844;3834;3669;3775;3635;3615;3567;3554;3617;3372;3313;3163
7;4155;4027;4045;3860;3915;4013;3867;3860;3857;3686;3796;3628;3594;3558;3547;3619;3362;3313
8;4492;4149;4037;4061;3881;3934;4030;3910;3894;3863;3707;3793;3632;3585;3554;3541;3611;3359
9;4753;4490;4171;4042;4082;3890;3964;4023;3949;3933;3875;3712;3791;3615;3583;3551;3527;3589
10;4754;4743;4512;4185;4073;4089;3905;3990;4056;3967;3943;3869;3693;3783;3605;3575;3542;3518
11;4939;4747;4756;4514;4198;4070;4107;3935;4021;4076;3993;3953;3861;3690;3768;3584;3562;3541
12;4875;4942;4756;4784;4532;4216;4102;4132;3962;4066;4088;3991;3943;3851;3676;3754;3580;3553
13;4900;4869;4953;4743;4793;4544;4235;4105;4158;3992;4084;4093;3985;3928;3833;3678;3731;3571
14;5004;4887;4887;4954;4757;4785;4570;4251;4125;4183;4006;4074;4101;3971;3917;3831;3644;3708
15;4896;4994;4902;4889;4967;4757;4824;4593;4276;4146;4206;4013;4071;4107;3977;3913;3816;3635
16;5298;4876;5008;4896;4892;4955;4774;4857;4610;4312;4156;4213;4000;4071;4107;3968;3892;3816
17;5254;5293;4873;5023;4903;4885;4968;4797;4884;4625;4323;4144;4209;4009;4059;4108;3960;3893
18;5267;5237;5281;4856;5036;4905;4910;4980;4812;4931;4641;4339;4145;4202;4005;4076;4143;4007
19;5540;5235;5238;5241;4858;5035;4914;4921;4980;4853;4948;4648;4323;4149;4213;4003;4123;4160
20;5574;5487;5215;5200;5219;4824;5033;4922;4925;4985;4855;4941;4636;4308;4124;4197;4009;4095
21;5630;5516;5465;5187;5185;5177;4797;5031;4946;4935;4988;4839;4918;4620;4302;4111;4191;3997
22;5890;5551;5478;5420;5180;5160;5197;4781;5046;4952;4930;4992;4815;4889;4591;4278;4115;4173
23;5974;5806;5497;5416;5380;5131;5145;5159;4765;5062;4962;4933;4962;4787;4860;4587;4262;4115
24;6076;5908;5783;5428;5351;5307;5114;5097;5129;4758;5031;4911;4890;4920;4720;4806;4538;4231
25;6162;6025;5856;5696;5372;5257;5269;5058;5077;5107;4708;5007;4883;4826;4859;4669;4751;4488
26;6365;6088;5953;5774;5652;5285;5193;5220;5020;5048;5046;4683;4954;4814;4716;4790;4565;4696
27;6425;6274;6056;5894;5726;5588;5260;5108;5136;4970;5004;4986;4581;4930;4743;4669;4663;4467
28;6037;6342;6216;6010;5848;5638;5556;5193;5061;5089;4901;4933;4928;4496;4834;4660;4613;4543
29;5931;5966;6264;6135;6005;5769;5616;5512;5130;4988;5038;4815;4848;4895;4451;4764;4589;4496
30;5905;5857;5916;6230;6050;5960;5728;5592;5500;5095;4946;4949;4775;4755;4835;4413;4670;4534
31;5956;5827;5837;5852;6239;5977;5934;5688;5553;5443;5035;4877;4898;4716;4669;4742;4366;4612
32;5906;5899;5786;5823;5814;6170;5991;5923;5697;5503;5371;4995;4823;4848;4637;4610;4666;4345
33;6103;5854;5865;5727;5721;5765;6165;6004;5927;5644;5473;5322;4973;4765;4778;4593;4565;4606
34;6064;6054;5842;5843;5749;5704;5791;6143;6045;5909;5630;5430;5304;4907;4708;4737;4537;4523
35;6031;6028;6046;5838;5854;5760;5731;5808;6172;6033;5888;5593;5421;5262;4872;4669;4720;4526
36;6140;6015;6044;6028;5854;5854;5777;5732;5850;6205;6031;5863;5553;5370;5212;4829;4639;4701
37;6259;6122;6035;6040;6069;5870;5879;5814;5762;5872;6211;6013;5840;5530;5332;5170;4822;4627
38;6134;6236;6118;6045;6054;6071;5877;5914;5851;5779;5872;6206;5991;5804;5522;5280;5143;4800
39;5736;6089;6234;6138;6048;6039;6111;5913;5937;5869;5802;5848;6191;5938;5800;5506;5246;5114
40;5890;5718;6090;6243;6163;6040;6074;6127;5966;5991;5875;5799;5834;6170;5917;5783;5485;5222
41;5679;5882;5721;6052;6278;6182;6064;6099;6161;6024;5987;5862;5776;5820;6145;5904;5760;5486
42;5412;5664;5888;5726;6054;6275;6207;6086;6133;6220;6036;5984;5827;5769;5801;6130;5879;5717
43;5238;5398;5656;5890;5755;6058;6304;6227;6107;6173;6224;6022;5983;5823;5758;5798;6076;5878
44;5227;5222;5390;5637;5896;5738;6100;6340;6250;6147;6199;6229;5991;5968;5811;5749;5757;6037
45;5309;5216;5204;5398;5632;5875;5760;6117;6381;6273;6151;6213;6239;5987;5924;5796;5717;5736
46;5152;5298;5213;5211;5434;5622;5897;5765;6125;6404;6298;6143;6213;6221;5976;5895;5766;5692
47;4843;5122;5297;5217;5206;5446;5635;5905;5793;6156;6414;6280;6126;6225;6213;5961;5865;5747
48;4820;4830;5117;5304;5246;5215;5477;5646;5927;5819;6167;6395;6269;6102;6195;6185;5947;5847
49;4885;4802;4821;5131;5308;5246;5239;5497;5686;5938;5835;6145;6380;6244;6077;6172;6143;5913
50;5081;4879;4812;4825;5140;5311;5253;5251;5520;5693;5945;5837;6125;6361;6216;6055;6127;6105
51;5224;5065;4880;4809;4838;5146;5328;5290;5272;5545;5688;5927;5814;6105;6329;6200;6026;6108
52;5434;5203;5049;4878;4796;4847;5175;5336;5308;5287;5550;5685;5917;5772;6081;6322;6184;6004
53;5499;5417;5186;5034;4874;4774;4848;5185;5361;5324;5291;5529;5688;5889;5738;6064;6290;6158
54;5228;5478;5416;5183;5028;4878;4787;4854;5207;5371;5335;5271;5513;5639;5853;5716;6026;6265
55;5211;5224;5463;5409;5180;5033;4887;4781;4860;5216;5383;5317;5250;5490;5622;5832;5676;6002
56;4416;5194;5216;5460;5412;5168;5028;4891;4784;4861;5221;5359;5314;5219;5470;5578;5804;5647
57;4203;4396;5180;5195;5463;5400;5172;5029;4897;4785;4868;5189;5334;5276;5200;5447;5545;5776
58;4385;4183;4377;5172;5185;5470;5389;5169;5022;4905;4777;4846;5172;5319;5252;5167;5421;5510
59;4436;4355;4165;4358;5161;5191;5481;5375;5164;5024;4911;4750;4806;5138;5283;5212;5151;5380
60;4110;4405;4361;4155;4355;5147;5186;5483;5373;5156;4990;4875;4719;4780;5094;5244;5185;5134
61;4482;4092;4378;4334;4147;4316;5160;5187;5472;5379;5151;4948;4834;4685;4733;5054;5219;5151
62;4730;4462;4061;4353;4306;4128;4287;5160;5183;5474;5374;5115;4913;4811;4652;4706;5021;5174
63;4387;4699;4408;4041;4346;4276;4105;4255;5133;5182;5456;5337;5086;4869;4776;4624;4692;4991
64;4168;4339;4681;4392;4005;4329;4244;4093;4233;5132;5154;5407;5285;5050;4845;4741;4594;4648
65;3983;4145;4321;4658;4354;3990;4306;4208;4066;4215;5118;5121;5364;5229;4992;4805;4699;4555
66;3858;3942;4114;4290;4617;4318;3961;4286;4174;4063;4175;5066;5073;5323;5183;4939;4761;4652
67;4008;3818;3907;4078;4262;4576;4270;3940;4248;4126;4023;4135;5008;5023;5265;5103;4881;4711
68;3794;3971;3782;3867;4050;4213;4524;4239;3904;4214;4087;3963;4074;4946;4946;5186;5031;4829
69;3672;3745;3946;3757;3814;4015;4152;4475;4201;3871;4171;4034;3915;4016;4873;4874;5113;4966
70;3887;3608;3670;3904;3706;3779;3975;4111;4441;4146;3823;4117;3977;3846;3948;4807;4805;5050
71;3933;3818;3540;3616;3863;3637;3736;3932;4072;4368;4095;3757;4032;3912;3773;3881;4707;4717
72;3548;3872;3741;3486;3562;3811;3574;3691;3869;4000;4314;4013;3676;3953;3851;3714;3815;4627
73;3378;3476;3781;3683;3414;3493;3731;3501;3621;3806;3930;4209;3942;3595;3877;3768;3624;3750
74;3517;3296;3374;3678;3591;3345;3425;3665;3434;3543;3739;3817;4117;3866;3521;3792;3683;3562
75;3292;3432;3206;3279;3598;3477;3278;3360;3541;3344;3449;3648;3720;4021;3776;3445;3726;3581
76;3038;3185;3339;3125;3199;3510;3378;3186;3232;3464;3265;3356;3548;3634;3879;3681;3352;3623
77;2805;2914;3078;3241;3012;3107;3372;3277;3081;3144;3380;3151;3251;3442;3513;3759;3586;3244
78;2778;2700;2790;2965;3115;2900;2991;3269;3136;2970;3044;3253;3026;3133;3322;3399;3643;3469
79;2830;2643;2555;2681;2828;3001;2794;2889;3107;3026;2842;2937;3123;2925;3010;3188;3275;3502
80;2494;2685;2492;2441;2542;2701;2833;2650;2768;2960;2906;2713;2810;2993;2786;2890;3052;3143
81;2347;2350;2556;2372;2294;2392;2575;2674;2498;2621;2802;2770;2579;2686;2827;2667;2761;2892
82;1390;2167;2171;2413;2237;2129;2256;2411;2509;2366;2478;2635;2615;2420;2525;2667;2534;2628
83;1034;1285;2000;2027;2251;2079;1971;2084;2241;2348;2228;2332;2461;2463;2282;2388;2501;2362
84;924;953;1171;1826;1846;2082;1910;1830;1908;2064;2177;2077;2178;2290;2261;2121;2220;2320
85;1049;862;863;1082;1661;1709;1883;1741;1659;1744;1911;1992;1916;2000;2085;2083;1965;2037
86;1123;934;764;765;1000;1483;1531;1696;1582;1505;1596;1733;1822;1752;1782;1894;1905;1787
87;950;981;825;687;680;894;1329;1340;1517;1435;1331;1415;1562;1646;1577;1598;1693;1712
88;929;830;831;717;585;587;782;1165;1191;1337;1262;1163;1242;1392;1444;1380;1408;1509
89;666;787;681;716;644;506;515;681;977;1059;1132;1093;1013;1070;1193;1265;1165;1222
90;535;581;623;586;610;549;418;444;580;828;900;949;937;874;914;1039;1066;1007
91;475;447;462;519;470;515;446;346;371;483;713;762;776;786;714;773;869;907
92;339;383;356;380;412;374;394;367;288;312;403;577;639;656;657;594;636;706
93;233;269;280;290;290;321;292;324;297;232;262;314;460;503;521;530;459;510
94;153;179;198;223;235;226;248;231;251;228;196;191;246;350;374;424;402;376
95;109;120;125;152;174;180;176;200;171;198;177;156;148;197;246;274;326;310
96;68;76;80;105;121;130;124;130;160;130;163;120;112;118;143;182;193;241
97;58;49;48;59;80;82;90;104;85;115;103;113;87;82;78;104;131;152
98;35;47;35;36;37;60;58;48;72;62;86;77;80;67;51;58;67;91
99;19;21;30;27;18;26;43;42;35;50;50;52;46;54;42;36;34;55
100 e oltre;32;35;38;52;47;41;42;44;63;71;86;78;80;80;72;71;77;57
Totale;402302;401498;401307;401420;401925;401613;402411;403009;403964;404901;404888;403260;401494;399338;396312;393786;390740;387817
Età/Anno;2002;2003;2004;2005;2006;2007;2008;2009;2010;2011;2012;2013;2014;2015;2016;2017;2018;2019
Età;Maschi
0;1894;1922;1845;1877;1785;1852;1850;1817;1879;1726;1744;1636;1636;1581;1472;1462;1325;1318
1;1834;1891;1922;1834;1877;1786;1846;1849;1813;1897;1725;1746;1626;1629;1569;1466;1442;1324
2;2047;1840;1904;1931;1858;1880;1783;1845;1868;1818;1915;1728;1751;1625;1638;1565;1460;1446
3;1981;2043;1849;1914;1945;1872;1887;1796;1844;1884;1824;1913;1718;1747;1621;1643;1556;1449
4;1949;1991;2043;1864;1940;1956;1890;1892;1805;1848;1886;1831;1906;1730;1750;1616;1643;1552
5;2082;1951;2017;2051;1877;1938;1965;1897;1907;1830;1858;1891;1830;1901;1715;1747;1617;1643
6;2020;2087;1955;2022;2070;1897;1955;1971;1909;1930;1855;1869;1897;1817;1895;1715;1730;1620
7;2106;2031;2095;1976;2036;2062;1903;1963;1976;1928;1946;1853;1854;1887;1808;1895;1713;1740
8;2347;2107;2035;2097;1985;2044;2075;1928;1980;1987;1943;1947;1863;1852;1879;1805;1893;1712
9;2478;2347;2119;2034;2106;1983;2062;2071;1950;1996;1988;1949;1945;1851;1846;1882;1798;1880
10;2397;2474;2364;2134;2050;2110;1994;2073;2097;1954;2002;1984;1939;1940;1847;1847;1868;1798
11;2539;2385;2477;2364;2150;2053;2119;2011;2085;2114;1963;2006;1974;1936;1931;1836;1836;1871
12;2536;2538;2385;2492;2379;2161;2073;2131;2024;2102;2123;1963;2000;1966;1928;1920;1839;1832
13;2451;2527;2546;2377;2494;2389;2175;2083;2142;2037;2109;2124;1962;1992;1963;1925;1909;1835
14;2520;2444;2527;2555;2385;2487;2400;2187;2087;2149;2046;2111;2123;1958;1996;1960;1900;1901
15;2464;2511;2460;2522;2569;2391;2509;2408;2200;2099;2165;2046;2108;2120;1961;1991;1948;1895
16;2690;2453;2522;2456;2519;2559;2404;2522;2415;2223;2101;2167;2042;2119;2118;1961;1986;1959
17;2680;2686;2451;2529;2461;2519;2569;2416;2541;2422;2229;2098;2163;2059;2115;2127;1967;1995
18;2668;2677;2676;2441;2533;2455;2525;2587;2423;2568;2428;2246;2100;2164;2063;2123;2165;2008
19;2857;2650;2670;2653;2435;2529;2466;2526;2586;2445;2567;2420;2227;2100;2171;2060;2163;2183
20;2891;2826;2638;2646;2649;2418;2525;2476;2531;2586;2442;2567;2413;2222;2082;2168;2080;2153
21;2939;2851;2805;2618;2637;2630;2406;2534;2475;2532;2593;2438;2560;2413;2223;2090;2179;2083
22;3086;2881;2834;2760;2607;2607;2641;2390;2532;2488;2524;2573;2424;2536;2394;2225;2107;2175
23;3073;3037;2847;2789;2725;2571;2582;2612;2382;2531;2484;2521;2552;2416;2502;2390;2221;2109
24;3032;3028;3004;2783;2738;2685;2564;2555;2589;2383;2516;2463;2473;2531;2384;2477;2367;2218
25;3107;2995;2982;2960;2755;2673;2655;2532;2539;2564;2364;2496;2431;2440;2509;2360;2454;2347
26;3143;3082;2964;2924;2925;2695;2619;2600;2511;2514;2518;2333;2468;2391;2373;2481;2300;2432
27;3142;3111;3079;2929;2911;2890;2659;2586;2537;2485;2486;2486;2283;2450;2351;2364;2423;2279
28;2977;3106;3070;3050;2905;2861;2850;2624;2560;2497;2426;2438;2462;2233;2404;2308;2337;2372
29;2920;2923;3071;3034;3032;2871;2830;2808;2584;2507;2470;2391;2376;2440;2215;2369;2286;2293
30;2893;2877;2903;3050;2987;3009;2836;2802;2792;2566;2476;2425;2371;2326;2427;2193;2340;2275
31;2866;2848;2878;2890;3060;2950;2992;2812;2792;2764;2527;2420;2396;2351;2270;2384;2196;2332
32;2927;2843;2820;2887;2884;3028;2946;2982;2813;2769;2716;2511;2383;2366;2305;2260;2351;2191
33;3026;2892;2830;2786;2836;2849;3032;2959;2980;2785;2731;2690;2507;2363;2331;2282;2244;2335
34;2946;2985;2881;2805;2796;2817;2846;3028;2972;2962;2777;2698;2692;2479;2335;2314;2259;2252
35;3027;2920;2980;2874;2809;2810;2825;2845;3045;2941;2932;2759;2694;2662;2458;2312;2312;2263
36;2960;3023;2922;2966;2881;2819;2826;2831;2860;3071;2936;2920;2753;2668;2633;2430;2290;2319
37;3058;2950;3036;2929;3012;2890;2836;2848;2831;2864;3083;2923;2907;2732;2636;2608;2433;2285
38;2920;3057;2948;3048;2944;3004;2877;2862;2871;2842;2863;3072;2915;2874;2737;2619;2601;2423
39;2848;2903;3060;2964;3048;2931;3025;2886;2877;2883;2842;2847;3058;2889;2870;2739;2610;2583
40;2787;2833;2892;3069;2971;3044;2940;3020;2908;2908;2888;2852;2831;3040;2888;2859;2717;2596
41;2700;2784;2832;2873;3079;2976;3049;2953;3032;2935;2902;2868;2838;2819;3016;2876;2845;2709
42;2675;2680;2788;2836;2874;3074;2989;3061;2961;3065;2934;2900;2840;2825;2817;3013;2876;2827
43;2532;2658;2672;2788;2853;2878;3101;3008;3065;2988;3059;2930;2895;2836;2819;2824;2989;2892
44;2532;2525;2647;2660;2795;2846;2887;3113;3024;3086;2993;3053;2906;2881;2833;2823;2798;2966
45;2549;2521;2515;2659;2660;2777;2853;2899;3139;3039;3091;3000;3051;2895;2861;2830;2804;2789
46;2420;2542;2519;2518;2676;2653;2791;2849;2904;3147;3053;3085;2989;3038;2886;2849;2804;2792
47;2370;2400;2547;2524;2516;2683;2662;2789;2854;2930;3157;3054;3071;2997;3041;2877;2829;2793
48;2294;2362;2394;2558;2537;2516;2695;2665;2807;2865;2930;3140;3039;3060;2976;3013;2865;2830
49;2299;2293;2360;2407;2560;2530;2521;2692;2682;2816;2865;2914;3126;3017;3042;2971;2997;2846
50;2365;2302;2296;2369;2412;2566;2522;2525;2696;2679;2816;2865;2898;3108;3000;3023;2957;2982
51;2562;2358;2296;2295;2379;2418;2570;2531;2534;2702;2672;2791;2851;2873;3095;2988;3005;2947
52;2590;2548;2350;2294;2285;2383;2438;2567;2543;2543;2704;2666;2786;2825;2872;3095;2972;2993
53;2683;2586;2533;2330;2290;2268;2372;2445;2572;2546;2543;2690;2657;2779;2808;2854;3064;2968
54;2496;2672;2582;2531;2326;2292;2278;2369;2459;2578;2544;2530;2682;2626;2768;2797;2831;3048
55;2460;2496;2655;2580;2524;2326;2303;2273;2374;2451;2579;2528;2508;2672;2622;2757;2779;2813
56;2129;2445;2487;2651;2580;2512;2320;2305;2275;2368;2456;2564;2520;2489;2655;2607;2741;2763
57;1922;2119;2439;2482;2645;2563;2503;2318;2305;2278;2370;2443;2555;2502;2480;2641;2588;2731
58;2072;1909;2103;2434;2478;2642;2546;2497;2313;2307;2273;2362;2424;2554;2499;2460;2624;2565
59;2088;2052;1907;2091;2424;2473;2638;2541;2488;2313;2306;2255;2347;2406;2530;2478;2444;2613
60;1961;2072;2053;1901;2088;2411;2459;2627;2542;2477;2290;2285;2242;2336;2383;2510;2456;2436
61;2138;1954;2056;2041;1893;2064;2413;2457;2613;2545;2467;2262;2270;2219;2323;2357;2490;2434
62;2225;2119;1930;2042;2026;1875;2046;2417;2450;2617;2538;2444;2244;2250;2202;2307;2324;2466
63;2094;2207;2080;1914;2045;2010;1853;2021;2406;2449;2599;2521;2420;2218;2228;2184;2302;2310
64;1964;2064;2190;2075;1890;2027;1991;1840;2002;2403;2432;2567;2491;2390;2205;2208;2162;2279
65;1882;1951;2049;2173;2046;1879;2019;1969;1818;1987;2401;2415;2542;2460;2356;2193;2182;2139
66;1751;1857;1933;2037;2150;2023;1858;2002;1952;1821;1963;2374;2384;2512;2434;2329;2166;2166
67;1812;1726;1833;1901;2016;2124;1996;1849;1978;1929;1796;1938;2336;2348;2476;2387;2289;2147
68;1681;1788;1710;1802;1875;1985;2087;1972;1833;1958;1895;1758;1907;2306;2298;2435;2349;2266
69;1656;1653;1768;1694;1767;1859;1945;2054;1951;1809;1931;1866;1734;1876;2261;2256;2393;2304
70;1721;1610;1606;1743;1671;1739;1827;1914;2031;1917;1778;1898;1815;1698;1825;2224;2208;2358
71;1768;1674;1552;1562;1712;1627;1714;1802;1881;1987;1890;1738;1852;1773;1653;1787;2166;2169
72;1536;1724;1629;1508;1527;1680;1592;1679;1766;1832;1953;1844;1693;1800;1739;1612;1751;2119
73;1467;1489;1671;1590;1466;1480;1624;1549;1632;1732;1793;1895;1804;1648;1767;1687;1568;1716
74;1471;1422;1429;1604;1539;1424;1433;1590;1520;1577;1692;1728;1841;1749;1612;1722;1633;1539
75;1355;1425;1362;1375;1571;1470;1384;1388;1515;1478;1526;1643;1673;1788;1697;1562;1678;1584
76;1272;1304;1368;1312;1332;1526;1417;1338;1317;1476;1430;1475;1587;1624;1699;1641;1511;1616
77;1119;1205;1248;1308;1252;1278;1444;1365;1278;1273;1436;1371;1409;1513;1560;1614;1578;1447
78;1151;1059;1120;1187;1247;1191;1212;1383;1295;1228;1218;1366;1314;1346;1460;1479;1553;1529
79;1080;1075;978;1064;1107;1191;1136;1159;1305;1244;1159;1168;1289;1258;1290;1391;1425;1483
80;986;1014;989;916;995;1037;1101;1061;1101;1233;1178;1088;1098;1230;1189;1222;1314;1360
81;919;914;942;922;847;920;980;1022;975;1026;1156;1111;1039;1044;1146;1132;1158;1233
82;513;824;826;869;849;766;855;913;950;895;943;1060;1037;960;973;1065;1068;1098
83;328;465;741;756;794;768;697;780;835;870;824;870;976;959;896;920;978;979
84;336;294;419;660;668;712;694;621;698;761;775;750;804;898;875;813;843;890
85;405;306;250;380;589;609;644;612;559;625;681;702;679;719;794;781;740;769
86;377;348;258;209;340;514;546;556;545;496;556;603;644;612;629;708;708;659
87;317;324;310;228;186;289;448;470;487;490;436;483;523;569;527;549;624;626
88;323;267;267;258;189;151;247;399;415;421;431;374;423;459;495;441;469;559
89;212;277;208;226;228;165;135;206;318;360;355;368;321;351;373;411;365;397
90;159;181;213;175;189;190;127;113;174;256;293;282;304;278;297;330;336;305
91;127;131;144;169;133;169;156;106;90;137;213;241;219;250;222;240;264;284
92;103;105;103;108;126;94;131;119;86;80;102;163;193;180;206;178;182;209
93;72;73;80;81;80;97;73;101;93;73;66;77;124;156;145;162;136;145
94;32;57;54;61;68;60;66;53;74;69;61;49;63;93;111;114;113;106
95;27;30;41;39;49;50;47;52;37;58;55;46;31;45;69;78;93;88
96;10;17;14;32;32;37;28;37;45;23;47;36;28;21;35;46;54;71
97;11;7;11;8;22;20;27;27;25;32;20;33;27;17;16;25;32;44
98;6;10;3;8;6;15;12;13;16;19;22;17;23;17;8;10;15;23
99;4;3;8;2;6;1;7;8;7;12;16;12;11;13;12;4;6;13
100 e oltre;2;2;3;8;6;8;6;5;11;12;18;18;18;14;12;14;12;12
Totale;193219;192805;192677;192712;193081;192886;193277;193614;194165;194722;194693;193928;193028;191995;190731;189682;188371;187520
Età/Anno;2002;2003;2004;2005;2006;2007;2008;2009;2010;2011;2012;2013;2014;2015;2016;2017;2018;2019
Età;Femmine
0;1828;1851;1740;1798;1740;1730;1673;1719;1702;1686;1563;1562;1604;1488;1419;1356;1364;1252
1;1936;1842;1853;1732;1803;1716;1721;1657;1720;1724;1676;1554;1550;1601;1483;1416;1360;1353
2;1930;1927;1849;1839;1728;1811;1741;1715;1661;1749;1723;1684;1563;1542;1580;1470;1418;1356
3;1834;1935;1940;1856;1845;1748;1818;1736;1727;1668;1747;1726;1681;1569;1550;1559;1456;1414
4;1867;1832;1935;1944;1876;1853;1735;1823;1752;1727;1675;1742;1730;1666;1566;1545;1550;1453
5;1943;1870;1853;1938;1952;1885;1854;1734;1836;1763;1732;1673;1737;1731;1659;1574;1552;1552
6;2000;1934;1874;1858;1945;1956;1889;1863;1760;1845;1780;1746;1670;1737;1722;1657;1583;1543
7;2049;1996;1950;1884;1879;1951;1964;1897;1881;1758;1850;1775;1740;1671;1739;1724;1649;1573
8;2145;2042;2002;1964;1896;1890;1955;1982;1914;1876;1764;1846;1769;1733;1675;1736;1718;1647
9;2275;2143;2052;2008;1976;1907;1902;1952;1999;1937;1887;1763;1846;1764;1737;1669;1729;1709
10;2357;2269;2148;2051;2023;1979;1911;1917;1959;2013;1941;1885;1754;1843;1758;1728;1674;1720
11;2400;2362;2279;2150;2048;2017;1988;1924;1936;1962;2030;1947;1887;1754;1837;1748;1726;1670
12;2339;2404;2371;2292;2153;2055;2029;2001;1938;1964;1965;2028;1943;1885;1748;1834;1741;1721
13;2449;2342;2407;2366;2299;2155;2060;2022;2016;1955;1975;1969;2023;1936;1870;1753;1822;1736
14;2484;2443;2360;2399;2372;2298;2170;2064;2038;2034;1960;1963;1978;2013;1921;1871;1744;1807
15;2432;2483;2442;2367;2398;2366;2315;2185;2076;2047;2041;1967;1963;1987;2016;1922;1868;1740
16;2608;2423;2486;2440;2373;2396;2370;2335;2195;2089;2055;2046;1958;1952;1989;2007;1906;1857
17;2574;2607;2422;2494;2442;2366;2399;2381;2343;2203;2094;2046;2046;1950;1944;1981;1993;1898
18;2599;2560;2605;2415;2503;2450;2385;2393;2389;2363;2213;2093;2045;2038;1942;1953;1978;1999
19;2683;2585;2568;2588;2423;2506;2448;2395;2394;2408;2381;2228;2096;2049;2042;1943;1960;1977
20;2683;2661;2577;2554;2570;2406;2508;2446;2394;2399;2413;2374;2223;2086;2042;2029;1929;1942
21;2691;2665;2660;2569;2548;2547;2391;2497;2471;2403;2395;2401;2358;2207;2079;2021;2012;1914
22;2804;2670;2644;2660;2573;2553;2556;2391;2514;2464;2406;2419;2391;2353;2197;2053;2008;1998
23;2901;2769;2650;2627;2655;2560;2563;2547;2383;2531;2478;2412;2410;2371;2358;2197;2041;2006
24;3044;2880;2779;2645;2613;2622;2550;2542;2540;2375;2515;2448;2417;2389;2336;2329;2171;2013
25;3055;3030;2874;2736;2617;2584;2614;2526;2538;2543;2344;2511;2452;2386;2350;2309;2297;2141
26;3222;3006;2989;2850;2727;2590;2574;2620;2509;2534;2528;2350;2486;2423;2343;2309;2265;2264
27;3283;3163;2977;2965;2815;2698;2601;2522;2599;2485;2518;2500;2298;2480;2392;2305;2240;2188
28;3060;3236;3146;2960;2943;2777;2706;2569;2501;2592;2475;2495;2466;2263;2430;2352;2276;2171
29;3011;3043;3193;3101;2973;2898;2786;2704;2546;2481;2568;2424;2472;2455;2236;2395;2303;2203
30;3012;2980;3013;3180;3063;2951;2892;2790;2708;2529;2470;2524;2404;2429;2408;2220;2330;2259
31;3090;2979;2959;2962;3179;3027;2942;2876;2761;2679;2508;2457;2502;2365;2399;2358;2170;2280
32;2979;3056;2966;2936;2930;3142;3045;2941;2884;2734;2655;2484;2440;2482;2332;2350;2315;2154
33;3077;2962;3035;2941;2885;2916;3133;3045;2947;2859;2742;2632;2466;2402;2447;2311;2321;2271
34;3118;3069;2961;3038;2953;2887;2945;3115;3073;2947;2853;2732;2612;2428;2373;2423;2278;2271
35;3004;3108;3066;2964;3045;2950;2906;2963;3127;3092;2956;2834;2727;2600;2414;2357;2408;2263
36;3180;2992;3122;3062;2973;3035;2951;2901;2990;3134;3095;2943;2800;2702;2579;2399;2349;2382
37;3201;3172;2999;3111;3057;2980;3043;2966;2931;3008;3128;3090;2933;2798;2696;2562;2389;2342
38;3214;3179;3170;2997;3110;3067;3000;3052;2980;2937;3009;3134;3076;2930;2785;2661;2542;2377
39;2888;3186;3174;3174;3000;3108;3086;3027;3060;2986;2960;3001;3133;3049;2930;2767;2636;2531
40;3103;2885;3198;3174;3192;2996;3134;3107;3058;3083;2987;2947;3003;3130;3029;2924;2768;2626
41;2979;3098;2889;3179;3199;3206;3015;3146;3129;3089;3085;2994;2938;3001;3129;3028;2915;2777
42;2737;2984;3100;2890;3180;3201;3218;3025;3172;3155;3102;3084;2987;2944;2984;3117;3003;2890
43;2706;2740;2984;3102;2902;3180;3203;3219;3042;3185;3165;3092;3088;2987;2939;2974;3087;2986
44;2695;2697;2743;2977;3101;2892;3213;3227;3226;3061;3206;3176;3085;3087;2978;2926;2959;3071
45;2760;2695;2689;2739;2972;3098;2907;3218;3242;3234;3060;3213;3188;3092;3063;2966;2913;2947
46;2732;2756;2694;2693;2758;2969;3106;2916;3221;3257;3245;3058;3224;3183;3090;3046;2962;2900
47;2473;2722;2750;2693;2690;2763;2973;3116;2939;3226;3257;3226;3055;3228;3172;3084;3036;2954
48;2526;2468;2723;2746;2709;2699;2782;2981;3120;2954;3237;3255;3230;3042;3219;3172;3082;3017
49;2586;2509;2461;2724;2748;2716;2718;2805;3004;3122;2970;3231;3254;3227;3035;3201;3146;3067
50;2716;2577;2516;2456;2728;2745;2731;2726;2824;3014;3129;2972;3227;3253;3216;3032;3170;3123
51;2662;2707;2584;2514;2459;2728;2758;2759;2738;2843;3016;3136;2963;3232;3234;3212;3021;3161
52;2844;2655;2699;2584;2511;2464;2737;2769;2765;2744;2846;3019;3131;2947;3209;3227;3212;3011
53;2816;2831;2653;2704;2584;2506;2476;2740;2789;2778;2748;2839;3031;3110;2930;3210;3226;3190
54;2732;2806;2834;2652;2702;2586;2509;2485;2748;2793;2791;2741;2831;3013;3085;2919;3195;3217
55;2751;2728;2808;2829;2656;2707;2584;2508;2486;2765;2804;2789;2742;2818;3000;3075;2897;3189
56;2287;2749;2729;2809;2832;2656;2708;2586;2509;2493;2765;2795;2794;2730;2815;2971;3063;2884
57;2281;2277;2741;2713;2818;2837;2669;2711;2592;2507;2498;2746;2779;2774;2720;2806;2957;3045
58;2313;2274;2274;2738;2707;2828;2843;2672;2709;2598;2504;2484;2748;2765;2753;2707;2797;2945
59;2348;2303;2258;2267;2737;2718;2843;2834;2676;2711;2605;2495;2459;2732;2753;2734;2707;2767
60;2149;2333;2308;2254;2267;2736;2727;2856;2831;2679;2700;2590;2477;2444;2711;2734;2729;2698
61;2344;2138;2322;2293;2254;2252;2747;2730;2859;2834;2684;2686;2564;2466;2410;2697;2729;2717
62;2505;2343;2131;2311;2280;2253;2241;2743;2733;2857;2836;2671;2669;2561;2450;2399;2697;2708
63;2293;2492;2328;2127;2301;2266;2252;2234;2727;2733;2857;2816;2666;2651;2548;2440;2390;2681
64;2204;2275;2491;2317;2115;2302;2253;2253;2231;2729;2722;2840;2794;2660;2640;2533;2432;2369
65;2101;2194;2272;2485;2308;2111;2287;2239;2248;2228;2717;2706;2822;2769;2636;2612;2517;2416
66;2107;2085;2181;2253;2467;2295;2103;2284;2222;2242;2212;2692;2689;2811;2749;2610;2595;2486
67;2196;2092;2074;2177;2246;2452;2274;2091;2270;2197;2227;2197;2672;2675;2789;2716;2592;2564
68;2113;2183;2072;2065;2175;2228;2437;2267;2071;2256;2192;2205;2167;2640;2648;2751;2682;2563
69;2016;2092;2178;2063;2047;2156;2207;2421;2250;2062;2240;2168;2181;2140;2612;2618;2720;2662
70;2166;1998;2064;2161;2035;2040;2148;2197;2410;2229;2045;2219;2162;2148;2123;2583;2597;2692
71;2165;2144;1988;2054;2151;2010;2022;2130;2191;2381;2205;2019;2180;2139;2120;2094;2541;2548
72;2012;2148;2112;1978;2035;2131;1982;2012;2103;2168;2361;2169;1983;2153;2112;2102;2064;2508
73;1911;1987;2110;2093;1948;2013;2107;1952;1989;2074;2137;2314;2138;1947;2110;2081;2056;2034
74;2046;1874;1945;2074;2052;1921;1992;2075;1914;1966;2047;2089;2276;2117;1909;2070;2050;2023
75;1937;2007;1844;1904;2027;2007;1894;1972;2026;1866;1923;2005;2047;2233;2079;1883;2048;1997
76;1766;1881;1971;1813;1867;1984;1961;1848;1915;1988;1835;1881;1961;2010;2180;2040;1841;2007
77;1686;1709;1830;1933;1760;1829;1928;1912;1803;1871;1944;1780;1842;1929;1953;2145;2008;1797
78;1627;1641;1670;1778;1868;1709;1779;1886;1841;1742;1826;1887;1712;1787;1862;1920;2090;1940
79;1750;1568;1577;1617;1721;1810;1658;1730;1802;1782;1683;1769;1834;1667;1720;1797;1850;2019
80;1508;1671;1503;1525;1547;1664;1732;1589;1667;1727;1728;1625;1712;1763;1597;1668;1738;1783
81;1428;1436;1614;1450;1447;1472;1595;1652;1523;1595;1646;1659;1540;1642;1681;1535;1603;1659
82;877;1343;1345;1544;1388;1363;1401;1498;1559;1471;1535;1575;1578;1460;1552;1602;1466;1530
83;706;820;1259;1271;1457;1311;1274;1304;1406;1478;1404;1462;1485;1504;1386;1468;1523;1383
84;588;659;752;1166;1178;1370;1216;1209;1210;1303;1402;1327;1374;1392;1386;1308;1377;1430
85;644;556;613;702;1072;1100;1239;1129;1100;1119;1230;1290;1237;1281;1291;1302;1225;1268
86;746;586;506;556;660;969;985;1140;1037;1009;1040;1130;1178;1140;1153;1186;1197;1128
87;633;657;515;459;494;605;881;870;1030;945;895;932;1039;1077;1050;1049;1069;1086
88;606;563;564;459;396;436;535;766;776;916;831;789;819;933;949;939;939;950
89;454;510;473;490;416;341;380;475;659;699;777;725;692;719;820;854;800;825
90;376;400;410;411;421;359;291;331;406;572;607;667;633;596;617;709;730;702
91;348;316;318;350;337;346;290;240;281;346;500;521;557;536;492;533;605;623
92;236;278;253;272;286;280;263;248;202;232;301;414;446;476;451;416;454;497
93;161;196;200;209;210;224;219;223;204;159;196;237;336;347;376;368;323;365
94;121;122;144;162;167;166;182;178;177;159;135;142;183;257;263;310;289;270
95;82;90;84;113;125;130;129;148;134;140;122;110;117;152;177;196;233;222
96;58;59;66;73;89;93;96;93;115;107;116;84;84;97;108;136;139;170
97;47;42;37;51;58;62;63;77;60;83;83;80;60;65;62;79;99;108
98;29;37;32;28;31;45;46;35;56;43;64;60;57;50;43;48;52;68
99;15;18;22;25;12;25;36;34;28;38;34;40;35;41;30;32;28;42
100 e oltre;30;33;35;44;41;33;36;39;52;59;68;60;62;66;60;57;65;45
Totale;209083;208693;208630;208708;208844;208727;209134;209395;209799;210179;210195;209332;208466;207343;205581;204104;202369;200297

"Ricostruzione della popolazione intercensuaria - Popolazione al 1° gennaio per età"
"Cittadinanza italiana - Provincia: Brindisi"
Età/Anno;2002;2003;2004;2005;2006;2007;2008;2009;2010;2011;2012;2013;2014;2015;2016;2017;2018;2019
Età;Totale
0;3686;3730;3556;3642;3495;3539;3466;3474;3521;3332;3225;3101;3148;2972;2786;2697;2577;2486
1;3731;3693;3732;3526;3646;3470;3528;3453;3462;3553;3321;3206;3077;3130;2954;2776;2681;2564
2;3944;3732;3709;3726;3537;3657;3476;3516;3467;3481;3567;3329;3209;3068;3121;2945;2781;2673
3;3777;3942;3743;3724;3748;3567;3667;3485;3512;3484;3479;3554;3314;3205;3084;3112;2921;2761
4;3788;3790;3940;3755;3771;3765;3571;3674;3496;3506;3493;3471;3549;3304;3198;3068;3110;2908
5;3989;3793;3827;3948;3775;3776;3771;3575;3696;3527;3513;3496;3464;3542;3287;3209;3083;3105
6;3987;3984;3798;3832;3974;3791;3790;3779;3600;3716;3563;3523;3498;3456;3530;3287;3213;3068
7;4129;3996;4001;3823;3863;3974;3800;3802;3790;3608;3728;3552;3509;3483;3458;3532;3282;3214
8;4455;4117;4003;4009;3843;3883;3984;3839;3826;3795;3617;3718;3557;3501;3472;3455;3520;3262
9;4718;4451;4136;4005;4036;3851;3907;3974;3870;3858;3800;3622;3717;3541;3501;3463;3441;3496
10;4707;4707;4468;4142;4031;4041;3863;3927;3994;3884;3865;3788;3609;3716;3533;3498;3457;3426
11;4897;4693;4718;4467;4158;4029;4053;3887;3955;4011;3906;3864;3776;3611;3705;3513;3485;3451
12;4844;4901;4696;4742;4485;4172;4052;4078;3907;3990;4016;3897;3855;3765;3598;3692;3513;3473
13;4873;4837;4908;4677;4753;4494;4185;4052;4096;3930;4006;4014;3889;3849;3748;3598;3671;3502
14;4968;4860;4854;4909;4693;4750;4517;4193;4064;4112;3937;3990;4011;3881;3839;3750;3566;3637
15;4855;4962;4870;4849;4927;4690;4778;4537;4207;4080;4129;3938;3984;4009;3884;3834;3743;3551
16;5263;4830;4974;4860;4854;4910;4707;4801;4552;4234;4085;4127;3930;3975;4003;3873;3815;3732
17;5206;5256;4828;4980;4866;4846;4917;4713;4820;4562;4235;4074;4113;3923;3957;3993;3855;3796
18;5204;5189;5246;4811;4989;4864;4860;4916;4720;4846;4573;4237;4076;4109;3913;3960;3985;3866
19;5499;5169;5182;5198;4808;4984;4860;4859;4899;4736;4842;4568;4214;4073;4101;3887;3952;3971
20;5536;5448;5154;5136;5180;4772;4966;4844;4848;4888;4716;4815;4544;4188;4038;4070;3845;3908
21;5587;5477;5427;5125;5114;5138;4734;4945;4836;4833;4868;4679;4783;4522;4171;3998;4016;3806
22;5850;5514;5431;5376;5115;5075;5130;4698;4950;4815;4803;4848;4656;4738;4490;4130;3952;3963
23;5926;5773;5447;5371;5331;5065;5044;5064;4669;4943;4793;4760;4805;4613;4705;4450;4077;3902
24;6016;5864;5727;5370;5303;5257;5026;4987;5018;4630;4895;4722;4709;4745;4548;4630;4368;3993
25;6109;5963;5801;5633;5311;5215;5208;4962;4950;4963;4562;4822;4685;4625;4675;4464;4535;4278
26;6301;6037;5873;5718;5587;5224;5128;5126;4909;4908;4875;4488;4757;4585;4517;4564;4351;4428
27;6360;6214;5987;5803;5673;5519;5162;5036;5031;4842;4834;4786;4378;4700;4508;4437;4417;4207
28;5951;6274;6128;5919;5759;5574;5465;5075;4970;4948;4745;4724;4714;4271;4607;4407;4345;4261
29;5864;5876;6182;6048;5896;5676;5521;5393;4989;4885;4876;4643;4641;4649;4222;4511;4309;4193
30;5819;5772;5800;6132;5962;5843;5613;5457;5357;4936;4797;4758;4584;4539;4576;4167;4394;4236
31;5884;5735;5727;5723;6133;5886;5797;5552;5418;5292;4858;4705;4716;4503;4452;4472;4109;4306
32;5832;5825;5681;5702;5691;6066;5877;5748;5548;5347;5208;4788;4635;4656;4430;4380;4393;4043
33;6033;5784;5793;5618;5619;5657;6043;5857;5739;5502;5305;5142;4759;4574;4598;4381;4319;4314
34;5993;5987;5769;5762;5643;5598;5663;5992;5884;5708;5477;5237;5114;4687;4514;4542;4324;4260
35;5956;5962;5984;5768;5784;5657;5613;5664;6020;5875;5683;5424;5204;5073;4654;4475;4506;4281
36;6075;5938;5974;5958;5796;5778;5667;5610;5702;6044;5862;5636;5379;5155;5029;4603;4441;4469
37;6193;6049;5946;5969;5996;5806;5784;5683;5630;5724;6041;5818;5609;5350;5119;4993;4586;4419
38;6054;6171;6038;5952;5981;5992;5801;5799;5709;5640;5717;6017;5799;5585;5341;5084;4957;4554
39;5654;6015;6164;6052;5955;5963;6017;5822;5806;5715;5649;5673;5994;5757;5566;5325;5058;4928
40;5831;5642;6010;6165;6077;5943;5981;6022;5842;5834;5709;5620;5661;5974;5729;5546;5306;5026
41;5609;5819;5642;5973;6196;6091;5954;5990;6041;5883;5825;5668;5600;5649;5950;5715;5531;5302
42;5366;5598;5816;5637;5981;6194;6107;5965;6001;6078;5873;5806;5630;5588;5637;5934;5700;5487
43;5186;5358;5586;5814;5672;5994;6227;6123;5978;6048;6079;5854;5795;5624;5577;5629;5892;5675
44;5178;5181;5349;5565;5818;5664;6023;6241;6138;6014;6055;6066;5817;5781;5623;5565;5600;5839
45;5255;5172;5160;5355;5556;5802;5676;6027;6266;6159;6018;6044;6064;5810;5754;5608;5542;5563
46;5096;5244;5176;5167;5385;5548;5814;5678;6025;6283;6179;6009;6031;6052;5790;5723;5590;5518
47;4809;5073;5242;5178;5161;5404;5556;5809;5689;6049;6290;6158;5983;6033;6046;5783;5701;5563
48;4770;4798;5075;5248;5204;5171;5424;5553;5814;5701;6052;6255;6135;5972;6008;6009;5765;5685
49;4852;4755;4789;5084;5255;5205;5182;5422;5567;5820;5708;6016;6233;6113;5944;5990;5971;5723
50;5054;4848;4764;4793;5093;5258;5200;5182;5435;5569;5810;5696;5990;6211;6093;5922;5962;5938
51;5189;5037;4847;4759;4803;5097;5267;5213;5192;5454;5562;5788;5658;5965;6187;6071;5902;5940
52;5398;5167;5021;4843;4750;4809;5114;5262;5225;5201;5452;5549;5767;5626;5948;6177;6046;5875
53;5480;5384;5148;5009;4841;4728;4795;5120;5275;5237;5199;5424;5544;5735;5603;5924;6137;6016
54;5201;5459;5381;5145;5001;4842;4739;4795;5130;5287;5240;5177;5412;5501;5711;5589;5881;6110
55;5186;5194;5441;5374;5143;5005;4845;4732;4798;5133;5289;5220;5143;5382;5490;5693;5558;5854
56;4393;5170;5184;5436;5373;5124;4994;4843;4728;4796;5133;5260;5212;5113;5361;5451;5665;5527
57;4183;4376;5156;5166;5438;5361;5122;4995;4848;4723;4798;5095;5236;5176;5099;5339;5415;5641
58;4368;4163;4358;5145;5157;5439;5347;5112;4978;4853;4713;4771;5073;5227;5157;5070;5308;5378
59;4409;4338;4145;4336;5132;5160;5445;5331;5098;4977;4855;4683;4734;5045;5191;5114;5055;5269
60;4093;4375;4342;4134;4332;5117;5153;5442;5328;5094;4942;4816;4644;4711;5007;5161;5081;5038
61;4458;4073;4348;4311;4121;4291;5124;5150;5429;5330;5087;4894;4774;4609;4667;4967;5137;5040
62;4717;4435;4040;4320;4285;4099;4259;5120;5147;5427;5320;5047;4860;4743;4582;4635;4929;5101
63;4367;4689;4380;4022;4314;4257;4076;4220;5096;5142;5406;5280;5015;4819;4706;4552;4615;4901
64;4154;4320;4671;4363;3984;4296;4220;4061;4195;5093;5112;5351;5228;4980;4792;4668;4518;4572
65;3968;4133;4298;4645;4326;3973;4270;4183;4027;4174;5071;5079;5298;5171;4923;4754;4627;4481
66;3847;3929;4103;4263;4606;4291;3941;4243;4148;4023;4134;5016;5030;5258;5126;4874;4704;4582
67;3998;3806;3894;4066;4238;4565;4242;3918;4201;4103;3979;4091;4962;4976;5203;5050;4814;4656
68;3784;3962;3769;3853;4034;4188;4513;4206;3878;4171;4065;3919;4032;4901;4898;5131;4978;4761
69;3660;3737;3933;3739;3799;3998;4127;4459;4166;3847;4126;4008;3869;3975;4829;4825;5059;4913
70;3883;3596;3662;3888;3689;3765;3960;4084;4426;4110;3799;4072;3949;3803;3908;4763;4757;5000
71;3925;3816;3529;3606;3849;3621;3722;3916;4044;4353;4057;3735;3991;3884;3732;3843;4662;4670
72;3539;3861;3738;3471;3552;3797;3559;3677;3850;3976;4299;3972;3653;3914;3823;3672;3780;4579
73;3373;3466;3770;3679;3398;3481;3715;3484;3606;3787;3904;4194;3901;3573;3838;3742;3591;3714
74;3511;3290;3364;3668;3588;3329;3412;3646;3419;3530;3720;3791;4102;3828;3501;3754;3658;3529
75;3286;3424;3200;3269;3591;3474;3262;3345;3522;3330;3435;3628;3696;4008;3739;3428;3686;3555
76;3029;3178;3331;3118;3189;3501;3375;3170;3217;3446;3251;3341;3533;3613;3868;3646;3338;3580
77;2797;2906;3069;3233;3004;3097;3363;3273;3065;3131;3362;3137;3234;3428;3492;3747;3551;3229
78;2769;2693;2782;2957;3105;2892;2982;3256;3132;2953;3030;3236;3012;3121;3308;3380;3629;3437
79;2819;2635;2548;2672;2819;2991;2787;2881;3094;3022;2825;2922;3105;2911;2999;3176;3255;3487
80;2489;2675;2483;2433;2533;2692;2824;2644;2760;2948;2902;2697;2797;2977;2774;2879;3041;3123
81;2341;2345;2547;2364;2286;2383;2567;2664;2492;2615;2791;2766;2565;2676;2811;2656;2750;2881
82;1386;2161;2165;2406;2231;2121;2246;2404;2502;2361;2474;2625;2610;2407;2516;2650;2524;2618
83;1030;1282;1994;2022;2244;2072;1964;2077;2236;2344;2223;2328;2453;2460;2269;2381;2485;2352
84;921;948;1167;1820;1843;2075;1903;1823;1901;2058;2174;2072;2174;2283;2258;2108;2214;2305
85;1048;859;858;1078;1655;1708;1875;1736;1656;1739;1906;1988;1913;1996;2078;2080;1952;2032
86;1120;932;761;761;996;1477;1530;1688;1579;1502;1592;1728;1819;1748;1779;1887;1903;1777
87;946;978;823;684;677;890;1324;1339;1512;1434;1329;1411;1557;1643;1573;1595;1686;1711
88;927;827;828;715;582;584;778;1161;1190;1334;1261;1162;1239;1387;1440;1376;1406;1503
89;665;786;678;713;642;502;512;679;973;1057;1129;1092;1013;1068;1188;1262;1161;1220
90;532;580;622;583;607;547;414;441;579;826;898;947;936;874;913;1034;1063;1004
91;473;445;461;518;468;512;444;344;370;483;711;760;775;785;714;772;864;904
92;337;381;354;379;411;372;393;365;286;312;403;575;637;655;656;594;635;703
93;232;267;278;289;290;320;290;323;295;231;262;314;459;501;521;529;459;509
94;153;178;196;221;234;226;247;229;251;227;195;191;246;350;372;424;401;376
95;109;120;124;150;173;179;176;199;170;198;176;155;148;197;246;273;326;309
96;66;76;80;103;121;129;123;130;159;130;163;119;111;118;143;182;192;241
97;58;47;48;59;78;82;89;103;85;115;103;113;86;81;78;104;131;151
98;35;47;33;36;37;59;58;48;71;62;86;77;80;66;50;58;67;91
99;19;21;30;25;18;26;42;42;35;50;50;52;46;54;41;35;34;55
100 e oltre;32;35;38;52;45;39;40;44;63;71;86;78;80;80;72;70;76;56
Totale;399222;398400;397851;397640;398111;397671;397724;397480;397660;397921;397141;394492;392314;389837;386763;383794;380219;376366
Età/Anno;2002;2003;2004;2005;2006;2007;2008;2009;2010;2011;2012;2013;2014;2015;2016;2017;2018;2019
Età;Maschi
0;1880;1898;1828;1862;1767;1827;1819;1784;1842;1680;1711;1591;1592;1531;1414;1409;1271;1280
1;1811;1876;1898;1814;1861;1769;1823;1820;1776;1855;1679;1707;1580;1582;1518;1410;1390;1271
2;2032;1819;1885;1906;1831;1865;1763;1818;1832;1777;1872;1681;1708;1578;1594;1520;1408;1386
3;1958;2025;1821;1894;1921;1841;1868;1775;1813;1844;1782;1863;1667;1699;1579;1602;1507;1394
4;1938;1975;2023;1831;1922;1930;1860;1868;1780;1812;1844;1783;1858;1674;1696;1573;1604;1500
5;2065;1941;1993;2028;1846;1918;1939;1863;1879;1802;1815;1848;1780;1850;1663;1697;1580;1598
6;2004;2070;1944;1997;2047;1861;1930;1943;1874;1893;1822;1819;1853;1772;1847;1668;1691;1573
7;2095;2014;2074;1962;2008;2040;1868;1935;1945;1883;1902;1818;1810;1841;1768;1850;1669;1696
8;2327;2092;2021;2071;1969;2017;2047;1890;1949;1953;1891;1900;1828;1806;1832;1766;1846;1661
9;2462;2325;2105;2021;2085;1967;2031;2041;1908;1964;1950;1897;1899;1820;1800;1831;1761;1832
10;2370;2457;2340;2113;2036;2090;1975;2039;2060;1915;1968;1942;1894;1897;1816;1804;1825;1759
11;2515;2358;2459;2338;2130;2038;2094;1986;2049;2077;1923;1968;1931;1894;1893;1803;1796;1821
12;2517;2515;2357;2472;2352;2141;2053;2104;1995;2062;2083;1920;1964;1920;1888;1888;1808;1790
13;2435;2509;2521;2347;2475;2358;2151;2058;2112;2006;2069;2078;1916;1959;1918;1884;1877;1800
14;2504;2429;2511;2531;2356;2470;2366;2157;2060;2118;2010;2066;2071;1911;1959;1919;1864;1860
15;2443;2496;2442;2503;2547;2355;2482;2374;2163;2070;2128;2005;2063;2060;1911;1954;1913;1854
16;2669;2426;2506;2434;2501;2534;2366;2491;2378;2177;2068;2125;1998;2060;2058;1908;1947;1911
17;2658;2664;2423;2509;2440;2500;2538;2369;2505;2381;2177;2066;2118;1998;2052;2052;1903;1942
18;2630;2655;2654;2414;2513;2431;2501;2544;2372;2516;2388;2181;2059;2114;1994;2043;2044;1908
19;2833;2613;2643;2627;2408;2508;2434;2496;2534;2380;2507;2373;2169;2050;2110;1979;2032;2036
20;2873;2807;2605;2617;2624;2388;2495;2433;2489;2526;2367;2495;2364;2157;2033;2100;1956;2009
21;2919;2832;2787;2589;2603;2604;2371;2490;2426;2478;2519;2345;2483;2357;2155;2023;2064;1945
22;3066;2864;2813;2739;2576;2569;2606;2347;2489;2423;2460;2494;2332;2452;2335;2138;1998;2033
23;3052;3022;2818;2770;2704;2541;2547;2568;2339;2479;2405;2432;2469;2316;2419;2307;2099;1963
24;3005;3009;2975;2750;2718;2665;2526;2517;2543;2325;2454;2370;2388;2436;2289;2378;2252;2062
25;3085;2969;2955;2928;2724;2659;2633;2494;2494;2514;2298;2412;2339;2348;2412;2239;2313;2203
26;3116;3061;2933;2900;2891;2667;2598;2566;2464;2467;2459;2244;2374;2280;2292;2349;2169;2251
27;3116;3087;3051;2895;2889;2856;2620;2566;2499;2432;2423;2407;2192;2339;2235;2248;2265;2106
28;2934;3085;3040;3015;2878;2836;2811;2581;2538;2449;2362;2347;2374;2120;2290;2182;2196;2185
29;2889;2880;3043;3007;2998;2846;2792;2762;2534;2478;2406;2309;2289;2329;2099;2231;2137;2122
30;2847;2837;2845;3018;2964;2965;2806;2755;2735;2508;2422;2343;2274;2233;2303;2062;2178;2098
31;2828;2803;2829;2821;3028;2927;2940;2774;2744;2710;2458;2355;2317;2235;2175;2253;2046;2142
32;2888;2804;2770;2832;2820;3002;2912;2917;2765;2712;2658;2422;2304;2280;2199;2149;2212;2003
33;2987;2858;2788;2726;2795;2797;2996;2906;2912;2741;2669;2618;2406;2283;2249;2165;2117;2169
34;2907;2945;2845;2759;2742;2776;2790;2975;2920;2891;2732;2625;2612;2371;2255;2219;2143;2100
35;2988;2881;2940;2836;2769;2755;2780;2779;2993;2888;2862;2703;2611;2583;2352;2224;2197;2121
36;2930;2980;2885;2920;2847;2775;2769;2782;2792;3016;2878;2838;2684;2586;2559;2317;2202;2189
37;3021;2915;2985;2888;2960;2852;2780;2777;2783;2798;3019;2857;2818;2660;2559;2533;2310;2183
38;2885;3020;2909;2991;2902;2952;2836;2796;2796;2791;2791;2997;2859;2795;2659;2545;2520;2285
39;2818;2866;3021;2919;2991;2887;2971;2843;2806;2809;2786;2768;2982;2836;2787;2660;2533;2493
40;2755;2803;2855;3024;2925;2987;2897;2967;2859;2833;2810;2784;2759;2965;2827;2771;2638;2511
41;2665;2749;2798;2831;3031;2929;2994;2904;2978;2879;2823;2784;2773;2748;2939;2810;2758;2620
42;2649;2647;2751;2790;2833;3028;2942;3000;2904;3006;2875;2818;2761;2756;2749;2933;2811;2734
43;2504;2637;2635;2755;2811;2844;3056;2957;3009;2941;3003;2867;2809;2757;2752;2755;2913;2809
44;2508;2506;2627;2620;2761;2812;2852;3062;2975;3037;2944;2992;2844;2802;2758;2755;2736;2884
45;2524;2500;2494;2636;2617;2745;2814;2857;3080;2991;3043;2941;2992;2832;2789;2751;2739;2717
46;2391;2515;2502;2500;2654;2610;2760;2808;2862;3091;3003;3035;2930;2986;2822;2775;2732;2725
47;2357;2373;2515;2505;2498;2667;2615;2756;2811;2887;3100;3001;3016;2939;2987;2816;2761;2716
48;2269;2348;2373;2522;2516;2499;2674;2614;2765;2817;2884;3079;2988;3013;2921;2956;2804;2760
49;2280;2267;2345;2382;2527;2508;2501;2668;2623;2772;2818;2866;3063;2969;2995;2915;2937;2777
50;2349;2285;2272;2353;2386;2531;2496;2504;2667;2624;2768;2816;2851;3047;2955;2978;2906;2923
51;2542;2343;2279;2272;2361;2390;2534;2501;2509;2674;2616;2744;2798;2832;3036;2941;2961;2894
52;2571;2528;2337;2277;2266;2364;2408;2528;2509;2512;2673;2608;2736;2777;2831;3035;2922;2945
53;2670;2568;2510;2319;2274;2249;2350;2415;2534;2514;2508;2655;2604;2728;2766;2813;3002;2915
54;2482;2659;2563;2506;2315;2275;2259;2346;2427;2544;2513;2493;2647;2577;2719;2755;2788;2982
55;2449;2481;2642;2562;2499;2316;2284;2253;2348;2423;2542;2497;2469;2637;2575;2708;2737;2768
56;2120;2432;2472;2637;2560;2486;2306;2284;2251;2342;2424;2524;2489;2450;2622;2561;2692;2720
57;1912;2110;2426;2468;2632;2541;2475;2304;2283;2253;2344;2408;2517;2473;2444;2608;2543;2679
58;2059;1900;2094;2419;2465;2627;2525;2467;2294;2287;2247;2333;2388;2519;2470;2422;2589;2517
59;2071;2039;1897;2080;2407;2457;2620;2519;2456;2293;2287;2227;2318;2373;2495;2448;2409;2579
60;1955;2053;2039;1891;2075;2393;2440;2609;2520;2445;2270;2265;2207;2307;2351;2480;2423;2401
61;2124;1946;2037;2026;1880;2052;2392;2437;2593;2522;2435;2242;2251;2184;2292;2324;2461;2399
62;2220;2105;1921;2021;2012;1861;2031;2394;2429;2591;2512;2410;2222;2229;2172;2277;2290;2438
63;2082;2203;2067;1908;2022;1997;1839;2001;2385;2428;2574;2492;2387;2199;2205;2152;2269;2276
64;1955;2052;2187;2061;1883;2005;1975;1825;1980;2381;2411;2538;2462;2357;2186;2183;2127;2247
65;1873;1944;2033;2170;2032;1872;1993;1954;1802;1964;2373;2393;2510;2432;2323;2174;2157;2104
66;1745;1849;1926;2018;2147;2010;1851;1974;1936;1802;1940;2344;2363;2482;2406;2298;2146;2140
67;1808;1720;1826;1893;2000;2121;1982;1841;1950;1915;1775;1915;2308;2325;2446;2359;2258;2128
68;1676;1784;1703;1792;1866;1969;2084;1953;1823;1932;1882;1738;1886;2279;2276;2405;2322;2235
69;1651;1649;1762;1682;1758;1849;1928;2047;1933;1799;1904;1851;1714;1856;2234;2235;2363;2277
70;1718;1605;1602;1738;1660;1731;1819;1898;2024;1898;1768;1870;1799;1680;1804;2197;2187;2332
71;1763;1673;1548;1557;1707;1617;1706;1793;1863;1980;1871;1728;1828;1758;1634;1768;2137;2148
72;1531;1718;1628;1502;1522;1675;1583;1671;1756;1816;1946;1822;1681;1778;1724;1592;1734;2090
73;1465;1484;1665;1588;1460;1475;1618;1539;1624;1723;1777;1888;1781;1636;1744;1674;1553;1699
74;1469;1420;1424;1598;1538;1418;1428;1582;1512;1570;1683;1711;1835;1727;1601;1698;1621;1525
75;1352;1423;1360;1370;1565;1469;1378;1383;1508;1470;1519;1634;1658;1781;1676;1553;1652;1571
76;1270;1301;1366;1309;1328;1520;1416;1331;1312;1468;1422;1467;1579;1611;1693;1621;1503;1587
77;1116;1202;1244;1306;1249;1274;1438;1363;1271;1269;1428;1363;1400;1505;1548;1608;1560;1439
78;1146;1056;1117;1183;1242;1187;1209;1375;1293;1220;1214;1359;1307;1340;1452;1469;1545;1513
79;1077;1070;975;1061;1102;1186;1133;1156;1298;1242;1151;1164;1281;1251;1285;1383;1415;1475
80;983;1011;983;912;992;1033;1097;1058;1098;1226;1176;1080;1094;1223;1182;1216;1307;1350
81;916;912;939;917;843;917;976;1017;972;1024;1150;1109;1030;1041;1140;1126;1152;1226
82;512;822;824;867;846;762;852;909;945;893;941;1054;1035;952;970;1058;1063;1092
83;327;464;739;754;792;764;695;778;834;867;822;868;971;959;888;917;971;974
84;335;292;418;657;667;710;690;620;696;759;773;748;802;894;875;806;841;884
85;405;305;248;379;586;609;642;609;558;624;679;699;678;717;790;781;733;767
86;376;348;257;207;338;512;546;554;543;496;555;601;642;611;628;704;708;654
87;315;323;310;227;185;287;446;470;485;489;436;482;522;567;526;548;620;626
88;322;265;266;258;188;151;245;397;415;420;430;374;422;458;493;439;468;555
89;211;276;206;225;228;163;135;204;316;360;354;367;321;350;372;410;363;396
90;156;180;212;173;188;190;125;113;173;256;293;281;303;278;297;329;335;303
91;127;129;143;168;131;168;156;105;90;137;213;241;218;249;222;240;263;283
92;102;105;101;107;125;92;131;119;85;80;102;163;193;179;205;178;182;208
93;72;72;80;80;80;96;71;101;93;72;66;77;124;156;145;161;136;145
94;32;57;53;61;67;60;65;51;74;69;60;49;63;93;111;114;112;106
95;27;30;41;38;49;49;47;51;36;58;55;45;31;45;69;78;93;87
96;9;17;14;32;32;37;27;37;44;23;47;36;27;21;35;46;54;71
97;11;6;11;8;22;20;27;26;25;32;20;33;27;16;16;25;32;44
98;6;10;2;8;6;15;12;13;15;19;22;17;23;17;7;10;15;23
99;4;3;8;1;6;1;7;8;7;12;16;12;11;13;12;3;6;13
100 e oltre;2;2;3;8;5;7;5;5;11;12;18;18;18;14;12;14;11;11
Totale;191673;191258;190960;190813;191200;190968;191089;191068;191358;191683;191325;190032;188995;187762;186465;185041;183209;181551
Età/Anno;2002;2003;2004;2005;2006;2007;2008;2009;2010;2011;2012;2013;2014;2015;2016;2017;2018;2019
Età;Femmine
0;1806;1832;1728;1780;1728;1712;1647;1690;1679;1652;1514;1510;1556;1441;1372;1288;1306;1206
1;1920;1817;1834;1712;1785;1701;1705;1633;1686;1698;1642;1499;1497;1548;1436;1366;1291;1293
2;1912;1913;1824;1820;1706;1792;1713;1698;1635;1704;1695;1648;1501;1490;1527;1425;1373;1287
3;1819;1917;1922;1830;1827;1726;1799;1710;1699;1640;1697;1691;1647;1506;1505;1510;1414;1367
4;1850;1815;1917;1924;1849;1835;1711;1806;1716;1694;1649;1688;1691;1630;1502;1495;1506;1408
5;1924;1852;1834;1920;1929;1858;1832;1712;1817;1725;1698;1648;1684;1692;1624;1512;1503;1507
6;1983;1914;1854;1835;1927;1930;1860;1836;1726;1823;1741;1704;1645;1684;1683;1619;1522;1495
7;2034;1982;1927;1861;1855;1934;1932;1867;1845;1725;1826;1734;1699;1642;1690;1682;1613;1518
8;2128;2025;1982;1938;1874;1866;1937;1949;1877;1842;1726;1818;1729;1695;1640;1689;1674;1601
9;2256;2126;2031;1984;1951;1884;1876;1933;1962;1894;1850;1725;1818;1721;1701;1632;1680;1664
10;2337;2250;2128;2029;1995;1951;1888;1888;1934;1969;1897;1846;1715;1819;1717;1694;1632;1667
11;2382;2335;2259;2129;2028;1991;1959;1901;1906;1934;1983;1896;1845;1717;1812;1710;1689;1630
12;2327;2386;2339;2270;2133;2031;1999;1974;1912;1928;1933;1977;1891;1845;1710;1804;1705;1683
13;2438;2328;2387;2330;2278;2136;2034;1994;1984;1924;1937;1936;1973;1890;1830;1714;1794;1702
14;2464;2431;2343;2378;2337;2280;2151;2036;2004;1994;1927;1924;1940;1970;1880;1831;1702;1777
15;2412;2466;2428;2346;2380;2335;2296;2163;2044;2010;2001;1933;1921;1949;1973;1880;1830;1697
16;2594;2404;2468;2426;2353;2376;2341;2310;2174;2057;2017;2002;1932;1915;1945;1965;1868;1821
17;2548;2592;2405;2471;2426;2346;2379;2344;2315;2181;2058;2008;1995;1925;1905;1941;1952;1854
18;2574;2534;2592;2397;2476;2433;2359;2372;2348;2330;2185;2056;2017;1995;1919;1917;1941;1958
19;2666;2556;2539;2571;2400;2476;2426;2363;2365;2356;2335;2195;2045;2023;1991;1908;1920;1935
20;2663;2641;2549;2519;2556;2384;2471;2411;2359;2362;2349;2320;2180;2031;2005;1970;1889;1899
21;2668;2645;2640;2536;2511;2534;2363;2455;2410;2355;2349;2334;2300;2165;2016;1975;1952;1861
22;2784;2650;2618;2637;2539;2506;2524;2351;2461;2392;2343;2354;2324;2286;2155;1992;1954;1930
23;2874;2751;2629;2601;2627;2524;2497;2496;2330;2464;2388;2328;2336;2297;2286;2143;1978;1939
24;3011;2855;2752;2620;2585;2592;2500;2470;2475;2305;2441;2352;2321;2309;2259;2252;2116;1931
25;3024;2994;2846;2705;2587;2556;2575;2468;2456;2449;2264;2410;2346;2277;2263;2225;2222;2075
26;3185;2976;2940;2818;2696;2557;2530;2560;2445;2441;2416;2244;2383;2305;2225;2215;2182;2177
27;3244;3127;2936;2908;2784;2663;2542;2470;2532;2410;2411;2379;2186;2361;2273;2189;2152;2101
28;3017;3189;3088;2904;2881;2738;2654;2494;2432;2499;2383;2377;2340;2151;2317;2225;2149;2076
29;2975;2996;3139;3041;2898;2830;2729;2631;2455;2407;2470;2334;2352;2320;2123;2280;2172;2071
30;2972;2935;2955;3114;2998;2878;2807;2702;2622;2428;2375;2415;2310;2306;2273;2105;2216;2138
31;3056;2932;2898;2902;3105;2959;2857;2778;2674;2582;2400;2350;2399;2268;2277;2219;2063;2164
32;2944;3021;2911;2870;2871;3064;2965;2831;2783;2635;2550;2366;2331;2376;2231;2231;2181;2040
33;3046;2926;3005;2892;2824;2860;3047;2951;2827;2761;2636;2524;2353;2291;2349;2216;2202;2145
34;3086;3042;2924;3003;2901;2822;2873;3017;2964;2817;2745;2612;2502;2316;2259;2323;2181;2160
35;2968;3081;3044;2932;3015;2902;2833;2885;3027;2987;2821;2721;2593;2490;2302;2251;2309;2160
36;3145;2958;3089;3038;2949;3003;2898;2828;2910;3028;2984;2798;2695;2569;2470;2286;2239;2280
37;3172;3134;2961;3081;3036;2954;3004;2906;2847;2926;3022;2961;2791;2690;2560;2460;2276;2236
38;3169;3151;3129;2961;3079;3040;2965;3003;2913;2849;2926;3020;2940;2790;2682;2539;2437;2269
39;2836;3149;3143;3133;2964;3076;3046;2979;3000;2906;2863;2905;3012;2921;2779;2665;2525;2435
40;3076;2839;3155;3141;3152;2956;3084;3055;2983;3001;2899;2836;2902;3009;2902;2775;2668;2515
41;2944;3070;2844;3142;3165;3162;2960;3086;3063;3004;3002;2884;2827;2901;3011;2905;2773;2682
42;2717;2951;3065;2847;3148;3166;3165;2965;3097;3072;2998;2988;2869;2832;2888;3001;2889;2753
43;2682;2721;2951;3059;2861;3150;3171;3166;2969;3107;3076;2987;2986;2867;2825;2874;2979;2866
44;2670;2675;2722;2945;3057;2852;3171;3179;3163;2977;3111;3074;2973;2979;2865;2810;2864;2955
45;2731;2672;2666;2719;2939;3057;2862;3170;3186;3168;2975;3103;3072;2978;2965;2857;2803;2846
46;2705;2729;2674;2667;2731;2938;3054;2870;3163;3192;3176;2974;3101;3066;2968;2948;2858;2793
47;2452;2700;2727;2673;2663;2737;2941;3053;2878;3162;3190;3157;2967;3094;3059;2967;2940;2847
48;2501;2450;2702;2726;2688;2672;2750;2939;3049;2884;3168;3176;3147;2959;3087;3053;2961;2925
49;2572;2488;2444;2702;2728;2697;2681;2754;2944;3048;2890;3150;3170;3144;2949;3075;3034;2946
50;2705;2563;2492;2440;2707;2727;2704;2678;2768;2945;3042;2880;3139;3164;3138;2944;3056;3015
51;2647;2694;2568;2487;2442;2707;2733;2712;2683;2780;2946;3044;2860;3133;3151;3130;2941;3046
52;2827;2639;2684;2566;2484;2445;2706;2734;2716;2689;2779;2941;3031;2849;3117;3142;3124;2930
53;2810;2816;2638;2690;2567;2479;2445;2705;2741;2723;2691;2769;2940;3007;2837;3111;3135;3101
54;2719;2800;2818;2639;2686;2567;2480;2449;2703;2743;2727;2684;2765;2924;2992;2834;3093;3128
55;2737;2713;2799;2812;2644;2689;2561;2479;2450;2710;2747;2723;2674;2745;2915;2985;2821;3086
56;2273;2738;2712;2799;2813;2638;2688;2559;2477;2454;2709;2736;2723;2663;2739;2890;2973;2807
57;2271;2266;2730;2698;2806;2820;2647;2691;2565;2470;2454;2687;2719;2703;2655;2731;2872;2962
58;2309;2263;2264;2726;2692;2812;2822;2645;2684;2566;2466;2438;2685;2708;2687;2648;2719;2861
59;2338;2299;2248;2256;2725;2703;2825;2812;2642;2684;2568;2456;2416;2672;2696;2666;2646;2690
60;2138;2322;2303;2243;2257;2724;2713;2833;2808;2649;2672;2551;2437;2404;2656;2681;2658;2637
61;2334;2127;2311;2285;2241;2239;2732;2713;2836;2808;2652;2652;2523;2425;2375;2643;2676;2641
62;2497;2330;2119;2299;2273;2238;2228;2726;2718;2836;2808;2637;2638;2514;2410;2358;2639;2663
63;2285;2486;2313;2114;2292;2260;2237;2219;2711;2714;2832;2788;2628;2620;2501;2400;2346;2625
64;2199;2268;2484;2302;2101;2291;2245;2236;2215;2712;2701;2813;2766;2623;2606;2485;2391;2325
65;2095;2189;2265;2475;2294;2101;2277;2229;2225;2210;2698;2686;2788;2739;2600;2580;2470;2377
66;2102;2080;2177;2245;2459;2281;2090;2269;2212;2221;2194;2672;2667;2776;2720;2576;2558;2442
67;2190;2086;2068;2173;2238;2444;2260;2077;2251;2188;2204;2176;2654;2651;2757;2691;2556;2528
68;2108;2178;2066;2061;2168;2219;2429;2253;2055;2239;2183;2181;2146;2622;2622;2726;2656;2526
69;2009;2088;2171;2057;2041;2149;2199;2412;2233;2048;2222;2157;2155;2119;2595;2590;2696;2636
70;2165;1991;2060;2150;2029;2034;2141;2186;2402;2212;2031;2202;2150;2123;2104;2566;2570;2668
71;2162;2143;1981;2049;2142;2004;2016;2123;2181;2373;2186;2007;2163;2126;2098;2075;2525;2522
72;2008;2143;2110;1969;2030;2122;1976;2006;2094;2160;2353;2150;1972;2136;2099;2080;2046;2489
73;1908;1982;2105;2091;1938;2006;2097;1945;1982;2064;2127;2306;2120;1937;2094;2068;2038;2015
74;2042;1870;1940;2070;2050;1911;1984;2064;1907;1960;2037;2080;2267;2101;1900;2056;2037;2004
75;1934;2001;1840;1899;2026;2005;1884;1962;2014;1860;1916;1994;2038;2227;2063;1875;2034;1984
76;1759;1877;1965;1809;1861;1981;1959;1839;1905;1978;1829;1874;1954;2002;2175;2025;1835;1993
77;1681;1704;1825;1927;1755;1823;1925;1910;1794;1862;1934;1774;1834;1923;1944;2139;1991;1790
78;1623;1637;1665;1774;1863;1705;1773;1881;1839;1733;1816;1877;1705;1781;1856;1911;2084;1924
79;1742;1565;1573;1611;1717;1805;1654;1725;1796;1780;1674;1758;1824;1660;1714;1793;1840;2012
80;1506;1664;1500;1521;1541;1659;1727;1586;1662;1722;1726;1617;1703;1754;1592;1663;1734;1773
81;1425;1433;1608;1447;1443;1466;1591;1647;1520;1591;1641;1657;1535;1635;1671;1530;1598;1655
82;874;1339;1341;1539;1385;1359;1394;1495;1557;1468;1533;1571;1575;1455;1546;1592;1461;1526
83;703;818;1255;1268;1452;1308;1269;1299;1402;1477;1401;1460;1482;1501;1381;1464;1514;1378
84;586;656;749;1163;1176;1365;1213;1203;1205;1299;1401;1324;1372;1389;1383;1302;1373;1421
85;643;554;610;699;1069;1099;1233;1127;1098;1115;1227;1289;1235;1279;1288;1299;1219;1265
86;744;584;504;554;658;965;984;1134;1036;1006;1037;1127;1177;1137;1151;1183;1195;1123
87;631;655;513;457;492;603;878;869;1027;945;893;929;1035;1076;1047;1047;1066;1085
88;605;562;562;457;394;433;533;764;775;914;831;788;817;929;947;937;938;948
89;454;510;472;488;414;339;377;475;657;697;775;725;692;718;816;852;798;824
90;376;400;410;410;419;357;289;328;406;570;605;666;633;596;616;705;728;701
91;346;316;318;350;337;344;288;239;280;346;498;519;557;536;492;532;601;621
92;235;276;253;272;286;280;262;246;201;232;301;412;444;476;451;416;453;495
93;160;195;198;209;210;224;219;222;202;159;196;237;335;345;376;368;323;364
94;121;121;143;160;167;166;182;178;177;158;135;142;183;257;261;310;289;270
95;82;90;83;112;124;130;129;148;134;140;121;110;117;152;177;195;233;222
96;57;59;66;71;89;92;96;93;115;107;116;83;84;97;108;136;138;170
97;47;41;37;51;56;62;62;77;60;83;83;80;59;65;62;79;99;107
98;29;37;31;28;31;44;46;35;56;43;64;60;57;49;43;48;52;68
99;15;18;22;24;12;25;35;34;28;38;34;40;35;41;29;32;28;42
100 e oltre;30;33;35;44;40;32;35;39;52;59;68;60;62;66;60;56;65;45
Totale;207549;207142;206891;206827;206911;206703;206635;206412;206302;206238;205816;204460;203319;202075;200298;198753;197010;194815

"Ricostruzione della popolazione intercensuaria - Popolazione al 1° gennaio per età"
"Cittadinanza straniera - Provincia: Brindisi"
Età/Anno;2002;2003;2004;2005;2006;2007;2008;2009;2010;2011;2012;2013;2014;2015;2016;2017;2018;2019
Età;Totale
0;36;43;29;33;30;43;57;62;60;80;82;97;92;97;105;121;112;84
1;39;40;43;40;34;32;39;53;71;68;80;94;99;100;98;106;121;113
2;33;35;44;44;49;34;48;44;62;86;71;83;105;99;97;90;97;129
3;38;36;46;46;42;53;38;47;59;68;92;85;85;111;87;90;91;102
4;28;33;38;53;45;44;54;41;61;69;68;102;87;92;118;93;83;97
5;36;28;43;41;54;47;48;56;47;66;77;68;103;90;87;112;86;90
6;33;37;31;48;41;62;54;55;69;59;72;92;69;98;87;85;100;95
7;26;31;44;37;52;39;67;58;67;78;68;76;85;75;89;87;80;99
8;37;32;34;52;38;51;46;71;68;68;90;75;75;84;82;86;91;97
9;35;39;35;37;46;39;57;49;79;75;75;90;74;74;82;88;86;93
10;47;36;44;43;42;48;42;63;62;83;78;81;84;67;72;77;85;92
11;42;54;38;47;40;41;54;48;66;65;87;89;85;79;63;71;77;90
12;31;41;60;42;47;44;50;54;55;76;72;94;88;86;78;62;67;80
13;27;32;45;66;40;50;50;53;62;62;78;79;96;79;85;80;60;69
14;36;27;33;45;64;35;53;58;61;71;69;84;90;90;78;81;78;71
15;41;32;32;40;40;67;46;56;69;66;77;75;87;98;93;79;73;84
16;35;46;34;36;38;45;67;56;58;78;71;86;70;96;104;95;77;84
17;48;37;45;43;37;39;51;84;64;63;88;70;96;86;102;115;105;97
18;63;48;35;45;47;41;50;64;92;85;68;102;69;93;92;116;158;141
19;41;66;56;43;50;51;54;62;81;117;106;80;109;76;112;116;171;189
20;38;39;61;64;39;52;67;78;77;97;139;126;92;120;86;127;164;187
21;43;39;38;62;71;39;63;86;110;102;120;160;135;98;131;113;175;191
22;40;37;47;44;65;85;67;83;96;137;127;144;159;151;101;148;163;210
23;48;33;50;45;49;66;101;95;96;119;169;173;157;174;155;137;185;213
24;60;44;56;58;48;50;88;110;111;128;136;189;181;175;172;176;170;238
25;53;62;55;63;61;42;61;96;127;144;146;185;198;201;184;205;216;210
26;64;51;80;56;65;61;65;94;111;140;171;195;197;229;199;226;214;268
27;65;60;69;91;53;69;98;72;105;128;170;200;203;230;235;232;246;260
28;86;68;88;91;89;64;91;118;91;141;156;209;214;225;227;253;268;282
29;67;90;82;87;109;93;95;119;141;103;162;172;207;246;229;253;280;303
30;86;85;116;98;88;117;115;135;143;159;149;191;191;216;259;246;276;298
31;72;92;110;129;106;91;137;136;135;151;177;172;182;213;217;270;257;306
32;74;74;105;121;123;104;114;175;149;156;163;207;188;192;207;230;273;302
33;70;70;72;109;102;108;122;147;188;142;168;180;214;191;180;212;246;292
34;71;67;73;81;106;106;128;151;161;201;153;193;190;220;194;195;213;263
35;75;66;62;70;70;103;118;144;152;158;205;169;217;189;218;194;214;245
36;65;77;70;70;58;76;110;122;148;161;169;227;174;215;183;226;198;232
37;66;73;89;71;73;64;95;131;132;148;170;195;231;180;213;177;236;208
38;80;65;80;93;73;79;76;115;142;139;155;189;192;219;181;196;186;246
39;82;74;70;86;93;76;94;91;131;154;153;175;197;181;234;181;188;186
40;59;76;80;78;86;97;93;105;124;157;166;179;173;196;188;237;179;196
41;70;63;79;79;82;91;110;109;120;141;162;194;176;171;195;189;229;184
42;46;66;72;89;73;81;100;121;132;142;163;178;197;181;164;196;179;230
43;52;40;70;76;83;64;77;104;129;125;145;168;188;199;181;169;184;203
44;49;41;41;72;78;74;77;99;112;133;144;163;174;187;188;184;157;198
45;54;44;44;43;76;73;84;90;115;114;133;169;175;177;170;188;175;173
46;56;54;37;44;49;74;83;87;100;121;119;134;182;169;186;172;176;174
47;34;49;55;39;45;42;79;96;104;107;124;122;143;192;167;178;164;184
48;50;32;42;56;42;44;53;93;113;118;115;140;134;130;187;176;182;162
49;33;47;32;47;53;41;57;75;119;118;127;129;147;131;133;182;172;190
50;27;31;48;32;47;53;53;69;85;124;135;141;135;150;123;133;165;167
51;35;28;33;50;35;49;61;77;80;91;126;139;156;140;142;129;124;168
52;36;36;28;35;46;38;61;74;83;86;98;136;150;146;133;145;138;129
53;19;33;38;25;33;46;53;65;86;87;92;105;144;154;135;140;153;142
54;27;19;35;38;27;36;48;59;77;84;95;94;101;138;142;127;145;155
55;25;30;22;35;37;28;42;49;62;83;94;97;107;108;132;139;118;148
56;23;24;32;24;39;44;34;48;56;65;88;99;102;106;109;127;139;120
57;20;20;24;29;25;39;50;34;49;62;70;94;98;100;101;108;130;135
58;17;20;19;27;28;31;42;57;44;52;64;75;99;92;95;97;113;132
59;27;17;20;22;29;31;36;44;66;47;56;67;72;93;92;98;96;111
60;17;30;19;21;23;30;33;41;45;62;48;59;75;69;87;83;104;96
61;24;19;30;23;26;25;36;37;43;49;64;54;60;76;66;87;82;111
62;13;27;21;33;21;29;28;40;36;47;54;68;53;68;70;71;92;73
63;20;10;28;19;32;19;29;35;37;40;50;57;71;50;70;72;77;90
64;14;19;10;29;21;33;24;32;38;39;42;56;57;70;53;73;76;76
65;15;12;23;13;28;17;36;25;39;41;47;42;66;58;69;51;72;74
66;11;13;11;27;11;27;20;43;26;40;41;50;43;65;57;65;57;70
67;10;12;13;12;24;11;28;22;47;23;44;44;46;47;62;53;67;55
68;10;9;13;14;16;25;11;33;26;43;22;44;42;45;48;55;53;68
69;12;8;13;18;15;17;25;16;35;24;45;26;46;41;44;49;54;53
70;4;12;8;16;17;14;15;27;15;36;24;45;28;43;40;44;48;50
71;8;2;11;10;14;16;14;16;28;15;38;22;41;28;41;38;45;47
72;9;11;3;15;10;14;15;14;19;24;15;41;23;39;28;42;35;48
73;5;10;11;4;16;12;16;17;15;19;26;15;41;22;39;26;33;36
74;6;6;10;10;3;16;13;19;15;13;19;26;15;38;20;38;25;33
75;6;8;6;10;7;3;16;15;19;14;14;20;24;13;37;17;40;26
76;9;7;8;7;10;9;3;16;15;18;14;15;15;21;11;35;14;43
77;8;8;9;8;8;10;9;4;16;13;18;14;17;14;21;12;35;15
78;9;7;8;8;10;8;9;13;4;17;14;17;14;12;14;19;14;32
79;11;8;7;9;9;10;7;8;13;4;17;15;18;14;11;12;20;15
80;5;10;9;8;9;9;9;6;8;12;4;16;13;16;12;11;11;20
81;6;5;9;8;8;9;8;10;6;6;11;4;14;10;16;11;11;11
82;4;6;6;7;6;8;10;7;7;5;4;10;5;13;9;17;10;10
83;4;3;6;5;7;7;7;7;5;4;5;4;8;3;13;7;16;10
84;3;5;4;6;3;7;7;7;7;6;3;5;4;7;3;13;6;15
85;1;3;5;4;6;1;8;5;3;5;5;4;3;4;7;3;13;5
86;3;2;3;4;4;6;1;8;3;3;4;5;3;4;3;7;2;10
87;4;3;2;3;3;4;5;1;5;1;2;4;5;3;4;3;7;1
88;2;3;3;2;3;3;4;4;1;3;1;1;3;5;4;4;2;6
89;1;1;3;3;2;4;3;2;4;2;3;1;0;2;5;3;4;2
90;3;1;1;3;3;2;4;3;1;2;2;2;1;0;1;5;3;3
91;2;2;1;1;2;3;2;2;1;0;2;2;1;1;0;1;5;3
92;2;2;2;1;1;2;1;2;2;0;0;2;2;1;1;0;1;3
93;1;2;2;1;0;1;2;1;2;1;0;0;1;2;0;1;0;1
94;0;1;2;2;1;0;1;2;0;1;1;0;0;0;2;0;1;0
95;0;0;1;2;1;1;0;1;1;0;1;1;0;0;0;1;0;1
96;2;0;0;2;0;1;1;0;1;0;0;1;1;0;0;0;1;0
97;0;2;0;0;2;0;1;1;0;0;0;0;1;1;0;0;0;1
98;0;0;2;0;0;1;0;0;1;0;0;0;0;1;1;0;0;0
99;0;0;0;2;0;0;1;0;0;0;0;0;0;0;1;1;0;0
100 e oltre;0;0;0;0;2;2;2;0;0;0;0;0;0;0;0;1;1;1
Totale;3080;3098;3456;3780;3814;3942;4687;5529;6304;6980;7747;8768;9180;9501;9549;9992;10521;11451
Età/Anno;2002;2003;2004;2005;2006;2007;2008;2009;2010;2011;2012;2013;2014;2015;2016;2017;2018;2019
Età;Maschi
0;14;24;17;15;18;25;31;33;37;46;33;45;44;50;58;53;54;38
1;23;15;24;20;16;17;23;29;37;42;46;39;46;47;51;56;52;53
2;15;21;19;25;27;15;20;27;36;41;43;47;43;47;44;45;52;60
3;23;18;28;20;24;31;19;21;31;40;42;50;51;48;42;41;49;55
4;11;16;20;33;18;26;30;24;25;36;42;48;48;56;54;43;39;52
5;17;10;24;23;31;20;26;34;28;28;43;43;50;51;52;50;37;45
6;16;17;11;25;23;36;25;28;35;37;33;50;44;45;48;47;39;47
7;11;17;21;14;28;22;35;28;31;45;44;35;44;46;40;45;44;44
8;20;15;14;26;16;27;28;38;31;34;52;47;35;46;47;39;47;51
9;16;22;14;13;21;16;31;30;42;32;38;52;46;31;46;51;37;48
10;27;17;24;21;14;20;19;34;37;39;34;42;45;43;31;43;43;39
11;24;27;18;26;20;15;25;25;36;37;40;38;43;42;38;33;40;50
12;19;23;28;20;27;20;20;27;29;40;40;43;36;46;40;32;31;42
13;16;18;25;30;19;31;24;25;30;31;40;46;46;33;45;41;32;35
14;16;15;16;24;29;17;34;30;27;31;36;45;52;47;37;41;36;41
15;21;15;18;19;22;36;27;34;37;29;37;41;45;60;50;37;35;41
16;21;27;16;22;18;25;38;31;37;46;33;42;44;59;60;53;39;48
17;22;22;28;20;21;19;31;47;36;41;52;32;45;61;63;75;64;53
18;38;22;22;27;20;24;24;43;51;52;40;65;41;50;69;80;121;100
19;24;37;27;26;27;21;32;30;52;65;60;47;58;50;61;81;131;147
20;18;19;33;29;25;30;30;43;42;60;75;72;49;65;49;68;124;144
21;20;19;18;29;34;26;35;44;49;54;74;93;77;56;68;67;115;138
22;20;17;21;21;31;38;35;43;43;65;64;79;92;84;59;87;109;142
23;21;15;29;19;21;30;35;44;43;52;79;89;83;100;83;83;122;146
24;27;19;29;33;20;20;38;38;46;58;62;93;85;95;95;99;115;156
25;22;26;27;32;31;14;22;38;45;50;66;84;92;92;97;121;141;144
26;27;21;31;24;34;28;21;34;47;47;59;89;94;111;81;132;131;181
27;26;24;28;34;22;34;39;20;38;53;63;79;91;111;116;116;158;173
28;43;21;30;35;27;25;39;43;22;48;64;91;88;113;114;126;141;187
29;31;43;28;27;34;25;38;46;50;29;64;82;87;111;116;138;149;171
30;46;40;58;32;23;44;30;47;57;58;54;82;97;93;124;131;162;177
31;38;45;49;69;32;23;52;38;48;54;69;65;79;116;95;131;150;190
32;39;39;50;55;64;26;34;65;48;57;58;89;79;86;106;111;139;188
33;39;34;42;60;41;52;36;53;68;44;62;72;101;80;82;117;127;166
34;39;40;36;46;54;41;56;53;52;71;45;73;80;108;80;95;116;152
35;39;39;40;38;40;55;45;66;52;53;70;56;83;79;106;88;115;142
36;30;43;37;46;34;44;57;49;68;55;58;82;69;82;74;113;88;130
37;37;35;51;41;52;38;56;71;48;66;64;66;89;72;77;75;123;102
38;35;37;39;57;42;52;41;66;75;51;72;75;56;79;78;74;81;138
39;30;37;39;45;57;44;54;43;71;74;56;79;76;53;83;79;77;90
40;32;30;37;45;46;57;43;53;49;75;78;68;72;75;61;88;79;85
41;35;35;34;42;48;47;55;49;54;56;79;84;65;71;77;66;87;89
42;26;33;37;46;41;46;47;61;57;59;59;82;79;69;68;80;65;93
43;28;21;37;33;42;34;45;51;56;47;56;63;86;79;67;69;76;83
44;24;19;20;40;34;34;35;51;49;49;49;61;62;79;75;68;62;82
45;25;21;21;23;43;32;39;42;59;48;48;59;59;63;72;79;65;72
46;29;27;17;18;22;43;31;41;42;56;50;50;59;52;64;74;72;67
47;13;27;32;19;18;16;47;33;43;43;57;53;55;58;54;61;68;77
48;25;14;21;36;21;17;21;51;42;48;46;61;51;47;55;57;61;70
49;19;26;15;25;33;22;20;24;59;44;47;48;63;48;47;56;60;69
50;16;17;24;16;26;35;26;21;29;55;48;49;47;61;45;45;51;59
51;20;15;17;23;18;28;36;30;25;28;56;47;53;41;59;47;44;53
52;19;20;13;17;19;19;30;39;34;31;31;58;50;48;41;60;50;48
53;13;18;23;11;16;19;22;30;38;32;35;35;53;51;42;41;62;53
54;14;13;19;25;11;17;19;23;32;34;31;37;35;49;49;42;43;66
55;11;15;13;18;25;10;19;20;26;28;37;31;39;35;47;49;42;45
56;9;13;15;14;20;26;14;21;24;26;32;40;31;39;33;46;49;43
57;10;9;13;14;13;22;28;14;22;25;26;35;38;29;36;33;45;52
58;13;9;9;15;13;15;21;30;19;20;26;29;36;35;29;38;35;48
59;17;13;10;11;17;16;18;22;32;20;19;28;29;33;35;30;35;34
60;6;19;14;10;13;18;19;18;22;32;20;20;35;29;32;30;33;35
61;14;8;19;15;13;12;21;20;20;23;32;20;19;35;31;33;29;35
62;5;14;9;21;14;14;15;23;21;26;26;34;22;21;30;30;34;28
63;12;4;13;6;23;13;14;20;21;21;25;29;33;19;23;32;33;34
64;9;12;3;14;7;22;16;15;22;22;21;29;29;33;19;25;35;32
65;9;7;16;3;14;7;26;15;16;23;28;22;32;28;33;19;25;35
66;6;8;7;19;3;13;7;28;16;19;23;30;21;30;28;31;20;26
67;4;6;7;8;16;3;14;8;28;14;21;23;28;23;30;28;31;19
68;5;4;7;10;9;16;3;19;10;26;13;20;21;27;22;30;27;31
69;5;4;6;12;9;10;17;7;18;10;27;15;20;20;27;21;30;27
70;3;5;4;5;11;8;8;16;7;19;10;28;16;18;21;27;21;26
71;5;1;4;5;5;10;8;9;18;7;19;10;24;15;19;19;29;21
72;5;6;1;6;5;5;9;8;10;16;7;22;12;22;15;20;17;29
73;2;5;6;2;6;5;6;10;8;9;16;7;23;12;23;13;15;17
74;2;2;5;6;1;6;5;8;8;7;9;17;6;22;11;24;12;14
75;3;2;2;5;6;1;6;5;7;8;7;9;15;7;21;9;26;13
76;2;3;2;3;4;6;1;7;5;8;8;8;8;13;6;20;8;29
77;3;3;4;2;3;4;6;2;7;4;8;8;9;8;12;6;18;8
78;5;3;3;4;5;4;3;8;2;8;4;7;7;6;8;10;8;16
79;3;5;3;3;5;5;3;3;7;2;8;4;8;7;5;8;10;8
80;3;3;6;4;3;4;4;3;3;7;2;8;4;7;7;6;7;10
81;3;2;3;5;4;3;4;5;3;2;6;2;9;3;6;6;6;7
82;1;2;2;2;3;4;3;4;5;2;2;6;2;8;3;7;5;6
83;1;1;2;2;2;4;2;2;1;3;2;2;5;0;8;3;7;5
84;1;2;1;3;1;2;4;1;2;2;2;2;2;4;0;7;2;6
85;0;1;2;1;3;0;2;3;1;1;2;3;1;2;4;0;7;2
86;1;0;1;2;2;2;0;2;2;0;1;2;2;1;1;4;0;5
87;2;1;0;1;1;2;2;0;2;1;0;1;1;2;1;1;4;0
88;1;2;1;0;1;0;2;2;0;1;1;0;1;1;2;2;1;4
89;1;1;2;1;0;2;0;2;2;0;1;1;0;1;1;1;2;1
90;3;1;1;2;1;0;2;0;1;0;0;1;1;0;0;1;1;2
91;0;2;1;1;2;1;0;1;0;0;0;0;1;1;0;0;1;1
92;1;0;2;1;1;2;0;0;1;0;0;0;0;1;1;0;0;1
93;0;1;0;1;0;1;2;0;0;1;0;0;0;0;0;1;0;0
94;0;0;1;0;1;0;1;2;0;0;1;0;0;0;0;0;1;0
95;0;0;0;1;0;1;0;1;1;0;0;1;0;0;0;0;0;1
96;1;0;0;0;0;0;1;0;1;0;0;0;1;0;0;0;0;0
97;0;1;0;0;0;0;0;1;0;0;0;0;0;1;0;0;0;0
98;0;0;1;0;0;0;0;0;1;0;0;0;0;0;1;0;0;0
99;0;0;0;1;0;0;0;0;0;0;0;0;0;0;0;1;0;0
100 e oltre;0;0;0;0;1;1;1;0;0;0;0;0;0;0;0;0;1;1
Totale;1546;1547;1717;1899;1881;1918;2188;2546;2807;3039;3368;3896;4033;4233;4266;4641;5162;5969
Età/Anno;2002;2003;2004;2005;2006;2007;2008;2009;2010;2011;2012;2013;2014;2015;2016;2017;2018;2019
Età;Femmine
0;22;19;12;18;12;18;26;29;23;34;49;52;48;47;47;68;58;46
1;16;25;19;20;18;15;16;24;34;26;34;55;53;53;47;50;69;60
2;18;14;25;19;22;19;28;17;26;45;28;36;62;52;53;45;45;69
3;15;18;18;26;18;22;19;26;28;28;50;35;34;63;45;49;42;47
4;17;17;18;20;27;18;24;17;36;33;26;54;39;36;64;50;44;45
5;19;18;19;18;23;27;22;22;19;38;34;25;53;39;35;62;49;45
6;17;20;20;23;18;26;29;27;34;22;39;42;25;53;39;38;61;48
7;15;14;23;23;24;17;32;30;36;33;24;41;41;29;49;42;36;55
8;17;17;20;26;22;24;18;33;37;34;38;28;40;38;35;47;44;46
9;19;17;21;24;25;23;26;19;37;43;37;38;28;43;36;37;49;45
10;20;19;20;22;28;28;23;29;25;44;44;39;39;24;41;34;42;53
11;18;27;20;21;20;26;29;23;30;28;47;51;42;37;25;38;37;40
12;12;18;32;22;20;24;30;27;26;36;32;51;52;40;38;30;36;38
13;11;14;20;36;21;19;26;28;32;31;38;33;50;46;40;39;28;34
14;20;12;17;21;35;18;19;28;34;40;33;39;38;43;41;40;42;30
15;20;17;14;21;18;31;19;22;32;37;40;34;42;38;43;42;38;43
16;14;19;18;14;20;20;29;25;21;32;38;44;26;37;44;42;38;36
17;26;15;17;23;16;20;20;37;28;22;36;38;51;25;39;40;41;44
18;25;26;13;18;27;17;26;21;41;33;28;37;28;43;23;36;37;41
19;17;29;29;17;23;30;22;32;29;52;46;33;51;26;51;35;40;42
20;20;20;28;35;14;22;37;35;35;37;64;54;43;55;37;59;40;43
21;23;20;20;33;37;13;28;42;61;48;46;67;58;42;63;46;60;53
22;20;20;26;23;34;47;32;40;53;72;63;65;67;67;42;61;54;68
23;27;18;21;26;28;36;66;51;53;67;90;84;74;74;72;54;63;67
24;33;25;27;25;28;30;50;72;65;70;74;96;96;80;77;77;55;82
25;31;36;28;31;30;28;39;58;82;94;80;101;106;109;87;84;75;66
26;37;30;49;32;31;33;44;60;64;93;112;106;103;118;118;94;83;87
27;39;36;41;57;31;35;59;52;67;75;107;121;112;119;119;116;88;87
28;43;47;58;56;62;39;52;75;69;93;92;118;126;112;113;127;127;95
29;36;47;54;60;75;68;57;73;91;74;98;90;120;135;113;115;131;132
30;40;45;58;66;65;73;85;88;86;101;95;109;94;123;135;115;114;121
31;34;47;61;60;74;68;85;98;87;97;108;107;103;97;122;139;107;116
32;35;35;55;66;59;78;80;110;101;99;105;118;109;106;101;119;134;114
33;31;36;30;49;61;56;86;94;120;98;106;108;113;111;98;95;119;126
34;32;27;37;35;52;65;72;98;109;130;108;120;110;112;114;100;97;111
35;36;27;22;32;30;48;73;78;100;105;135;113;134;110;112;106;99;103
36;35;34;33;24;24;32;53;73;80;106;111;145;105;133;109;113;110;102
37;29;38;38;30;21;26;39;60;84;82;106;129;142;108;136;102;113;106
38;45;28;41;36;31;27;35;49;67;88;83;114;136;140;103;122;105;108
39;52;37;31;41;36;32;40;48;60;80;97;96;121;128;151;102;111;96
40;27;46;43;33;40;40;50;52;75;82;88;111;101;121;127;149;100;111
41;35;28;45;37;34;44;55;60;66;85;83;110;111;100;118;123;142;95
42;20;33;35;43;32;35;53;60;75;83;104;96;118;112;96;116;114;137
43;24;19;33;43;41;30;32;53;73;78;89;105;102;120;114;100;108;120
44;25;22;21;32;44;40;42;48;63;84;95;102;112;108;113;116;95;116
45;29;23;23;20;33;41;45;48;56;66;85;110;116;114;98;109;110;101
46;27;27;20;26;27;31;52;46;58;65;69;84;123;117;122;98;104;107
47;21;22;23;20;27;26;32;63;61;64;67;69;88;134;113;117;96;107
48;25;18;21;20;21;27;32;42;71;70;69;79;83;83;132;119;121;92
49;14;21;17;22;20;19;37;51;60;74;80;81;84;83;86;126;112;121
50;11;14;24;16;21;18;27;48;56;69;87;92;88;89;78;88;114;108
51;15;13;16;27;17;21;25;47;55;63;70;92;103;99;83;82;80;115
52;17;16;15;18;27;19;31;35;49;55;67;78;100;98;92;85;88;81
53;6;15;15;14;17;27;31;35;48;55;57;70;91;103;93;99;91;89
54;13;6;16;13;16;19;29;36;45;50;64;57;66;89;93;85;102;89
55;14;15;9;17;12;18;23;29;36;55;57;66;68;73;85;90;76;103
56;14;11;17;10;19;18;20;27;32;39;56;59;71;67;76;81;90;77
57;10;11;11;15;12;17;22;20;27;37;44;59;60;71;65;75;85;83
58;4;11;10;12;15;16;21;27;25;32;38;46;63;57;66;59;78;84
59;10;4;10;11;12;15;18;22;34;27;37;39;43;60;57;68;61;77
60;11;11;5;11;10;12;14;23;23;30;28;39;40;40;55;53;71;61
61;10;11;11;8;13;13;15;17;23;26;32;34;41;41;35;54;53;76
62;8;13;12;12;7;15;13;17;15;21;28;34;31;47;40;41;58;45
63;8;6;15;13;9;6;15;15;16;19;25;28;38;31;47;40;44;56
64;5;7;7;15;14;11;8;17;16;17;21;27;28;37;34;48;41;44
65;6;5;7;10;14;10;10;10;23;18;19;20;34;30;36;32;47;39
66;5;5;4;8;8;14;13;15;10;21;18;20;22;35;29;34;37;44
67;6;6;6;4;8;8;14;14;19;9;23;21;18;24;32;25;36;36
68;5;5;6;4;7;9;8;14;16;17;9;24;21;18;26;25;26;37
69;7;4;7;6;6;7;8;9;17;14;18;11;26;21;17;28;24;26
70;1;7;4;11;6;6;7;11;8;17;14;17;12;25;19;17;27;24
71;3;1;7;5;9;6;6;7;10;8;19;12;17;13;22;19;16;26
72;4;5;2;9;5;9;6;6;9;8;8;19;11;17;13;22;18;19
73;3;5;5;2;10;7;10;7;7;10;10;8;18;10;16;13;18;19
74;4;4;5;4;2;10;8;11;7;6;10;9;9;16;9;14;13;19
75;3;6;4;5;1;2;10;10;12;6;7;11;9;6;16;8;14;13
76;7;4;6;4;6;3;2;9;10;10;6;7;7;8;5;15;6;14
77;5;5;5;6;5;6;3;2;9;9;10;6;8;6;9;6;17;7
78;4;4;5;4;5;4;6;5;2;9;10;10;7;6;6;9;6;16
79;8;3;4;6;4;5;4;5;6;2;9;11;10;7;6;4;10;7
80;2;7;3;4;6;5;5;3;5;5;2;8;9;9;5;5;4;10
81;3;3;6;3;4;6;4;5;3;4;5;2;5;7;10;5;5;4
82;3;4;4;5;3;4;7;3;2;3;2;4;3;5;6;10;5;4
83;3;2;4;3;5;3;5;5;4;1;3;2;3;3;5;4;9;5
84;2;3;3;3;2;5;3;6;5;4;1;3;2;3;3;6;4;9
85;1;2;3;3;3;1;6;2;2;4;3;1;2;2;3;3;6;3
86;2;2;2;2;2;4;1;6;1;3;3;3;1;3;2;3;2;5
87;2;2;2;2;2;2;3;1;3;0;2;3;4;1;3;2;3;1
88;1;1;2;2;2;3;2;2;1;2;0;1;2;4;2;2;1;2
89;0;0;1;2;2;2;3;0;2;2;2;0;0;1;4;2;2;1
90;0;0;0;1;2;2;2;3;0;2;2;1;0;0;1;4;2;1
91;2;0;0;0;0;2;2;1;1;0;2;2;0;0;0;1;4;2
92;1;2;0;0;0;0;1;2;1;0;0;2;2;0;0;0;1;2
93;1;1;2;0;0;0;0;1;2;0;0;0;1;2;0;0;0;1
94;0;1;1;2;0;0;0;0;0;1;0;0;0;0;2;0;0;0
95;0;0;1;1;1;0;0;0;0;0;1;0;0;0;0;1;0;0
96;1;0;0;2;0;1;0;0;0;0;0;1;0;0;0;0;1;0
97;0;1;0;0;2;0;1;0;0;0;0;0;1;0;0;0;0;1
98;0;0;1;0;0;1;0;0;0;0;0;0;0;1;0;0;0;0
99;0;0;0;1;0;0;1;0;0;0;0;0;0;0;1;0;0;0
100 e oltre;0;0;0;0;1;1;1;0;0;0;0;0;0;0;0;1;0;0
Totale;1534;1551;1739;1881;1933;2024;2499;2983;3497;3941;4379;4872;5147;5268;5283;5351;5359;5482
