"Popolazione per età, vista per singola area - Provincia: Latina"

"Ricostruzione della popolazione intercensuaria - Popolazione al 1° gennaio per età"
"Tutte le cittadinanze - Provincia: Latina"
Età/Anno;2002;2003;2004;2005;2006;2007;2008;2009;2010;2011;2012;2013;2014;2015;2016;2017;2018;2019
Età;Totale
0;4635;4863;4910;4943;4876;5073;5077;5385;5391;5357;5184;5389;5221;5071;4820;4754;4665;4407
1;4714;4691;4855;4910;4931;4884;5111;5103;5354;5311;5319;5198;5347;5185;5057;4772;4751;4625
2;4768;4748;4722;4859;4967;4962;4935;5170;5150;5313;5287;5399;5227;5369;5200;5026;4729;4730
3;4487;4819;4806;4753;4897;4984;5009;5023;5219;5170;5280;5331;5433;5234;5375;5166;4993;4713
4;4719;4509;4857;4838;4807;4910;5041;5046;5060;5222;5178;5337;5379;5436;5268;5354;5177;4959
5;4906;4768;4569;4908;4880;4869;4967;5099;5056;5066;5218;5233;5333;5395;5443;5263;5296;5158
6;4956;4944;4830;4622;4957;4945;4941;5006;5157;5023;5069;5271;5252;5362;5412;5448;5263;5270
7;5018;5008;4985;4886;4701;4973;5057;5033;5043;5158;5026;5125;5290;5284;5343;5405;5424;5278
8;5228;5042;5052;5037;4960;4739;5077;5164;5089;5061;5175;5088;5140;5304;5315;5336;5399;5453
9;5359;5256;5087;5107;5085;5020;4831;5167;5253;5133;5070;5225;5101;5153;5311;5302;5322;5393
10;5437;5401;5291;5142;5176;5134;5119;4929;5242;5314;5162;5108;5237;5126;5163;5318;5290;5338
11;5537;5462;5446;5337;5181;5210;5228;5233;4999;5274;5347;5205;5147;5241;5135;5170;5334;5288
12;5461;5562;5484;5493;5385;5250;5293;5316;5307;5052;5314;5402;5228;5176;5248;5152;5161;5324
13;5513;5490;5584;5506;5551;5428;5348;5375;5384;5350;5104;5363;5429;5250;5180;5249;5161;5178
14;5385;5538;5516;5621;5558;5588;5510;5439;5435;5401;5392;5157;5398;5460;5269;5178;5254;5170
15;5567;5427;5565;5546;5658;5584;5684;5623;5496;5477;5443;5426;5170;5432;5455;5264;5200;5275
16;5755;5581;5456;5602;5597;5694;5665;5767;5697;5536;5515;5505;5447;5188;5455;5457;5284;5220
17;5788;5741;5597;5485;5640;5629;5794;5744;5863;5747;5574;5571;5537;5505;5224;5470;5454;5307
18;5911;5793;5737;5622;5542;5686;5728;5879;5835;5934;5811;5659;5628;5583;5568;5272;5612;5523
19;6270;5906;5809;5748;5640;5572;5781;5858;5968;5896;5993;5898;5694;5656;5653;5653;5481;5688
20;6351;6227;5930;5831;5761;5653;5701;5930;5937;6035;5947;6073;5942;5715;5691;5694;5807;5571
21;6311;6345;6239;5975;5868;5785;5821;5910;6083;6059;6125;6019;6118;5963;5766;5725;5811;5878
22;6413;6313;6384;6285;6000;5904;5943;5992;6052;6202;6177;6256;6077;6174;6020;5809;5817;5848
23;6767;6398;6375;6461;6310;6041;6110;6133;6121;6180;6363;6290;6344;6121;6254;6051;5945;5873
24;6932;6777;6490;6457;6510;6302;6187;6305;6280;6243;6302;6501;6377;6390;6188;6275;6084;5976
25;7340;6950;6836;6586;6492;6489;6463;6324;6487;6407;6387;6440;6541;6418;6455;6221;6363;6108
26;7832;7350;7052;6947;6604;6488;6689;6687;6460;6554;6514;6556;6514;6621;6471;6456;6255;6406
27;7765;7816;7457;7202;7029;6615;6707;6898;6801;6535;6710;6677;6625;6608;6659;6534;6510;6235
28;8059;7790;7915;7604;7241;7053;6855;6889;7023;6919;6692;6917;6741;6694;6638;6731;6571;6501
29;8049;8086;7917;8076;7721;7322;7288;7040;7020;7070;7064;6827;6958;6804;6722;6640;6770;6545
30;7983;8093;8239;8098;8147;7724;7555;7481;7199;7084;7210;7229;6898;7009;6853;6773;6687;6737
31;7907;8021;8273;8391;8168;8206;7900;7715;7577;7267;7166;7395;7225;6989;7036;6905;6730;6639
32;8035;7954;8195;8400;8446;8229;8418;8092;7773;7684;7362;7327;7404;7237;7012;7065;6863;6720
33;7890;8125;8079;8327;8459;8470;8422;8594;8207;7916;7780;7545;7385;7438;7297;7023;7051;6844
34;7937;7961;8329;8286;8390;8520;8645;8632;8705;8303;8045;7938;7578;7412;7460;7351;7019;7001
35;8337;7994;8121;8477;8369;8465;8665;8835;8789;8776;8377;8184;7969;7624;7485;7448;7390;6975
36;8183;8389;8151;8334;8551;8438;8640;8880;8938;8833;8851;8557;8233;8001;7670;7488;7439;7386
37;8402;8235;8492;8286;8434;8586;8601;8783;8968;9002;8897;8970;8623;8284;8041;7674;7474;7394
38;7942;8437;8331;8598;8369;8479;8749;8745;8897;9003;9071;9059;9021;8664;8296;8015;7685;7460
39;7527;7976;8540;8437;8718;8413;8663;8854;8858;8990;9058;9221;9106;9073;8682;8318;7993;7671
40;7602;7555;8045;8651;8536;8739;8617;8825;8960;8916;9040;9165;9263;9139;9062;8735;8291;8011
41;7246;7642;7641;8131;8707;8611;8852;8791;8928;9014;8940;9175;9218;9293;9148;9062;8678;8254
42;7037;7275;7735;7754;8191;8761;8756;9011;8940;8987;9083;9103;9201;9259;9290;9122;9054;8675
43;6642;7082;7325;7818;7792;8260;8870;8914;9117;9021;9042;9183;9153;9246;9281;9289;9089;9056
44;6710;6693;7201;7422;7886;7845;8360;9002;8989;9183;9107;9146;9205;9164;9265;9281;9275;9075
45;6721;6753;6777;7266;7480;7927;7946;8465;9073;9077;9240;9182;9148;9220;9198;9268;9285;9263
46;6749;6753;6832;6863;7342;7527;8047;8051;8527;9101;9138;9313;9215;9155;9252;9154;9256;9227
47;6872;6770;6813;6906;6937;7387;7620;8114;8126;8552;9136;9189;9334;9194;9184;9232;9147;9227
48;6318;6908;6838;6854;6959;7011;7475;7702;8152;8185;8569;9228;9221;9341;9213;9178;9194;9141
49;6215;6354;6966;6876;6880;7000;7095;7564;7754;8153;8228;8643;9269;9214;9338;9211;9168;9176
50;6534;6228;6402;7024;6907;6899;7060;7185;7621;7792;8151;8277;8660;9254;9205;9312;9188;9160
51;6791;6565;6271;6446;7057;6941;6942;7143;7231;7638;7837;8193;8272;8651;9232;9169;9294;9151
52;6930;6795;6602;6312;6445;7086;6982;6987;7176;7252;7657;7856;8190;8233;8636;9199;9176;9249
53;7437;6950;6828;6633;6336;6455;7128;7024;7019;7204;7287;7682;7877;8181;8235;8626;9191;9135
54;7222;7456;6997;6867;6650;6353;6490;7160;7056;7041;7239;7303;7654;7856;8160;8198;8597;9182
55;6962;7242;7497;7028;6886;6635;6376;6507;7167;7068;7047;7262;7289;7641;7818;8128;8170;8583
56;4787;6996;7291;7527;7076;6898;6663;6396;6520;7165;7072;7071;7262;7249;7617;7785;8094;8115
57;4878;4795;7030;7346;7570;7099;6918;6688;6424;6521;7167;7084;7044;7228;7233;7584;7768;8059
58;5330;4891;4814;7053;7388;7586;7120;6937;6676;6429;6508;7171;7051;6998;7211;7188;7550;7738
59;5230;5329;4900;4825;7070;7414;7612;7156;6955;6666;6433;6523;7143;7023;6953;7140;7145;7518
60;5389;5220;5318;4929;4835;7077;7429;7626;7157;6961;6660;6424;6492;7150;7007;6938;7102;7098
61;5959;5391;5248;5347;4942;4815;7076;7454;7617;7170;6946;6643;6386;6451;7107;6988;6884;7022
62;5673;5969;5382;5264;5356;4964;4818;7058;7453;7619;7140;6915;6604;6372;6413;7063;6941;6857
63;5501;5694;5947;5391;5260;5347;4958;4811;7064;7446;7609;7151;6876;6548;6349;6379;7047;6885
64;5202;5494;5682;5913;5380;5269;5329;4948;4822;7048;7446;7555;7104;6811;6518;6308;6329;7009
65;5011;5210;5509;5707;5900;5336;5243;5300;4950;4812;7049;7405;7489;7036;6779;6476;6245;6279
66;5314;4992;5229;5502;5680;5884;5309;5238;5273;4941;4802;7014;7326;7453;6986;6698;6437;6210
67;4910;5296;4975;5230;5465;5676;5860;5290;5225;5261;4890;4785;6963;7263;7383;6900;6633;6387
68;4506;4880;5256;4938;5202;5423;5632;5803;5251;5188;5242;4839;4729;6856;7166;7303;6834;6572
69;4388;4483;4829;5202;4899;5162;5393;5596;5764;5210;5144;5201;4786;4656;6777;7068;7210;6763
70;4516;4352;4452;4784;5143;4871;5123;5362;5566;5723;5153;5086;5122;4711;4601;6702;6982;7105
71;4465;4461;4289;4402;4744;5054;4796;5077;5318;5522;5687;5100;5017;5036;4624;4540;6599;6860
72;4175;4409;4383;4234;4339;4670;4954;4708;5016;5231;5461;5595;5002;4951;4941;4551;4467;6499
73;3911;4114;4349;4313;4158;4281;4584;4877;4634;4937;5155;5352;5496;4925;4856;4846;4462;4391
74;3604;3831;4024;4248;4246;4078;4206;4485;4795;4538;4870;5073;5269;5396;4819;4771;4736;4347
75;3531;3507;3749;3932;4143;4148;3982;4106;4417;4669;4461;4762;4987;5175;5269;4722;4646;4620
76;3269;3430;3424;3630;3810;4043;4040;3881;4038;4295;4567;4330;4647;4856;5043;5139;4599;4550
77;3186;3143;3345;3306;3545;3675;3917;3921;3793;3933;4176;4437;4210;4509;4707;4897;4990;4496
78;3069;3091;3019;3222;3213;3432;3563;3806;3792;3677;3814;4025;4302;4054;4351;4560;4723;4842
79;2765;2951;2994;2925;3109;3105;3298;3449;3667;3641;3556;3687;3887;4154;3917;4189;4411;4574
80;2576;2658;2825;2848;2776;2973;2988;3166;3294;3511;3495;3365;3516;3696;3968;3776;4027;4233
81;2602;2435;2498;2685;2712;2634;2854;2847;3020;3140;3332;3324;3217;3339;3510;3755;3603;3851
82;1441;2454;2293;2372;2523;2543;2491;2689;2692;2840;3002;3147;3168;3063;3172;3350;3532;3431
83;1013;1351;2283;2105;2219;2351;2378;2329;2530;2515;2670;2819;2967;2993;2892;2958;3165;3327
84;983;931;1227;2095;1970;2077;2202;2206;2169;2337;2327;2453;2651;2801;2795;2704;2765;2962
85;1128;898;847;1135;1907;1792;1917;2032;2059;1992;2140;2132;2298;2473;2606;2596;2496;2551
86;1264;1006;822;782;1023;1756;1625;1737;1873;1872;1818;1959;1956;2128;2248;2390;2363;2299
87;957;1151;883;747;718;923;1584;1467;1532;1711;1689;1644;1770;1760;1914;2015;2193;2123
88;842;850;1000;774;640;638;850;1421;1318;1365;1536;1516;1472;1606;1536;1706;1785;1972
89;754;712;703;877;662;560;572;763;1254;1146;1175;1350;1359;1291;1421;1350;1521;1554
90;594;643;596;598;747;576;499;499;639;1097;984;1014;1204;1163;1105;1257;1169;1318
91;450;507;500;493;492;635;488;424;420;546;941;819;880;1037;983;925;1042;1004
92;374;346;409;409;394;409;543;418;362;342;472;788;679;731;812;823;788;856
93;261;315;271;324;328;331;343;448;351;302;276;394;659;555;562;663;669;619
94;161;198;221;212;244;260;263;271;358;275;245;210;316;534;443;472;504;530
95;123;113;146;178;135;188;203;223;210;281;227;186;161;255;405;361;380;380
96;77;94;76;100;128;94;136;150;164;164;224;171;149;119;183;304;270;295
97;46;55;65;54;66;80;76;85;100;123;129;171;119;115;92;156;224;201
98;43;27;34;45;42;40;59;60;73;75;94;96;125;77;85;67;116;154
99;16;30;24;23;32;28;25;44;45;57;58;67;66;85;48;59;47;79
100 e oltre;28;32;36;43;47;51;62;58;78;86;106;89;115;121;129;117;109;106
Totale;491666;495542;501470;507943;512845;516999;525815;534833;541737;546421;551248;557713;560527;562493;563643;563908;564169;563271
Età/Anno;2002;2003;2004;2005;2006;2007;2008;2009;2010;2011;2012;2013;2014;2015;2016;2017;2018;2019
Età;Maschi
0;2366;2512;2504;2540;2450;2590;2617;2705;2739;2749;2642;2778;2646;2606;2442;2467;2430;2270
1;2477;2377;2498;2510;2541;2447;2611;2622;2693;2688;2727;2644;2768;2635;2586;2418;2480;2427
2;2452;2504;2394;2495;2532;2553;2463;2630;2656;2675;2672;2775;2651;2767;2637;2569;2386;2476
3;2339;2470;2526;2416;2506;2536;2598;2504;2657;2681;2674;2693;2796;2661;2764;2614;2565;2379
4;2408;2346;2488;2537;2443;2507;2574;2602;2533;2644;2686;2710;2724;2801;2693;2739;2624;2551
5;2494;2437;2375;2515;2555;2488;2526;2604;2605;2538;2649;2702;2701;2732;2803;2686;2713;2620
6;2605;2523;2475;2397;2540;2586;2530;2554;2632;2586;2527;2674;2704;2715;2741;2807;2679;2711
7;2567;2633;2547;2505;2430;2560;2659;2579;2586;2640;2580;2566;2681;2720;2704;2728;2797;2689
8;2692;2587;2649;2581;2545;2448;2609;2711;2616;2588;2649;2605;2570;2699;2735;2695;2732;2806
9;2727;2706;2611;2677;2603;2574;2495;2664;2760;2639;2590;2669;2616;2574;2703;2716;2692;2730
10;2739;2752;2725;2636;2713;2635;2619;2556;2699;2788;2648;2608;2671;2625;2588;2708;2714;2710
11;2901;2750;2777;2743;2663;2719;2694;2681;2596;2725;2804;2662;2621;2673;2636;2598;2712;2722
12;2781;2908;2765;2808;2769;2704;2754;2750;2721;2625;2745;2831;2674;2637;2685;2656;2593;2701
13;2845;2796;2905;2773;2844;2791;2765;2801;2779;2754;2658;2768;2846;2699;2649;2685;2659;2601
14;2666;2853;2807;2929;2796;2856;2828;2812;2836;2789;2770;2682;2787;2862;2707;2645;2682;2660
15;2924;2695;2858;2825;2948;2815;2909;2892;2853;2863;2799;2789;2679;2812;2872;2706;2663;2693
16;2890;2924;2712;2880;2845;2964;2863;2959;2927;2883;2883;2826;2807;2688;2830;2874;2719;2677
17;3063;2883;2931;2726;2893;2862;3014;2907;3012;2949;2907;2926;2841;2857;2710;2846;2875;2745
18;3033;3062;2874;2951;2755;2917;2913;3057;2960;3055;2990;2965;2961;2878;2901;2752;2972;2914
19;3224;3027;3076;2879;2964;2770;2966;2983;3100;2988;3080;3036;2971;2984;2930;2972;2951;3027
20;3206;3187;3046;3091;2881;2969;2840;3040;3026;3119;3026;3131;3068;2983;3014;2973;3111;3011
21;3243;3194;3200;3066;3104;2888;3055;2938;3105;3079;3172;3061;3137;3085;3032;3035;3063;3169
22;3221;3222;3202;3219;3057;3115;2962;3129;3018;3160;3134;3263;3079;3150;3125;3056;3099;3083
23;3386;3226;3274;3245;3222;3070;3204;3059;3187;3083;3267;3201;3302;3103;3196;3134;3162;3113
24;3505;3402;3268;3326;3247;3200;3120;3270;3125;3273;3161;3347;3261;3320;3167;3190;3169;3179
25;3711;3501;3433;3326;3325;3219;3248;3185;3357;3183;3377;3237;3360;3298;3386;3162;3266;3181
26;3932;3712;3557;3503;3344;3290;3314;3340;3256;3388;3245;3479;3277;3408;3334;3393;3183;3294
27;3817;3897;3766;3646;3530;3331;3377;3417;3394;3293;3483;3336;3520;3341;3444;3357;3431;3181
28;3988;3831;3952;3848;3650;3509;3413;3457;3489;3459;3407;3629;3382;3545;3356;3485;3390;3408
29;3997;3999;3903;4058;3899;3678;3638;3508;3522;3513;3569;3513;3651;3447;3576;3370;3499;3391
30;3926;4022;4085;4004;4106;3889;3797;3759;3566;3567;3616;3662;3556;3679;3497;3621;3405;3479
31;3885;3933;4090;4183;4014;4097;3982;3905;3823;3611;3616;3730;3679;3592;3688;3537;3603;3358
32;3939;3901;4001;4160;4219;4012;4180;4088;3932;3850;3697;3716;3748;3674;3636;3715;3528;3601
33;3813;3982;3973;4073;4186;4195;4120;4275;4137;4009;3901;3816;3750;3781;3745;3661;3712;3539
34;3948;3841;4098;4107;4106;4208;4252;4209;4303;4199;4092;4014;3853;3793;3798;3765;3645;3692
35;4117;3982;3927;4184;4147;4153;4270;4356;4303;4342;4249;4180;4048;3884;3855;3813;3778;3617
36;4078;4142;4061;4034;4223;4207;4231;4390;4403;4334;4390;4367;4208;4066;3912;3872;3828;3786
37;4100;4106;4190;4151;4084;4248;4295;4275;4421;4428;4414;4470;4393;4251;4089;3918;3854;3809
38;3870;4102;4151;4222;4184;4110;4327;4350;4332;4437;4484;4515;4500;4429;4269;4079;3922;3858
39;3660;3894;4149;4208;4291;4196;4185;4359;4409;4392;4472;4592;4540;4537;4438;4289;4060;3900
40;3653;3658;3924;4214;4256;4295;4280;4276;4406;4452;4431;4538;4611;4552;4560;4460;4252;4056
41;3525;3683;3712;3986;4239;4279;4341;4373;4328;4420;4480;4526;4585;4632;4562;4555;4438;4228
42;3449;3536;3734;3779;4020;4267;4345;4411;4456;4368;4453;4574;4527;4606;4643;4545;4559;4440
43;3287;3485;3564;3777;3797;4061;4315;4408;4459;4494;4405;4512;4611;4556;4624;4661;4519;4564
44;3291;3314;3538;3629;3826;3830;4102;4362;4442;4494;4536;4472;4525;4612;4576;4628;4656;4492
45;3291;3310;3352;3569;3647;3850;3869;4155;4386;4495;4523;4584;4469;4542;4635;4593;4633;4637
46;3257;3301;3357;3395;3607;3678;3892;3916;4185;4405;4526;4573;4597;4478;4551;4602;4588;4598
47;3328;3272;3331;3383;3431;3624;3708;3919;3945;4196;4426;4560;4580;4575;4506;4541;4598;4557
48;3116;3341;3299;3355;3411;3467;3658;3751;3942;3967;4199;4485;4588;4597;4579;4504;4521;4577
49;3076;3143;3375;3315;3360;3439;3500;3707;3765;3928;3987;4235;4499;4577;4597;4594;4495;4518
50;3161;3070;3161;3400;3325;3372;3457;3535;3726;3787;3936;4012;4248;4492;4566;4597;4567;4484
51;3219;3175;3087;3180;3421;3339;3387;3487;3550;3723;3808;3952;4020;4247;4482;4545;4579;4542
52;3401;3225;3191;3117;3177;3430;3353;3387;3495;3569;3723;3819;3926;4006;4233;4473;4553;4546
53;3683;3415;3243;3208;3115;3177;3451;3372;3410;3500;3585;3736;3827;3931;4021;4226;4476;4542
54;3633;3690;3425;3259;3206;3116;3189;3472;3382;3428;3517;3601;3709;3804;3922;3997;4207;4464
55;3449;3640;3691;3434;3263;3193;3127;3184;3486;3393;3430;3531;3580;3709;3780;3896;3977;4205
56;2342;3464;3656;3710;3468;3269;3208;3125;3187;3491;3397;3434;3535;3558;3705;3760;3888;3949
57;2435;2348;3477;3679;3742;3470;3294;3232;3135;3189;3491;3401;3416;3513;3543;3692;3757;3859
58;2578;2435;2354;3472;3698;3743;3466;3296;3218;3136;3186;3501;3389;3384;3510;3520;3675;3745
59;2523;2560;2424;2357;3479;3717;3756;3480;3310;3213;3135;3195;3487;3367;3366;3462;3489;3661
60;2602;2512;2548;2430;2366;3469;3711;3754;3473;3315;3204;3129;3174;3495;3346;3356;3437;3456
61;2901;2601;2530;2562;2435;2354;3458;3717;3747;3471;3307;3191;3107;3150;3476;3338;3309;3381
62;2821;2898;2595;2538;2558;2443;2349;3439;3715;3741;3449;3285;3162;3088;3144;3457;3319;3295
63;2695;2823;2897;2604;2536;2543;2438;2344;3440;3704;3728;3446;3277;3128;3078;3137;3452;3286
64;2520;2675;2793;2877;2590;2535;2533;2423;2350;3428;3712;3694;3413;3230;3104;3057;3106;3427
65;2479;2522;2677;2796;2878;2582;2509;2514;2410;2342;3427;3683;3656;3367;3207;3078;3021;3073
66;2585;2459;2528;2666;2768;2870;2559;2511;2492;2399;2328;3408;3631;3623;3349;3145;3057;3013
67;2340;2580;2442;2522;2631;2750;2858;2538;2493;2486;2359;2316;3376;3586;3579;3303;3105;3038
68;2089;2310;2553;2411;2490;2590;2723;2833;2504;2464;2475;2346;2277;3311;3527;3530;3264;3077
69;2072;2074;2275;2513;2381;2461;2563;2697;2797;2479;2433;2460;2311;2230;3272;3486;3462;3217
70;2139;2033;2057;2249;2469;2370;2439;2538;2675;2760;2455;2396;2422;2254;2208;3209;3430;3405
71;2069;2090;1990;2010;2217;2413;2316;2399;2507;2634;2731;2430;2340;2363;2193;2172;3139;3364
72;1913;2032;2036;1963;1979;2176;2350;2251;2346;2441;2598;2685;2372;2308;2312;2151;2132;3085
73;1766;1866;1983;1990;1901;1931;2115;2303;2192;2289;2380;2531;2617;2319;2253;2249;2098;2100
74;1631;1707;1812;1930;1959;1847;1887;2053;2241;2113;2250;2331;2492;2556;2261;2195;2179;2022
75;1516;1564;1655;1747;1857;1892;1781;1831;2008;2173;2069;2176;2283;2433;2479;2200;2128;2115
76;1406;1457;1514;1579;1673;1791;1834;1723;1784;1944;2120;1989;2108;2195;2358;2396;2121;2082
77;1360;1337;1402;1445;1528;1585;1715;1758;1665;1724;1879;2046;1922;2027;2105;2282;2307;2060
78;1253;1290;1263;1335;1402;1461;1516;1638;1678;1603;1656;1794;1960;1832;1936;2024;2177;2222
79;1044;1180;1231;1205;1265;1326;1388;1459;1565;1587;1536;1574;1724;1869;1753;1849;1931;2098
80;1026;982;1097;1138;1118;1189;1242;1313;1372;1473;1500;1429;1468;1614;1765;1682;1754;1836
81;984;938;901;1006;1055;1041;1133;1143;1235;1290;1366;1419;1347;1392;1509;1657;1585;1666
82;541;893;868;851;932;969;977;1038;1071;1152;1223;1268;1341;1273;1307;1413;1531;1494
83;390;484;800;761;776;859;876;890;951;965;1066;1123;1170;1250;1185;1211;1328;1431
84;353;345;425;707;709;705;790;794;820;858;865;974;1043;1082;1146;1094;1106;1223
85;426;312;297;392;647;619;641;717;731;740;766;771;899;963;973;1045;1000;1006
86;434;373;280;268;331;582;549;575;640;652;667;689;706;810;853;883;941;896
87;365;387;317;248;233;288;522;500;500;585;570;593;619;606;717;751;802;814
88;296;311;331;272;206;204;259;463;439;446;517;503;520;539;518;619;654;703
89;255;248;246;288;221;171;178;235;409;368;380;444;440;444;458;444;550;558
90;206;213;193;207;235;185;154;152;187;349;312;307;389;370;364;395;384;466
91;149;175;163;148;174;196;156;133;130;159;288;252;260;321;301;285;319;316
92;110;116;138;128;113;142;156;134;106;101;139;236;192;210;237;246;241;259
93;75;94;97;113;100;86;114;127;110;76;79;114;199;147;160;188;198;177
94;53;51;64;79;79;74;72;86;89;88;52;59;90;154;121;137;132;139
95;31;32;39;50;47;60;59;59;61;68;74;38;47;70;114;100;102;90
96;28;24;18;30;34;31;45;38;41;44;49;55;29;37;46;80;73;74
97;17;22;16;15;21;21;27;28;23;25;33;36;39;19;33;39;58;50
98;10;9;14;11;14;17;15;18;24;18;22;20;27;25;13;23;29;35
99;0;7;10;7;8;9;10;10;11;19;15;15;12;17;14;8;19;16
100 e oltre;7;7;10;14;19;16;18;21;21;21;26;22;24;20;24;15;5;18
Totale;240189;241919;244823;248300;250597;252375;256550;260927;264334;266808;269731;273686;275241;276456;277632;278086;278758;278505
Età/Anno;2002;2003;2004;2005;2006;2007;2008;2009;2010;2011;2012;2013;2014;2015;2016;2017;2018;2019
Età;Femmine
0;2269;2351;2406;2403;2426;2483;2460;2680;2652;2608;2542;2611;2575;2465;2378;2287;2235;2137
1;2237;2314;2357;2400;2390;2437;2500;2481;2661;2623;2592;2554;2579;2550;2471;2354;2271;2198
2;2316;2244;2328;2364;2435;2409;2472;2540;2494;2638;2615;2624;2576;2602;2563;2457;2343;2254
3;2148;2349;2280;2337;2391;2448;2411;2519;2562;2489;2606;2638;2637;2573;2611;2552;2428;2334
4;2311;2163;2369;2301;2364;2403;2467;2444;2527;2578;2492;2627;2655;2635;2575;2615;2553;2408
5;2412;2331;2194;2393;2325;2381;2441;2495;2451;2528;2569;2531;2632;2663;2640;2577;2583;2538
6;2351;2421;2355;2225;2417;2359;2411;2452;2525;2437;2542;2597;2548;2647;2671;2641;2584;2559
7;2451;2375;2438;2381;2271;2413;2398;2454;2457;2518;2446;2559;2609;2564;2639;2677;2627;2589
8;2536;2455;2403;2456;2415;2291;2468;2453;2473;2473;2526;2483;2570;2605;2580;2641;2667;2647
9;2632;2550;2476;2430;2482;2446;2336;2503;2493;2494;2480;2556;2485;2579;2608;2586;2630;2663
10;2698;2649;2566;2506;2463;2499;2500;2373;2543;2526;2514;2500;2566;2501;2575;2610;2576;2628
11;2636;2712;2669;2594;2518;2491;2534;2552;2403;2549;2543;2543;2526;2568;2499;2572;2622;2566
12;2680;2654;2719;2685;2616;2546;2539;2566;2586;2427;2569;2571;2554;2539;2563;2496;2568;2623
13;2668;2694;2679;2733;2707;2637;2583;2574;2605;2596;2446;2595;2583;2551;2531;2564;2502;2577
14;2719;2685;2709;2692;2762;2732;2682;2627;2599;2612;2622;2475;2611;2598;2562;2533;2572;2510
15;2643;2732;2707;2721;2710;2769;2775;2731;2643;2614;2644;2637;2491;2620;2583;2558;2537;2582
16;2865;2657;2744;2722;2752;2730;2802;2808;2770;2653;2632;2679;2640;2500;2625;2583;2565;2543
17;2725;2858;2666;2759;2747;2767;2780;2837;2851;2798;2667;2645;2696;2648;2514;2624;2579;2562
18;2878;2731;2863;2671;2787;2769;2815;2822;2875;2879;2821;2694;2667;2705;2667;2520;2640;2609
19;3046;2879;2733;2869;2676;2802;2815;2875;2868;2908;2913;2862;2723;2672;2723;2681;2530;2661
20;3145;3040;2884;2740;2880;2684;2861;2890;2911;2916;2921;2942;2874;2732;2677;2721;2696;2560
21;3068;3151;3039;2909;2764;2897;2766;2972;2978;2980;2953;2958;2981;2878;2734;2690;2748;2709
22;3192;3091;3182;3066;2943;2789;2981;2863;3034;3042;3043;2993;2998;3024;2895;2753;2718;2765
23;3381;3172;3101;3216;3088;2971;2906;3074;2934;3097;3096;3089;3042;3018;3058;2917;2783;2760
24;3427;3375;3222;3131;3263;3102;3067;3035;3155;2970;3141;3154;3116;3070;3021;3085;2915;2797
25;3629;3449;3403;3260;3167;3270;3215;3139;3130;3224;3010;3203;3181;3120;3069;3059;3097;2927
26;3900;3638;3495;3444;3260;3198;3375;3347;3204;3166;3269;3077;3237;3213;3137;3063;3072;3112
27;3948;3919;3691;3556;3499;3284;3330;3481;3407;3242;3227;3341;3105;3267;3215;3177;3079;3054
28;4071;3959;3963;3756;3591;3544;3442;3432;3534;3460;3285;3288;3359;3149;3282;3246;3181;3093
29;4052;4087;4014;4018;3822;3644;3650;3532;3498;3557;3495;3314;3307;3357;3146;3270;3271;3154
30;4057;4071;4154;4094;4041;3835;3758;3722;3633;3517;3594;3567;3342;3330;3356;3152;3282;3258
31;4022;4088;4183;4208;4154;4109;3918;3810;3754;3656;3550;3665;3546;3397;3348;3368;3127;3281
32;4096;4053;4194;4240;4227;4217;4238;4004;3841;3834;3665;3611;3656;3563;3376;3350;3335;3119
33;4077;4143;4106;4254;4273;4275;4302;4319;4070;3907;3879;3729;3635;3657;3552;3362;3339;3305
34;3989;4120;4231;4179;4284;4312;4393;4423;4402;4104;3953;3924;3725;3619;3662;3586;3374;3309
35;4220;4012;4194;4293;4222;4312;4395;4479;4486;4434;4128;4004;3921;3740;3630;3635;3612;3358
36;4105;4247;4090;4300;4328;4231;4409;4490;4535;4499;4461;4190;4025;3935;3758;3616;3611;3600
37;4302;4129;4302;4135;4350;4338;4306;4508;4547;4574;4483;4500;4230;4033;3952;3756;3620;3585
38;4072;4335;4180;4376;4185;4369;4422;4395;4565;4566;4587;4544;4521;4235;4027;3936;3763;3602
39;3867;4082;4391;4229;4427;4217;4478;4495;4449;4598;4586;4629;4566;4536;4244;4029;3933;3771
40;3949;3897;4121;4437;4280;4444;4337;4549;4554;4464;4609;4627;4652;4587;4502;4275;4039;3955
41;3721;3959;3929;4145;4468;4332;4511;4418;4600;4594;4460;4649;4633;4661;4586;4507;4240;4026
42;3588;3739;4001;3975;4171;4494;4411;4600;4484;4619;4630;4529;4674;4653;4647;4577;4495;4235
43;3355;3597;3761;4041;3995;4199;4555;4506;4658;4527;4637;4671;4542;4690;4657;4628;4570;4492
44;3419;3379;3663;3793;4060;4015;4258;4640;4547;4689;4571;4674;4680;4552;4689;4653;4619;4583
45;3430;3443;3425;3697;3833;4077;4077;4310;4687;4582;4717;4598;4679;4678;4563;4675;4652;4626
46;3492;3452;3475;3468;3735;3849;4155;4135;4342;4696;4612;4740;4618;4677;4701;4552;4668;4629
47;3544;3498;3482;3523;3506;3763;3912;4195;4181;4356;4710;4629;4754;4619;4678;4691;4549;4670
48;3202;3567;3539;3499;3548;3544;3817;3951;4210;4218;4370;4743;4633;4744;4634;4674;4673;4564
49;3139;3211;3591;3561;3520;3561;3595;3857;3989;4225;4241;4408;4770;4637;4741;4617;4673;4658
50;3373;3158;3241;3624;3582;3527;3603;3650;3895;4005;4215;4265;4412;4762;4639;4715;4621;4676
51;3572;3390;3184;3266;3636;3602;3555;3656;3681;3915;4029;4241;4252;4404;4750;4624;4715;4609
52;3529;3570;3411;3195;3268;3656;3629;3600;3681;3683;3934;4037;4264;4227;4403;4726;4623;4703
53;3754;3535;3585;3425;3221;3278;3677;3652;3609;3704;3702;3946;4050;4250;4214;4400;4715;4593
54;3589;3766;3572;3608;3444;3237;3301;3688;3674;3613;3722;3702;3945;4052;4238;4201;4390;4718
55;3513;3602;3806;3594;3623;3442;3249;3323;3681;3675;3617;3731;3709;3932;4038;4232;4193;4378
56;2445;3532;3635;3817;3608;3629;3455;3271;3333;3674;3675;3637;3727;3691;3912;4025;4206;4166
57;2443;2447;3553;3667;3828;3629;3624;3456;3289;3332;3676;3683;3628;3715;3690;3892;4011;4200
58;2752;2456;2460;3581;3690;3843;3654;3641;3458;3293;3322;3670;3662;3614;3701;3668;3875;3993
59;2707;2769;2476;2468;3591;3697;3856;3676;3645;3453;3298;3328;3656;3656;3587;3678;3656;3857
60;2787;2708;2770;2499;2469;3608;3718;3872;3684;3646;3456;3295;3318;3655;3661;3582;3665;3642
61;3058;2790;2718;2785;2507;2461;3618;3737;3870;3699;3639;3452;3279;3301;3631;3650;3575;3641
62;2852;3071;2787;2726;2798;2521;2469;3619;3738;3878;3691;3630;3442;3284;3269;3606;3622;3562
63;2806;2871;3050;2787;2724;2804;2520;2467;3624;3742;3881;3705;3599;3420;3271;3242;3595;3599
64;2682;2819;2889;3036;2790;2734;2796;2525;2472;3620;3734;3861;3691;3581;3414;3251;3223;3582
65;2532;2688;2832;2911;3022;2754;2734;2786;2540;2470;3622;3722;3833;3669;3572;3398;3224;3206
66;2729;2533;2701;2836;2912;3014;2750;2727;2781;2542;2474;3606;3695;3830;3637;3553;3380;3197
67;2570;2716;2533;2708;2834;2926;3002;2752;2732;2775;2531;2469;3587;3677;3804;3597;3528;3349
68;2417;2570;2703;2527;2712;2833;2909;2970;2747;2724;2767;2493;2452;3545;3639;3773;3570;3495
69;2316;2409;2554;2689;2518;2701;2830;2899;2967;2731;2711;2741;2475;2426;3505;3582;3748;3546
70;2377;2319;2395;2535;2674;2501;2684;2824;2891;2963;2698;2690;2700;2457;2393;3493;3552;3700
71;2396;2371;2299;2392;2527;2641;2480;2678;2811;2888;2956;2670;2677;2673;2431;2368;3460;3496
72;2262;2377;2347;2271;2360;2494;2604;2457;2670;2790;2863;2910;2630;2643;2629;2400;2335;3414
73;2145;2248;2366;2323;2257;2350;2469;2574;2442;2648;2775;2821;2879;2606;2603;2597;2364;2291
74;1973;2124;2212;2318;2287;2231;2319;2432;2554;2425;2620;2742;2777;2840;2558;2576;2557;2325
75;2015;1943;2094;2185;2286;2256;2201;2275;2409;2496;2392;2586;2704;2742;2790;2522;2518;2505
76;1863;1973;1910;2051;2137;2252;2206;2158;2254;2351;2447;2341;2539;2661;2685;2743;2478;2468
77;1826;1806;1943;1861;2017;2090;2202;2163;2128;2209;2297;2391;2288;2482;2602;2615;2683;2436
78;1816;1801;1756;1887;1811;1971;2047;2168;2114;2074;2158;2231;2342;2222;2415;2536;2546;2620
79;1721;1771;1763;1720;1844;1779;1910;1990;2102;2054;2020;2113;2163;2285;2164;2340;2480;2476
80;1550;1676;1728;1710;1658;1784;1746;1853;1922;2038;1995;1936;2048;2082;2203;2094;2273;2397
81;1618;1497;1597;1679;1657;1593;1721;1704;1785;1850;1966;1905;1870;1947;2001;2098;2018;2185
82;900;1561;1425;1521;1591;1574;1514;1651;1621;1688;1779;1879;1827;1790;1865;1937;2001;1937
83;623;867;1483;1344;1443;1492;1502;1439;1579;1550;1604;1696;1797;1743;1707;1747;1837;1896
84;630;586;802;1388;1261;1372;1412;1412;1349;1479;1462;1479;1608;1719;1649;1610;1659;1739
85;702;586;550;743;1260;1173;1276;1315;1328;1252;1374;1361;1399;1510;1633;1551;1496;1545
86;830;633;542;514;692;1174;1076;1162;1233;1220;1151;1270;1250;1318;1395;1507;1422;1403
87;592;764;566;499;485;635;1062;967;1032;1126;1119;1051;1151;1154;1197;1264;1391;1309
88;546;539;669;502;434;434;591;958;879;919;1019;1013;952;1067;1018;1087;1131;1269
89;499;464;457;589;441;389;394;528;845;778;795;906;919;847;963;906;971;996
90;388;430;403;391;512;391;345;347;452;748;672;707;815;793;741;862;785;852
91;301;332;337;345;318;439;332;291;290;387;653;567;620;716;682;640;723;688
92;264;230;271;281;281;267;387;284;256;241;333;552;487;521;575;577;547;597
93;186;221;174;211;228;245;229;321;241;226;197;280;460;408;402;475;471;442
94;108;147;157;133;165;186;191;185;269;187;193;151;226;380;322;335;372;391
95;92;81;107;128;88;128;144;164;149;213;153;148;114;185;291;261;278;290
96;49;70;58;70;94;63;91;112;123;120;175;116;120;82;137;224;197;221
97;29;33;49;39;45;59;49;57;77;98;96;135;80;96;59;117;166;151
98;33;18;20;34;28;23;44;42;49;57;72;76;98;52;72;44;87;119
99;16;23;14;16;24;19;15;34;34;38;43;52;54;68;34;51;28;63
100 e oltre;21;25;26;29;28;35;44;37;57;65;80;67;91;101;105;102;104;88
Totale;251477;253623;256647;259643;262248;264624;269265;273906;277403;279613;281517;284027;285286;286037;286011;285822;285411;284766

"Ricostruzione della popolazione intercensuaria - Popolazione al 1° gennaio per età"
"Cittadinanza italiana - Provincia: Latina"
Età/Anno;2002;2003;2004;2005;2006;2007;2008;2009;2010;2011;2012;2013;2014;2015;2016;2017;2018;2019
Età;Totale
0;4521;4700;4737;4716;4635;4816;4706;4888;4924;4819;4626;4690;4514;4401;4181;4097;4017;3781
1;4622;4572;4693;4732;4698;4652;4802;4715;4868;4865;4808;4611;4636;4519;4387;4155;4102;3978
2;4682;4662;4600;4700;4777;4730;4641;4827;4740;4804;4832;4841;4602;4639;4543;4385;4137;4087
3;4397;4731;4709;4622;4726;4782;4720;4678;4846;4758;4761;4839;4850;4596;4634;4543;4365;4109
4;4614;4422;4768;4731;4658;4730;4779;4726;4699;4828;4748;4776;4861;4834;4612;4641;4561;4331
5;4823;4656;4475;4811;4765;4702;4732;4798;4726;4685;4803;4780;4774;4876;4845;4622;4606;4555
6;4870;4858;4714;4525;4843;4807;4704;4734;4832;4684;4669;4823;4782;4797;4887;4867;4644;4582
7;4928;4912;4886;4769;4574;4838;4851;4744;4756;4818;4671;4690;4832;4805;4795;4898;4857;4664
8;5161;4945;4947;4930;4827;4605;4874;4895;4767;4757;4812;4705;4702;4842;4831;4813;4899;4870
9;5283;5189;4983;5000;4967;4872;4627;4913;4947;4787;4743;4842;4705;4721;4853;4837;4808;4885
10;5367;5322;5215;5030;5048;5000;4903;4671;4953;4965;4804;4759;4852;4711;4729;4870;4840;4813
11;5460;5390;5363;5246;5059;5064;5025;4963;4709;4960;4980;4825;4779;4859;4725;4748;4891;4839
12;5390;5487;5416;5398;5270;5112;5085;5061;5002;4723;4978;5007;4839;4785;4864;4747;4735;4880
13;5456;5420;5511;5436;5430;5297;5118;5123;5095;5031;4746;4995;5010;4841;4794;4870;4747;4732
14;5321;5482;5443;5538;5459;5459;5324;5147;5144;5102;5049;4758;5007;5035;4855;4804;4872;4750
15;5514;5371;5513;5465;5555;5471;5505;5365;5159;5170;5117;5054;4759;5016;5031;4857;4805;4865
16;5676;5533;5413;5546;5500;5588;5477;5535;5393;5175;5180;5134;5060;4761;5019;5031;4864;4798
17;5736;5676;5548;5435;5570;5519;5604;5496;5581;5418;5183;5186;5146;5079;4776;5028;5026;4858
18;5857;5747;5689;5569;5481;5604;5545;5627;5525;5614;5463;5210;5219;5164;5108;4808;5059;5072
19;6211;5870;5762;5696;5583;5518;5621;5576;5649;5542;5632;5492;5206;5216;5180;5133;4795;5075
20;6296;6193;5882;5772;5710;5585;5530;5642;5594;5662;5538;5632;5495;5190;5206;5179;5114;4804
21;6225;6313;6190;5911;5803;5732;5603;5574;5680;5628;5672;5536;5641;5488;5196;5206;5169;5110
22;6333;6242;6301;6196;5934;5823;5737;5619;5606;5694;5659;5703;5521;5637;5485;5195;5194;5160
23;6655;6334;6243;6314;6226;5960;5836;5747;5620;5627;5702;5685;5708;5508;5638;5456;5200;5187
24;6830;6689;6350;6241;6330;6212;5947;5860;5768;5631;5633;5714;5663;5670;5520;5606;5444;5179
25;7200;6842;6660;6368;6265;6297;6203;5940;5898;5763;5636;5642;5675;5637;5659;5499;5584;5404
26;7670;7221;6834;6670;6371;6250;6279;6219;5950;5874;5746;5683;5607;5673;5617;5607;5434;5557
27;7601;7656;7218;6882;6737;6378;6240;6256;6208;5911;5875;5767;5666;5578;5617;5584;5569;5374
28;7863;7607;7640;7246;6892;6749;6403;6223;6261;6210;5909;5932;5753;5651;5524;5604;5555;5504
29;7872;7892;7607;7685;7332;6959;6765;6411;6232;6234;6208;5930;5889;5722;5601;5471;5564;5500
30;7759;7899;7909;7677;7724;7331;6981;6779;6444;6184;6231;6272;5910;5891;5696;5571;5434;5523
31;7720;7797;7971;7957;7719;7778;7315;6981;6804;6433;6196;6295;6202;5933;5826;5662;5501;5368
32;7781;7756;7861;8025;7995;7766;7802;7333;6984;6823;6453;6264;6252;6141;5909;5800;5600;5457
33;7656;7870;7816;7929;8036;8013;7799;7828;7384;7044;6871;6538;6243;6203;6115;5866;5775;5541
34;7689;7726;7970;7940;7990;8087;8045;7868;7893;7431;7110;6918;6497;6221;6184;6124;5845;5722
35;8140;7764;7792;8071;8013;8067;8102;8153;7984;7954;7440;7161;6895;6472;6226;6134;6110;5806
36;7984;8201;7829;7933;8142;8103;8103;8202;8222;8011;7989;7507;7126;6879;6484;6213;6104;6084
37;8181;8042;8252;7895;8019;8194;8147;8148;8235;8250;8040;8039;7517;7115;6861;6462;6194;6067
38;7736;8229;8086;8318;7968;8073;8219;8168;8208;8248;8269;8126;8033;7542;7121;6837;6485;6169
39;7347;7777;8286;8139;8423;8012;8096;8248;8218;8249;8241;8339;8125;8020;7518;7125;6838;6467
40;7431;7392;7809;8349;8223;8440;8068;8165;8287;8245;8258;8293;8337;8124;7985;7551;7121;6857
41;7080;7480;7435;7848;8384;8285;8480;8136;8214;8297;8239;8318;8309;8337;8117;7973;7526;7088
42;6898;7130;7517;7502;7896;8439;8346;8586;8222;8240;8328;8318;8325;8306;8326;8098;7984;7513
43;6511;6955;7164;7566;7537;7964;8484;8441;8667;8284;8264;8357;8327;8317;8309;8311;8087;7981
44;6581;6571;7029;7217;7628;7598;8005;8553;8481;8698;8351;8313;8369;8333;8336;8322;8291;8068
45;6595;6624;6615;7071;7264;7676;7632;8054;8595;8527;8729;8389;8296;8365;8346;8340;8327;8302
46;6644;6638;6669;6659;7125;7312;7716;7703;8090;8609;8563;8749;8399;8287;8380;8309;8338;8281
47;6764;6665;6669;6728;6720;7166;7342;7751;7739;8101;8621;8588;8744;8371;8312;8380;8307;8318
48;6209;6804;6706;6691;6770;6785;7211;7376;7768;7768;8119;8665;8598;8731;8372;8305;8347;8289
49;6145;6255;6836;6713;6718;6818;6819;7257;7403;7760;7795;8164;8702;8589;8726;8378;8293;8314
50;6471;6155;6298;6874;6736;6742;6840;6876;7288;7431;7753;7813;8167;8686;8580;8708;8362;8285
51;6699;6504;6176;6327;6916;6771;6747;6879;6904;7289;7450;7759;7808;8162;8668;8558;8703;8331
52;6879;6719;6521;6207;6328;6946;6784;6765;6904;6918;7308;7437;7724;7767;8146;8646;8570;8667
53;7389;6898;6740;6542;6225;6343;6961;6807;6778;6915;6939;7304;7441;7707;7773;8141;8644;8536
54;7173;7411;6938;6774;6562;6237;6355;6982;6828;6800;6940;6927;7283;7417;7695;7743;8112;8641
55;6918;7190;7444;6965;6791;6547;6241;6369;6997;6839;6803;6944;6894;7272;7391;7671;7728;8093
56;4751;6952;7232;7469;7009;6808;6569;6256;6378;7001;6843;6814;6929;6857;7236;7371;7639;7679
57;4842;4756;6988;7284;7511;7032;6821;6582;6281;6367;7000;6851;6774;6902;6847;7212;7356;7618
58;5306;4855;4772;7008;7326;7530;7048;6837;6566;6288;6349;6991;6812;6734;6881;6802;7198;7327
59;5200;5303;4860;4779;7024;7351;7557;7077;6858;6551;6291;6354;6960;6782;6700;6818;6769;7170
60;5361;5194;5293;4880;4790;7027;7364;7565;7085;6862;6546;6275;6320;6952;6760;6685;6785;6724
61;5927;5361;5220;5313;4896;4768;7027;7378;7549;7085;6847;6524;6235;6289;6914;6741;6627;6716
62;5640;5935;5356;5228;5319;4921;4767;7009;7385;7551;7054;6803;6479;6221;6252;6871;6699;6596
63;5459;5662;5910;5360;5231;5307;4912;4761;7018;7368;7536;7055;6765;6424;6199;6223;6849;6654
64;5183;5454;5646;5870;5351;5240;5291;4900;4771;7005;7370;7476;7009;6693;6384;6169;6174;6812
65;4991;5188;5466;5667;5861;5308;5212;5264;4901;4756;7001;7321;7406;6941;6663;6343;6104;6127
66;5290;4970;5206;5453;5642;5848;5279;5202;5236;4886;4742;6959;7243;7364;6884;6580;6299;6066
67;4885;5272;4954;5205;5414;5634;5823;5259;5190;5224;4832;4718;6908;7177;7295;6799;6513;6247
68;4484;4858;5235;4910;5171;5375;5597;5766;5221;5155;5203;4780;4659;6799;7083;7216;6726;6453
69;4368;4461;4807;5178;4874;5127;5347;5556;5728;5180;5108;5160;4725;4584;6720;6986;7119;6654
70;4501;4335;4433;4759;5121;4846;5095;5318;5532;5686;5121;5049;5078;4659;4535;6648;6898;7016
71;4450;4444;4271;4377;4722;5034;4775;5048;5274;5490;5646;5063;4971;4988;4571;4478;6547;6781
72;4161;4392;4367;4216;4315;4647;4931;4688;4990;5192;5429;5551;4961;4910;4900;4498;4405;6449
73;3905;4102;4333;4294;4141;4260;4561;4857;4618;4909;5114;5321;5448;4882;4814;4804;4410;4330
74;3591;3824;4011;4231;4230;4057;4190;4465;4779;4525;4842;5032;5235;5343;4778;4729;4691;4296
75;3522;3497;3740;3918;4126;4137;3960;4088;4402;4651;4447;4730;4944;5135;5217;4685;4604;4572
76;3250;3422;3414;3620;3797;4025;4027;3865;4020;4282;4547;4313;4610;4814;5004;5087;4563;4506
77;3177;3128;3337;3289;3535;3663;3898;3906;3778;3917;4163;4415;4189;4476;4666;4861;4935;4456
78;3054;3082;3007;3215;3194;3423;3549;3787;3779;3663;3798;4011;4279;4031;4318;4521;4685;4787
79;2758;2938;2984;2912;3102;3088;3288;3434;3652;3627;3543;3672;3870;4131;3894;4159;4375;4540
80;2568;2650;2814;2836;2766;2964;2969;3153;3280;3499;3481;3350;3500;3679;3947;3751;3998;4197
81;2591;2427;2489;2674;2700;2624;2845;2829;3009;3128;3320;3311;3200;3320;3494;3736;3579;3820
82;1436;2443;2285;2363;2513;2533;2483;2679;2680;2830;2989;3134;3151;3047;3152;3336;3517;3406
83;1007;1347;2272;2098;2211;2340;2368;2321;2522;2504;2659;2805;2955;2975;2879;2939;3150;3315
84;976;925;1224;2087;1965;2070;2193;2197;2161;2328;2314;2444;2638;2790;2781;2694;2748;2949
85;1124;892;841;1129;1899;1786;1911;2024;2050;1985;2129;2120;2290;2460;2598;2583;2484;2534
86;1262;1001;814;774;1018;1750;1620;1732;1866;1865;1812;1948;1945;2121;2236;2382;2351;2287
87;951;1149;877;740;710;918;1579;1462;1528;1703;1682;1638;1757;1749;1908;2006;2186;2114
88;840;843;999;769;636;630;845;1415;1314;1361;1528;1510;1466;1593;1528;1701;1777;1965
89;752;712;693;876;659;557;565;760;1251;1144;1171;1344;1352;1285;1407;1343;1517;1546
90;593;641;596;589;746;574;495;493;637;1095;982;1011;1198;1156;1100;1243;1161;1314
91;446;506;498;492;484;635;486;420;415;544;939;817;877;1031;978;920;1028;997
92;373;342;409;407;393;401;542;416;359;337;472;786;676;729;807;820;782;845
93;261;314;267;324;326;330;336;447;349;299;272;394;657;553;560;658;667;615
94;160;198;221;208;244;259;261;264;358;275;242;206;316;532;442;470;500;529
95;123;112;146;177;133;188;202;221;204;281;227;183;157;255;404;360;378;376
96;77;94;76;99;127;92;136;149;162;158;224;170;146;116;183;303;269;293
97;46;55;64;54;65;79;75;85;100;122;124;171;118;112;88;156;223;200
98;43;27;34;44;42;39;58;59;72;75;93;92;125;76;82;63;116;153
99;16;30;24;23;31;28;24;44;44;55;58;66;62;85;48;56;43;79
100 e oltre;28;31;36;43;47;50;61;56;77;84;103;87;112;115;124;112;102;98
Totale;484543;488510;492169;496338;500294;503907;506768;510475;514102;515980;517676;519863;519783;519306;518375;517307;515629;513279
Età/Anno;2002;2003;2004;2005;2006;2007;2008;2009;2010;2011;2012;2013;2014;2015;2016;2017;2018;2019
Età;Maschi
0;2310;2418;2411;2427;2316;2457;2418;2431;2489;2471;2341;2430;2283;2264;2103;2097;2086;1948
1;2429;2319;2406;2414;2427;2323;2450;2415;2430;2461;2460;2335;2413;2288;2248;2091;2109;2087
2;2397;2455;2331;2409;2429;2444;2315;2456;2437;2397;2443;2490;2323;2402;2293;2249;2077;2112
3;2297;2424;2471;2350;2418;2425;2448;2334;2462;2459;2382;2446;2508;2328;2389;2285;2243;2064
4;2349;2306;2442;2478;2369;2412;2435;2437;2349;2441;2455;2400;2464;2499;2348;2379;2296;2228
5;2447;2378;2334;2463;2497;2404;2406;2450;2434;2343;2438;2464;2389;2476;2496;2352;2362;2300
6;2558;2473;2414;2358;2481;2519;2410;2410;2469;2412;2323;2447;2453;2399;2482;2516;2361;2357
7;2517;2578;2489;2446;2376;2487;2552;2432;2433;2469;2399;2343;2455;2468;2403;2481;2510;2370
8;2650;2531;2593;2517;2479;2390;2500;2573;2448;2424;2459;2406;2358;2470;2481;2411;2488;2516
9;2683;2667;2549;2620;2535;2504;2401;2520;2600;2461;2413;2470;2413;2364;2478;2476;2410;2486
10;2697;2705;2683;2570;2643;2565;2514;2433;2541;2609;2467;2419;2476;2418;2372;2481;2479;2424
11;2856;2710;2726;2701;2588;2641;2588;2548;2455;2555;2615;2471;2423;2481;2426;2378;2485;2488
12;2744;2864;2727;2749;2708;2618;2651;2606;2571;2458;2565;2623;2477;2433;2484;2438;2375;2477
13;2814;2761;2865;2734;2772;2726;2626;2668;2624;2592;2471;2570;2624;2479;2442;2487;2442;2372
14;2634;2822;2772;2887;2740;2782;2734;2641;2678;2633;2599;2471;2573;2634;2482;2440;2484;2443
15;2898;2664;2830;2787;2895;2755;2807;2755;2648;2695;2631;2599;2464;2580;2636;2484;2441;2482
16;2853;2903;2688;2851;2804;2910;2759;2829;2766;2660;2697;2628;2610;2465;2582;2636;2487;2441
17;3033;2857;2911;2693;2858;2812;2915;2765;2855;2776;2662;2703;2632;2628;2471;2588;2636;2489
18;3005;3042;2854;2925;2716;2879;2824;2926;2785;2871;2803;2683;2717;2641;2629;2480;2602;2657
19;3185;3014;3050;2855;2939;2736;2896;2852;2927;2796;2878;2817;2677;2718;2644;2642;2473;2613
20;3179;3171;3026;3058;2862;2938;2747;2903;2860;2930;2802;2885;2830;2669;2710;2654;2636;2480
21;3206;3183;3171;3037;3073;2871;2950;2771;2916;2874;2939;2799;2883;2830;2680;2709;2645;2641
22;3191;3204;3167;3162;3038;3080;2883;2954;2783;2916;2883;2962;2776;2877;2829;2688;2698;2640
23;3346;3205;3210;3177;3170;3052;3083;2890;2951;2787;2926;2893;2957;2776;2871;2820;2692;2674
24;3469;3384;3200;3216;3177;3161;3048;3066;2897;2976;2793;2930;2891;2932;2788;2843;2815;2671
25;3649;3474;3372;3213;3232;3153;3143;3040;3079;2891;2980;2798;2906;2875;2934;2768;2821;2790
26;3869;3667;3476;3379;3225;3215;3147;3130;3041;3056;2881;3003;2786;2908;2857;2908;2726;2799
27;3766;3850;3664;3496;3414;3227;3199;3128;3116;3015;3046;2884;2990;2771;2878;2826;2877;2681
28;3920;3782;3843;3686;3494;3406;3220;3176;3121;3126;3002;3099;2876;2971;2735;2877;2811;2830
29;3928;3939;3792;3871;3732;3532;3432;3223;3166;3101;3119;3017;3061;2879;2950;2710;2841;2798
30;3828;3954;3941;3832;3916;3732;3555;3442;3214;3147;3097;3156;3001;3056;2871;2929;2696;2809
31;3813;3845;3970;3974;3845;3934;3732;3563;3457;3197;3137;3135;3121;3003;3004;2850;2893;2643
32;3823;3822;3858;3990;4010;3845;3920;3743;3552;3430;3220;3173;3116;3070;3004;2988;2814;2866
33;3706;3869;3849;3890;4006;3993;3871;3904;3766;3554;3444;3261;3152;3093;3066;2977;2967;2791
34;3831;3738;3922;3929;3921;4034;3998;3888;3923;3782;3578;3476;3235;3143;3068;3059;2953;2943
35;4027;3868;3768;3971;3966;3961;4035;4048;3940;3947;3766;3604;3465;3216;3151;3042;3040;2928
36;3988;4051;3897;3841;4012;4027;3972;4082;4080;3959;3959;3804;3584;3456;3223;3155;3038;3023
37;3988;4016;4076;3935;3889;4046;4050;3971;4091;4086;3994;3985;3802;3590;3438;3219;3136;3033
38;3786;4001;4037;4087;3964;3926;4061;4055;3999;4080;4099;4042;3978;3822;3595;3425;3228;3122
39;3564;3809;4023;4058;4152;3981;3930;4065;4081;4029;4063;4137;4029;3981;3798;3604;3422;3211
40;3568;3574;3820;4050;4101;4150;4000;3968;4076;4109;4044;4096;4134;4019;3973;3803;3586;3420
41;3449;3604;3604;3848;4064;4112;4159;4040;3985;4077;4112;4082;4122;4129;4011;3958;3797;3562
42;3385;3470;3631;3646;3878;4094;4149;4203;4086;4003;4092;4154;4075;4119;4126;3995;3976;3793
43;3224;3428;3488;3665;3667;3920;4123;4181;4245;4123;4031;4111;4161;4075;4115;4128;3987;3976
44;3242;3258;3466;3523;3713;3709;3943;4151;4194;4263;4162;4066;4117;4162;4091;4125;4120;3961
45;3226;3260;3280;3481;3540;3736;3726;3964;4171;4234;4280;4188;4053;4119;4170;4101;4129;4120
46;3213;3245;3285;3301;3509;3569;3759;3758;3987;4180;4255;4296;4197;4053;4124;4141;4098;4106
47;3282;3231;3265;3294;3326;3521;3580;3778;3770;3992;4190;4272;4294;4169;4072;4125;4144;4083
48;3076;3293;3253;3280;3317;3357;3538;3603;3786;3789;4000;4223;4286;4296;4170;4068;4107;4126
49;3037;3107;3316;3252;3285;3349;3376;3566;3605;3766;3799;4019;4239;4275;4295;4182;4062;4090
50;3138;3032;3121;3337;3257;3304;3353;3403;3576;3619;3766;3811;4027;4237;4265;4296;4159;4056
51;3185;3152;3043;3132;3357;3270;3306;3361;3413;3567;3630;3764;3819;4025;4227;4259;4290;4137
52;3380;3197;3166;3065;3128;3369;3279;3301;3372;3423;3567;3626;3732;3800;4010;4224;4264;4265
53;3665;3395;3208;3177;3065;3129;3378;3288;3311;3366;3432;3574;3631;3727;3813;4000;4232;4253
54;3611;3673;3408;3223;3179;3064;3129;3393;3298;3330;3374;3431;3555;3608;3715;3800;3987;4223
55;3429;3618;3673;3414;3230;3168;3066;3127;3404;3310;3328;3383;3407;3558;3593;3698;3785;3985
56;2330;3445;3632;3689;3448;3239;3180;3065;3126;3411;3315;3329;3382;3387;3545;3579;3691;3759
57;2420;2335;3459;3656;3717;3451;3255;3198;3080;3121;3410;3318;3308;3356;3374;3537;3575;3670
58;2568;2418;2340;3455;3675;3717;3442;3256;3181;3078;3116;3416;3298;3279;3349;3354;3528;3561
59;2511;2550;2405;2340;3462;3692;3733;3452;3272;3177;3075;3122;3405;3283;3261;3312;3326;3519
60;2593;2501;2539;2408;2350;3451;3686;3730;3445;3274;3169;3066;3099;3407;3262;3255;3289;3298
61;2890;2592;2518;2549;2414;2338;3444;3689;3722;3436;3265;3152;3042;3079;3385;3248;3208;3240
62;2811;2884;2586;2521;2545;2424;2331;3424;3687;3719;3415;3239;3121;3023;3073;3365;3235;3187
63;2678;2812;2882;2591;2522;2529;2417;2325;3421;3671;3704;3409;3232;3091;3013;3069;3360;3203
64;2509;2659;2780;2861;2577;2523;2522;2404;2331;3410;3679;3667;3377;3183;3064;2997;3042;3338
65;2469;2510;2657;2779;2864;2570;2495;2504;2391;2317;3409;3648;3629;3335;3167;3038;2963;3011
66;2573;2449;2514;2644;2750;2856;2544;2495;2482;2377;2302;3386;3598;3593;3314;3104;3016;2954
67;2335;2569;2432;2508;2606;2731;2843;2523;2480;2475;2336;2289;3353;3553;3550;3269;3063;2993
68;2081;2305;2546;2397;2474;2566;2707;2817;2489;2450;2462;2321;2254;3286;3494;3499;3224;3036
69;2059;2068;2269;2506;2369;2444;2540;2680;2785;2463;2419;2445;2288;2207;3248;3454;3430;3179
70;2132;2022;2052;2240;2461;2358;2426;2519;2660;2746;2438;2383;2402;2235;2186;3185;3400;3372
71;2063;2080;1979;2002;2209;2407;2307;2386;2485;2622;2716;2410;2327;2342;2175;2152;3118;3336
72;1904;2024;2027;1952;1968;2166;2343;2242;2333;2423;2585;2671;2354;2297;2293;2133;2112;3065
73;1764;1858;1975;1978;1892;1921;2106;2298;2186;2275;2363;2517;2604;2301;2240;2230;2080;2078
74;1624;1704;1805;1923;1949;1837;1880;2046;2238;2109;2236;2315;2477;2537;2245;2181;2161;2005
75;1512;1560;1651;1740;1851;1886;1770;1824;2002;2170;2065;2162;2267;2415;2459;2185;2115;2097
76;1400;1454;1509;1576;1668;1785;1827;1714;1777;1938;2117;1983;2093;2181;2340;2376;2107;2068
77;1356;1331;1398;1439;1525;1580;1710;1751;1657;1717;1873;2042;1913;2012;2094;2267;2287;2044
78;1248;1286;1259;1331;1396;1459;1510;1634;1673;1594;1649;1788;1953;1824;1920;2013;2163;2201
79;1043;1174;1227;1200;1261;1321;1385;1452;1562;1582;1528;1569;1719;1863;1746;1833;1922;2085
80;1023;980;1093;1132;1113;1184;1237;1309;1366;1470;1495;1419;1463;1609;1759;1673;1739;1827
81;979;935;899;1001;1050;1036;1128;1138;1233;1285;1364;1414;1338;1386;1505;1653;1575;1649
82;540;890;864;848;927;964;973;1033;1067;1149;1218;1266;1335;1264;1300;1409;1527;1484
83;387;483;798;757;773;853;872;886;948;961;1063;1116;1169;1243;1178;1204;1324;1427
84;350;342;425;705;706;702;785;791;816;853;861;971;1038;1080;1142;1089;1099;1220
85;426;309;293;391;645;616;638;713;728;737;760;767;895;958;972;1042;995;998
86;433;372;277;264;331;581;547;572;637;650;664;682;702;807;848;882;938;892
87;362;386;316;246;229;288;521;497;497;582;568;590;610;602;715;747;801;811
88;296;308;331;271;204;200;259;461;437;443;514;502;517;530;515;617;651;702
89;255;248;241;287;221;170;173;235;409;367;377;442;438;442;449;441;549;555
90;206;213;193;203;234;185;153;148;187;349;311;305;387;368;362;386;382;465
91;149;175;163;147;171;196;156;132;127;159;288;251;258;319;300;283;311;315
92;109;116;138;128;112;139;155;134;105;98;139;236;190;209;236;245;239;253
93;75;93;97;113;100;85;111;126;110;75;77;114;198;146;159;187;197;175
94;52;51;64;78;79;74;70;83;89;88;51;57;90;153;120;136;131;139
95;31;31;39;49;46;60;59;57;58;68;74;37;45;70;114;99;101;89
96;28;24;18;29;33;30;45;38;39;41;49;55;28;36;46;80;72;73
97;17;22;16;15;20;20;26;28;23;24;30;36;39;18;32;39;58;49
98;10;9;14;11;14;16;14;17;24;18;21;18;27;25;12;22;29;35
99;0;7;10;7;8;9;9;10;10;19;15;14;10;17;14;7;18;16
100 e oltre;7;7;10;14;19;16;18;20;20;19;24;21;22;17;21;12;2;15
Totale;236951;238851;240575;242705;244692;246399;247841;249464;251108;252027;252900;254314;254314;254092;253705;253233;252471;251371
Età/Anno;2002;2003;2004;2005;2006;2007;2008;2009;2010;2011;2012;2013;2014;2015;2016;2017;2018;2019
Età;Femmine
0;2211;2282;2326;2289;2319;2359;2288;2457;2435;2348;2285;2260;2231;2137;2078;2000;1931;1833
1;2193;2253;2287;2318;2271;2329;2352;2300;2438;2404;2348;2276;2223;2231;2139;2064;1993;1891
2;2285;2207;2269;2291;2348;2286;2326;2371;2303;2407;2389;2351;2279;2237;2250;2136;2060;1975
3;2100;2307;2238;2272;2308;2357;2272;2344;2384;2299;2379;2393;2342;2268;2245;2258;2122;2045
4;2265;2116;2326;2253;2289;2318;2344;2289;2350;2387;2293;2376;2397;2335;2264;2262;2265;2103
5;2376;2278;2141;2348;2268;2298;2326;2348;2292;2342;2365;2316;2385;2400;2349;2270;2244;2255
6;2312;2385;2300;2167;2362;2288;2294;2324;2363;2272;2346;2376;2329;2398;2405;2351;2283;2225
7;2411;2334;2397;2323;2198;2351;2299;2312;2323;2349;2272;2347;2377;2337;2392;2417;2347;2294
8;2511;2414;2354;2413;2348;2215;2374;2322;2319;2333;2353;2299;2344;2372;2350;2402;2411;2354
9;2600;2522;2434;2380;2432;2368;2226;2393;2347;2326;2330;2372;2292;2357;2375;2361;2398;2399
10;2670;2617;2532;2460;2405;2435;2389;2238;2412;2356;2337;2340;2376;2293;2357;2389;2361;2389
11;2604;2680;2637;2545;2471;2423;2437;2415;2254;2405;2365;2354;2356;2378;2299;2370;2406;2351
12;2646;2623;2689;2649;2562;2494;2434;2455;2431;2265;2413;2384;2362;2352;2380;2309;2360;2403
13;2642;2659;2646;2702;2658;2571;2492;2455;2471;2439;2275;2425;2386;2362;2352;2383;2305;2360
14;2687;2660;2671;2651;2719;2677;2590;2506;2466;2469;2450;2287;2434;2401;2373;2364;2388;2307
15;2616;2707;2683;2678;2660;2716;2698;2610;2511;2475;2486;2455;2295;2436;2395;2373;2364;2383
16;2823;2630;2725;2695;2696;2678;2718;2706;2627;2515;2483;2506;2450;2296;2437;2395;2377;2357
17;2703;2819;2637;2742;2712;2707;2689;2731;2726;2642;2521;2483;2514;2451;2305;2440;2390;2369
18;2852;2705;2835;2644;2765;2725;2721;2701;2740;2743;2660;2527;2502;2523;2479;2328;2457;2415
19;3026;2856;2712;2841;2644;2782;2725;2724;2722;2746;2754;2675;2529;2498;2536;2491;2322;2462
20;3117;3022;2856;2714;2848;2647;2783;2739;2734;2732;2736;2747;2665;2521;2496;2525;2478;2324
21;3019;3130;3019;2874;2730;2861;2653;2803;2764;2754;2733;2737;2758;2658;2516;2497;2524;2469
22;3142;3038;3134;3034;2896;2743;2854;2665;2823;2778;2776;2741;2745;2760;2656;2507;2496;2520
23;3309;3129;3033;3137;3056;2908;2753;2857;2669;2840;2776;2792;2751;2732;2767;2636;2508;2513
24;3361;3305;3150;3025;3153;3051;2899;2794;2871;2655;2840;2784;2772;2738;2732;2763;2629;2508
25;3551;3368;3288;3155;3033;3144;3060;2900;2819;2872;2656;2844;2769;2762;2725;2731;2763;2614
26;3801;3554;3358;3291;3146;3035;3132;3089;2909;2818;2865;2680;2821;2765;2760;2699;2708;2758
27;3835;3806;3554;3386;3323;3151;3041;3128;3092;2896;2829;2883;2676;2807;2739;2758;2692;2693
28;3943;3825;3797;3560;3398;3343;3183;3047;3140;3084;2907;2833;2877;2680;2789;2727;2744;2674
29;3944;3953;3815;3814;3600;3427;3333;3188;3066;3133;3089;2913;2828;2843;2651;2761;2723;2702
30;3931;3945;3968;3845;3808;3599;3426;3337;3230;3037;3134;3116;2909;2835;2825;2642;2738;2714
31;3907;3952;4001;3983;3874;3844;3583;3418;3347;3236;3059;3160;3081;2930;2822;2812;2608;2725
32;3958;3934;4003;4035;3985;3921;3882;3590;3432;3393;3233;3091;3136;3071;2905;2812;2786;2591
33;3950;4001;3967;4039;4030;4020;3928;3924;3618;3490;3427;3277;3091;3110;3049;2889;2808;2750
34;3858;3988;4048;4011;4069;4053;4047;3980;3970;3649;3532;3442;3262;3078;3116;3065;2892;2779
35;4113;3896;4024;4100;4047;4106;4067;4105;4044;4007;3674;3557;3430;3256;3075;3092;3070;2878
36;3996;4150;3932;4092;4130;4076;4131;4120;4142;4052;4030;3703;3542;3423;3261;3058;3066;3061
37;4193;4026;4176;3960;4130;4148;4097;4177;4144;4164;4046;4054;3715;3525;3423;3243;3058;3034
38;3950;4228;4049;4231;4004;4147;4158;4113;4209;4168;4170;4084;4055;3720;3526;3412;3257;3047
39;3783;3968;4263;4081;4271;4031;4166;4183;4137;4220;4178;4202;4096;4039;3720;3521;3416;3256
40;3863;3818;3989;4299;4122;4290;4068;4197;4211;4136;4214;4197;4203;4105;4012;3748;3535;3437
41;3631;3876;3831;4000;4320;4173;4321;4096;4229;4220;4127;4236;4187;4208;4106;4015;3729;3526
42;3513;3660;3886;3856;4018;4345;4197;4383;4136;4237;4236;4164;4250;4187;4200;4103;4008;3720
43;3287;3527;3676;3901;3870;4044;4361;4260;4422;4161;4233;4246;4166;4242;4194;4183;4100;4005
44;3339;3313;3563;3694;3915;3889;4062;4402;4287;4435;4189;4247;4252;4171;4245;4197;4171;4107
45;3369;3364;3335;3590;3724;3940;3906;4090;4424;4293;4449;4201;4243;4246;4176;4239;4198;4182
46;3431;3393;3384;3358;3616;3743;3957;3945;4103;4429;4308;4453;4202;4234;4256;4168;4240;4175
47;3482;3434;3404;3434;3394;3645;3762;3973;3969;4109;4431;4316;4450;4202;4240;4255;4163;4235
48;3133;3511;3453;3411;3453;3428;3673;3773;3982;3979;4119;4442;4312;4435;4202;4237;4240;4163
49;3108;3148;3520;3461;3433;3469;3443;3691;3798;3994;3996;4145;4463;4314;4431;4196;4231;4224
50;3333;3123;3177;3537;3479;3438;3487;3473;3712;3812;3987;4002;4140;4449;4315;4412;4203;4229
51;3514;3352;3133;3195;3559;3501;3441;3518;3491;3722;3820;3995;3989;4137;4441;4299;4413;4194
52;3499;3522;3355;3142;3200;3577;3505;3464;3532;3495;3741;3811;3992;3967;4136;4422;4306;4402
53;3724;3503;3532;3365;3160;3214;3583;3519;3467;3549;3507;3730;3810;3980;3960;4141;4412;4283
54;3562;3738;3530;3551;3383;3173;3226;3589;3530;3470;3566;3496;3728;3809;3980;3943;4125;4418
55;3489;3572;3771;3551;3561;3379;3175;3242;3593;3529;3475;3561;3487;3714;3798;3973;3943;4108
56;2421;3507;3600;3780;3561;3569;3389;3191;3252;3590;3528;3485;3547;3470;3691;3792;3948;3920
57;2422;2421;3529;3628;3794;3581;3566;3384;3201;3246;3590;3533;3466;3546;3473;3675;3781;3948
58;2738;2437;2432;3553;3651;3813;3606;3581;3385;3210;3233;3575;3514;3455;3532;3448;3670;3766
59;2689;2753;2455;2439;3562;3659;3824;3625;3586;3374;3216;3232;3555;3499;3439;3506;3443;3651
60;2768;2693;2754;2472;2440;3576;3678;3835;3640;3588;3377;3209;3221;3545;3498;3430;3496;3426
61;3037;2769;2702;2764;2482;2430;3583;3689;3827;3649;3582;3372;3193;3210;3529;3493;3419;3476
62;2829;3051;2770;2707;2774;2497;2436;3585;3698;3832;3639;3564;3358;3198;3179;3506;3464;3409
63;2781;2850;3028;2769;2709;2778;2495;2436;3597;3697;3832;3646;3533;3333;3186;3154;3489;3451
64;2674;2795;2866;3009;2774;2717;2769;2496;2440;3595;3691;3809;3632;3510;3320;3172;3132;3474
65;2522;2678;2809;2888;2997;2738;2717;2760;2510;2439;3592;3673;3777;3606;3496;3305;3141;3116
66;2717;2521;2692;2809;2892;2992;2735;2707;2754;2509;2440;3573;3645;3771;3570;3476;3283;3112
67;2550;2703;2522;2697;2808;2903;2980;2736;2710;2749;2496;2429;3555;3624;3745;3530;3450;3254
68;2403;2553;2689;2513;2697;2809;2890;2949;2732;2705;2741;2459;2405;3513;3589;3717;3502;3417
69;2309;2393;2538;2672;2505;2683;2807;2876;2943;2717;2689;2715;2437;2377;3472;3532;3689;3475
70;2369;2313;2381;2519;2660;2488;2669;2799;2872;2940;2683;2666;2676;2424;2349;3463;3498;3644
71;2387;2364;2292;2375;2513;2627;2468;2662;2789;2868;2930;2653;2644;2646;2396;2326;3429;3445
72;2257;2368;2340;2264;2347;2481;2588;2446;2657;2769;2844;2880;2607;2613;2607;2365;2293;3384
73;2141;2244;2358;2316;2249;2339;2455;2559;2432;2634;2751;2804;2844;2581;2574;2574;2330;2252
74;1967;2120;2206;2308;2281;2220;2310;2419;2541;2416;2606;2717;2758;2806;2533;2548;2530;2291
75;2010;1937;2089;2178;2275;2251;2190;2264;2400;2481;2382;2568;2677;2720;2758;2500;2489;2475
76;1850;1968;1905;2044;2129;2240;2200;2151;2243;2344;2430;2330;2517;2633;2664;2711;2456;2438
77;1821;1797;1939;1850;2010;2083;2188;2155;2121;2200;2290;2373;2276;2464;2572;2594;2648;2412
78;1806;1796;1748;1884;1798;1964;2039;2153;2106;2069;2149;2223;2326;2207;2398;2508;2522;2586
79;1715;1764;1757;1712;1841;1767;1903;1982;2090;2045;2015;2103;2151;2268;2148;2326;2453;2455
80;1545;1670;1721;1704;1653;1780;1732;1844;1914;2029;1986;1931;2037;2070;2188;2078;2259;2370
81;1612;1492;1590;1673;1650;1588;1717;1691;1776;1843;1956;1897;1862;1934;1989;2083;2004;2171
82;896;1553;1421;1515;1586;1569;1510;1646;1613;1681;1771;1868;1816;1783;1852;1927;1990;1922
83;620;864;1474;1341;1438;1487;1496;1435;1574;1543;1596;1689;1786;1732;1701;1735;1826;1888
84;626;583;799;1382;1259;1368;1408;1406;1345;1475;1453;1473;1600;1710;1639;1605;1649;1729
85;698;583;548;738;1254;1170;1273;1311;1322;1248;1369;1353;1395;1502;1626;1541;1489;1536
86;829;629;537;510;687;1169;1073;1160;1229;1215;1148;1266;1243;1314;1388;1500;1413;1395
87;589;763;561;494;481;630;1058;965;1031;1121;1114;1048;1147;1147;1193;1259;1385;1303
88;544;535;668;498;432;430;586;954;877;918;1014;1008;949;1063;1013;1084;1126;1263
89;497;464;452;589;438;387;392;525;842;777;794;902;914;843;958;902;968;991
90;387;428;403;386;512;389;342;345;450;746;671;706;811;788;738;857;779;849
91;297;331;335;345;313;439;330;288;288;385;651;566;619;712;678;637;717;682
92;264;226;271;279;281;262;387;282;254;239;333;550;486;520;571;575;543;592
93;186;221;170;211;226;245;225;321;239;224;195;280;459;407;401;471;470;440
94;108;147;157;130;165;185;191;181;269;187;191;149;226;379;322;334;369;390
95;92;81;107;128;87;128;143;164;146;213;153;146;112;185;290;261;277;287
96;49;70;58;70;94;62;91;111;123;117;175;115;118;80;137;223;197;220
97;29;33;48;39;45;59;49;57;77;98;94;135;79;94;56;117;165;151
98;33;18;20;33;28;23;44;42;48;57;72;74;98;51;70;41;87;118
99;16;23;14;16;23;19;15;34;34;36;43;52;52;68;34;49;25;63
100 e oltre;21;24;26;29;28;34;43;36;57;65;79;66;90;98;103;100;100;83
Totale;247592;249659;251594;253633;255602;257508;258927;261011;262994;263953;264776;265549;265469;265214;264670;264074;263158;261908

"Ricostruzione della popolazione intercensuaria - Popolazione al 1° gennaio per età"
"Cittadinanza straniera - Provincia: Latina"
Età/Anno;2002;2003;2004;2005;2006;2007;2008;2009;2010;2011;2012;2013;2014;2015;2016;2017;2018;2019
Età;Totale
0;114;163;173;227;241;257;371;497;467;538;558;699;707;670;639;657;648;626
1;92;119;162;178;233;232;309;388;486;446;511;587;711;666;670;617;649;647
2;86;86;122;159;190;232;294;343;410;509;455;558;625;730;657;641;592;643
3;90;88;97;131;171;202;289;345;373;412;519;492;583;638;741;623;628;604
4;105;87;89;107;149;180;262;320;361;394;430;561;518;602;656;713;616;628
5;83;112;94;97;115;167;235;301;330;381;415;453;559;519;598;641;690;603
6;86;86;116;97;114;138;237;272;325;339;400;448;470;565;525;581;619;688
7;90;96;99;117;127;135;206;289;287;340;355;435;458;479;548;507;567;614
8;67;97;105;107;133;134;203;269;322;304;363;383;438;462;484;523;500;583
9;76;67;104;107;118;148;204;254;306;346;327;383;396;432;458;465;514;508
10;70;79;76;112;128;134;216;258;289;349;358;349;385;415;434;448;450;525
11;77;72;83;91;122;146;203;270;290;314;367;380;368;382;410;422;443;449
12;71;75;68;95;115;138;208;255;305;329;336;395;389;391;384;405;426;444
13;57;70;73;70;121;131;230;252;289;319;358;368;419;409;386;379;414;446
14;64;56;73;83;99;129;186;292;291;299;343;399;391;425;414;374;382;420
15;53;56;52;81;103;113;179;258;337;307;326;372;411;416;424;407;395;410
16;79;48;43;56;97;106;188;232;304;361;335;371;387;427;436;426;420;422
17;52;65;49;50;70;110;190;248;282;329;391;385;391;426;448;442;428;449
18;54;46;48;53;61;82;183;252;310;320;348;449;409;419;460;464;553;451
19;59;36;47;52;57;54;160;282;319;354;361;406;488;440;473;520;686;613
20;55;34;48;59;51;68;171;288;343;373;409;441;447;525;485;515;693;767
21;86;32;49;64;65;53;218;336;403;431;453;483;477;475;570;519;642;768
22;80;71;83;89;66;81;206;373;446;508;518;553;556;537;535;614;623;688
23;112;64;132;147;84;81;274;386;501;553;661;605;636;613;616;595;745;686
24;102;88;140;216;180;90;240;445;512;612;669;787;714;720;668;669;640;797
25;140;108;176;218;227;192;260;384;589;644;751;798;866;781;796;722;779;704
26;162;129;218;277;233;238;410;468;510;680;768;873;907;948;854;849;821;849
27;164;160;239;320;292;237;467;642;593;624;835;910;959;1030;1042;950;941;861
28;196;183;275;358;349;304;452;666;762;709;783;985;988;1043;1114;1127;1016;997
29;177;194;310;391;389;363;523;629;788;836;856;897;1069;1082;1121;1169;1206;1045
30;224;194;330;421;423;393;574;702;755;900;979;957;988;1118;1157;1202;1253;1214
31;187;224;302;434;449;428;585;734;773;834;970;1100;1023;1056;1210;1243;1229;1271
32;254;198;334;375;451;463;616;759;789;861;909;1063;1152;1096;1103;1265;1263;1263
33;234;255;263;398;423;457;623;766;823;872;909;1007;1142;1235;1182;1157;1276;1303
34;248;235;359;346;400;433;600;764;812;872;935;1020;1081;1191;1276;1227;1174;1279
35;197;230;329;406;356;398;563;682;805;822;937;1023;1074;1152;1259;1314;1280;1169
36;199;188;322;401;409;335;537;678;716;822;862;1050;1107;1122;1186;1275;1335;1302
37;221;193;240;391;415;392;454;635;733;752;857;931;1106;1169;1180;1212;1280;1327
38;206;208;245;280;401;406;530;577;689;755;802;933;988;1122;1175;1178;1200;1291
39;180;199;254;298;295;401;567;606;640;741;817;882;981;1053;1164;1193;1155;1204
40;171;163;236;302;313;299;549;660;673;671;782;872;926;1015;1077;1184;1170;1154
41;166;162;206;283;323;326;372;655;714;717;701;857;909;956;1031;1089;1152;1166
42;139;145;218;252;295;322;410;425;718;747;755;785;876;953;964;1024;1070;1162
43;131;127;161;252;255;296;386;473;450;737;778;826;826;929;972;978;1002;1075
44;129;122;172;205;258;247;355;449;508;485;756;833;836;831;929;959;984;1007
45;126;129;162;195;216;251;314;411;478;550;511;793;852;855;852;928;958;961
46;105;115;163;204;217;215;331;348;437;492;575;564;816;868;872;845;918;946
47;108;105;144;178;217;221;278;363;387;451;515;601;590;823;872;852;840;909
48;109;104;132;163;189;226;264;326;384;417;450;563;623;610;841;873;847;852
49;70;99;130;163;162;182;276;307;351;393;433;479;567;625;612;833;875;862
50;63;73;104;150;171;157;220;309;333;361;398;464;493;568;625;604;826;875
51;92;61;95;119;141;170;195;264;327;349;387;434;464;489;564;611;591;820
52;51;76;81;105;117;140;198;222;272;334;349;419;466;466;490;553;606;582
53;48;52;88;91;111;112;167;217;241;289;348;378;436;474;462;485;547;599
54;49;45;59;93;88;116;135;178;228;241;299;376;371;439;465;455;485;541
55;44;52;53;63;95;88;135;138;170;229;244;318;395;369;427;457;442;490
56;36;44;59;58;67;90;94;140;142;164;229;257;333;392;381;414;455;436
57;36;39;42;62;59;67;97;106;143;154;167;233;270;326;386;372;412;441
58;24;36;42;45;62;56;72;100;110;141;159;180;239;264;330;386;352;411
59;30;26;40;46;46;63;55;79;97;115;142;169;183;241;253;322;376;348
60;28;26;25;49;45;50;65;61;72;99;114;149;172;198;247;253;317;374
61;32;30;28;34;46;47;49;76;68;85;99;119;151;162;193;247;257;306
62;33;34;26;36;37;43;51;49;68;68;86;112;125;151;161;192;242;261
63;42;32;37;31;29;40;46;50;46;78;73;96;111;124;150;156;198;231
64;19;40;36;43;29;29;38;48;51;43;76;79;95;118;134;139;155;197
65;20;22;43;40;39;28;31;36;49;56;48;84;83;95;116;133;141;152
66;24;22;23;49;38;36;30;36;37;55;60;55;83;89;102;118;138;144
67;25;24;21;25;51;42;37;31;35;37;58;67;55;86;88;101;120;140
68;22;22;21;28;31;48;35;37;30;33;39;59;70;57;83;87;108;119
69;20;22;22;24;25;35;46;40;36;30;36;41;61;72;57;82;91;109
70;15;17;19;25;22;25;28;44;34;37;32;37;44;52;66;54;84;89
71;15;17;18;25;22;20;21;29;44;32;41;37;46;48;53;62;52;79
72;14;17;16;18;24;23;23;20;26;39;32;44;41;41;41;53;62;50
73;6;12;16;19;17;21;23;20;16;28;41;31;48;43;42;42;52;61
74;13;7;13;17;16;21;16;20;16;13;28;41;34;53;41;42;45;51
75;9;10;9;14;17;11;22;18;15;18;14;32;43;40;52;37;42;48
76;19;8;10;10;13;18;13;16;18;13;20;17;37;42;39;52;36;44
77;9;15;8;17;10;12;19;15;15;16;13;22;21;33;41;36;55;40
78;15;9;12;7;19;9;14;19;13;14;16;14;23;23;33;39;38;55
79;7;13;10;13;7;17;10;15;15;14;13;15;17;23;23;30;36;34
80;8;8;11;12;10;9;19;13;14;12;14;15;16;17;21;25;29;36
81;11;8;9;11;12;10;9;18;11;12;12;13;17;19;16;19;24;31
82;5;11;8;9;10;10;8;10;12;10;13;13;17;16;20;14;15;25
83;6;4;11;7;8;11;10;8;8;11;11;14;12;18;13;19;15;12
84;7;6;3;8;5;7;9;9;8;9;13;9;13;11;14;10;17;13
85;4;6;6;6;8;6;6;8;9;7;11;12;8;13;8;13;12;17
86;2;5;8;8;5;6;5;5;7;7;6;11;11;7;12;8;12;12
87;6;2;6;7;8;5;5;5;4;8;7;6;13;11;6;9;7;9
88;2;7;1;5;4;8;5;6;4;4;8;6;6;13;8;5;8;7
89;2;0;10;1;3;3;7;3;3;2;4;6;7;6;14;7;4;8
90;1;2;0;9;1;2;4;6;2;2;2;3;6;7;5;14;8;4
91;4;1;2;1;8;0;2;4;5;2;2;2;3;6;5;5;14;7
92;1;4;0;2;1;8;1;2;3;5;0;2;3;2;5;3;6;11
93;0;1;4;0;2;1;7;1;2;3;4;0;2;2;2;5;2;4
94;1;0;0;4;0;1;2;7;0;0;3;4;0;2;1;2;4;1
95;0;1;0;1;2;0;1;2;6;0;0;3;4;0;1;1;2;4
96;0;0;0;1;1;2;0;1;2;6;0;1;3;3;0;1;1;2
97;0;0;1;0;1;1;1;0;0;1;5;0;1;3;4;0;1;1
98;0;0;0;1;0;1;1;1;1;0;1;4;0;1;3;4;0;1
99;0;0;0;0;1;0;1;0;1;2;0;1;4;0;0;3;4;0
100 e oltre;0;1;0;0;0;1;1;2;1;2;3;2;3;6;5;5;7;8
Totale;7123;7032;9301;11605;12551;13092;19047;24358;27635;30441;33572;37850;40744;43187;45268;46601;48540;49992
Età/Anno;2002;2003;2004;2005;2006;2007;2008;2009;2010;2011;2012;2013;2014;2015;2016;2017;2018;2019
Età;Maschi
0;56;94;93;113;134;133;199;274;250;278;301;348;363;342;339;370;344;322
1;48;58;92;96;114;124;161;207;263;227;267;309;355;347;338;327;371;340
2;55;49;63;86;103;109;148;174;219;278;229;285;328;365;344;320;309;364
3;42;46;55;66;88;111;150;170;195;222;292;247;288;333;375;329;322;315
4;59;40;46;59;74;95;139;165;184;203;231;310;260;302;345;360;328;323
5;47;59;41;52;58;84;120;154;171;195;211;238;312;256;307;334;351;320
6;47;50;61;39;59;67;120;144;163;174;204;227;251;316;259;291;318;354
7;50;55;58;59;54;73;107;147;153;171;181;223;226;252;301;247;287;319
8;42;56;56;64;66;58;109;138;168;164;190;199;212;229;254;284;244;290
9;44;39;62;57;68;70;94;144;160;178;177;199;203;210;225;240;282;244
10;42;47;42;66;70;70;105;123;158;179;181;189;195;207;216;227;235;286
11;45;40;51;42;75;78;106;133;141;170;189;191;198;192;210;220;227;234
12;37;44;38;59;61;86;103;144;150;167;180;208;197;204;201;218;218;224
13;31;35;40;39;72;65;139;133;155;162;187;198;222;220;207;198;217;229
14;32;31;35;42;56;74;94;171;158;156;171;211;214;228;225;205;198;217
15;26;31;28;38;53;60;102;137;205;168;168;190;215;232;236;222;222;211
16;37;21;24;29;41;54;104;130;161;223;186;198;197;223;248;238;232;236
17;30;26;20;33;35;50;99;142;157;173;245;223;209;229;239;258;239;256
18;28;20;20;26;39;38;89;131;175;184;187;282;244;237;272;272;370;257
19;39;13;26;24;25;34;70;131;173;192;202;219;294;266;286;330;478;414
20;27;16;20;33;19;31;93;137;166;189;224;246;238;314;304;319;475;531
21;37;11;29;29;31;17;105;167;189;205;233;262;254;255;352;326;418;528
22;30;18;35;57;19;35;79;175;235;244;251;301;303;273;296;368;401;443
23;40;21;64;68;52;18;121;169;236;296;341;308;345;327;325;314;470;439
24;36;18;68;110;70;39;72;204;228;297;368;417;370;388;379;347;354;508
25;62;27;61;113;93;66;105;145;278;292;397;439;454;423;452;394;445;391
26;63;45;81;124;119;75;167;210;215;332;364;476;491;500;477;485;457;495
27;51;47;102;150;116;104;178;289;278;278;437;452;530;570;566;531;554;500
28;68;49;109;162;156;103;193;281;368;333;405;530;506;574;621;608;579;578
29;69;60;111;187;167;146;206;285;356;412;450;496;590;568;626;660;658;593
30;98;68;144;172;190;157;242;317;352;420;519;506;555;623;626;692;709;670
31;72;88;120;209;169;163;250;342;366;414;479;595;558;589;684;687;710;715
32;116;79;143;170;209;167;260;345;380;420;477;543;632;604;632;727;714;735
33;107;113;124;183;180;202;249;371;371;455;457;555;598;688;679;684;745;748
34;117;103;176;178;185;174;254;321;380;417;514;538;618;650;730;706;692;749
35;90;114;159;213;181;192;235;308;363;395;483;576;583;668;704;771;738;689
36;90;91;164;193;211;180;259;308;323;375;431;563;624;610;689;717;790;763
37;112;90;114;216;195;202;245;304;330;342;420;485;591;661;651;699;718;776
38;84;101;114;135;220;184;266;295;333;357;385;473;522;607;674;654;694;736
39;96;85;126;150;139;215;255;294;328;363;409;455;511;556;640;685;638;689
40;85;84;104;164;155;145;280;308;330;343;387;442;477;533;587;657;666;636
41;76;79;108;138;175;167;182;333;343;343;368;444;463;503;551;597;641;666
42;64;66;103;133;142;173;196;208;370;365;361;420;452;487;517;550;583;647
43;63;57;76;112;130;141;192;227;214;371;374;401;450;481;509;533;532;588
44;49;56;72;106;113;121;159;211;248;231;374;406;408;450;485;503;536;531
45;65;50;72;88;107;114;143;191;215;261;243;396;416;423;465;492;504;517
46;44;56;72;94;98;109;133;158;198;225;271;277;400;425;427;461;490;492
47;46;41;66;89;105;103;128;141;175;204;236;288;286;406;434;416;454;474
48;40;48;46;75;94;110;120;148;156;178;199;262;302;301;409;436;414;451
49;39;36;59;63;75;90;124;141;160;162;188;216;260;302;302;412;433;428
50;23;38;40;63;68;68;104;132;150;168;170;201;221;255;301;301;408;428
51;34;23;44;48;64;69;81;126;137;156;178;188;201;222;255;286;289;405
52;21;28;25;52;49;61;74;86;123;146;156;193;194;206;223;249;289;281
53;18;20;35;31;50;48;73;84;99;134;153;162;196;204;208;226;244;289
54;22;17;17;36;27;52;60;79;84;98;143;170;154;196;207;197;220;241
55;20;22;18;20;33;25;61;57;82;83;102;148;173;151;187;198;192;220
56;12;19;24;21;20;30;28;60;61;80;82;105;153;171;160;181;197;190
57;15;13;18;23;25;19;39;34;55;68;81;83;108;157;169;155;182;189
58;10;17;14;17;23;26;24;40;37;58;70;85;91;105;161;166;147;184
59;12;10;19;17;17;25;23;28;38;36;60;73;82;84;105;150;163;142
60;9;11;9;22;16;18;25;24;28;41;35;63;75;88;84;101;148;158
61;11;9;12;13;21;16;14;28;25;35;42;39;65;71;91;90;101;141
62;10;14;9;17;13;19;18;15;28;22;34;46;41;65;71;92;84;108
63;17;11;15;13;14;14;21;19;19;33;24;37;45;37;65;68;92;83
64;11;16;13;16;13;12;11;19;19;18;33;27;36;47;40;60;64;89
65;10;12;20;17;14;12;14;10;19;25;18;35;27;32;40;40;58;62
66;12;10;14;22;18;14;15;16;10;22;26;22;33;30;35;41;41;59
67;5;11;10;14;25;19;15;15;13;11;23;27;23;33;29;34;42;45
68;8;5;7;14;16;24;16;16;15;14;13;25;23;25;33;31;40;41
69;13;6;6;7;12;17;23;17;12;16;14;15;23;23;24;32;32;38
70;7;11;5;9;8;12;13;19;15;14;17;13;20;19;22;24;30;33
71;6;10;11;8;8;6;9;13;22;12;15;20;13;21;18;20;21;28
72;9;8;9;11;11;10;7;9;13;18;13;14;18;11;19;18;20;20
73;2;8;8;12;9;10;9;5;6;14;17;14;13;18;13;19;18;22
74;7;3;7;7;10;10;7;7;3;4;14;16;15;19;16;14;18;17
75;4;4;4;7;6;6;11;7;6;3;4;14;16;18;20;15;13;18
76;6;3;5;3;5;6;7;9;7;6;3;6;15;14;18;20;14;14
77;4;6;4;6;3;5;5;7;8;7;6;4;9;15;11;15;20;16
78;5;4;4;4;6;2;6;4;5;9;7;6;7;8;16;11;14;21
79;1;6;4;5;4;5;3;7;3;5;8;5;5;6;7;16;9;13
80;3;2;4;6;5;5;5;4;6;3;5;10;5;5;6;9;15;9
81;5;3;2;5;5;5;5;5;2;5;2;5;9;6;4;4;10;17
82;1;3;4;3;5;5;4;5;4;3;5;2;6;9;7;4;4;10
83;3;1;2;4;3;6;4;4;3;4;3;7;1;7;7;7;4;4
84;3;3;0;2;3;3;5;3;4;5;4;3;5;2;4;5;7;3
85;0;3;4;1;2;3;3;4;3;3;6;4;4;5;1;3;5;8
86;1;1;3;4;0;1;2;3;3;2;3;7;4;3;5;1;3;4
87;3;1;1;2;4;0;1;3;3;3;2;3;9;4;2;4;1;3
88;0;3;0;1;2;4;0;2;2;3;3;1;3;9;3;2;3;1
89;0;0;5;1;0;1;5;0;0;1;3;2;2;2;9;3;1;3
90;0;0;0;4;1;0;1;4;0;0;1;2;2;2;2;9;2;1
91;0;0;0;1;3;0;0;1;3;0;0;1;2;2;1;2;8;1
92;1;0;0;0;1;3;1;0;1;3;0;0;2;1;1;1;2;6
93;0;1;0;0;0;1;3;1;0;1;2;0;1;1;1;1;1;2
94;1;0;0;1;0;0;2;3;0;0;1;2;0;1;1;1;1;0
95;0;1;0;1;1;0;0;2;3;0;0;1;2;0;0;1;1;1
96;0;0;0;1;1;1;0;0;2;3;0;0;1;1;0;0;1;1
97;0;0;0;0;1;1;1;0;0;1;3;0;0;1;1;0;0;1
98;0;0;0;0;0;1;1;1;0;0;1;2;0;0;1;1;0;0
99;0;0;0;0;0;0;1;0;1;0;0;1;2;0;0;1;1;0
100 e oltre;0;0;0;0;0;0;0;1;1;2;2;1;2;3;3;3;3;3
Totale;3238;3068;4248;5595;5905;5976;8709;11463;13226;14781;16831;19372;20927;22364;23927;24853;26287;27134
Età/Anno;2002;2003;2004;2005;2006;2007;2008;2009;2010;2011;2012;2013;2014;2015;2016;2017;2018;2019
Età;Femmine
0;58;69;80;114;107;124;172;223;217;260;257;351;344;328;300;287;304;304
1;44;61;70;82;119;108;148;181;223;219;244;278;356;319;332;290;278;307
2;31;37;59;73;87;123;146;169;191;231;226;273;297;365;313;321;283;279
3;48;42;42;65;83;91;139;175;178;190;227;245;295;305;366;294;306;289
4;46;47;43;48;75;85;123;155;177;191;199;251;258;300;311;353;288;305
5;36;53;53;45;57;83;115;147;159;186;204;215;247;263;291;307;339;283
6;39;36;55;58;55;71;117;128;162;165;196;221;219;249;266;290;301;334
7;40;41;41;58;73;62;99;142;134;169;174;212;232;227;247;260;280;295
8;25;41;49;43;67;76;94;131;154;140;173;184;226;233;230;239;256;293
9;32;28;42;50;50;78;110;110;146;168;150;184;193;222;233;225;232;264
10;28;32;34;46;58;64;111;135;131;170;177;160;190;208;218;221;215;239
11;32;32;32;49;47;68;97;137;149;144;178;189;170;190;200;202;216;215
12;34;31;30;36;54;52;105;111;155;162;156;187;192;187;183;187;208;220
13;26;35;33;31;49;66;91;119;134;157;171;170;197;189;179;181;197;217
14;32;25;38;41;43;55;92;121;133;143;172;188;177;197;189;169;184;203
15;27;25;24;43;50;53;77;121;132;139;158;182;196;184;188;185;173;199
16;42;27;19;27;56;52;84;102;143;138;149;173;190;204;188;188;188;186
17;22;39;29;17;35;60;91;106;125;156;146;162;182;197;209;184;189;193
18;26;26;28;27;22;44;94;121;135;136;161;167;165;182;188;192;183;194
19;20;23;21;28;32;20;90;151;146;162;159;187;194;174;187;190;208;199
20;28;18;28;26;32;37;78;151;177;184;185;195;209;211;181;196;218;236
21;49;21;20;35;34;36;113;169;214;226;220;221;223;220;218;193;224;240
22;50;53;48;32;47;46;127;198;211;264;267;252;253;264;239;246;222;245
23;72;43;68;79;32;63;153;217;265;257;320;297;291;286;291;281;275;247
24;66;70;72;106;110;51;168;241;284;315;301;370;344;332;289;322;286;289
25;78;81;115;105;134;126;155;239;311;352;354;359;412;358;344;328;334;313
26;99;84;137;153;114;163;243;258;295;348;404;397;416;448;377;364;364;354
27;113;113;137;170;176;133;289;353;315;346;398;458;429;460;476;419;387;361
28;128;134;166;196;193;201;259;385;394;376;378;455;482;469;493;519;437;419
29;108;134;199;204;222;217;317;344;432;424;406;401;479;514;495;509;548;452
30;126;126;186;249;233;236;332;385;403;480;460;451;433;495;531;510;544;544
31;115;136;182;225;280;265;335;392;407;420;491;505;465;467;526;556;519;556
32;138;119;191;205;242;296;356;414;409;441;432;520;520;492;471;538;549;528
33;127;142;139;215;243;255;374;395;452;417;452;452;544;547;503;473;531;555
34;131;132;183;168;215;259;346;443;432;455;421;482;463;541;546;521;482;530
35;107;116;170;193;175;206;328;374;442;427;454;447;491;484;555;543;542;480
36;109;97;158;208;198;155;278;370;393;447;431;487;483;512;497;558;545;539
37;109;103;126;175;220;190;209;331;403;410;437;446;515;508;529;513;562;551
38;122;107;131;145;181;222;264;282;356;398;417;460;466;515;501;524;506;555
39;84;114;128;148;156;186;312;312;312;378;408;427;470;497;524;508;517;515
40;86;79;132;138;158;154;269;352;343;328;395;430;449;482;490;527;504;518
41;90;83;98;145;148;159;190;322;371;374;333;413;446;453;480;492;511;500
42;75;79;115;119;153;149;214;217;348;382;394;365;424;466;447;474;487;515
43;68;70;85;140;125;155;194;246;236;366;404;425;376;448;463;445;470;487
44;80;66;100;99;145;126;196;238;260;254;382;427;428;381;444;456;448;476
45;61;79;90;107;109;137;171;220;263;289;268;397;436;432;387;436;454;444
46;61;59;91;110;119;106;198;190;239;267;304;287;416;443;445;384;428;454
47;62;64;78;89;112;118;150;222;212;247;279;313;304;417;438;436;386;435
48;69;56;86;88;95;116;144;178;228;239;251;301;321;309;432;437;433;401
49;31;63;71;100;87;92;152;166;191;231;245;263;307;323;310;421;442;434
50;40;35;64;87;103;89;116;177;183;193;228;263;272;313;324;303;418;447
51;58;38;51;71;77;101;114;138;190;193;209;246;263;267;309;325;302;415
52;30;48;56;53;68;79;124;136;149;188;193;226;272;260;267;304;317;301
53;30;32;53;60;61;64;94;133;142;155;195;216;240;270;254;259;303;310
54;27;28;42;57;61;64;75;99;144;143;156;206;217;243;258;258;265;300
55;24;30;35;43;62;63;74;81;88;146;142;170;222;218;240;259;250;270
56;24;25;35;37;47;60;66;80;81;84;147;152;180;221;221;233;258;246
57;21;26;24;39;34;48;58;72;88;86;86;150;162;169;217;217;230;252
58;14;19;28;28;39;30;48;60;73;83;89;95;148;159;169;220;205;227
59;18;16;21;29;29;38;32;51;59;79;82;96;101;157;148;172;213;206
60;19;15;16;27;29;32;40;37;44;58;79;86;97;110;163;152;169;216
61;21;21;16;21;25;31;35;48;43;50;57;80;86;91;102;157;156;165
62;23;20;17;19;24;24;33;34;40;46;52;66;84;86;90;100;158;153
63;25;21;22;18;15;26;25;31;27;45;49;59;66;87;85;88;106;148
64;8;24;23;27;16;17;27;29;32;25;43;52;59;71;94;79;91;108
65;10;10;23;23;25;16;17;26;30;31;30;49;56;63;76;93;83;90
66;12;12;9;27;20;22;15;20;27;33;34;33;50;59;67;77;97;85
67;20;13;11;11;26;23;22;16;22;26;35;40;32;53;59;67;78;95
68;14;17;14;14;15;24;19;21;15;19;26;34;47;32;50;56;68;78
69;7;16;16;17;13;18;23;23;24;14;22;26;38;49;33;50;59;71
70;8;6;14;16;14;13;15;25;19;23;15;24;24;33;44;30;54;56
71;9;7;7;17;14;14;12;16;22;20;26;17;33;27;35;42;31;51
72;5;9;7;7;13;13;16;11;13;21;19;30;23;30;22;35;42;30
73;4;4;8;7;8;11;14;15;10;14;24;17;35;25;29;23;34;39
74;6;4;6;10;6;11;9;13;13;9;14;25;19;34;25;28;27;34
75;5;6;5;7;11;5;11;11;9;15;10;18;27;22;32;22;29;30
76;13;5;5;7;8;12;6;7;11;7;17;11;22;28;21;32;22;30
77;5;9;4;11;7;7;14;8;7;9;7;18;12;18;30;21;35;24
78;10;5;8;3;13;7;8;15;8;5;9;8;16;15;17;28;24;34
79;6;7;6;8;3;12;7;8;12;9;5;10;12;17;16;14;27;21
80;5;6;7;6;5;4;14;9;8;9;9;5;11;12;15;16;14;27
81;6;5;7;6;7;5;4;13;9;7;10;8;8;13;12;15;14;14
82;4;8;4;6;5;5;4;5;8;7;8;11;11;7;13;10;11;15
83;3;3;9;3;5;5;6;4;5;7;8;7;11;11;6;12;11;8
84;4;3;3;6;2;4;4;6;4;4;9;6;8;9;10;5;10;10
85;4;3;2;5;6;3;3;4;6;4;5;8;4;8;7;10;7;9
86;1;4;5;4;5;5;3;2;4;5;3;4;7;4;7;7;9;8
87;3;1;5;5;4;5;4;2;1;5;5;3;4;7;4;5;6;6
88;2;4;1;4;2;4;5;4;2;1;5;5;3;4;5;3;5;6
89;2;0;5;0;3;2;2;3;3;1;1;4;5;4;5;4;3;5
90;1;2;0;5;0;2;3;2;2;2;1;1;4;5;3;5;6;3
91;4;1;2;0;5;0;2;3;2;2;2;1;1;4;4;3;6;6
92;0;4;0;2;0;5;0;2;2;2;0;2;1;1;4;2;4;5
93;0;0;4;0;2;0;4;0;2;2;2;0;1;1;1;4;1;2
94;0;0;0;3;0;1;0;4;0;0;2;2;0;1;0;1;3;1
95;0;0;0;0;1;0;1;0;3;0;0;2;2;0;1;0;1;3
96;0;0;0;0;0;1;0;1;0;3;0;1;2;2;0;1;0;1
97;0;0;1;0;0;0;0;0;0;0;2;0;1;2;3;0;1;0
98;0;0;0;1;0;0;0;0;1;0;0;2;0;1;2;3;0;1
99;0;0;0;0;1;0;0;0;0;2;0;0;2;0;0;2;3;0
100 e oltre;0;1;0;0;0;1;1;1;0;0;1;1;1;3;2;2;4;5
Totale;3885;3964;5053;6010;6646;7116;10338;12895;14409;15660;16741;18478;19817;20823;21341;21748;22253;22858
