"Popolazione per età, vista per singola area - Provincia: Pordenone"

"Ricostruzione della popolazione intercensuaria - Popolazione al 1° gennaio per età"
"Tutte le cittadinanze - Provincia: Pordenone"
Età/Anno;2002;2003;2004;2005;2006;2007;2008;2009;2010;2011;2012;2013;2014;2015;2016;2017;2018;2019
Età;Totale
0;2623;2628;2701;2874;2812;2977;3133;3099;3126;2987;2965;2834;2790;2704;2467;2422;2314;2227
1;2548;2669;2679;2706;2904;2841;3015;3150;3093;3123;2994;2963;2805;2777;2681;2464;2438;2343
2;2549;2607;2696;2690;2734;2925;2877;3049;3155;3098;3127;3016;2963;2777;2754;2650;2463;2481
3;2421;2594;2669;2735;2690;2743;2964;2898;3037;3152;3083;3133;3016;2934;2753;2743;2649;2503
4;2270;2455;2619;2677;2767;2706;2773;3012;2895;3033;3150;3087;3145;2992;2903;2736;2732;2669
5;2447;2336;2489;2626;2721;2788;2758;2794;2986;2885;3026;3148;3078;3125;2988;2887;2746;2766
6;2221;2498;2370;2539;2647;2764;2827;2813;2808;2986;2890;3045;3144;3059;3115;2980;2887;2768
7;2232;2253;2527;2391;2581;2696;2809;2859;2806;2818;2998;2888;3036;3136;3020;3079;2948;2889
8;2293;2273;2293;2553;2439;2623;2718;2872;2873;2808;2818;2997;2885;3009;3108;3009;3083;2951
9;2415;2329;2306;2333;2603;2495;2676;2750;2888;2878;2806;2822;2995;2891;3013;3084;3002;3082
10;2392;2454;2365;2362;2379;2647;2522;2720;2770;2902;2872;2813;2820;3000;2885;3001;3073;3021
11;2317;2425;2481;2420;2392;2428;2693;2589;2747;2787;2900;2896;2802;2818;2984;2875;2990;3098
12;2350;2371;2474;2515;2462;2432;2462;2742;2614;2751;2804;2911;2878;2785;2806;2965;2873;3001
13;2356;2370;2410;2512;2565;2509;2479;2515;2758;2621;2763;2813;2914;2867;2780;2795;2951;2885
14;2160;2374;2404;2438;2541;2616;2556;2529;2542;2769;2636;2753;2815;2892;2861;2770;2800;2955
15;2308;2201;2402;2422;2467;2564;2665;2590;2543;2557;2777;2654;2746;2810;2894;2851;2771;2819
16;2381;2324;2230;2432;2467;2520;2595;2709;2608;2549;2570;2789;2645;2717;2811;2883;2839;2774
17;2403;2425;2360;2267;2499;2516;2577;2648;2744;2634;2564;2575;2797;2625;2715;2797;2889;2844
18;2504;2450;2477;2425;2359;2568;2594;2661;2700;2758;2652;2592;2579;2796;2630;2717;2815;2927
19;2741;2545;2503;2515;2451;2436;2684;2684;2718;2741;2787;2681;2596;2591;2788;2646;2777;2865
20;2926;2784;2587;2530;2551;2569;2546;2786;2701;2744;2776;2801;2682;2589;2605;2810;2703;2839
21;3154;2990;2880;2664;2597;2647;2681;2683;2810;2759;2769;2816;2791;2697;2589;2616;2881;2761
22;3372;3231;3131;2974;2741;2729;2780;2809;2751;2870;2819;2840;2844;2795;2703;2615;2683;2937
23;3733;3506;3367;3224;3083;2873;2898;2941;2890;2830;2911;2895;2881;2852;2832;2730;2702;2746
24;3865;3907;3727;3507;3285;3257;3053;3074;3017;2979;2906;2996;2917;2901;2887;2843;2804;2775
25;4193;4023;4102;3796;3606;3395;3414;3211;3114;3084;3052;2956;3090;2941;2907;2900;2922;2861
26;4248;4321;4191;4202;3876;3753;3567;3625;3299;3186;3158;3132;3004;3068;2951;2912;2962;2979
27;4613;4394;4516;4282;4280;4001;3906;3789;3683;3350;3212;3246;3231;3009;3099;2956;2978;3086
28;4591;4744;4582;4604;4384;4350;4112;4088;3827;3722;3375;3291;3265;3204;2993;3105;3037;3045
29;4759;4723;4965;4677;4661;4464;4453;4245;4056;3820;3726;3443;3352;3303;3162;3008;3183;3104
30;4715;4914;4840;5095;4782;4749;4548;4607;4238;4040;3808;3780;3490;3324;3297;3141;3061;3211
31;4755;4845;5058;4919;5147;4817;4813;4640;4581;4174;3993;3811;3825;3484;3289;3277;3155;3101
32;4869;4865;4942;5107;4955;5172;4895;4911;4579;4505;4073;4019;3822;3785;3426;3300;3314;3184
33;4917;4991;4962;5011;5100;4995;5211;4985;4842;4505;4464;4052;4006;3822;3773;3421;3337;3362
34;4858;5007;5066;4985;5001;5136;5038;5271;4955;4758;4423;4461;4070;3981;3817;3771;3426;3395
35;4787;4932;5097;5087;5011;5003;5203;5100;5282;4909;4707;4424;4437;4022;3943;3781;3775;3465
36;4828;4887;5026;5202;5103;5069;5079;5268;5079;5243;4859;4720;4417;4390;3996;3913;3804;3777
37;5027;4890;4972;5097;5216;5168;5143;5122;5253;5090;5206;4851;4718;4411;4367;3972;3908;3826
38;4779;5124;4972;5007;5123;5244;5245;5182;5116;5223;5076;5206;4824;4693;4361;4346;3994;3957
39;4494;4817;5208;5003;5002;5167;5340;5305;5161;5121;5211;5082;5175;4789;4673;4340;4365;4026
40;4408;4544;4865;5236;5011;5029;5236;5384;5293;5191;5111;5200;5079;5152;4743;4631;4346;4375
41;4136;4449;4601;4897;5246;5041;5067;5304;5361;5302;5176;5141;5205;5035;5115;4745;4620;4372
42;4137;4195;4511;4643;4900;5266;5104;5111;5305;5356;5272;5157;5106;5160;4996;5084;4766;4630
43;3838;4171;4234;4534;4659;4947;5300;5157;5104;5299;5337;5270;5133;5085;5139;4986;5089;4782
44;3885;3862;4244;4294;4537;4691;5001;5312;5137;5084;5258;5335;5258;5122;5035;5128;4987;5113
45;3829;3926;3947;4276;4293;4572;4709;5032;5305;5118;5082;5239;5332;5231;5078;5019;5127;5008
46;3721;3860;3978;3972;4264;4315;4579;4731;5015;5318;5104;5097;5231;5287;5216;5058;5026;5116
47;3827;3752;3905;3993;3999;4276;4334;4606;4732;5019;5292;5094;5074;5208;5273;5168;5057;5034
48;3801;3853;3794;3910;4015;4035;4322;4382;4609;4729;5015;5295;5084;5050;5198;5231;5171;5077
49;3862;3810;3887;3801;3902;4046;4056;4351;4390;4612;4712;5005;5272;5056;5018;5169;5236;5163
50;3823;3881;3849;3923;3815;3910;4064;4087;4357;4364;4590;4705;4999;5231;5055;5008;5165;5233
51;4069;3845;3918;3866;3917;3827;3951;4071;4063;4365;4335;4574;4672;4971;5210;5014;4984;5173
52;3824;4078;3874;3938;3854;3914;3850;3979;4074;4062;4337;4327;4572;4661;4955;5196;5010;4997
53;4199;3850;4097;3896;3944;3867;3910;3881;3974;4082;4045;4349;4310;4550;4644;4944;5186;5001
54;4071;4190;3879;4111;3861;3952;3875;3929;3870;3968;4071;4045;4311;4320;4535;4626;4911;5183
55;4438;4080;4208;3878;4104;3863;3948;3880;3912;3854;3948;4071;4035;4309;4297;4503;4603;4914
56;3073;4450;4087;4214;3862;4108;3854;3941;3881;3903;3836;3930;4073;4019;4298;4284;4499;4590
57;3663;3086;4475;4096;4205;3834;4081;3858;3929;3864;3873;3833;3929;4050;4021;4302;4268;4482
58;3684;3657;3087;4459;4092;4195;3845;4077;3847;3920;3848;3870;3833;3925;4040;4012;4283;4260
59;3689;3679;3638;3073;4444;4088;4185;3854;4063;3838;3902;3829;3870;3811;3918;4031;4002;4275
60;3631;3669;3680;3630;3050;4424;4074;4200;3831;4030;3818;3899;3813;3845;3790;3896;4023;3980
61;3900;3620;3661;3681;3618;3051;4418;4070;4176;3828;3990;3799;3871;3805;3817;3765;3883;4002
62;3797;3890;3609;3651;3661;3601;3053;4400;4047;4145;3813;3973;3776;3841;3787;3797;3738;3871
63;3593;3776;3873;3591;3642;3631;3600;3036;4375;4023;4126;3796;3953;3755;3843;3744;3780;3709
64;3378;3582;3747;3857;3559;3611;3618;3593;3014;4352;4003;4103;3767;3927;3730;3816;3726;3761
65;3073;3347;3565;3731;3831;3539;3596;3594;3565;2983;4325;3973;4072;3746;3890;3699;3795;3709
66;2981;3056;3338;3538;3697;3804;3511;3592;3567;3548;2945;4307;3932;4025;3718;3874;3687;3765
67;2897;2972;3036;3307;3514;3657;3779;3491;3554;3541;3525;2911;4246;3909;4001;3691;3847;3670
68;2792;2886;2937;2994;3269;3477;3609;3741;3430;3523;3523;3492;2874;4204;3861;3957;3669;3807
69;2813;2767;2853;2928;2951;3250;3437;3586;3696;3396;3498;3473;3436;2855;4154;3836;3935;3630
70;2644;2780;2731;2809;2888;2899;3221;3408;3525;3632;3353;3442;3409;3409;2831;4090;3796;3903
71;2716;2592;2746;2699;2753;2849;2858;3179;3354;3480;3594;3324;3385;3372;3384;2788;4036;3753
72;2684;2673;2539;2702;2661;2695;2804;2811;3142;3310;3424;3539;3259;3333;3327;3328;2760;3972
73;2599;2638;2623;2491;2645;2607;2646;2748;2768;3082;3271;3373;3483;3204;3269;3272;3278;2718
74;2615;2541;2561;2555;2437;2574;2558;2608;2696;2709;3028;3223;3313;3434;3151;3206;3207;3207
75;2599;2559;2466;2505;2471;2381;2515;2513;2546;2656;2656;2967;3156;3253;3349;3085;3148;3133
76;2513;2532;2487;2410;2427;2422;2317;2448;2445;2473;2599;2585;2896;3081;3173;3269;3016;3084
77;2464;2434;2464;2410;2357;2347;2353;2237;2378;2393;2415;2541;2521;2825;3014;3108;3199;2951
78;2346;2400;2351;2385;2350;2285;2287;2266;2156;2314;2332;2349;2471;2452;2758;2928;3034;3132
79;2171;2251;2315;2275;2282;2261;2199;2217;2179;2082;2235;2250;2280;2390;2375;2697;2837;2926
80;2203;2066;2124;2205;2201;2184;2163;2101;2144;2094;2022;2144;2182;2193;2323;2306;2615;2745
81;2060;2090;1960;2014;2119;2112;2095;2075;2019;2062;2003;1951;2065;2090;2099;2234;2227;2504
82;1074;1931;1977;1862;1909;1996;2000;1994;1949;1932;1978;1927;1873;1991;1980;2010;2128;2153
83;691;1003;1796;1842;1779;1802;1878;1860;1858;1816;1809;1857;1840;1791;1874;1884;1915;2014
84;814;647;944;1657;1731;1674;1694;1737;1720;1754;1682;1705;1741;1760;1687;1796;1783;1798
85;956;749;599;876;1541;1640;1543;1569;1617;1586;1628;1581;1598;1649;1661;1582;1680;1667
86;1200;871;678;538;817;1409;1514;1392;1462;1497;1446;1495;1450;1482;1516;1562;1455;1583
87;1086;1080;772;610;466;746;1288;1374;1289;1331;1399;1328;1384;1331;1364;1391;1432;1332
88;925;954;950;690;541;435;680;1144;1218;1146;1192;1265;1200;1262;1212;1252;1262;1308
89;794;803;808;833;606;482;399;603;1040;1087;1012;1072;1129;1072;1119;1093;1106;1106
90;699;690;683;687;718;522;428;342;507;919;943;869;950;987;950;987;952;982
91;590;596;592;587;579;619;450;351;288;433;780;806;743;818;868;833;841;812
92;463;498;496;516;494;493;506;369;295;235;362;646;677;628;666;742;705;699
93;312;362;412;395;435;410;420;411;291;240;196;288;528;553;523;539;629;598
94;252;245;271;326;320;338;343;333;333;236;195;160;238;447;463;421;421;492
95;200;201;186;227;259;251;270;272;262;268;190;146;122;195;357;374;323;327
96;124;135;148;134;184;183;194;214;216;198;210;154;114;92;148;278;287;254
97;86;90;94;119;92;135;129;154;163;162;148;160;116;93;65;110;200;214
98;51;64;55;61;89;75;112;90;106;108;112;115;120;83;62;52;86;139
99;28;35;39;41;43;50;50;65;54;81;77;83;75;87;56;47;33;60
100 e oltre;45;50;54;67;64;71;75;67;90;101;126;134;136;136;130;117;102;83
Totale;286250;289819;293944;296851;298958;302120;306257;310507;311231;311783;311833;312803;312862;312003;310755;309706;309946;310636
Età/Anno;2002;2003;2004;2005;2006;2007;2008;2009;2010;2011;2012;2013;2014;2015;2016;2017;2018;2019
Età;Maschi
0;1391;1341;1385;1409;1419;1530;1603;1599;1639;1545;1597;1468;1415;1408;1292;1241;1189;1159
1;1284;1419;1372;1399;1418;1426;1561;1613;1611;1634;1555;1595;1455;1413;1398;1286;1248;1209
2;1299;1322;1435;1370;1399;1427;1444;1578;1626;1620;1640;1573;1590;1439;1394;1392;1286;1270
3;1237;1325;1362;1458;1376;1410;1446;1469;1579;1623;1614;1645;1574;1578;1437;1389;1394;1302
4;1152;1247;1340;1370;1467;1384;1435;1478;1473;1570;1620;1606;1661;1557;1551;1419;1386;1397
5;1248;1189;1264;1351;1396;1482;1429;1445;1467;1475;1575;1611;1608;1653;1560;1540;1419;1384
6;1169;1275;1210;1297;1355;1418;1512;1444;1459;1470;1482;1576;1615;1600;1635;1552;1537;1438
7;1176;1186;1295;1221;1322;1378;1448;1534;1438;1467;1480;1483;1566;1613;1578;1607;1526;1536
8;1187;1199;1207;1307;1239;1341;1397;1473;1541;1433;1469;1480;1477;1551;1598;1568;1614;1523
9;1217;1204;1213;1228;1331;1271;1371;1409;1479;1549;1431;1470;1479;1482;1557;1590;1565;1612
10;1208;1237;1222;1235;1247;1356;1288;1395;1426;1488;1540;1430;1474;1478;1473;1543;1579;1581
11;1178;1224;1256;1253;1260;1278;1388;1328;1407;1443;1482;1544;1429;1456;1476;1465;1545;1598
12;1222;1208;1248;1274;1289;1280;1297;1419;1339;1414;1452;1481;1528;1423;1452;1462;1466;1545
13;1193;1231;1221;1260;1295;1309;1302;1331;1426;1345;1421;1458;1487;1514;1420;1450;1457;1476
14;1086;1204;1253;1241;1279;1326;1329;1335;1346;1431;1355;1417;1470;1473;1501;1419;1458;1459
15;1173;1107;1222;1262;1261;1290;1365;1345;1345;1365;1432;1361;1412;1466;1465;1505;1414;1467
16;1215;1179;1121;1242;1291;1275;1327;1401;1363;1346;1368;1441;1359;1395;1466;1459;1496;1421
17;1227;1237;1201;1145;1286;1318;1300;1359;1429;1377;1356;1367;1449;1344;1397;1447;1459;1511
18;1301;1254;1266;1239;1194;1334;1358;1341;1386;1439;1385;1361;1363;1453;1349;1394;1456;1493
19;1408;1316;1285;1285;1254;1232;1406;1400;1359;1409;1447;1391;1360;1364;1461;1352;1439;1490
20;1549;1434;1345;1298;1280;1293;1282;1444;1411;1377;1424;1447;1383;1340;1377;1471;1399;1470
21;1751;1569;1487;1378;1322;1341;1351;1345;1447;1427;1390;1431;1439;1378;1330;1383;1525;1436
22;1877;1787;1634;1534;1409;1398;1407;1413;1387;1467;1456;1420;1437;1438;1378;1346;1433;1563
23;2075;1931;1850;1679;1574;1473;1491;1484;1437;1424;1473;1488;1443;1445;1455;1398;1419;1474
24;2154;2179;2065;1909;1702;1639;1564;1575;1505;1478;1449;1524;1492;1457;1461;1453;1464;1479
25;2285;2251;2267;2082;1960;1759;1714;1646;1597;1533;1506;1467;1566;1493;1460;1463;1508;1487
26;2247;2351;2328;2313;2108;2007;1850;1807;1708;1614;1554;1530;1495;1552;1496;1462;1498;1541
27;2374;2323;2456;2369;2330;2163;2082;1964;1846;1727;1618;1597;1573;1493;1566;1481;1521;1568
28;2423;2435;2396;2489;2397;2340;2196;2156;1990;1867;1718;1680;1603;1550;1486;1556;1560;1558
29;2408;2459;2543;2450;2506;2427;2374;2245;2135;1969;1870;1756;1717;1621;1522;1514;1618;1595
30;2440;2505;2518;2621;2492;2555;2475;2459;2231;2102;1958;1896;1774;1698;1621;1516;1546;1638
31;2387;2524;2568;2558;2644;2496;2589;2515;2432;2180;2069;1956;1915;1748;1678;1601;1560;1556
32;2492;2448;2592;2602;2566;2667;2541;2633;2455;2385;2119;2079;1954;1874;1725;1679;1650;1590
33;2584;2551;2503;2639;2588;2582;2689;2597;2565;2392;2350;2094;2068;1952;1883;1715;1726;1690
34;2502;2618;2576;2495;2624;2588;2590;2694;2565;2502;2331;2343;2114;2039;1952;1886;1722;1761
35;2400;2525;2656;2593;2508;2597;2605;2639;2670;2533;2440;2322;2317;2087;2018;1951;1893;1771
36;2519;2445;2585;2706;2583;2538;2621;2652;2625;2648;2482;2440;2322;2299;2052;1997;1952;1908
37;2566;2557;2482;2616;2706;2618;2546;2628;2629;2623;2624;2464;2431;2306;2292;2037;2000;1965
38;2432;2618;2592;2509;2618;2722;2676;2568;2620;2619;2608;2612;2445;2419;2280;2276;2067;2039
39;2317;2444;2659;2610;2502;2637;2778;2708;2562;2610;2592;2610;2600;2440;2406;2274;2289;2091
40;2290;2346;2467;2684;2611;2514;2659;2786;2694;2583;2591;2590;2606;2602;2426;2386;2281;2291
41;2111;2322;2370;2476;2688;2629;2530;2682;2758;2700;2577;2613;2591;2577;2589;2415;2381;2295
42;2096;2143;2344;2379;2468;2678;2656;2556;2674;2750;2688;2567;2599;2568;2560;2570;2434;2373
43;1925;2114;2137;2353;2375;2494;2699;2674;2543;2657;2737;2675;2529;2583;2558;2556;2574;2439
44;1953;1932;2151;2168;2354;2384;2519;2706;2646;2535;2630;2724;2670;2532;2547;2536;2546;2583
45;1964;1983;1956;2163;2177;2370;2386;2525;2697;2624;2537;2610;2718;2644;2494;2537;2531;2562
46;1890;1979;1990;1972;2160;2172;2373;2392;2505;2695;2611;2550;2614;2700;2618;2476;2544;2519
47;1884;1911;1997;1997;1985;2161;2176;2371;2398;2505;2656;2608;2548;2604;2693;2584;2476;2550
48;1925;1901;1919;1998;2001;2000;2173;2198;2361;2375;2486;2657;2599;2527;2592;2659;2587;2495
49;1873;1938;1908;1929;1989;2001;2001;2178;2188;2366;2353;2484;2646;2577;2494;2580;2655;2591
50;1904;1880;1938;1927;1932;1985;2007;2005;2175;2174;2353;2340;2483;2624;2571;2477;2567;2646
51;2050;1914;1877;1948;1933;1921;2006;2010;1992;2184;2143;2348;2315;2461;2606;2549;2457;2567
52;1941;2058;1909;1890;1939;1929;1924;2014;1997;1974;2171;2139;2347;2306;2451;2596;2544;2451
53;2137;1956;2054;1912;1890;1950;1913;1931;1997;1991;1968;2164;2131;2344;2299;2437;2592;2538
54;2036;2133;1961;2058;1896;1891;1951;1902;1927;1987;1980;1963;2138;2129;2325;2292;2420;2593
55;2259;2037;2130;1963;2051;1900;1885;1951;1890;1917;1984;1973;1948;2135;2113;2290;2281;2418
56;1585;2262;2033;2127;1955;2051;1893;1876;1944;1870;1902;1966;1969;1935;2117;2106;2284;2267
57;1827;1590;2263;2031;2117;1936;2033;1891;1865;1923;1858;1892;1959;1950;1924;2105;2104;2264
58;1867;1830;1585;2249;2025;2115;1944;2029;1883;1862;1912;1852;1877;1955;1946;1916;2087;2098
59;1805;1866;1810;1577;2234;2017;2113;1938;2021;1869;1851;1895;1842;1862;1937;1947;1907;2088
60;1790;1792;1866;1799;1560;2219;2004;2109;1917;1995;1854;1840;1885;1828;1859;1916;1950;1902
61;1922;1772;1786;1862;1791;1555;2206;1994;2090;1908;1967;1840;1822;1874;1813;1843;1907;1935
62;1854;1909;1768;1778;1848;1784;1553;2188;1973;2068;1894;1949;1828;1803;1868;1797;1837;1899
63;1771;1845;1898;1752;1766;1830;1774;1540;2167;1958;2054;1885;1945;1823;1800;1843;1790;1816
64;1680;1750;1820;1882;1729;1738;1818;1770;1526;2147;1939;2041;1866;1931;1806;1782;1834;1773
65;1446;1651;1734;1806;1861;1716;1734;1794;1756;1498;2118;1921;2024;1848;1908;1788;1776;1826
66;1452;1427;1647;1707;1783;1837;1696;1729;1775;1745;1472;2108;1901;1993;1831;1891;1769;1753
67;1318;1434;1407;1630;1687;1753;1811;1680;1706;1755;1725;1456;2065;1882;1980;1814;1880;1754
68;1272;1311;1415;1385;1600;1670;1721;1792;1636;1685;1739;1698;1442;2037;1849;1946;1801;1850
69;1304;1251;1290;1419;1362;1580;1647;1705;1771;1621;1660;1702;1665;1432;2012;1835;1934;1779
70;1165;1274;1219;1259;1389;1332;1552;1629;1660;1735;1592;1622;1659;1647;1414;1966;1808;1910
71;1182;1126;1245;1194;1225;1365;1309;1534;1585;1626;1705;1572;1585;1631;1636;1386;1933;1780
72;1124;1152;1088;1218;1174;1190;1334;1278;1509;1552;1591;1665;1532;1548;1600;1597;1369;1902
73;1072;1093;1117;1057;1186;1144;1166;1301;1252;1464;1525;1555;1622;1504;1514;1558;1567;1342
74;1077;1032;1038;1077;1006;1140;1110;1143;1263;1210;1429;1493;1521;1591;1471;1473;1518;1522
75;1032;1049;986;1007;1025;974;1102;1086;1100;1228;1182;1382;1446;1482;1534;1432;1432;1474
76;1017;987;1006;953;962;989;941;1072;1051;1061;1194;1146;1340;1393;1425;1487;1384;1398
77;971;982;954;971;919;920;949;904;1026;1020;1028;1152;1096;1287;1356;1383;1449;1350
78;886;929;926;915;931;877;883;909;862;987;986;984;1103;1055;1243;1300;1344;1410
79;770;831;879;880;849;883;829;841;859;829;936;944;940;1052;1015;1208;1245;1282
80;759;714;745;818;836;790;828;771;792;812;795;887;909;890;1015;968;1160;1196
81;692;704;649;676;777;786;755;779;732;750;759;761;840;860;841;963;925;1099
82;340;599;635;591;615;700;718;705;726;696;710;717;718;799;804;787;909;886
83;224;304;511;570;549;558;640;657;638;648;636;645;680;681;742;756;731;853
84;277;201;281;447;516;496;520;573;591;591;567;582;573;642;628;709;702;670
85;272;249;182;250;399;491;441;462;524;533;526;521;533;528;598;573;642;632
86;353;249;212;153;228;356;436;380;432;480;461;464;461;487;469;550;514;596
87;346;307;211;181;128;202;332;377;336;377;439;411;413;417;431;427;490;455
88;251;296;263;185;147;116;186;288;328;295;327;381;358;369;363;382;373;444
89;188;210;249;219;155;123;105;158;259;278;259;284;324;311;310;315;334;321
90;160;169;176;198;181;130;106;88;125;220;231;206;246;271;262;259;258;292
91;125;133;142;145;160;142;109;80;64;95;182;191;172;201;221;224;211;219
92;84;98;100;107;119;132;110;89;62;50;76;149;164;143;153;181;184;166
93;55;59;77;72;86;87;110;84;57;49;43;60;121;122;116;113;154;154
94;34;42;44;54;60;57;70;81;69;43;38;35;48;94;103;87;86;120
95;33;30;27;36;40;46;46;47;59;59;32;19;23;34;73;79;68;67
96;28;18;15;18;32;30;36;37;41;41;44;25;13;13;20;51;51;52
97;10;23;9;12;14;22;21;26;30;28;24;31;18;10;9;16;31;40
98;8;8;12;6;10;11;21;10;15;17;18;15;23;11;7;9;11;20
99;3;8;5;10;4;7;7;8;5;10;9;14;12;15;7;7;5;9
100 e oltre;3;6;13;16;16;17;13;6;8;9;13;12;18;16;15;14;10;6
Totale;140025;141977;143926;145412;146302;147798;150017;152187;152487;152634;152499;152889;152942;152459;151879;151268;151911;152633
Età/Anno;2002;2003;2004;2005;2006;2007;2008;2009;2010;2011;2012;2013;2014;2015;2016;2017;2018;2019
Età;Femmine
0;1232;1287;1316;1465;1393;1447;1530;1500;1487;1442;1368;1366;1375;1296;1175;1181;1125;1068
1;1264;1250;1307;1307;1486;1415;1454;1537;1482;1489;1439;1368;1350;1364;1283;1178;1190;1134
2;1250;1285;1261;1320;1335;1498;1433;1471;1529;1478;1487;1443;1373;1338;1360;1258;1177;1211
3;1184;1269;1307;1277;1314;1333;1518;1429;1458;1529;1469;1488;1442;1356;1316;1354;1255;1201
4;1118;1208;1279;1307;1300;1322;1338;1534;1422;1463;1530;1481;1484;1435;1352;1317;1346;1272
5;1199;1147;1225;1275;1325;1306;1329;1349;1519;1410;1451;1537;1470;1472;1428;1347;1327;1382
6;1052;1223;1160;1242;1292;1346;1315;1369;1349;1516;1408;1469;1529;1459;1480;1428;1350;1330
7;1056;1067;1232;1170;1259;1318;1361;1325;1368;1351;1518;1405;1470;1523;1442;1472;1422;1353
8;1106;1074;1086;1246;1200;1282;1321;1399;1332;1375;1349;1517;1408;1458;1510;1441;1469;1428
9;1198;1125;1093;1105;1272;1224;1305;1341;1409;1329;1375;1352;1516;1409;1456;1494;1437;1470
10;1184;1217;1143;1127;1132;1291;1234;1325;1344;1414;1332;1383;1346;1522;1412;1458;1494;1440
11;1139;1201;1225;1167;1132;1150;1305;1261;1340;1344;1418;1352;1373;1362;1508;1410;1445;1500
12;1128;1163;1226;1241;1173;1152;1165;1323;1275;1337;1352;1430;1350;1362;1354;1503;1407;1456
13;1163;1139;1189;1252;1270;1200;1177;1184;1332;1276;1342;1355;1427;1353;1360;1345;1494;1409
14;1074;1170;1151;1197;1262;1290;1227;1194;1196;1338;1281;1336;1345;1419;1360;1351;1342;1496
15;1135;1094;1180;1160;1206;1274;1300;1245;1198;1192;1345;1293;1334;1344;1429;1346;1357;1352
16;1166;1145;1109;1190;1176;1245;1268;1308;1245;1203;1202;1348;1286;1322;1345;1424;1343;1353
17;1176;1188;1159;1122;1213;1198;1277;1289;1315;1257;1208;1208;1348;1281;1318;1350;1430;1333
18;1203;1196;1211;1186;1165;1234;1236;1320;1314;1319;1267;1231;1216;1343;1281;1323;1359;1434
19;1333;1229;1218;1230;1197;1204;1278;1284;1359;1332;1340;1290;1236;1227;1327;1294;1338;1375
20;1377;1350;1242;1232;1271;1276;1264;1342;1290;1367;1352;1354;1299;1249;1228;1339;1304;1369
21;1403;1421;1393;1286;1275;1306;1330;1338;1363;1332;1379;1385;1352;1319;1259;1233;1356;1325
22;1495;1444;1497;1440;1332;1331;1373;1396;1364;1403;1363;1420;1407;1357;1325;1269;1250;1374
23;1658;1575;1517;1545;1509;1400;1407;1457;1453;1406;1438;1407;1438;1407;1377;1332;1283;1272
24;1711;1728;1662;1598;1583;1618;1489;1499;1512;1501;1457;1472;1425;1444;1426;1390;1340;1296
25;1908;1772;1835;1714;1646;1636;1700;1565;1517;1551;1546;1489;1524;1448;1447;1437;1414;1374
26;2001;1970;1863;1889;1768;1746;1717;1818;1591;1572;1604;1602;1509;1516;1455;1450;1464;1438
27;2239;2071;2060;1913;1950;1838;1824;1825;1837;1623;1594;1649;1658;1516;1533;1475;1457;1518
28;2168;2309;2186;2115;1987;2010;1916;1932;1837;1855;1657;1611;1662;1654;1507;1549;1477;1487
29;2351;2264;2422;2227;2155;2037;2079;2000;1921;1851;1856;1687;1635;1682;1640;1494;1565;1509
30;2275;2409;2322;2474;2290;2194;2073;2148;2007;1938;1850;1884;1716;1626;1676;1625;1515;1573
31;2368;2321;2490;2361;2503;2321;2224;2125;2149;1994;1924;1855;1910;1736;1611;1676;1595;1545
32;2377;2417;2350;2505;2389;2505;2354;2278;2124;2120;1954;1940;1868;1911;1701;1621;1664;1594
33;2333;2440;2459;2372;2512;2413;2522;2388;2277;2113;2114;1958;1938;1870;1890;1706;1611;1672
34;2356;2389;2490;2490;2377;2548;2448;2577;2390;2256;2092;2118;1956;1942;1865;1885;1704;1634
35;2387;2407;2441;2494;2503;2406;2598;2461;2612;2376;2267;2102;2120;1935;1925;1830;1882;1694
36;2309;2442;2441;2496;2520;2531;2458;2616;2454;2595;2377;2280;2095;2091;1944;1916;1852;1869
37;2461;2333;2490;2481;2510;2550;2597;2494;2624;2467;2582;2387;2287;2105;2075;1935;1908;1861
38;2347;2506;2380;2498;2505;2522;2569;2614;2496;2604;2468;2594;2379;2274;2081;2070;1927;1918
39;2177;2373;2549;2393;2500;2530;2562;2597;2599;2511;2619;2472;2575;2349;2267;2066;2076;1935
40;2118;2198;2398;2552;2400;2515;2577;2598;2599;2608;2520;2610;2473;2550;2317;2245;2065;2084
41;2025;2127;2231;2421;2558;2412;2537;2622;2603;2602;2599;2528;2614;2458;2526;2330;2239;2077
42;2041;2052;2167;2264;2432;2588;2448;2555;2631;2606;2584;2590;2507;2592;2436;2514;2332;2257
43;1913;2057;2097;2181;2284;2453;2601;2483;2561;2642;2600;2595;2604;2502;2581;2430;2515;2343
44;1932;1930;2093;2126;2183;2307;2482;2606;2491;2549;2628;2611;2588;2590;2488;2592;2441;2530
45;1865;1943;1991;2113;2116;2202;2323;2507;2608;2494;2545;2629;2614;2587;2584;2482;2596;2446
46;1831;1881;1988;2000;2104;2143;2206;2339;2510;2623;2493;2547;2617;2587;2598;2582;2482;2597
47;1943;1841;1908;1996;2014;2115;2158;2235;2334;2514;2636;2486;2526;2604;2580;2584;2581;2484
48;1876;1952;1875;1912;2014;2035;2149;2184;2248;2354;2529;2638;2485;2523;2606;2572;2584;2582
49;1989;1872;1979;1872;1913;2045;2055;2173;2202;2246;2359;2521;2626;2479;2524;2589;2581;2572
50;1919;2001;1911;1996;1883;1925;2057;2082;2182;2190;2237;2365;2516;2607;2484;2531;2598;2587
51;2019;1931;2041;1918;1984;1906;1945;2061;2071;2181;2192;2226;2357;2510;2604;2465;2527;2606
52;1883;2020;1965;2048;1915;1985;1926;1965;2077;2088;2166;2188;2225;2355;2504;2600;2466;2546
53;2062;1894;2043;1984;2054;1917;1997;1950;1977;2091;2077;2185;2179;2206;2345;2507;2594;2463
54;2035;2057;1918;2053;1965;2061;1924;2027;1943;1981;2091;2082;2173;2191;2210;2334;2491;2590
55;2179;2043;2078;1915;2053;1963;2063;1929;2022;1937;1964;2098;2087;2174;2184;2213;2322;2496
56;1488;2188;2054;2087;1907;2057;1961;2065;1937;2033;1934;1964;2104;2084;2181;2178;2215;2323
57;1836;1496;2212;2065;2088;1898;2048;1967;2064;1941;2015;1941;1970;2100;2097;2197;2164;2218
58;1817;1827;1502;2210;2067;2080;1901;2048;1964;2058;1936;2018;1956;1970;2094;2096;2196;2162
59;1884;1813;1828;1496;2210;2071;2072;1916;2042;1969;2051;1934;2028;1949;1981;2084;2095;2187
60;1841;1877;1814;1831;1490;2205;2070;2091;1914;2035;1964;2059;1928;2017;1931;1980;2073;2078
61;1978;1848;1875;1819;1827;1496;2212;2076;2086;1920;2023;1959;2049;1931;2004;1922;1976;2067
62;1943;1981;1841;1873;1813;1817;1500;2212;2074;2077;1919;2024;1948;2038;1919;2000;1901;1972
63;1822;1931;1975;1839;1876;1801;1826;1496;2208;2065;2072;1911;2008;1932;2043;1901;1990;1893
64;1698;1832;1927;1975;1830;1873;1800;1823;1488;2205;2064;2062;1901;1996;1924;2034;1892;1988
65;1627;1696;1831;1925;1970;1823;1862;1800;1809;1485;2207;2052;2048;1898;1982;1911;2019;1883
66;1529;1629;1691;1831;1914;1967;1815;1863;1792;1803;1473;2199;2031;2032;1887;1983;1918;2012
67;1579;1538;1629;1677;1827;1904;1968;1811;1848;1786;1800;1455;2181;2027;2021;1877;1967;1916
68;1520;1575;1522;1609;1669;1807;1888;1949;1794;1838;1784;1794;1432;2167;2012;2011;1868;1957
69;1509;1516;1563;1509;1589;1670;1790;1881;1925;1775;1838;1771;1771;1423;2142;2001;2001;1851
70;1479;1506;1512;1550;1499;1567;1669;1779;1865;1897;1761;1820;1750;1762;1417;2124;1988;1993
71;1534;1466;1501;1505;1528;1484;1549;1645;1769;1854;1889;1752;1800;1741;1748;1402;2103;1973
72;1560;1521;1451;1484;1487;1505;1470;1533;1633;1758;1833;1874;1727;1785;1727;1731;1391;2070
73;1527;1545;1506;1434;1459;1463;1480;1447;1516;1618;1746;1818;1861;1700;1755;1714;1711;1376
74;1538;1509;1523;1478;1431;1434;1448;1465;1433;1499;1599;1730;1792;1843;1680;1733;1689;1685
75;1567;1510;1480;1498;1446;1407;1413;1427;1446;1428;1474;1585;1710;1771;1815;1653;1716;1659
76;1496;1545;1481;1457;1465;1433;1376;1376;1394;1412;1405;1439;1556;1688;1748;1782;1632;1686
77;1493;1452;1510;1439;1438;1427;1404;1333;1352;1373;1387;1389;1425;1538;1658;1725;1750;1601
78;1460;1471;1425;1470;1419;1408;1404;1357;1294;1327;1346;1365;1368;1397;1515;1628;1690;1722
79;1401;1420;1436;1395;1433;1378;1370;1376;1320;1253;1299;1306;1340;1338;1360;1489;1592;1644
80;1444;1352;1379;1387;1365;1394;1335;1330;1352;1282;1227;1257;1273;1303;1308;1338;1455;1549
81;1368;1386;1311;1338;1342;1326;1340;1296;1287;1312;1244;1190;1225;1230;1258;1271;1302;1405
82;734;1332;1342;1271;1294;1296;1282;1289;1223;1236;1268;1210;1155;1192;1176;1223;1219;1267
83;467;699;1285;1272;1230;1244;1238;1203;1220;1168;1173;1212;1160;1110;1132;1128;1184;1161
84;537;446;663;1210;1215;1178;1174;1164;1129;1163;1115;1123;1168;1118;1059;1087;1081;1128
85;684;500;417;626;1142;1149;1102;1107;1093;1053;1102;1060;1065;1121;1063;1009;1038;1035
86;847;622;466;385;589;1053;1078;1012;1030;1017;985;1031;989;995;1047;1012;941;987
87;740;773;561;429;338;544;956;997;953;954;960;917;971;914;933;964;942;877
88;674;658;687;505;394;319;494;856;890;851;865;884;842;893;849;870;889;864
89;606;593;559;614;451;359;294;445;781;809;753;788;805;761;809;778;772;785
90;539;521;507;489;537;392;322;254;382;699;712;663;704;716;688;728;694;690
91;465;463;450;442;419;477;341;271;224;338;598;615;571;617;647;609;630;593
92;379;400;396;409;375;361;396;280;233;185;286;497;513;485;513;561;521;533
93;257;303;335;323;349;323;310;327;234;191;153;228;407;431;407;426;475;444
94;218;203;227;272;260;281;273;252;264;193;157;125;190;353;360;334;335;372
95;167;171;159;191;219;205;224;225;203;209;158;127;99;161;284;295;255;260
96;96;117;133;116;152;153;158;177;175;157;166;129;101;79;128;227;236;202
97;76;67;85;107;78;113;108;128;133;134;124;129;98;83;56;94;169;174
98;43;56;43;55;79;64;91;80;91;91;94;100;97;72;55;43;75;119
99;25;27;34;31;39;43;43;57;49;71;68;69;63;72;49;40;28;51
100 e oltre;42;44;41;51;48;54;62;61;82;92;113;122;118;120;115;103;92;77
Totale;146225;147842;150018;151439;152656;154322;156240;158320;158744;159149;159334;159914;159920;159544;158876;158438;158035;158003

"Ricostruzione della popolazione intercensuaria - Popolazione al 1° gennaio per età"
"Cittadinanza italiana - Provincia: Pordenone"
Età/Anno;2002;2003;2004;2005;2006;2007;2008;2009;2010;2011;2012;2013;2014;2015;2016;2017;2018;2019
Età;Totale
0;2390;2384;2394;2494;2393;2546;2548;2420;2449;2311;2360;2213;2215;2113;1999;1927;1833;1816
1;2374;2424;2417;2387;2515;2401;2554;2550;2423;2459;2335;2349;2199;2233;2137;2037;1981;1867
2;2379;2408;2430;2421;2405;2512;2394;2558;2552;2447;2468;2351;2373;2211;2250;2158;2075;2022
3;2279;2392;2434;2454;2414;2406;2520;2400;2545;2553;2444;2470;2371;2397;2241;2283;2185;2095
4;2130;2300;2397;2426;2458;2416;2412;2541;2400;2551;2561;2452;2494;2405;2427;2277;2322;2201
5;2307;2163;2323;2387;2440;2460;2428;2424;2530;2400;2546;2555;2481;2534;2471;2469;2321;2338
6;2100;2333;2174;2343;2393;2454;2471;2439;2432;2547;2409;2556;2585;2536;2596;2512;2500;2333
7;2119;2112;2342;2189;2361;2397;2473;2478;2438;2444;2555;2412;2590;2636;2577;2632;2538;2507
8;2159;2145;2122;2345;2207;2376;2388;2494;2492;2445;2442;2563;2440;2622;2681;2627;2681;2551
9;2292;2172;2160;2136;2354;2223;2379;2399;2503;2493;2451;2458;2596;2501;2677;2726;2659;2691
10;2284;2302;2184;2186;2147;2362;2217;2389;2416;2505;2492;2459;2479;2643;2548;2702;2746;2662
11;2206;2297;2305;2207;2185;2153;2371;2221;2396;2426;2504;2517;2471;2507;2671;2572;2718;2765
12;2238;2234;2316;2319;2216;2192;2152;2395;2225;2400;2429;2504;2535;2503;2531;2691;2590;2733
13;2259;2248;2248;2317;2325;2230;2200;2157;2403;2225;2405;2438;2531;2562;2533;2542;2701;2590
14;2053;2263;2247;2257;2317;2346;2231;2208;2169;2405;2225;2400;2460;2543;2593;2556;2554;2703
15;2202;2072;2274;2248;2252;2317;2349;2234;2211;2171;2404;2225;2407;2482;2575;2611;2569;2562
16;2268;2206;2081;2278;2247;2253;2312;2348;2244;2212;2170;2413;2235;2415;2512;2601;2618;2561
17;2305;2281;2218;2080;2283;2254;2264;2313;2345;2249;2213;2175;2428;2255;2431;2523;2620;2604
18;2395;2312;2295;2220;2111;2288;2266;2272;2332;2360;2274;2244;2220;2487;2311;2479;2572;2657
19;2624;2402;2331;2285;2228;2114;2309;2278;2282;2329;2368;2300;2243;2239;2483;2316;2499;2592
20;2806;2636;2404;2331;2295;2249;2124;2297;2264;2279;2331;2371;2289;2227;2227;2475;2309;2495
21;3009;2835;2672;2433;2356;2325;2264;2142;2285;2280;2289;2342;2351;2291;2238;2227;2482;2316
22;3168;3065;2900;2709;2474;2414;2357;2289;2165;2304;2312;2317;2339;2353;2301;2256;2236;2485
23;3514;3259;3124;2924;2751;2542;2456;2391;2311;2179;2317;2351;2331;2345;2379;2316;2279;2252
24;3635;3623;3365;3169;2958;2839;2589;2482;2444;2339;2233;2375;2355;2367;2370;2394;2331;2308
25;3922;3718;3701;3358;3204;3016;2886;2603;2498;2460;2396;2260;2423;2376;2378;2399;2410;2340
26;3970;3974;3766;3694;3372;3276;3055;2919;2631;2534;2508;2432;2289;2412;2381;2395;2411;2429
27;4268;4024;4017;3761;3698;3397;3295;3104;2955;2653;2560;2559;2490;2306;2438;2387;2382;2459
28;4272;4317;4047;3978;3757;3706;3382;3297;3126;2965;2663;2612;2580;2476;2303;2442;2401;2405
29;4364;4336;4359;4021;3965;3749;3689;3382;3249;3125;2989;2706;2664;2608;2462;2323;2462;2437
30;4391;4428;4305;4362;4042;3972;3748;3688;3362;3243;3104;3036;2735;2673;2628;2441;2347;2474
31;4378;4452;4443;4299;4354;4005;3943;3717;3656;3331;3229;3097;3061;2748;2670;2619;2426;2338
32;4470;4424;4440;4417;4272;4317;3993;3935;3688;3604;3260;3259;3098;3051;2741;2691;2642;2448
33;4515;4542;4420;4462;4394;4263;4298;4025;3902;3656;3606;3254;3264;3112;3052;2765;2711;2656
34;4459;4575;4557;4402;4451;4386;4270;4312;4033;3848;3639;3610;3271;3266;3113;3075;2762;2754
35;4468;4504;4577;4557;4402;4443;4408;4292;4346;4027;3860;3632;3605;3284;3253;3114;3102;2786
36;4507;4524;4528;4622;4563;4410;4461;4423;4287;4341;4046;3879;3620;3618;3318;3281;3146;3092
37;4737;4531;4544;4530;4615;4565;4432;4448;4427;4292;4350;4046;3887;3646;3638;3346;3286;3157
38;4492;4791;4546;4534;4539;4598;4569;4412;4447;4413;4302;4369;4058;3917;3653;3677;3399;3319
39;4239;4505;4799;4535;4512;4538;4602;4574;4412;4461;4422;4332;4377;4082;3957;3689;3705;3421
40;4178;4258;4472;4767;4512;4514;4549;4601;4581;4419;4461;4429;4358;4399;4107;3974;3713;3694
41;3916;4202;4256;4467;4771;4521;4503;4566;4595;4582;4417;4493;4463;4353;4435;4150;3989;3741
42;3933;3947;4194;4254;4458;4774;4551;4520;4571;4601;4600;4438;4485;4474;4376;4471;4193;3987
43;3652;3972;3965;4198;4268;4490;4779;4603;4547;4589;4617;4615;4447;4497;4506;4406;4507;4202
44;3745;3676;4003;3977;4204;4275;4507;4787;4615;4537;4588;4622;4632;4484;4507;4534;4426;4512
45;3683;3768;3696;4006;3977;4204;4267;4516;4805;4612;4552;4601;4643;4651;4500;4531;4553;4435
46;3592;3710;3775;3706;3991;3966;4191;4268;4516;4818;4608;4571;4607;4674;4675;4520;4548;4523
47;3716;3606;3704;3771;3719;3980;3962;4189;4273;4502;4817;4613;4581;4631;4700;4663;4541;4543
48;3705;3735;3601;3698;3780;3739;3983;3974;4196;4276;4500;4828;4626;4599;4657;4699;4667;4556
49;3786;3711;3736;3592;3682;3795;3731;3995;3980;4185;4269;4506;4823;4642;4610;4672;4712;4645
50;3742;3801;3706;3737;3590;3676;3796;3741;4000;3956;4172;4264;4517;4831;4662;4614;4681;4691
51;3988;3756;3799;3704;3730;3578;3682;3796;3721;4001;3944;4157;4263;4528;4838;4665;4598;4678
52;3751;3991;3752;3799;3689;3722;3582;3687;3789;3717;3988;3940;4164;4273;4544;4828;4660;4586
53;4142;3765;3979;3761;3798;3688;3708;3583;3687;3791;3711;3991;3943;4174;4277;4549;4816;4638
54;4018;4129;3769;3982;3730;3794;3691;3703;3577;3686;3790;3715;3974;3964;4185;4280;4527;4808
55;4385;4019;4113;3766;3976;3724;3785;3688;3697;3576;3677;3792;3701;3988;3970;4167;4267;4514
56;3026;4391;4010;4105;3754;3967;3710;3767;3683;3688;3570;3663;3797;3711;3979;3973;4167;4253
57;3628;3033;4388;4010;4089;3722;3940;3706;3754;3655;3678;3566;3660;3788;3710;3982;3946;4152
58;3640;3617;3023;4368;3995;4082;3732;3924;3690;3741;3648;3666;3564;3657;3786;3708;3966;3942
59;3647;3630;3590;3002;4352;3986;4066;3726;3910;3675;3729;3628;3654;3551;3659;3780;3697;3970
60;3604;3626;3631;3581;2988;4331;3967;4063;3705;3890;3656;3719;3610;3637;3541;3643;3774;3682
61;3862;3586;3614;3621;3567;2986;4322;3957;4041;3690;3860;3639;3693;3606;3619;3521;3630;3758
62;3760;3851;3569;3601;3598;3548;2982;4297;3936;4009;3675;3834;3621;3671;3599;3603;3507;3618
63;3565;3734;3833;3549;3588;3569;3545;2960;4268;3923;3993;3662;3811;3608;3672;3562;3595;3475
64;3347;3547;3696;3809;3516;3561;3555;3531;2933;4251;3902;3972;3638;3793;3589;3647;3549;3574
65;3039;3311;3527;3674;3777;3498;3539;3529;3502;2906;4223;3869;3941;3614;3771;3569;3634;3520
66;2959;3020;3293;3496;3644;3747;3467;3525;3497;3496;2872;4202;3830;3902;3593;3758;3547;3603
67;2874;2941;2995;3261;3474;3601;3714;3435;3487;3473;3470;2843;4147;3815;3884;3570;3726;3528
68;2768;2859;2904;2951;3219;3436;3552;3667;3369;3455;3453;3436;2811;4105;3767;3846;3551;3682
69;2798;2745;2828;2888;2910;3197;3395;3521;3622;3339;3432;3401;3378;2787;4057;3744;3822;3518
70;2620;2762;2708;2784;2848;2858;3169;3360;3457;3570;3300;3377;3347;3347;2764;3998;3705;3793
71;2691;2563;2727;2675;2729;2814;2816;3123;3305;3412;3530;3268;3315;3310;3323;2724;3944;3671
72;2666;2648;2511;2681;2638;2674;2768;2768;3089;3261;3358;3474;3201;3268;3263;3263;2697;3880
73;2581;2619;2597;2463;2624;2576;2623;2714;2725;3031;3224;3309;3424;3149;3205;3211;3219;2654
74;2601;2524;2542;2531;2409;2558;2532;2587;2663;2666;2973;3174;3251;3375;3095;3141;3145;3152
75;2580;2544;2446;2486;2446;2355;2498;2481;2524;2625;2611;2912;3113;3196;3291;3034;3086;3075
76;2504;2515;2472;2389;2410;2393;2292;2430;2417;2451;2571;2541;2842;3041;3117;3213;2971;3023
77;2457;2423;2448;2397;2336;2330;2326;2213;2359;2365;2393;2512;2481;2773;2974;3053;3143;2906
78;2338;2393;2339;2370;2336;2268;2269;2241;2134;2295;2307;2329;2445;2415;2705;2886;2977;3076
79;2167;2241;2308;2262;2266;2249;2182;2196;2156;2062;2214;2227;2260;2364;2347;2646;2800;2874
80;2195;2062;2115;2201;2189;2169;2148;2083;2122;2075;2003;2125;2160;2172;2298;2276;2569;2708
81;2054;2083;1953;2002;2114;2101;2081;2059;2002;2045;1983;1934;2048;2070;2077;2212;2197;2462
82;1071;1929;1970;1854;1896;1991;1988;1982;1934;1915;1962;1906;1857;1976;1960;1989;2107;2124
83;687;998;1795;1838;1771;1795;1872;1849;1848;1801;1797;1841;1826;1779;1862;1865;1897;1994
84;811;643;941;1654;1729;1666;1686;1733;1710;1745;1667;1692;1725;1744;1674;1783;1764;1783
85;954;746;595;872;1536;1638;1537;1559;1613;1577;1619;1569;1586;1635;1647;1571;1669;1649
86;1198;870;675;536;811;1406;1512;1388;1453;1493;1438;1487;1440;1471;1503;1549;1444;1571
87;1085;1077;770;606;465;740;1285;1372;1285;1325;1394;1320;1375;1321;1353;1378;1420;1322
88;925;952;947;689;537;434;676;1141;1216;1143;1188;1260;1194;1254;1201;1241;1251;1297
89;794;803;807;830;605;478;398;601;1038;1086;1009;1068;1124;1066;1112;1083;1098;1097
90;699;690;683;686;716;522;424;340;505;918;942;866;946;982;945;983;943;975
91;589;595;592;586;577;617;450;347;286;432;779;805;741;816;863;828;839;803
92;463;497;495;515;494;492;504;369;291;233;362;645;676;626;665;739;700;697
93;312;362;411;395;434;410;420;409;291;236;194;288;528;553;521;538;627;593
94;252;245;271;325;320;337;343;333;332;236;192;158;238;447;463;420;420;492
95;200;201;186;227;259;251;269;272;262;268;190;143;121;195;357;374;322;326
96;124;135;148;134;184;183;194;213;216;198;210;154;111;91;148;278;287;253
97;86;90;94;119;92;135;129;154;163;162;148;160;116;90;64;110;199;214
98;51;64;55;61;89;75;112;90;106;108;112;115;120;83;59;51;86;138
99;28;35;39;41;43;50;50;65;54;81;77;83;75;87;56;45;32;60
100 e oltre;45;50;51;62;59;66;71;65;89;101;126;134;136;136;130;117;100;80
Totale;275224;276809;277318;277449;277533;278012;278436;278612;278467;278221;278216;278444;278644;279221;279561;279781;279678;278991
Età/Anno;2002;2003;2004;2005;2006;2007;2008;2009;2010;2011;2012;2013;2014;2015;2016;2017;2018;2019
Età;Maschi
0;1272;1211;1231;1223;1219;1316;1305;1261;1288;1194;1257;1133;1118;1117;1043;984;941;937
1;1196;1291;1235;1241;1227;1221;1316;1306;1273;1291;1207;1250;1121;1130;1134;1059;1016;968
2;1215;1222;1298;1230;1238;1221;1214;1312;1313;1287;1293;1212;1265;1132;1135;1149;1078;1036
3;1181;1227;1240;1312;1235;1234;1227;1223;1314;1316;1288;1293;1228;1276;1154;1157;1164;1085
4;1075;1180;1237;1240;1306;1234;1245;1241;1227;1316;1318;1293;1311;1249;1279;1170;1182;1169
5;1178;1097;1186;1239;1248;1311;1247;1250;1240;1230;1318;1311;1316;1334;1286;1305;1196;1177
6;1103;1191;1101;1199;1236;1263;1315;1243;1258;1253;1233;1317;1327;1338;1354;1308;1322;1214
7;1117;1110;1201;1104;1207;1237;1281;1322;1245;1268;1252;1241;1333;1354;1356;1373;1316;1326
8;1112;1130;1114;1203;1111;1212;1237;1289;1335;1249;1270;1258;1252;1349;1378;1386;1405;1325
9;1148;1115;1136;1121;1205;1125;1211;1238;1289;1338;1252;1283;1272;1279;1384;1409;1407;1402
10;1151;1152;1118;1148;1126;1209;1120;1217;1248;1291;1333;1253;1296;1295;1300;1397;1413;1412
11;1115;1156;1155;1136;1154;1127;1214;1126;1216;1255;1289;1343;1266;1295;1313;1314;1408;1428
12;1166;1133;1168;1162;1147;1156;1127;1227;1127;1221;1256;1289;1350;1282;1307;1324;1324;1410
13;1146;1170;1137;1167;1157;1150;1159;1129;1233;1129;1224;1262;1309;1358;1296;1321;1335;1327
14;1033;1148;1168;1146;1169;1169;1148;1163;1133;1235;1130;1227;1285;1313;1369;1310;1331;1335
15;1121;1043;1155;1166;1146;1167;1174;1149;1163;1138;1233;1130;1228;1293;1324;1384;1312;1335
16;1158;1120;1044;1156;1165;1138;1171;1180;1158;1160;1137;1237;1139;1234;1307;1341;1389;1313
17;1176;1162;1122;1046;1166;1170;1141;1173;1179;1160;1162;1141;1251;1149;1247;1307;1342;1383
18;1239;1174;1167;1126;1058;1170;1170;1142;1187;1191;1173;1177;1163;1282;1174;1274;1334;1360
19;1341;1238;1181;1158;1133;1065;1184;1179;1151;1188;1196;1189;1180;1173;1285;1169;1279;1341
20;1483;1346;1240;1189;1158;1138;1064;1173;1177;1153;1194;1192;1181;1161;1172;1281;1167;1276
21;1688;1489;1371;1251;1207;1186;1146;1074;1171;1180;1158;1199;1179;1181;1157;1172;1283;1174
22;1786;1717;1523;1387;1287;1248;1207;1162;1093;1180;1200;1176;1198;1183;1186;1171;1177;1287
23;1971;1831;1747;1536;1411;1332;1281;1222;1170;1097;1190;1223;1188;1202;1201;1195;1179;1183
24;2054;2036;1904;1753;1557;1458;1345;1294;1247;1185;1123;1228;1229;1205;1217;1217;1204;1203
25;2135;2121;2084;1880;1777;1591;1482;1349;1308;1251;1216;1125;1255;1236;1213;1234;1215;1207
26;2103;2181;2141;2073;1882;1801;1616;1480;1380;1320;1271;1224;1141;1243;1237;1220;1230;1232
27;2201;2136;2213;2133;2059;1890;1807;1636;1498;1384;1326;1300;1248;1142;1249;1232;1210;1252
28;2267;2232;2135;2186;2117;2048;1861;1787;1657;1502;1389;1367;1311;1235;1142;1244;1236;1220
29;2209;2281;2248;2117;2179;2100;2028;1836;1759;1654;1522;1413;1402;1328;1225;1166;1250;1256
30;2266;2248;2257;2257;2120;2182;2099;2018;1816;1734;1640;1547;1427;1409;1339;1214;1184;1254
31;2193;2314;2255;2248;2250;2096;2163;2058;1984;1778;1720;1628;1561;1421;1403;1330;1204;1169
32;2279;2221;2323;2253;2226;2232;2093;2138;2027;1944;1747;1729;1620;1544;1416;1404;1336;1216
33;2352;2313;2224;2334;2235;2223;2207;2097;2102;1988;1930;1722;1722;1619;1547;1422;1412;1340
34;2279;2367;2313;2191;2317;2206;2210;2186;2085;2043;1964;1925;1737;1708;1615;1554;1414;1437
35;2224;2286;2362;2311;2186;2279;2193;2216;2175;2070;2021;1957;1916;1734;1696;1625;1560;1433
36;2330;2236;2299;2385;2306;2176;2274;2196;2216;2170;2076;2025;1948;1921;1742;1716;1637;1560
37;2416;2341;2242;2293;2377;2302;2165;2254;2197;2213;2169;2061;2023;1947;1934;1750;1705;1638
38;2275;2438;2345;2232;2292;2366;2305;2154;2260;2194;2217;2165;2067;2040;1941;1950;1783;1723
39;2160;2268;2438;2333;2222;2287;2373;2310;2160;2262;2196;2221;2170;2094;2068;1964;1963;1789
40;2160;2167;2247;2422;2314;2223;2283;2362;2312;2176;2260;2196;2233;2194;2118;2083;1977;1957
41;1975;2177;2161;2232;2425;2323;2206;2290;2349;2321;2178;2282;2216;2236;2221;2146;2096;1990
42;1981;1994;2172;2151;2221;2411;2338;2211;2292;2362;2341;2188;2284;2223;2247;2250;2172;2085
43;1825;2005;1998;2174;2158;2245;2427;2370;2235;2308;2383;2349;2190;2292;2237;2275;2274;2173
44;1870;1834;2029;2009;2180;2160;2255;2441;2370;2245;2323;2383;2362;2216;2291;2250;2285;2278
45;1887;1889;1837;2026;2014;2180;2153;2259;2454;2368;2262;2327;2395;2369;2215;2300;2261;2288
46;1822;1891;1888;1842;2023;2003;2175;2150;2252;2458;2368;2275;2339;2422;2372;2224;2316;2237
47;1825;1829;1894;1883;1848;2011;1994;2167;2156;2244;2455;2377;2291;2355;2436;2362;2241;2315
48;1879;1835;1827;1889;1888;1857;2003;1996;2168;2142;2238;2457;2384;2299;2366;2432;2368;2255
49;1834;1883;1834;1826;1880;1894;1848;2008;2000;2163;2138;2247;2460;2393;2297;2377;2435;2359
50;1865;1838;1879;1833;1823;1871;1897;1847;2009;1989;2150;2136;2263;2469;2403;2298;2377;2417
51;2007;1869;1832;1881;1837;1807;1875;1901;1839;2017;1975;2148;2133;2270;2464;2408;2283;2366
52;1909;2007;1859;1837;1875;1836;1804;1879;1892;1830;2012;1974;2157;2140;2283;2458;2403;2267
53;2107;1919;1994;1856;1833;1872;1821;1801;1871;1890;1828;2011;1978;2174;2144;2286;2454;2390
54;2010;2099;1921;1996;1840;1828;1873;1812;1800;1864;1886;1832;2003;1990;2171;2148;2268;2451
55;2232;2007;2086;1922;1993;1843;1822;1869;1811;1801;1864;1885;1822;2010;1994;2148;2142;2259
56;1560;2235;2000;2079;1916;1991;1837;1810;1862;1800;1799;1851;1890;1824;2000;1997;2150;2130
57;1812;1561;2232;1995;2069;1897;1979;1832;1804;1843;1794;1790;1849;1880;1821;1994;1983;2137
58;1850;1810;1550;2219;1987;2067;1905;1974;1826;1802;1839;1786;1783;1847;1881;1817;1980;1978
59;1787;1840;1787;1539;2204;1976;2061;1899;1967;1815;1795;1827;1774;1774;1842;1881;1811;1983
60;1784;1771;1839;1777;1526;2188;1963;2060;1880;1946;1801;1786;1819;1762;1776;1832;1879;1805
61;1907;1760;1762;1831;1769;1522;2175;1948;2042;1864;1922;1788;1769;1815;1751;1761;1820;1865
62;1841;1892;1750;1752;1814;1758;1519;2154;1929;2018;1850;1899;1778;1754;1811;1740;1758;1813
63;1757;1832;1879;1734;1740;1797;1747;1506;2131;1920;2005;1839;1893;1772;1751;1788;1737;1731
64;1668;1736;1806;1859;1710;1715;1784;1741;1488;2117;1900;1992;1822;1883;1761;1735;1782;1722
65;1427;1638;1722;1791;1834;1698;1706;1761;1730;1464;2088;1883;1974;1808;1868;1742;1729;1762
66;1443;1407;1629;1694;1767;1812;1677;1694;1739;1719;1440;2075;1865;1947;1792;1859;1726;1710
67;1305;1421;1387;1612;1676;1735;1783;1658;1671;1725;1696;1426;2034;1851;1935;1777;1846;1710
68;1258;1295;1400;1362;1576;1657;1702;1759;1614;1652;1708;1669;1413;2009;1820;1905;1764;1816
69;1294;1237;1274;1399;1340;1555;1633;1680;1735;1602;1629;1671;1638;1400;1983;1804;1893;1747
70;1151;1263;1205;1243;1371;1310;1528;1609;1633;1706;1573;1591;1634;1621;1385;1938;1777;1869
71;1174;1113;1233;1180;1210;1352;1287;1510;1565;1599;1676;1552;1552;1606;1611;1359;1905;1750
72;1115;1144;1076;1204;1160;1177;1320;1255;1484;1528;1566;1635;1511;1519;1575;1572;1344;1872
73;1060;1082;1110;1044;1172;1127;1152;1286;1227;1440;1502;1530;1596;1484;1482;1536;1544;1318
74;1069;1021;1028;1069;993;1130;1094;1132;1247;1186;1403;1470;1495;1567;1449;1440;1496;1501
75;1020;1042;973;997;1016;963;1091;1067;1088;1216;1159;1355;1427;1457;1510;1411;1401;1453
76;1012;976;1000;940;952;980;930;1062;1033;1049;1184;1122;1314;1374;1403;1465;1367;1368
77;969;976;944;966;906;910;940;893;1016;1002;1015;1142;1073;1263;1339;1362;1429;1333
78;884;927;920;906;927;867;874;899;852;977;970;972;1095;1035;1220;1282;1322;1390
79;769;826;878;874;839;879;820;831;851;818;925;930;931;1043;1001;1187;1226;1262
80;753;713;741;817;830;781;821;760;782;806;784;877;897;883;1006;952;1139;1178
81;687;699;648;670;776;781;746;773;722;742;753;752;831;849;834;955;910;1080
82;340;599;630;590;607;699;714;697;721;686;702;710;710;790;792;780;903;872
83;223;302;511;566;548;554;639;653;631;643;629;637;676;676;735;745;725;846
84;276;200;279;446;514;494;516;572;588;584;562;574;566;637;622;701;692;666
85;272;248;180;248;398;489;439;457;523;530;520;517;526;523;593;567;636;621
86;351;249;212;152;225;355;434;379;428;479;458;459;458;481;464;546;508;589
87;345;306;211;180;128;199;330;375;335;374;437;408;407;414;425;422;487;450
88;251;295;262;185;146;116;185;286;326;294;326;379;357;364;360;376;368;441
89;188;210;248;218;155;122;105;157;257;277;258;283;321;310;306;312;329;316
90;160;169;176;197;180;130;105;88;125;219;230;205;245;268;261;257;256;287
91;124;133;142;145;159;141;109;79;64;95;181;190;171;200;218;223;210;217
92;84;97;100;107;119;131;109;89;61;50;76;148;163;142;152;179;183;166
93;55;59;76;72;86;87;110;83;57;48;43;60;121;122;115;112;153;153
94;34;42;44;53;60;57;70;81;68;43;37;35;48;94;103;87;85;120
95;33;30;27;36;40;46;46;47;59;59;32;18;23;34;73;79;68;66
96;28;18;15;18;32;30;36;37;41;41;44;25;12;13;20;51;51;52
97;10;23;9;12;14;22;21;26;30;28;24;31;18;9;9;16;31;40
98;8;8;12;6;10;11;21;10;15;17;18;15;23;11;6;9;11;20
99;3;8;5;10;4;7;7;8;5;10;9;14;12;15;7;6;5;9
100 e oltre;3;6;10;11;11;12;9;4;7;9;13;12;18;16;15;14;10;6
Totale;134246;135134;135438;135449;135486;135727;135978;136054;136128;136032;136126;136263;136575;136983;137267;137520;137624;137439
Età/Anno;2002;2003;2004;2005;2006;2007;2008;2009;2010;2011;2012;2013;2014;2015;2016;2017;2018;2019
Età;Femmine
0;1118;1173;1163;1271;1174;1230;1243;1159;1161;1117;1103;1080;1097;996;956;943;892;879
1;1178;1133;1182;1146;1288;1180;1238;1244;1150;1168;1128;1099;1078;1103;1003;978;965;899
2;1164;1186;1132;1191;1167;1291;1180;1246;1239;1160;1175;1139;1108;1079;1115;1009;997;986
3;1098;1165;1194;1142;1179;1172;1293;1177;1231;1237;1156;1177;1143;1121;1087;1126;1021;1010
4;1055;1120;1160;1186;1152;1182;1167;1300;1173;1235;1243;1159;1183;1156;1148;1107;1140;1032
5;1129;1066;1137;1148;1192;1149;1181;1174;1290;1170;1228;1244;1165;1200;1185;1164;1125;1161
6;997;1142;1073;1144;1157;1191;1156;1196;1174;1294;1176;1239;1258;1198;1242;1204;1178;1119
7;1002;1002;1141;1085;1154;1160;1192;1156;1193;1176;1303;1171;1257;1282;1221;1259;1222;1181
8;1047;1015;1008;1142;1096;1164;1151;1205;1157;1196;1172;1305;1188;1273;1303;1241;1276;1226
9;1144;1057;1024;1015;1149;1098;1168;1161;1214;1155;1199;1175;1324;1222;1293;1317;1252;1289
10;1133;1150;1066;1038;1021;1153;1097;1172;1168;1214;1159;1206;1183;1348;1248;1305;1333;1250
11;1091;1141;1150;1071;1031;1026;1157;1095;1180;1171;1215;1174;1205;1212;1358;1258;1310;1337
12;1072;1101;1148;1157;1069;1036;1025;1168;1098;1179;1173;1215;1185;1221;1224;1367;1266;1323
13;1113;1078;1111;1150;1168;1080;1041;1028;1170;1096;1181;1176;1222;1204;1237;1221;1366;1263
14;1020;1115;1079;1111;1148;1177;1083;1045;1036;1170;1095;1173;1175;1230;1224;1246;1223;1368
15;1081;1029;1119;1082;1106;1150;1175;1085;1048;1033;1171;1095;1179;1189;1251;1227;1257;1227
16;1110;1086;1037;1122;1082;1115;1141;1168;1086;1052;1033;1176;1096;1181;1205;1260;1229;1248
17;1129;1119;1096;1034;1117;1084;1123;1140;1166;1089;1051;1034;1177;1106;1184;1216;1278;1221
18;1156;1138;1128;1094;1053;1118;1096;1130;1145;1169;1101;1067;1057;1205;1137;1205;1238;1297
19;1283;1164;1150;1127;1095;1049;1125;1099;1131;1141;1172;1111;1063;1066;1198;1147;1220;1251
20;1323;1290;1164;1142;1137;1111;1060;1124;1087;1126;1137;1179;1108;1066;1055;1194;1142;1219
21;1321;1346;1301;1182;1149;1139;1118;1068;1114;1100;1131;1143;1172;1110;1081;1055;1199;1142
22;1382;1348;1377;1322;1187;1166;1150;1127;1072;1124;1112;1141;1141;1170;1115;1085;1059;1198
23;1543;1428;1377;1388;1340;1210;1175;1169;1141;1082;1127;1128;1143;1143;1178;1121;1100;1069
24;1581;1587;1461;1416;1401;1381;1244;1188;1197;1154;1110;1147;1126;1162;1153;1177;1127;1105
25;1787;1597;1617;1478;1427;1425;1404;1254;1190;1209;1180;1135;1168;1140;1165;1165;1195;1133
26;1867;1793;1625;1621;1490;1475;1439;1439;1251;1214;1237;1208;1148;1169;1144;1175;1181;1197
27;2067;1888;1804;1628;1639;1507;1488;1468;1457;1269;1234;1259;1242;1164;1189;1155;1172;1207
28;2005;2085;1912;1792;1640;1658;1521;1510;1469;1463;1274;1245;1269;1241;1161;1198;1165;1185
29;2155;2055;2111;1904;1786;1649;1661;1546;1490;1471;1467;1293;1262;1280;1237;1157;1212;1181
30;2125;2180;2048;2105;1922;1790;1649;1670;1546;1509;1464;1489;1308;1264;1289;1227;1163;1220
31;2185;2138;2188;2051;2104;1909;1780;1659;1672;1553;1509;1469;1500;1327;1267;1289;1222;1169
32;2191;2203;2117;2164;2046;2085;1900;1797;1661;1660;1513;1530;1478;1507;1325;1287;1306;1232
33;2163;2229;2196;2128;2159;2040;2091;1928;1800;1668;1676;1532;1542;1493;1505;1343;1299;1316
34;2180;2208;2244;2211;2134;2180;2060;2126;1948;1805;1675;1685;1534;1558;1498;1521;1348;1317
35;2244;2218;2215;2246;2216;2164;2215;2076;2171;1957;1839;1675;1689;1550;1557;1489;1542;1353
36;2177;2288;2229;2237;2257;2234;2187;2227;2071;2171;1970;1854;1672;1697;1576;1565;1509;1532
37;2321;2190;2302;2237;2238;2263;2267;2194;2230;2079;2181;1985;1864;1699;1704;1596;1581;1519
38;2217;2353;2201;2302;2247;2232;2264;2258;2187;2219;2085;2204;1991;1877;1712;1727;1616;1596
39;2079;2237;2361;2202;2290;2251;2229;2264;2252;2199;2226;2111;2207;1988;1889;1725;1742;1632
40;2018;2091;2225;2345;2198;2291;2266;2239;2269;2243;2201;2233;2125;2205;1989;1891;1736;1737
41;1941;2025;2095;2235;2346;2198;2297;2276;2246;2261;2239;2211;2247;2117;2214;2004;1893;1751
42;1952;1953;2022;2103;2237;2363;2213;2309;2279;2239;2259;2250;2201;2251;2129;2221;2021;1902
43;1827;1967;1967;2024;2110;2245;2352;2233;2312;2281;2234;2266;2257;2205;2269;2131;2233;2029
44;1875;1842;1974;1968;2024;2115;2252;2346;2245;2292;2265;2239;2270;2268;2216;2284;2141;2234
45;1796;1879;1859;1980;1963;2024;2114;2257;2351;2244;2290;2274;2248;2282;2285;2231;2292;2147
46;1770;1819;1887;1864;1968;1963;2016;2118;2264;2360;2240;2296;2268;2252;2303;2296;2232;2286
47;1891;1777;1810;1888;1871;1969;1968;2022;2117;2258;2362;2236;2290;2276;2264;2301;2300;2228
48;1826;1900;1774;1809;1892;1882;1980;1978;2028;2134;2262;2371;2242;2300;2291;2267;2299;2301
49;1952;1828;1902;1766;1802;1901;1883;1987;1980;2022;2131;2259;2363;2249;2313;2295;2277;2286
50;1877;1963;1827;1904;1767;1805;1899;1894;1991;1967;2022;2128;2254;2362;2259;2316;2304;2274
51;1981;1887;1967;1823;1893;1771;1807;1895;1882;1984;1969;2009;2130;2258;2374;2257;2315;2312
52;1842;1984;1893;1962;1814;1886;1778;1808;1897;1887;1976;1966;2007;2133;2261;2370;2257;2319
53;2035;1846;1985;1905;1965;1816;1887;1782;1816;1901;1883;1980;1965;2000;2133;2263;2362;2248
54;2008;2030;1848;1986;1890;1966;1818;1891;1777;1822;1904;1883;1971;1974;2014;2132;2259;2357
55;2153;2012;2027;1844;1983;1881;1963;1819;1886;1775;1813;1907;1879;1978;1976;2019;2125;2255
56;1466;2156;2010;2026;1838;1976;1873;1957;1821;1888;1771;1812;1907;1887;1979;1976;2017;2123
57;1816;1472;2156;2015;2020;1825;1961;1874;1950;1812;1884;1776;1811;1908;1889;1988;1963;2015
58;1790;1807;1473;2149;2008;2015;1827;1950;1864;1939;1809;1880;1781;1810;1905;1891;1986;1964
59;1860;1790;1803;1463;2148;2010;2005;1827;1943;1860;1934;1801;1880;1777;1817;1899;1886;1987
60;1820;1855;1792;1804;1462;2143;2004;2003;1825;1944;1855;1933;1791;1875;1765;1811;1895;1877
61;1955;1826;1852;1790;1798;1464;2147;2009;1999;1826;1938;1851;1924;1791;1868;1760;1810;1893
62;1919;1959;1819;1849;1784;1790;1463;2143;2007;1991;1825;1935;1843;1917;1788;1863;1749;1805
63;1808;1902;1954;1815;1848;1772;1798;1454;2137;2003;1988;1823;1918;1836;1921;1774;1858;1744
64;1679;1811;1890;1950;1806;1846;1771;1790;1445;2134;2002;1980;1816;1910;1828;1912;1767;1852
65;1612;1673;1805;1883;1943;1800;1833;1768;1772;1442;2135;1986;1967;1806;1903;1827;1905;1758
66;1516;1613;1664;1802;1877;1935;1790;1831;1758;1777;1432;2127;1965;1955;1801;1899;1821;1893
67;1569;1520;1608;1649;1798;1866;1931;1777;1816;1748;1774;1417;2113;1964;1949;1793;1880;1818
68;1510;1564;1504;1589;1643;1779;1850;1908;1755;1803;1745;1767;1398;2096;1947;1941;1787;1866
69;1504;1508;1554;1489;1570;1642;1762;1841;1887;1737;1803;1730;1740;1387;2074;1940;1929;1771
70;1469;1499;1503;1541;1477;1548;1641;1751;1824;1864;1727;1786;1713;1726;1379;2060;1928;1924
71;1517;1450;1494;1495;1519;1462;1529;1613;1740;1813;1854;1716;1763;1704;1712;1365;2039;1921
72;1551;1504;1435;1477;1478;1497;1448;1513;1605;1733;1792;1839;1690;1749;1688;1691;1353;2008
73;1521;1537;1487;1419;1452;1449;1471;1428;1498;1591;1722;1779;1828;1665;1723;1675;1675;1336
74;1532;1503;1514;1462;1416;1428;1438;1455;1416;1480;1570;1704;1756;1808;1646;1701;1649;1651
75;1560;1502;1473;1489;1430;1392;1407;1414;1436;1409;1452;1557;1686;1739;1781;1623;1685;1622
76;1492;1539;1472;1449;1458;1413;1362;1368;1384;1402;1387;1419;1528;1667;1714;1748;1604;1655
77;1488;1447;1504;1431;1430;1420;1386;1320;1343;1363;1378;1370;1408;1510;1635;1691;1714;1573
78;1454;1466;1419;1464;1409;1401;1395;1342;1282;1318;1337;1357;1350;1380;1485;1604;1655;1686
79;1398;1415;1430;1388;1427;1370;1362;1365;1305;1244;1289;1297;1329;1321;1346;1459;1574;1612
80;1442;1349;1374;1384;1359;1388;1327;1323;1340;1269;1219;1248;1263;1289;1292;1324;1430;1530
81;1367;1384;1305;1332;1338;1320;1335;1286;1280;1303;1230;1182;1217;1221;1243;1257;1287;1382
82;731;1330;1340;1264;1289;1292;1274;1285;1213;1229;1260;1196;1147;1186;1168;1209;1204;1252
83;464;696;1284;1272;1223;1241;1233;1196;1217;1158;1168;1204;1150;1103;1127;1120;1172;1148
84;535;443;662;1208;1215;1172;1170;1161;1122;1161;1105;1118;1159;1107;1052;1082;1072;1117
85;682;498;415;624;1138;1149;1098;1102;1090;1047;1099;1052;1060;1112;1054;1004;1033;1028
86;847;621;463;384;586;1051;1078;1009;1025;1014;980;1028;982;990;1039;1003;936;982
87;740;771;559;426;337;541;955;997;950;951;957;912;968;907;928;956;933;872
88;674;657;685;504;391;318;491;855;890;849;862;881;837;890;841;865;883;856
89;606;593;559;612;450;356;293;444;781;809;751;785;803;756;806;771;769;781
90;539;521;507;489;536;392;319;252;380;699;712;661;701;714;684;726;687;688
91;465;462;450;441;418;476;341;268;222;337;598;615;570;616;645;605;629;586
92;379;400;395;408;375;361;395;280;230;183;286;497;513;484;513;560;517;531
93;257;303;335;323;348;323;310;326;234;188;151;228;407;431;406;426;474;440
94;218;203;227;272;260;280;273;252;264;193;155;123;190;353;360;333;335;372
95;167;171;159;191;219;205;223;225;203;209;158;125;98;161;284;295;254;260
96;96;117;133;116;152;153;158;176;175;157;166;129;99;78;128;227;236;201
97;76;67;85;107;78;113;108;128;133;134;124;129;98;81;55;94;168;174
98;43;56;43;55;79;64;91;80;91;91;94;100;97;72;53;42;75;118
99;25;27;34;31;39;43;43;57;49;71;68;69;63;72;49;39;27;51
100 e oltre;42;44;41;51;48;54;62;61;82;92;113;122;118;120;115;103;90;74
Totale;140978;141675;141880;142000;142047;142285;142458;142558;142339;142189;142090;142181;142069;142238;142294;142261;142054;141552

"Ricostruzione della popolazione intercensuaria - Popolazione al 1° gennaio per età"
"Cittadinanza straniera - Provincia: Pordenone"
Età/Anno;2002;2003;2004;2005;2006;2007;2008;2009;2010;2011;2012;2013;2014;2015;2016;2017;2018;2019
Età;Totale
0;233;244;307;380;419;431;585;679;677;676;605;621;575;591;468;495;481;411
1;174;245;262;319;389;440;461;600;670;664;659;614;606;544;544;427;457;476
2;170;199;266;269;329;413;483;491;603;651;659;665;590;566;504;492;388;459
3;142;202;235;281;276;337;444;498;492;599;639;663;645;537;512;460;464;408
4;140;155;222;251;309;290;361;471;495;482;589;635;651;587;476;459;410;468
5;140;173;166;239;281;328;330;370;456;485;480;593;597;591;517;418;425;428
6;121;165;196;196;254;310;356;374;376;439;481;489;559;523;519;468;387;435
7;113;141;185;202;220;299;336;381;368;374;443;476;446;500;443;447;410;382
8;134;128;171;208;232;247;330;378;381;363;376;434;445;387;427;382;402;400
9;123;157;146;197;249;272;297;351;385;385;355;364;399;390;336;358;343;391
10;108;152;181;176;232;285;305;331;354;397;380;354;341;357;337;299;327;359
11;111;128;176;213;207;275;322;368;351;361;396;379;331;311;313;303;272;333
12;112;137;158;196;246;240;310;347;389;351;375;407;343;282;275;274;283;268
13;97;122;162;195;240;279;279;358;355;396;358;375;383;305;247;253;250;295
14;107;111;157;181;224;270;325;321;373;364;411;353;355;349;268;214;246;252
15;106;129;128;174;215;247;316;356;332;386;373;429;339;328;319;240;202;257
16;113;118;149;154;220;267;283;361;364;337;400;376;410;302;299;282;221;213
17;98;144;142;187;216;262;313;335;399;385;351;400;369;370;284;274;269;240
18;109;138;182;205;248;280;328;389;368;398;378;348;359;309;319;238;243;270
19;117;143;172;230;223;322;375;406;436;412;419;381;353;352;305;330;278;273
20;120;148;183;199;256;320;422;489;437;465;445;430;393;362;378;335;394;344
21;145;155;208;231;241;322;417;541;525;479;480;474;440;406;351;389;399;445
22;204;166;231;265;267;315;423;520;586;566;507;523;505;442;402;359;447;452
23;219;247;243;300;332;331;442;550;579;651;594;544;550;507;453;414;423;494
24;230;284;362;338;327;418;464;592;573;640;673;621;562;534;517;449;473;467
25;271;305;401;438;402;379;528;608;616;624;656;696;667;565;529;501;512;521
26;278;347;425;508;504;477;512;706;668;652;650;700;715;656;570;517;551;550
27;345;370;499;521;582;604;611;685;728;697;652;687;741;703;661;569;596;627
28;319;427;535;626;627;644;730;791;701;757;712;679;685;728;690;663;636;640
29;395;387;606;656;696;715;764;863;807;695;737;737;688;695;700;685;721;667
30;324;486;535;733;740;777;800;919;876;797;704;744;755;651;669;700;714;737
31;377;393;615;620;793;812;870;923;925;843;764;714;764;736;619;658;729;763
32;399;441;502;690;683;855;902;976;891;901;813;760;724;734;685;609;672;736
33;402;449;542;549;706;732;913;960;940;849;858;798;742;710;721;656;626;706
34;399;432;509;583;550;750;768;959;922;910;784;851;799;715;704;696;664;641
35;319;428;520;530;609;560;795;808;936;882;847;792;832;738;690;667;673;679
36;321;363;498;580;540;659;618;845;792;902;813;841;797;772;678;632;658;685
37;290;359;428;567;601;603;711;674;826;798;856;805;831;765;729;626;622;669
38;287;333;426;473;584;646;676;770;669;810;774;837;766;776;708;669;595;638
39;255;312;409;468;490;629;738;731;749;660;789;750;798;707;716;651;660;605
40;230;286;393;469;499;515;687;783;712;772;650;771;721;753;636;657;633;681
41;220;247;345;430;475;520;564;738;766;720;759;648;742;682;680;595;631;631
42;204;248;317;389;442;492;553;591;734;755;672;719;621;686;620;613;573;643
43;186;199;269;336;391;457;521;554;557;710;720;655;686;588;633;580;582;580
44;140;186;241;317;333;416;494;525;522;547;670;713;626;638;528;594;561;601
45;146;158;251;270;316;368;442;516;500;506;530;638;689;580;578;488;574;573
46;129;150;203;266;273;349;388;463;499;500;496;526;624;613;541;538;478;593
47;111;146;201;222;280;296;372;417;459;517;475;481;493;577;573;505;516;491
48;96;118;193;212;235;296;339;408;413;453;515;467;458;451;541;532;504;521
49;76;99;151;209;220;251;325;356;410;427;443;499;449;414;408;497;524;518
50;81;80;143;186;225;234;268;346;357;408;418;441;482;400;393;394;484;542
51;81;89;119;162;187;249;269;275;342;364;391;417;409;443;372;349;386;495
52;73;87;122;139;165;192;268;292;285;345;349;387;408;388;411;368;350;411
53;57;85;118;135;146;179;202;298;287;291;334;358;367;376;367;395;370;363
54;53;61;110;129;131;158;184;226;293;282;281;330;337;356;350;346;384;375
55;53;61;95;112;128;139;163;192;215;278;271;279;334;321;327;336;336;400
56;47;59;77;109;108;141;144;174;198;215;266;267;276;308;319;311;332;337
57;35;53;87;86;116;112;141;152;175;209;195;267;269;262;311;320;322;330
58;44;40;64;91;97;113;113;153;157;179;200;204;269;268;254;304;317;318
59;42;49;48;71;92;102;119;128;153;163;173;201;216;260;259;251;305;305
60;27;43;49;49;62;93;107;137;126;140;162;180;203;208;249;253;249;298
61;38;34;47;60;51;65;96;113;135;138;130;160;178;199;198;244;253;244
62;37;39;40;50;63;53;71;103;111;136;138;139;155;170;188;194;231;253
63;28;42;40;42;54;62;55;76;107;100;133;134;142;147;171;182;185;234
64;31;35;51;48;43;50;63;62;81;101;101;131;129;134;141;169;177;187
65;34;36;38;57;54;41;57;65;63;77;102;104;131;132;119;130;161;189
66;22;36;45;42;53;57;44;67;70;52;73;105;102;123;125;116;140;162
67;23;31;41;46;40;56;65;56;67;68;55;68;99;94;117;121;121;142
68;24;27;33;43;50;41;57;74;61;68;70;56;63;99;94;111;118;125
69;15;22;25;40;41;53;42;65;74;57;66;72;58;68;97;92;113;112
70;24;18;23;25;40;41;52;48;68;62;53;65;62;62;67;92;91;110
71;25;29;19;24;24;35;42;56;49;68;64;56;70;62;61;64;92;82
72;18;25;28;21;23;21;36;43;53;49;66;65;58;65;64;65;63;92
73;18;19;26;28;21;31;23;34;43;51;47;64;59;55;64;61;59;64
74;14;17;19;24;28;16;26;21;33;43;55;49;62;59;56;65;62;55
75;19;15;20;19;25;26;17;32;22;31;45;55;43;57;58;51;62;58
76;9;17;15;21;17;29;25;18;28;22;28;44;54;40;56;56;45;61
77;7;11;16;13;21;17;27;24;19;28;22;29;40;52;40;55;56;45
78;8;7;12;15;14;17;18;25;22;19;25;20;26;37;53;42;57;56
79;4;10;7;13;16;12;17;21;23;20;21;23;20;26;28;51;37;52
80;8;4;9;4;12;15;15;18;22;19;19;19;22;21;25;30;46;37
81;6;7;7;12;5;11;14;16;17;17;20;17;17;20;22;22;30;42
82;3;2;7;8;13;5;12;12;15;17;16;21;16;15;20;21;21;29
83;4;5;1;4;8;7;6;11;10;15;12;16;14;12;12;19;18;20
84;3;4;3;3;2;8;8;4;10;9;15;13;16;16;13;13;19;15
85;2;3;4;4;5;2;6;10;4;9;9;12;12;14;14;11;11;18
86;2;1;3;2;6;3;2;4;9;4;8;8;10;11;13;13;11;12
87;1;3;2;4;1;6;3;2;4;6;5;8;9;10;11;13;12;10
88;0;2;3;1;4;1;4;3;2;3;4;5;6;8;11;11;11;11
89;0;0;1;3;1;4;1;2;2;1;3;4;5;6;7;10;8;9
90;0;0;0;1;2;0;4;2;2;1;1;3;4;5;5;4;9;7
91;1;1;0;1;2;2;0;4;2;1;1;1;2;2;5;5;2;9
92;0;1;1;1;0;1;2;0;4;2;0;1;1;2;1;3;5;2
93;0;0;1;0;1;0;0;2;0;4;2;0;0;0;2;1;2;5
94;0;0;0;1;0;1;0;0;1;0;3;2;0;0;0;1;1;0
95;0;0;0;0;0;0;1;0;0;0;0;3;1;0;0;0;1;1
96;0;0;0;0;0;0;0;1;0;0;0;0;3;1;0;0;0;1
97;0;0;0;0;0;0;0;0;0;0;0;0;0;3;1;0;1;0
98;0;0;0;0;0;0;0;0;0;0;0;0;0;0;3;1;0;1
99;0;0;0;0;0;0;0;0;0;0;0;0;0;0;0;2;1;0
100 e oltre;0;0;3;5;5;5;4;2;1;0;0;0;0;0;0;0;2;3
Totale;11026;13010;16626;19402;21425;24108;27821;31895;32764;33562;33617;34359;34218;32782;31194;29925;30268;31645
Età/Anno;2002;2003;2004;2005;2006;2007;2008;2009;2010;2011;2012;2013;2014;2015;2016;2017;2018;2019
Età;Maschi
0;119;130;154;186;200;214;298;338;351;351;340;335;297;291;249;257;248;222
1;88;128;137;158;191;205;245;307;338;343;348;345;334;283;264;227;232;241
2;84;100;137;140;161;206;230;266;313;333;347;361;325;307;259;243;208;234
3;56;98;122;146;141;176;219;246;265;307;326;352;346;302;283;232;230;217
4;77;67;103;130;161;150;190;237;246;254;302;313;350;308;272;249;204;228
5;70;92;78;112;148;171;182;195;227;245;257;300;292;319;274;235;223;207
6;66;84;109;98;119;155;197;201;201;217;249;259;288;262;281;244;215;224
7;59;76;94;117;115;141;167;212;193;199;228;242;233;259;222;234;210;210
8;75;69;93;104;128;129;160;184;206;184;199;222;225;202;220;182;209;198
9;69;89;77;107;126;146;160;171;190;211;179;187;207;203;173;181;158;210
10;57;85;104;87;121;147;168;178;178;197;207;177;178;183;173;146;166;169
11;63;68;101;117;106;151;174;202;191;188;193;201;163;161;163;151;137;170
12;56;75;80;112;142;124;170;192;212;193;196;192;178;141;145;138;142;135
13;47;61;84;93;138;159;143;202;193;216;197;196;178;156;124;129;122;149
14;53;56;85;95;110;157;181;172;213;196;225;190;185;160;132;109;127;124
15;52;64;67;96;115;123;191;196;182;227;199;231;184;173;141;121;102;132
16;57;59;77;86;126;137;156;221;205;186;231;204;220;161;159;118;107;108
17;51;75;79;99;120;148;159;186;250;217;194;226;198;195;150;140;117;128
18;62;80;99;113;136;164;188;199;199;248;212;184;200;171;175;120;122;133
19;67;78;104;127;121;167;222;221;208;221;251;202;180;191;176;183;160;149
20;66;88;105;109;122;155;218;271;234;224;230;255;202;179;205;190;232;194
21;63;80;116;127;115;155;205;271;276;247;232;232;260;197;173;211;242;262
22;91;70;111;147;122;150;200;251;294;287;256;244;239;255;192;175;256;276
23;104;100;103;143;163;141;210;262;267;327;283;265;255;243;254;203;240;291
24;100;143;161;156;145;181;219;281;258;293;326;296;263;252;244;236;260;276
25;150;130;183;202;183;168;232;297;289;282;290;342;311;257;247;229;293;280
26;144;170;187;240;226;206;234;327;328;294;283;306;354;309;259;242;268;309
27;173;187;243;236;271;273;275;328;348;343;292;297;325;351;317;249;311;316
28;156;203;261;303;280;292;335;369;333;365;329;313;292;315;344;312;324;338
29;199;178;295;333;327;327;346;409;376;315;348;343;315;293;297;348;368;339
30;174;257;261;364;372;373;376;441;415;368;318;349;347;289;282;302;362;384
31;194;210;313;310;394;400;426;457;448;402;349;328;354;327;275;271;356;387
32;213;227;269;349;340;435;448;495;428;441;372;350;334;330;309;275;314;374
33;232;238;279;305;353;359;482;500;463;404;420;372;346;333;336;293;314;350
34;223;251;263;304;307;382;380;508;480;459;367;418;377;331;337;332;308;324
35;176;239;294;282;322;318;412;423;495;463;419;365;401;353;322;326;333;338
36;189;209;286;321;277;362;347;456;409;478;406;415;374;378;310;281;315;348
37;150;216;240;323;329;316;381;374;432;410;455;403;408;359;358;287;295;327
38;157;180;247;277;326;356;371;414;360;425;391;447;378;379;339;326;284;316
39;157;176;221;277;280;350;405;398;402;348;396;389;430;346;338;310;326;302
40;130;179;220;262;297;291;376;424;382;407;331;394;373;408;308;303;304;334
41;136;145;209;244;263;306;324;392;409;379;399;331;375;341;368;269;285;305
42;115;149;172;228;247;267;318;345;382;388;347;379;315;345;313;320;262;288
43;100;109;139;179;217;249;272;304;308;349;354;326;339;291;321;281;300;266
44;83;98;122;159;174;224;264;265;276;290;307;341;308;316;256;286;261;305
45;77;94;119;137;163;190;233;266;243;256;275;283;323;275;279;237;270;274
46;68;88;102;130;137;169;198;242;253;237;243;275;275;278;246;252;228;282
47;59;82;103;114;137;150;182;204;242;261;201;231;257;249;257;222;235;235
48;46;66;92;109;113;143;170;202;193;233;248;200;215;228;226;227;219;240
49;39;55;74;103;109;107;153;170;188;203;215;237;186;184;197;203;220;232
50;39;42;59;94;109;114;110;158;166;185;203;204;220;155;168;179;190;229
51;43;45;45;67;96;114;131;109;153;167;168;200;182;191;142;141;174;201
52;32;51;50;53;64;93;120;135;105;144;159;165;190;166;168;138;141;184
53;30;37;60;56;57;78;92;130;126;101;140;153;153;170;155;151;138;148
54;26;34;40;62;56;63;78;90;127;123;94;131;135;139;154;144;152;142
55;27;30;44;41;58;57;63;82;79;116;120;88;126;125;119;142;139;159
56;25;27;33;48;39;60;56;66;82;70;103;115;79;111;117;109;134;137
57;15;29;31;36;48;39;54;59;61;80;64;102;110;70;103;111;121;127
58;17;20;35;30;38;48;39;55;57;60;73;66;94;108;65;99;107;120
59;18;26;23;38;30;41;52;39;54;54;56;68;68;88;95;66;96;105
60;6;21;27;22;34;31;41;49;37;49;53;54;66;66;83;84;71;97
61;15;12;24;31;22;33;31;46;48;44;45;52;53;59;62;82;87;70
62;13;17;18;26;34;26;34;34;44;50;44;50;50;49;57;57;79;86
63;14;13;19;18;26;33;27;34;36;38;49;46;52;51;49;55;53;85
64;12;14;14;23;19;23;34;29;38;30;39;49;44;48;45;47;52;51
65;19;13;12;15;27;18;28;33;26;34;30;38;50;40;40;46;47;64
66;9;20;18;13;16;25;19;35;36;26;32;33;36;46;39;32;43;43
67;13;13;20;18;11;18;28;22;35;30;29;30;31;31;45;37;34;44
68;14;16;15;23;24;13;19;33;22;33;31;29;29;28;29;41;37;34
69;10;14;16;20;22;25;14;25;36;19;31;31;27;32;29;31;41;32
70;14;11;14;16;18;22;24;20;27;29;19;31;25;26;29;28;31;41
71;8;13;12;14;15;13;22;24;20;27;29;20;33;25;25;27;28;30
72;9;8;12;14;14;13;14;23;25;24;25;30;21;29;25;25;25;30
73;12;11;7;13;14;17;14;15;25;24;23;25;26;20;32;22;23;24
74;8;11;10;8;13;10;16;11;16;24;26;23;26;24;22;33;22;21
75;12;7;13;10;9;11;11;19;12;12;23;27;19;25;24;21;31;21
76;5;11;6;13;10;9;11;10;18;12;10;24;26;19;22;22;17;30
77;2;6;10;5;13;10;9;11;10;18;13;10;23;24;17;21;20;17
78;2;2;6;9;4;10;9;10;10;10;16;12;8;20;23;18;22;20
79;1;5;1;6;10;4;9;10;8;11;11;14;9;9;14;21;19;20
80;6;1;4;1;6;9;7;11;10;6;11;10;12;7;9;16;21;18
81;5;5;1;6;1;5;9;6;10;8;6;9;9;11;7;8;15;19
82;0;0;5;1;8;1;4;8;5;10;8;7;8;9;12;7;6;14
83;1;2;0;4;1;4;1;4;7;5;7;8;4;5;7;11;6;7
84;1;1;2;1;2;2;4;1;3;7;5;8;7;5;6;8;10;4
85;0;1;2;2;1;2;2;5;1;3;6;4;7;5;5;6;6;11
86;2;0;0;1;3;1;2;1;4;1;3;5;3;6;5;4;6;7
87;1;1;0;1;0;3;2;2;1;3;2;3;6;3;6;5;3;5
88;0;1;1;0;1;0;1;2;2;1;1;2;1;5;3;6;5;3
89;0;0;1;1;0;1;0;1;2;1;1;1;3;1;4;3;5;5
90;0;0;0;1;1;0;1;0;0;1;1;1;1;3;1;2;2;5
91;1;0;0;0;1;1;0;1;0;0;1;1;1;1;3;1;1;2
92;0;1;0;0;0;1;1;0;1;0;0;1;1;1;1;2;1;0
93;0;0;1;0;0;0;0;1;0;1;0;0;0;0;1;1;1;1
94;0;0;0;1;0;0;0;0;1;0;1;0;0;0;0;0;1;0
95;0;0;0;0;0;0;0;0;0;0;0;1;0;0;0;0;0;1
96;0;0;0;0;0;0;0;0;0;0;0;0;1;0;0;0;0;0
97;0;0;0;0;0;0;0;0;0;0;0;0;0;1;0;0;0;0
98;0;0;0;0;0;0;0;0;0;0;0;0;0;0;1;0;0;0
99;0;0;0;0;0;0;0;0;0;0;0;0;0;0;0;1;0;0
100 e oltre;0;0;3;5;5;5;4;2;1;0;0;0;0;0;0;0;0;0
Totale;5779;6843;8488;9963;10816;12071;14039;16133;16359;16602;16373;16626;16367;15476;14612;13748;14287;15194
Età/Anno;2002;2003;2004;2005;2006;2007;2008;2009;2010;2011;2012;2013;2014;2015;2016;2017;2018;2019
Età;Femmine
0;114;114;153;194;219;217;287;341;326;325;265;286;278;300;219;238;233;189
1;86;117;125;161;198;235;216;293;332;321;311;269;272;261;280;200;225;235
2;86;99;129;129;168;207;253;225;290;318;312;304;265;259;245;249;180;225
3;86;104;113;135;135;161;225;252;227;292;313;311;299;235;229;228;234;191
4;63;88;119;121;148;140;171;234;249;228;287;322;301;279;204;210;206;240
5;70;81;88;127;133;157;148;175;229;240;223;293;305;272;243;183;202;221
6;55;81;87;98;135;155;159;173;175;222;232;230;271;261;238;224;172;211
7;54;65;91;85;105;158;169;169;175;175;215;234;213;241;221;213;200;172
8;59;59;78;104;104;118;170;194;175;179;177;212;220;185;207;200;193;202
9;54;68;69;90;123;126;137;180;195;174;176;177;192;187;163;177;185;181
10;51;67;77;89;111;138;137;153;176;200;173;177;163;174;164;153;161;190
11;48;60;75;96;101;124;148;166;160;173;203;178;168;150;150;152;135;163
12;56;62;78;84;104;116;140;155;177;158;179;215;165;141;130;136;141;133
13;50;61;78;102;102;120;136;156;162;180;161;179;205;149;123;124;128;146
14;54;55;72;86;114;113;144;149;160;168;186;163;170;189;136;105;119;128
15;54;65;61;78;100;124;125;160;150;159;174;198;155;155;178;119;100;125
16;56;59;72;68;94;130;127;140;159;151;169;172;190;141;140;164;114;105
17;47;69;63;88;96;114;154;149;149;168;157;174;171;175;134;134;152;112
18;47;58;83;92;112;116;140;190;169;150;166;164;159;138;144;118;121;137
19;50;65;68;103;102;155;153;185;228;191;168;179;173;161;129;147;118;124
20;54;60;78;90;134;165;204;218;203;241;215;175;191;183;173;145;162;150
21;82;75;92;104;126;167;212;270;249;232;248;242;180;209;178;178;157;183
22;113;96;120;118;145;165;223;269;292;279;251;279;266;187;210;184;191;176
23;115;147;140;157;169;190;232;288;312;324;311;279;295;264;199;211;183;203
24;130;141;201;182;182;237;245;311;315;347;347;325;299;282;273;213;213;191
25;121;175;218;236;219;211;296;311;327;342;366;354;356;308;282;272;219;241
26;134;177;238;268;278;271;278;379;340;358;367;394;361;347;311;275;283;241
27;172;183;256;285;311;331;336;357;380;354;360;390;416;352;344;320;285;311
28;163;224;274;323;347;352;395;422;368;392;383;366;393;413;346;351;312;302
29;196;209;311;323;369;388;418;454;431;380;389;394;373;402;403;337;353;328
30;150;229;274;369;368;404;424;478;461;429;386;395;408;362;387;398;352;353
31;183;183;302;310;399;412;444;466;477;441;415;386;410;409;344;387;373;376
32;186;214;233;341;343;420;454;481;463;460;441;410;390;404;376;334;358;362
33;170;211;263;244;353;373;431;460;477;445;438;426;396;377;385;363;312;356
34;176;181;246;279;243;368;388;451;442;451;417;433;422;384;367;364;356;317
35;143;189;226;248;287;242;383;385;441;419;428;427;431;385;368;341;340;341
36;132;154;212;259;263;297;271;389;383;424;407;426;423;394;368;351;343;337
37;140;143;188;244;272;287;330;300;394;388;401;402;423;406;371;339;327;342
38;130;153;179;196;258;290;305;356;309;385;383;390;388;397;369;343;311;322
39;98;136;188;191;210;279;333;333;347;312;393;361;368;361;378;341;334;303
40;100;107;173;207;202;224;311;359;330;365;319;377;348;345;328;354;329;347
41;84;102;136;186;212;214;240;346;357;341;360;317;367;341;312;326;346;326
42;89;99;145;161;195;225;235;246;352;367;325;340;306;341;307;293;311;355
43;86;90;130;157;174;208;249;250;249;361;366;329;347;297;312;299;282;314
44;57;88;119;158;159;192;230;260;246;257;363;372;318;322;272;308;300;296
45;69;64;132;133;153;178;209;250;257;250;255;355;366;305;299;251;304;299
46;61;62;101;136;136;180;190;221;246;263;253;251;349;335;295;286;250;311
47;52;64;98;108;143;146;190;213;217;256;274;250;236;328;316;283;281;256
48;50;52;101;103;122;153;169;206;220;220;267;267;243;223;315;305;285;281
49;37;44;77;106;111;144;172;186;222;224;228;262;263;230;211;294;304;286
50;42;38;84;92;116;120;158;188;191;223;215;237;262;245;225;215;294;313
51;38;44;74;95;91;135;138;166;189;197;223;217;227;252;230;208;212;294
52;41;36;72;86;101;99;148;157;180;201;190;222;218;222;243;230;209;227
53;27;48;58;79;89;101;110;168;161;190;194;205;214;206;212;244;232;215
54;27;27;70;67;75;95;106;136;166;159;187;199;202;217;196;202;232;233
55;26;31;51;71;70;82;100;110;136;162;151;191;208;196;208;194;197;241
56;22;32;44;61;69;81;88;108;116;145;163;152;197;197;202;202;198;200
57;20;24;56;50;68;73;87;93;114;129;131;165;159;192;208;209;201;203
58;27;20;29;61;59;65;74;98;100;119;127;138;175;160;189;205;210;198
59;24;23;25;33;62;61;67;89;99;109;117;133;148;172;164;185;209;200
60;21;22;22;27;28;62;66;88;89;91;109;126;137;142;166;169;178;201
61;23;22;23;29;29;32;65;67;87;94;85;108;125;140;136;162;166;174
62;24;22;22;24;29;27;37;69;67;86;94;89;105;121;131;137;152;167
63;14;29;21;24;28;29;28;42;71;62;84;88;90;96;122;127;132;149
64;19;21;37;25;24;27;29;33;43;71;62;82;85;86;96;122;125;136
65;15;23;26;42;27;23;29;32;37;43;72;66;81;92;79;84;114;125
66;13;16;27;29;37;32;25;32;34;26;41;72;66;77;86;84;97;119
67;10;18;21;28;29;38;37;34;32;38;26;38;68;63;72;84;87;98
68;10;11;18;20;26;28;38;41;39;35;39;27;34;71;65;70;81;91
69;5;8;9;20;19;28;28;40;38;38;35;41;31;36;68;61;72;80
70;10;7;9;9;22;19;28;28;41;33;34;34;37;36;38;64;60;69
71;17;16;7;10;9;22;20;32;29;41;35;36;37;37;36;37;64;52
72;9;17;16;7;9;8;22;20;28;25;41;35;37;36;39;40;38;62
73;6;8;19;15;7;14;9;19;18;27;24;39;33;35;32;39;36;40
74;6;6;9;16;15;6;10;10;17;19;29;26;36;35;34;32;40;34
75;7;8;7;9;16;15;6;13;10;19;22;28;24;32;34;30;31;37
76;4;6;9;8;7;20;14;8;10;10;18;20;28;21;34;34;28;31
77;5;5;6;8;8;7;18;13;9;10;9;19;17;28;23;34;36;28
78;6;5;6;6;10;7;9;15;12;9;9;8;18;17;30;24;35;36
79;3;5;6;7;6;8;8;11;15;9;10;9;11;17;14;30;18;32
80;2;3;5;3;6;6;8;7;12;13;8;9;10;14;16;14;25;19
81;1;2;6;6;4;6;5;10;7;9;14;8;8;9;15;14;15;23
82;3;2;2;7;5;4;8;4;10;7;8;14;8;6;8;14;15;15
83;3;3;1;0;7;3;5;7;3;10;5;8;10;7;5;8;12;13
84;2;3;1;2;0;6;4;3;7;2;10;5;9;11;7;5;9;11
85;2;2;2;2;4;0;4;5;3;6;3;8;5;9;9;5;5;7
86;0;1;3;1;3;2;0;3;5;3;5;3;7;5;8;9;5;5
87;0;2;2;3;1;3;1;0;3;3;3;5;3;7;5;8;9;5
88;0;1;2;1;3;1;3;1;0;2;3;3;5;3;8;5;6;8
89;0;0;0;2;1;3;1;1;0;0;2;3;2;5;3;7;3;4
90;0;0;0;0;1;0;3;2;2;0;0;2;3;2;4;2;7;2
91;0;1;0;1;1;1;0;3;2;1;0;0;1;1;2;4;1;7
92;0;0;1;1;0;0;1;0;3;2;0;0;0;1;0;1;4;2
93;0;0;0;0;1;0;0;1;0;3;2;0;0;0;1;0;1;4
94;0;0;0;0;0;1;0;0;0;0;2;2;0;0;0;1;0;0
95;0;0;0;0;0;0;1;0;0;0;0;2;1;0;0;0;1;0
96;0;0;0;0;0;0;0;1;0;0;0;0;2;1;0;0;0;1
97;0;0;0;0;0;0;0;0;0;0;0;0;0;2;1;0;1;0
98;0;0;0;0;0;0;0;0;0;0;0;0;0;0;2;1;0;1
99;0;0;0;0;0;0;0;0;0;0;0;0;0;0;0;1;1;0
100 e oltre;0;0;0;0;0;0;0;0;0;0;0;0;0;0;0;0;2;3
Totale;5247;6167;8138;9439;10609;12037;13782;15762;16405;16960;17244;17733;17851;17306;16582;16177;15981;16451
