"Popolazione per età, vista per singola area - Provincia: Brescia"

"Ricostruzione della popolazione intercensuaria - Popolazione al 1° gennaio per età"
"Tutte le cittadinanze - Provincia: Brescia"
Età/Anno;2002;2003;2004;2005;2006;2007;2008;2009;2010;2011;2012;2013;2014;2015;2016;2017;2018;2019
Età;Totale
0;11242;11646;11645;12493;12227;12948;13227;13466;13440;13403;12761;12134;11569;11161;10941;10489;10107;9645
1;11246;11398;11782;11779;12517;12286;12997;13262;13491;13431;13318;12739;12101;11532;11149;10953;10467;10155
2;11174;11404;11615;11820;11914;12629;12386;13123;13330;13528;13338;13372;12695;12015;11482;11097;10925;10560
3;10803;11331;11692;11747;11951;12120;12690;12591;13220;13460;13468;13419;13391;12617;11936;11436;11087;10955
4;10524;10963;11504;11829;11933;12057;12270;12818;12655;13321;13436;13506;13408;13328;12495;11837;11438;11104
5;10470;10697;11138;11589;11979;12120;12127;12403;12875;12722;13309;13455;13452;13387;13227;12375;11824;11450
6;10345;10612;10862;11279;11661;12085;12260;12231;12441;12868;12668;13322;13426;13323;13248;13116;12297;11795
7;10086;10513;10744;10999;11482;11769;12172;12420;12268;12505;12841;12675;13280;13294;13211;13130;12997;12279
8;10368;10232;10644;10826;11190;11614;11851;12301;12538;12299;12546;12832;12639;13187;13219;13094;13068;12953
9;10329;10552;10373;10759;10982;11313;11739;11991;12386;12599;12333;12557;12822;12605;13099;13160;13041;13050
10;10200;10494;10710;10550;10925;11135;11443;11897;12099;12485;12659;12319;12507;12743;12518;13011;13119;13028
11;10348;10311;10639;10843;10709;11044;11252;11623;12023;12225;12510;12634;12319;12447;12673;12448;12961;13095
12;9981;10455;10415;10759;10992;10852;11137;11416;11743;12160;12276;12544;12614;12328;12438;12599;12410;12967
13;10278;10121;10553;10570;10942;11112;10957;11325;11526;11868;12215;12278;12546;12606;12268;12364;12563;12410
14;9731;10378;10241;10671;10716;11061;11248;11084;11457;11679;11934;12204;12254;12514;12546;12201;12352;12566
15;9818;9835;10480;10354;10842;10808;11158;11428;11232;11627;11750;11982;12209;12267;12497;12494;12155;12363
16;10556;9922;9980;10640;10516;10945;10927;11317;11579;11429;11705;11770;12023;12190;12244;12461;12458;12204
17;10683;10650;10046;10187;10866;10672;11077;11121;11491;11753;11532;11757;11800;12017;12175;12252;12432;12532
18;11260;10835;10825;10270;10458;11109;10871;11381;11329;11735;11892;11606;11780;11830;12029;12155;12324;12519
19;11422;11371;11059;11002;10482;10651;11391;11244;11641;11615;11881;12005;11659;11838;11902;12084;12360;12551
20;11821;11524;11608;11259;11160;10646;10973;11722;11501;11904;11785;12014;12109;11732;11900;11960;12252;12588
21;12273;11929;11881;11902;11424;11334;10996;11396;11962;11805;12097;11934;12074;12115;11766;11962;12097;12466
22;12493;12444;12424;12245;12110;11696;11697;11415;11691;12288;12055;12278;12080;12154;12142;11821;12051;12296
23;13640;12712;13098;12820;12542;12422;12126;12173;11701;12034;12577;12271;12410;12195;12199;12176;11961;12294
24;14454;13914;13385;13642;13066;12869;12894;12682;12534;12114;12384;12877;12415;12529;12241;12312;12318;12191
25;15587;14800;14717;14044;14022;13350;13368;13426;13095;12927;12416;12597;13051;12525;12632;12336;12494;12577
26;17115;15992;15625;15412;14447;14318;13893;14010;13748;13600;13283;12688;12736;13226;12594;12703;12400;12718
27;17783;17561;16842;16320;15830;14745;14797;14512;14378;14153;13959;13539;12844;12787;13258;12677;12877;12576
28;17730;18260;18549;17593;16852;16225;15251;15283;14834;14741;14437;14229;13689;12942;12894;13315;12866;13160
29;18323;18140;19240;19359;18029;17162;16657;15763;15487;15152;15030;14702;14350;13783;13080;12957;13440;13108
30;18476;18777;19107;20042;19860;18392;17673;17153;16032;15802;15418;15243;14809;14393;13829;13098;13068;13674
31;18793;18907;19531;19610;20485;20203;18740;18058;17232;16266;15968;15568;15320;14881;14380;13841;13205;13346
32;19556;19100;19579;19977;19926;20623;20458;18980;18179;17368;16273;16135;15644;15370;14882;14377;13953;13377
33;19339;19816;19748;19965;20368;20206;20932;20681;18947;18348;17387;16408;16189;15632;15387;14896;14428;14064
34;19590;19662;20367;20137;20268;20480;20439;21107;20625;19034;18275;17498;16440;16136;15618;15396;14931;14580
35;20024;19926;20191;20654;20394;20347;20664;20576;21084;20535;18935;18391;17505;16390;16131;15621;15478;15043
36;19653;20352;20413;20591;20908;20549;20496;20876;20590;21149;20520;19071;18382;17493;16351;16082;15619;15617
37;20068;19900;20756;20772;20779;20986;20719;20706;20889;20561;21133;20607;19025;18372;17432;16260;16108;15749
38;18933;20262;20265;20950;20897;20868;21208;20862;20720;20913;20548;21171;20624;19022;18319;17393;16252;16193
39;18200;19086;20641;20507;21027;21023;21128;21336;20907;20691;20857;20625;21164;20565;18927;18282;17397;16402
40;17771;18342;19376;20854;20708;21088;21211;21273;21325;20909;20668;20901;20605;21083;20525;18861;18317;17470
41;17136;17860;18584;19592;20933;20783;21172;21359;21296;21310;20818;20808;20865;20560;21026;20404;18841;18343
42;16364;17229;18122;18773;19692;21026;20912;21278;21390;21293;21248;20864;20803;20821;20462;20925;20373;18929
43;15726;16457;17497;18267;18825;19744;21135;21007;21315;21392;21271;21284;20837;20723;20734;20385;20882;20429
44;15507;15794;16702;17643;18326;18898;19802;21206;21047;21336;21364;21311;21234;20788;20633;20665;20353;20903
45;15641;15564;16051;16867;17701;18372;18992;19898;21266;21044;21301;21347;21308;21160;20689;20532;20612;20414
46;14905;15660;15777;16158;16922;17727;18499;19086;19882;21262;20982;21316;21274;21210;21049;20616;20444;20657
47;14703;14936;15841;15925;16196;16938;17794;18569;19079;19869;21209;20973;21265;21236;21090;20966;20527;20460
48;14443;14779;15131;15913;15953;16227;16996;17870;18538;19027;19781;21199;20879;21204;21156;20969;20877;20537
49;14528;14468;14931;15179;15970;15948;16290;17069;17831;18562;18994;19777;21166;20827;21105;21107;20881;20899
50;14473;14550;14612;15013;15183;15968;15989;16349;17048;17849;18545;19017;19698;21082;20758;21057;20988;20835
51;15206;14493;14641;14635;14993;15164;15976;16053;16342;17027;17814;18541;18960;19672;21004;20701;20995;20942
52;15303;15212;14592;14668;14598;14976;15185;15977;16048;16371;16937;17774;18489;18898;19617;20928;20635;20972
53;16039;15288;15254;14600;14655;14588;14986;15215;15987;16065;16336;16945;17685;18435;18796;19555;20851;20606
54;15385;16070;15354;15222;14610;14623;14579;14983;15204;15959;16014;16318;16901;17615;18385;18725;19460;20819
55;15731;15396;16106;15343;15204;14554;14608;14558;14954;15164;15909;15980;16228;16811;17540;18299;18659;19393
56;11519;15743;15439;16087;15271;15153;14521;14581;14525;14917;15121;15883;15916;16177;16777;17461;18264;18609
57;12971;11469;15741;15443;16058;15232;15112;14476;14510;14486;14869;15043;15846;15885;16140;16692;17393;18209
58;12996;12945;11481;15724;15373;15990;15163;15098;14423;14480;14413;14839;14981;15760;15792;16074;16618;17327
59;13375;12957;12936;11474;15704;15322;15953;15169;15042;14372;14413;14383;14780;14934;15699;15730;15960;16551
60;13654;13308;12906;12898;11434;15669;15257;15892;15144;14965;14311;14378;14326;14718;14835;15631;15694;15914
61;14548;13606;13245;12857;12817;11387;15619;15202;15821;15095;14914;14238;14318;14256;14631;14767;15525;15669
62;14427;14517;13543;13190;12784;12721;11339;15573;15139;15751;15027;14846;14129;14258;14178;14560;14691;15450
63;13957;14355;14435;13449;13111;12715;12655;11273;15462;15059;15688;14933;14770;14057;14135;14086;14482;14633
64;12263;13863;14244;14350;13341;13044;12619;12567;11202;15389;14977;15598;14832;14677;13937;14048;13993;14403
65;11291;12183;13789;14140;14219;13265;12943;12501;12456;11122;15273;14844;15497;14746;14562;13839;13936;13946
66;11773;11161;12092;13657;14011;14105;13198;12834;12451;12371;11023;15149;14705;15354;14600;14444;13758;13856
67;11022;11645;11068;12035;13514;13898;13948;13099;12709;12316;12303;10926;15013;14535;15220;14472;14347;13649
68;10760;10891;11507;10969;11919;13401;13740;13841;12955;12576;12204;12186;10787;14866;14404;15050;14331;14242
69;10985;10628;10742;11361;10832;11782;13270;13602;13676;12804;12429;12070;12054;10659;14681;14248;14851;14205
70;10580;10791;10479;10590;11184;10661;11645;13079;13426;13487;12638;12250;11941;11907;10518;14506;14093;14667
71;10698;10386;10629;10306;10451;11041;10487;11503;12882;13227;13334;12412;12077;11765;11751;10371;14297;13911
72;10059;10514;10178;10454;10094;10274;10869;10291;11364;12704;13045;13111;12225;11882;11608;11582;10213;14070
73;9594;9840;10299;9995;10244;9909;10093;10711;10084;11178;12492;12848;12852;12045;11680;11424;11393;10065
74;9194;9366;9604;10069;9755;9986;9708;9887;10479;9849;10992;12258;12583;12602;11809;11458;11211;11177
75;8752;9015;9142;9416;9822;9510;9746;9517;9625;10247;9657;10742;12029;12307;12339;11547;11225;10971
76;8135;8487;8802;8872;9173;9575;9267;9473;9278;9398;10016;9425;10482;11761;12042;12090;11300;10968
77;7893;7886;8246;8557;8624;8886;9299;9016;9180;9006;9155;9733;9180;10207;11450;11745;11803;11038
78;7698;7635;7594;7974;8283;8351;8625;8973;8715;8897;8757;8863;9429;8928;9920;11127;11424;11485
79;7110;7342;7368;7327;7725;8015;8044;8297;8638;8399;8611;8458;8545;9142;8626;9576;10771;11108
80;6438;6805;7015;7040;7052;7439;7712;7742;7968;8309;8078;8256;8095;8214;8796;8351;9208;10391
81;5548;6100;6473;6656;6758;6724;7128;7408;7383;7592;7939;7716;7892;7747;7830;8436;8013;8844
82;3740;5189;5739;6158;6267;6350;6397;6748;7058;6995;7234;7568;7342;7538;7376;7463;8040;7635
83;2731;3503;4790;5421;5790;5902;5922;5944;6286;6586;6624;6779;7196;6951;7144;6982;7070;7622
84;2639;2510;3257;4471;5021;5402;5499;5503;5531;5843;6056;6188;6371;6781;6524;6739;6572;6654
85;2957;2417;2310;3000;4130;4637;5013;5112;5093;5153;5415;5613;5724;5959;6278;6072;6278;6160
86;3155;2693;2184;2125;2734;3797;4246;4599;4692;4693;4766;4980;5159;5314;5483;5790;5565;5767
87;2939;2817;2400;1987;1938;2460;3398;3820;4137;4271;4279;4341;4485;4696;4813;5022;5259;5041
88;2612;2618;2423;2133;1785;1728;2202;3003;3363;3644;3833;3832;3918;4024;4159;4374;4541;4695
89;2145;2242;2173;2126;1910;1557;1490;1932;2685;2976;3151;3366;3397;3513;3589;3720;3865;4030
90;1830;1853;1879;1863;1812;1638;1357;1287;1645;2394;2573;2761;2968;2981;3018;3123;3274;3369
91;1359;1540;1521;1564;1603;1541;1407;1167;1109;1390;2056;2178;2358;2556;2533;2591;2657;2802
92;996;1121;1246;1242;1302;1348;1292;1185;973;916;1172;1719;1817;1979;2107;2135;2168;2223
93;768;774;872;1029;990;1073;1123;1057;959;807;755;957;1410;1496;1591;1762;1713;1772
94;520;601;597;697;788;793;854;903;827;719;635;601;748;1150;1180;1274;1405;1365
95;386;404;436;472;528;619;635;672;706;643;561;463;473;589;876;945;965;1060
96;242;294;289;330;366;393;473;484;510;573;504;415;354;364;463;680;732;736
97;183;161;213;219;217;273;267;339;364;390;423;371;308;254;270;349;482;543
98;107;121;105;157;158;161;181;200;236;274;282;296;244;222;171;195;254;350
99;58;75;87;75;115;109;107;123;148;169;184;188;200;177;157;129;122;180
100 e oltre;86;93;83;128;136;174;178;203;218;220;275;266;330;361;332;297;275;249
Totale;1110269;1123346;1145086;1163506;1177290;1189408;1204416;1220795;1230529;1241188;1247357;1253581;1255637;1255890;1253852;1251873;1251306;1254419
Età/Anno;2002;2003;2004;2005;2006;2007;2008;2009;2010;2011;2012;2013;2014;2015;2016;2017;2018;2019
Età;Maschi
0;5774;6033;5974;6368;6264;6609;6794;6923;6888;6964;6636;6070;5937;5649;5583;5292;5191;4969
1;5815;5854;6106;6042;6373;6311;6656;6805;6934;6856;6915;6597;6059;5904;5634;5581;5270;5207
2;5713;5912;5970;6114;6149;6423;6353;6743;6846;6969;6818;6961;6561;6012;5877;5638;5576;5328
3;5524;5799;6086;6044;6208;6256;6477;6478;6785;6921;6931;6856;6976;6535;5992;5848;5641;5603
4;5366;5627;5920;6152;6155;6253;6317;6547;6524;6848;6930;6952;6858;6968;6493;5945;5859;5652
5;5398;5454;5714;5956;6232;6253;6301;6381;6576;6533;6831;6955;6918;6853;6907;6413;5947;5860
6;5352;5477;5537;5792;5979;6301;6354;6373;6391;6585;6510;6839;6928;6854;6770;6845;6365;5955
7;5125;5452;5550;5624;5912;6039;6337;6442;6381;6430;6565;6505;6825;6857;6803;6716;6772;6353
8;5340;5189;5528;5591;5733;5982;6067;6407;6484;6377;6442;6556;6485;6757;6819;6743;6682;6735
9;5307;5442;5277;5590;5667;5788;6041;6157;6456;6532;6404;6430;6546;6472;6741;6792;6730;6677
10;5172;5404;5537;5378;5674;5731;5872;6117;6219;6506;6578;6401;6416;6497;6421;6680;6779;6725
11;5288;5230;5495;5610;5474;5729;5800;5989;6188;6290;6507;6570;6403;6407;6475;6371;6649;6762
12;5204;5329;5278;5552;5682;5567;5763;5899;6051;6277;6320;6531;6562;6407;6415;6451;6339;6650
13;5348;5273;5384;5373;5673;5746;5632;5873;5967;6122;6302;6324;6516;6556;6383;6385;6442;6332
14;5043;5407;5348;5453;5462;5745;5815;5701;5945;6052;6158;6302;6318;6512;6528;6364;6391;6438
15;5065;5097;5485;5409;5551;5496;5792;5933;5801;6060;6081;6191;6306;6318;6504;6517;6340;6390
16;5455;5128;5192;5581;5508;5616;5560;5889;6017;5911;6105;6097;6225;6296;6340;6487;6501;6372
17;5594;5516;5194;5304;5707;5608;5702;5697;5996;6131;5978;6145;6109;6224;6297;6347;6479;6536
18;5787;5690;5648;5330;5467;5878;5737;5886;5817;6152;6234;6037;6175;6125;6239;6303;6430;6560
19;5829;5838;5784;5734;5422;5554;6038;5930;6019;5966;6228;6276;6032;6186;6173;6273;6503;6594
20;5985;5867;5984;5882;5783;5466;5706;6164;6035;6100;6028;6280;6317;6044;6189;6212;6413;6661
21;6159;6008;6035;6123;5933;5846;5620;5869;6236;6149;6182;6084;6294;6297;6032;6230;6309;6557
22;6315;6231;6289;6236;6209;6060;5966;5817;5984;6328;6227;6260;6129;6294;6291;6059;6287;6395
23;6847;6407;6582;6497;6352;6327;6247;6168;5893;6107;6450;6315;6333;6142;6275;6284;6143;6419
24;7433;6961;6776;6873;6585;6496;6554;6485;6346;6028;6231;6612;6382;6341;6153;6305;6368;6245
25;7843;7603;7398;7132;7038;6716;6710;6775;6636;6501;6151;6359;6689;6403;6368;6190;6406;6541
26;8744;8043;8055;7806;7307;7156;6934;6993;6940;6853;6660;6274;6404;6735;6404;6415;6238;6559
27;9058;9006;8505;8479;7971;7447;7403;7249;7155;7129;7029;6807;6355;6433;6728;6443;6505;6356
28;9138;9303;9520;8947;8699;8147;7638;7596;7369;7279;7278;7199;6890;6384;6454;6736;6546;6658
29;9492;9387;9861;10000;9202;8827;8365;7884;7712;7494;7433;7449;7274;6912;6451;6496;6813;6675
30;9624;9745;9935;10368;10297;9362;9116;8654;7973;7837;7649;7587;7481;7306;6921;6460;6566;6974
31;9842;9855;10208;10292;10657;10479;9572;9329;8648;8070;7941;7743;7634;7513;7295;6948;6530;6736
32;10183;10025;10302;10513;10504;10797;10674;9701;9386;8716;8093;8050;7798;7657;7498;7305;7024;6659
33;10037;10334;10480;10608;10772;10686;11007;10759;9673;9455;8775;8202;8069;7777;7687;7512;7334;7122
34;10133;10142;10618;10622;10732;10792;10733;10991;10645;9605;9333;8858;8227;8033;7783;7680;7540;7413
35;10434;10311;10501;10831;10737;10751;10859;10742;10880;10533;9500;9405;8860;8198;8024;7819;7729;7594
36;10116;10624;10609;10741;11003;10843;10835;10940;10675;10859;10507;9611;9434;8827;8191;8035;7798;7849
37;10427;10303;10851;10843;10860;11045;10952;10932;10888;10621;10811;10553;9624;9409;8776;8156;8048;7899
38;9727;10547;10501;10958;10911;10912;11142;11000;10884;10843;10591;10834;10539;9626;9361;8765;8171;8090
39;9438;9841;10743;10644;10972;10966;11039;11191;10972;10774;10772;10633;10831;10500;9571;9354;8773;8307
40;9137;9524;9980;10837;10756;11000;11055;11081;11136;10938;10712;10803;10634;10793;10464;9521;9385;8813
41;8872;9193;9644;10071;10872;10782;11042;11108;11064;11060;10837;10784;10766;10577;10755;10400;9512;9444
42;8409;8944;9299;9727;10151;10913;10824;11074;11071;11000;11024;10860;10796;10711;10506;10707;10403;9567
43;8114;8459;9059;9381;9745;10165;10968;10836;11061;11019;10957;11054;10844;10742;10664;10471;10660;10454
44;7912;8156;8552;9136;9428;9769;10160;10988;10818;11026;10953;10975;11020;10799;10667;10630;10427;10663
45;8076;7938;8251;8642;9168;9425;9785;10159;10979;10734;10986;10940;10958;10953;10727;10602;10621;10449
46;7628;8100;8004;8304;8659;9162;9494;9809;10118;10930;10665;10982;10900;10888;10859;10681;10577;10660
47;7547;7636;8164;8058;8316;8652;9178;9490;9797;10065;10866;10651;10947;10858;10813;10788;10617;10582
48;7381;7606;7681;8169;8071;8325;8668;9176;9425;9738;9981;10832;10595;10877;10787;10737;10762;10615
49;7340;7382;7641;7694;8209;8076;8344;8663;9105;9398;9688;9978;10802;10554;10816;10753;10670;10791
50;7248;7341;7417;7665;7695;8203;8064;8340;8615;9050;9349;9684;9922;10736;10487;10775;10692;10649
51;7744;7248;7356;7410;7642;7677;8182;8074;8314;8556;9010;9338;9641;9894;10670;10447;10743;10659
52;7797;7756;7262;7351;7393;7605;7667;8154;8037;8297;8473;8972;9295;9587;9828;10618;10399;10725
53;8103;7781;7738;7243;7343;7370;7604;7662;8104;8007;8238;8465;8929;9251;9514;9802;10550;10360
54;7803;8122;7775;7709;7239;7315;7344;7589;7627;8054;7941;8206;8430;8860;9207;9451;9736;10520
55;7910;7802;8111;7743;7689;7208;7303;7320;7557;7583;7998;7903;8150;8373;8786;9145;9415;9698
56;5719;7912;7800;8095;7685;7646;7168;7266;7293;7486;7529;7968;7855;8089;8329;8744;9129;9387
57;6510;5690;7890;7771;8061;7646;7602;7143;7207;7236;7448;7478;7952;7825;8063;8256;8703;9095
58;6404;6495;5683;7864;7705;8015;7595;7578;7091;7148;7183;7403;7436;7884;7764;8019;8204;8656
59;6693;6380;6472;5675;7834;7666;7988;7570;7518;7038;7100;7146;7356;7408;7845;7728;7961;8150
60;6746;6632;6341;6425;5619;7800;7595;7933;7529;7443;6980;7073;7127;7308;7334;7792;7715;7923
61;7118;6701;6579;6285;6368;5584;7755;7533;7885;7459;7384;6927;7044;7070;7241;7295;7722;7693
62;7022;7083;6652;6546;6225;6300;5558;7718;7482;7842;7402;7346;6859;6996;7006;7196;7248;7659
63;6860;6956;7018;6575;6496;6155;6242;5505;7649;7430;7783;7328;7302;6800;6919;6936;7159;7204
64;5902;6790;6871;6973;6501;6444;6076;6162;5454;7587;7358;7710;7268;7218;6717;6850;6871;7098
65;5289;5831;6710;6777;6876;6447;6382;6006;6078;5380;7505;7260;7645;7204;7137;6661;6776;6813
66;5530;5190;5748;6603;6693;6787;6394;6312;5971;6019;5307;7414;7175;7559;7113;7071;6615;6709
67;5107;5429;5112;5697;6486;6621;6688;6321;6208;5880;5970;5252;7317;7067;7472;7030;7013;6538
68;4834;5013;5332;5039;5612;6407;6514;6611;6233;6122;5805;5887;5174;7207;6997;7348;6931;6939
69;4970;4749;4898;5223;4932;5520;6311;6419;6494;6133;6016;5719;5798;5098;7065;6905;7210;6853
70;4611;4821;4650;4793;5092;4806;5414;6175;6293;6372;6032;5896;5641;5709;5009;6957;6805;7096
71;4526;4476;4712;4536;4685;4987;4691;5306;6035;6165;6257;5879;5793;5515;5601;4913;6813;6687
72;4185;4401;4322;4591;4386;4567;4856;4557;5224;5929;6044;6118;5749;5663;5419;5504;4811;6659
73;3841;4040;4263;4205;4443;4266;4445;4744;4418;5076;5778;5908;5962;5625;5526;5317;5383;4710
74;3607;3715;3904;4107;4048;4291;4142;4305;4616;4286;4952;5617;5740;5787;5485;5374;5187;5243
75;3360;3507;3559;3794;3961;3906;4137;4041;4141;4466;4163;4791;5478;5567;5629;5329;5220;5039
76;2997;3207;3374;3406;3651;3820;3759;3980;3893;4021;4329;4022;4629;5297;5422;5474;5167;5072
77;2913;2847;3080;3246;3267;3471;3647;3606;3804;3723;3884;4168;3860;4465;5115;5250;5304;5003
78;2730;2758;2704;2920;3106;3130;3339;3483;3429;3643;3575;3721;3993;3699;4316;4925;5073;5114
79;2346;2532;2618;2565;2803;2976;2951;3150;3307;3239;3493;3396;3518;3836;3537;4130;4723;4895
80;2162;2165;2352;2435;2431;2668;2824;2783;2974;3124;3065;3297;3187;3344;3635;3400;3924;4509
81;1725;1975;1999;2143;2270;2295;2501;2655;2600;2785;2901;2881;3100;3006;3129;3442;3217;3724
82;1177;1519;1796;1845;1935;2043;2137;2331;2481;2398;2598;2735;2692;2914;2821;2932;3224;3031
83;841;1074;1272;1654;1653;1795;1819;1894;2065;2226;2204;2385;2560;2508;2720;2611;2731;3003
84;743;751;973;1140;1466;1499;1649;1615;1698;1872;1916;1987;2193;2371;2303;2511;2399;2528
85;789;648;664;856;1023;1313;1334;1493;1468;1553;1682;1727;1780;1999;2136;2089;2298;2207
86;783;701;563;581;761;934;1172;1177;1349;1330;1415;1522;1555;1609;1768;1927;1854;2066
87;718;672;595;480;510;652;829;1039;1035;1210;1167;1254;1316;1390;1413;1559;1695;1619
88;679;612;564;496;419;440;564;722;912;916;1064;1006;1115;1152;1166;1241;1390;1469
89;498;572;496;486;412;348;375;489;630;767;773;903;859;960;997;1005;1076;1181
90;391;410;471;404;403;336;284;306;389;546;634;654;766;733;788;831;846;896
91;268;310;327;367;342;316;264;235;264;324;451;525;524;630;593;642;675;685
92;192;213;240;252;289;273;247;209;182;212;264;364;420;393;495;467;512;513
93;136;130;167;192;184;243;214;183;154;147;168;205;291;321;287;397;363;397
94;100;92;92;129;148;132;185;164;132;119;114;119;157;232;231;207;292;284
95;63;69;62;70;96;107;101;130;117;92;89;75;85;120;172;175;138;216
96;32;46;49;52;49;67;83;66;82;78;70;65;57;58;90;111;126;100
97;23;23;32;33;29;36;51;53;44;56;55;50;43;39;48;64;80;88
98;9;15;18;20;19;19;22;36;26;32;37;37;32;24;31;37;42;54
99;6;8;9;18;12;13;12;14;24;20;23;22;21;22;15;24;26;30
100 e oltre;10;11;11;15;23;20;16;18;21;25;34;29;33;33;35;32;29;33
Totale;543660;550853;562738;572911;580201;586460;594094;601968;605942;610173;612793;616406;617805;617427;616330;615631;616276;618924
Età/Anno;2002;2003;2004;2005;2006;2007;2008;2009;2010;2011;2012;2013;2014;2015;2016;2017;2018;2019
Età;Femmine
0;5468;5613;5671;6125;5963;6339;6433;6543;6552;6439;6125;6064;5632;5512;5358;5197;4916;4676
1;5431;5544;5676;5737;6144;5975;6341;6457;6557;6575;6403;6142;6042;5628;5515;5372;5197;4948
2;5461;5492;5645;5706;5765;6206;6033;6380;6484;6559;6520;6411;6134;6003;5605;5459;5349;5232
3;5279;5532;5606;5703;5743;5864;6213;6113;6435;6539;6537;6563;6415;6082;5944;5588;5446;5352
4;5158;5336;5584;5677;5778;5804;5953;6271;6131;6473;6506;6554;6550;6360;6002;5892;5579;5452
5;5072;5243;5424;5633;5747;5867;5826;6022;6299;6189;6478;6500;6534;6534;6320;5962;5877;5590
6;4993;5135;5325;5487;5682;5784;5906;5858;6050;6283;6158;6483;6498;6469;6478;6271;5932;5840
7;4961;5061;5194;5375;5570;5730;5835;5978;5887;6075;6276;6170;6455;6437;6408;6414;6225;5926
8;5028;5043;5116;5235;5457;5632;5784;5894;6054;5922;6104;6276;6154;6430;6400;6351;6386;6218
9;5022;5110;5096;5169;5315;5525;5698;5834;5930;6067;5929;6127;6276;6133;6358;6368;6311;6373
10;5028;5090;5173;5172;5251;5404;5571;5780;5880;5979;6081;5918;6091;6246;6097;6331;6340;6303
11;5060;5081;5144;5233;5235;5315;5452;5634;5835;5935;6003;6064;5916;6040;6198;6077;6312;6333
12;4777;5126;5137;5207;5310;5285;5374;5517;5692;5883;5956;6013;6052;5921;6023;6148;6071;6317
13;4930;4848;5169;5197;5269;5366;5325;5452;5559;5746;5913;5954;6030;6050;5885;5979;6121;6078
14;4688;4971;4893;5218;5254;5316;5433;5383;5512;5627;5776;5902;5936;6002;6018;5837;5961;6128
15;4753;4738;4995;4945;5291;5312;5366;5495;5431;5567;5669;5791;5903;5949;5993;5977;5815;5973
16;5101;4794;4788;5059;5008;5329;5367;5428;5562;5518;5600;5673;5798;5894;5904;5974;5957;5832
17;5089;5134;4852;4883;5159;5064;5375;5424;5495;5622;5554;5612;5691;5793;5878;5905;5953;5996
18;5473;5145;5177;4940;4991;5231;5134;5495;5512;5583;5658;5569;5605;5705;5790;5852;5894;5959
19;5593;5533;5275;5268;5060;5097;5353;5314;5622;5649;5653;5729;5627;5652;5729;5811;5857;5957
20;5836;5657;5624;5377;5377;5180;5267;5558;5466;5804;5757;5734;5792;5688;5711;5748;5839;5927
21;6114;5921;5846;5779;5491;5488;5376;5527;5726;5656;5915;5850;5780;5818;5734;5732;5788;5909
22;6178;6213;6135;6009;5901;5636;5731;5598;5707;5960;5828;6018;5951;5860;5851;5762;5764;5901
23;6793;6305;6516;6323;6190;6095;5879;6005;5808;5927;6127;5956;6077;6053;5924;5892;5818;5875
24;7021;6953;6609;6769;6481;6373;6340;6197;6188;6086;6153;6265;6033;6188;6088;6007;5950;5946
25;7744;7197;7319;6912;6984;6634;6658;6651;6459;6426;6265;6238;6362;6122;6264;6146;6088;6036
26;8371;7949;7570;7606;7140;7162;6959;7017;6808;6747;6623;6414;6332;6491;6190;6288;6162;6159
27;8725;8555;8337;7841;7859;7298;7394;7263;7223;7024;6930;6732;6489;6354;6530;6234;6372;6220
28;8592;8957;9029;8646;8153;8078;7613;7687;7465;7462;7159;7030;6799;6558;6440;6579;6320;6502
29;8831;8753;9379;9359;8827;8335;8292;7879;7775;7658;7597;7253;7076;6871;6629;6461;6627;6433
30;8852;9032;9172;9674;9563;9030;8557;8499;8059;7965;7769;7656;7328;7087;6908;6638;6502;6700
31;8951;9052;9323;9318;9828;9724;9168;8729;8584;8196;8027;7825;7686;7368;7085;6893;6675;6610
32;9373;9075;9277;9464;9422;9826;9784;9279;8793;8652;8180;8085;7846;7713;7384;7072;6929;6718
33;9302;9482;9268;9357;9596;9520;9925;9922;9274;8893;8612;8206;8120;7855;7700;7384;7094;6942
34;9457;9520;9749;9515;9536;9688;9706;10116;9980;9429;8942;8640;8213;8103;7835;7716;7391;7167
35;9590;9615;9690;9823;9657;9596;9805;9834;10204;10002;9435;8986;8645;8192;8107;7802;7749;7449
36;9537;9728;9804;9850;9905;9706;9661;9936;9915;10290;10013;9460;8948;8666;8160;8047;7821;7768
37;9641;9597;9905;9929;9919;9941;9767;9774;10001;9940;10322;10054;9401;8963;8656;8104;8060;7850
38;9206;9715;9764;9992;9986;9956;10066;9862;9836;10070;9957;10337;10085;9396;8958;8628;8081;8103
39;8762;9245;9898;9863;10055;10057;10089;10145;9935;9917;10085;9992;10333;10065;9356;8928;8624;8095
40;8634;8818;9396;10017;9952;10088;10156;10192;10189;9971;9956;10098;9971;10290;10061;9340;8932;8657
41;8264;8667;8940;9521;10061;10001;10130;10251;10232;10250;9981;10024;10099;9983;10271;10004;9329;8899
42;7955;8285;8823;9046;9541;10113;10088;10204;10319;10293;10224;10004;10007;10110;9956;10218;9970;9362
43;7612;7998;8438;8886;9080;9579;10167;10171;10254;10373;10314;10230;9993;9981;10070;9914;10222;9975
44;7595;7638;8150;8507;8898;9129;9642;10218;10229;10310;10411;10336;10214;9989;9966;10035;9926;10240
45;7565;7626;7800;8225;8533;8947;9207;9739;10287;10310;10315;10407;10350;10207;9962;9930;9991;9965
46;7277;7560;7773;7854;8263;8565;9005;9277;9764;10332;10317;10334;10374;10322;10190;9935;9867;9997
47;7156;7300;7677;7867;7880;8286;8616;9079;9282;9804;10343;10322;10318;10378;10277;10178;9910;9878
48;7062;7173;7450;7744;7882;7902;8328;8694;9113;9289;9800;10367;10284;10327;10369;10232;10115;9922
49;7188;7086;7290;7485;7761;7872;7946;8406;8726;9164;9306;9799;10364;10273;10289;10354;10211;10108
50;7225;7209;7195;7348;7488;7765;7925;8009;8433;8799;9196;9333;9776;10346;10271;10282;10296;10186
51;7462;7245;7285;7225;7351;7487;7794;7979;8028;8471;8804;9203;9319;9778;10334;10254;10252;10283
52;7506;7456;7330;7317;7205;7371;7518;7823;8011;8074;8464;8802;9194;9311;9789;10310;10236;10247
53;7936;7507;7516;7357;7312;7218;7382;7553;7883;8058;8098;8480;8756;9184;9282;9753;10301;10246
54;7582;7948;7579;7513;7371;7308;7235;7394;7577;7905;8073;8112;8471;8755;9178;9274;9724;10299
55;7821;7594;7995;7600;7515;7346;7305;7238;7397;7581;7911;8077;8078;8438;8754;9154;9244;9695
56;5800;7831;7639;7992;7586;7507;7353;7315;7232;7431;7592;7915;8061;8088;8448;8717;9135;9222
57;6461;5779;7851;7672;7997;7586;7510;7333;7303;7250;7421;7565;7894;8060;8077;8436;8690;9114
58;6592;6450;5798;7860;7668;7975;7568;7520;7332;7332;7230;7436;7545;7876;8028;8055;8414;8671
59;6682;6577;6464;5799;7870;7656;7965;7599;7524;7334;7313;7237;7424;7526;7854;8002;7999;8401
60;6908;6676;6565;6473;5815;7869;7662;7959;7615;7522;7331;7305;7199;7410;7501;7839;7979;7991
61;7430;6905;6666;6572;6449;5803;7864;7669;7936;7636;7530;7311;7274;7186;7390;7472;7803;7976
62;7405;7434;6891;6644;6559;6421;5781;7855;7657;7909;7625;7500;7270;7262;7172;7364;7443;7791
63;7097;7399;7417;6874;6615;6560;6413;5768;7813;7629;7905;7605;7468;7257;7216;7150;7323;7429
64;6361;7073;7373;7377;6840;6600;6543;6405;5748;7802;7619;7888;7564;7459;7220;7198;7122;7305
65;6002;6352;7079;7363;7343;6818;6561;6495;6378;5742;7768;7584;7852;7542;7425;7178;7160;7133
66;6243;5971;6344;7054;7318;7318;6804;6522;6480;6352;5716;7735;7530;7795;7487;7373;7143;7147
67;5915;6216;5956;6338;7028;7277;7260;6778;6501;6436;6333;5674;7696;7468;7748;7442;7334;7111
68;5926;5878;6175;5930;6307;6994;7226;7230;6722;6454;6399;6299;5613;7659;7407;7702;7400;7303
69;6015;5879;5844;6138;5900;6262;6959;7183;7182;6671;6413;6351;6256;5561;7616;7343;7641;7352
70;5969;5970;5829;5797;6092;5855;6231;6904;7133;7115;6606;6354;6300;6198;5509;7549;7288;7571
71;6172;5910;5917;5770;5766;6054;5796;6197;6847;7062;7077;6533;6284;6250;6150;5458;7484;7224
72;5874;6113;5856;5863;5708;5707;6013;5734;6140;6775;7001;6993;6476;6219;6189;6078;5402;7411
73;5753;5800;6036;5790;5801;5643;5648;5967;5666;6102;6714;6940;6890;6420;6154;6107;6010;5355
74;5587;5651;5700;5962;5707;5695;5566;5582;5863;5563;6040;6641;6843;6815;6324;6084;6024;5934
75;5392;5508;5583;5622;5861;5604;5609;5476;5484;5781;5494;5951;6551;6740;6710;6218;6005;5932
76;5138;5280;5428;5466;5522;5755;5508;5493;5385;5377;5687;5403;5853;6464;6620;6616;6133;5896
77;4980;5039;5166;5311;5357;5415;5652;5410;5376;5283;5271;5565;5320;5742;6335;6495;6499;6035
78;4968;4877;4890;5054;5177;5221;5286;5490;5286;5254;5182;5142;5436;5229;5604;6202;6351;6371
79;4764;4810;4750;4762;4922;5039;5093;5147;5331;5160;5118;5062;5027;5306;5089;5446;6048;6213
80;4276;4640;4663;4605;4621;4771;4888;4959;4994;5185;5013;4959;4908;4870;5161;4951;5284;5882
81;3823;4125;4474;4513;4488;4429;4627;4753;4783;4807;5038;4835;4792;4741;4701;4994;4796;5120
82;2563;3670;3943;4313;4332;4307;4260;4417;4577;4597;4636;4833;4650;4624;4555;4531;4816;4604
83;1890;2429;3518;3767;4137;4107;4103;4050;4221;4360;4420;4394;4636;4443;4424;4371;4339;4619
84;1896;1759;2284;3331;3555;3903;3850;3888;3833;3971;4140;4201;4178;4410;4221;4228;4173;4126
85;2168;1769;1646;2144;3107;3324;3679;3619;3625;3600;3733;3886;3944;3960;4142;3983;3980;3953
86;2372;1992;1621;1544;1973;2863;3074;3422;3343;3363;3351;3458;3604;3705;3715;3863;3711;3701
87;2221;2145;1805;1507;1428;1808;2569;2781;3102;3061;3112;3087;3169;3306;3400;3463;3564;3422
88;1933;2006;1859;1637;1366;1288;1638;2281;2451;2728;2769;2826;2803;2872;2993;3133;3151;3226
89;1647;1670;1677;1640;1498;1209;1115;1443;2055;2209;2378;2463;2538;2553;2592;2715;2789;2849
90;1439;1443;1408;1459;1409;1302;1073;981;1256;1848;1939;2107;2202;2248;2230;2292;2428;2473
91;1091;1230;1194;1197;1261;1225;1143;932;845;1066;1605;1653;1834;1926;1940;1949;1982;2117
92;804;908;1006;990;1013;1075;1045;976;791;704;908;1355;1397;1586;1612;1668;1656;1710
93;632;644;705;837;806;830;909;874;805;660;587;752;1119;1175;1304;1365;1350;1375
94;420;509;505;568;640;661;669;739;695;600;521;482;591;918;949;1067;1113;1081
95;323;335;374;402;432;512;534;542;589;551;472;388;388;469;704;770;827;844
96;210;248;240;278;317;326;390;418;428;495;434;350;297;306;373;569;606;636
97;160;138;181;186;188;237;216;286;320;334;368;321;265;215;222;285;402;455
98;98;106;87;137;139;142;159;164;210;242;245;259;212;198;140;158;212;296
99;52;67;78;57;103;96;95;109;124;149;161;166;179;155;142;105;96;150
100 e oltre;76;82;72;113;113;154;162;185;197;195;241;237;297;328;297;265;246;216
Totale;566609;572493;582348;590595;597089;602948;610322;618827;624587;631015;634564;637175;637832;638463;637522;636242;635030;635495

"Ricostruzione della popolazione intercensuaria - Popolazione al 1° gennaio per età"
"Cittadinanza italiana - Provincia: Brescia"
Età/Anno;2002;2003;2004;2005;2006;2007;2008;2009;2010;2011;2012;2013;2014;2015;2016;2017;2018;2019
Età;Totale
0;9880;9960;9916;9883;9540;9847;10000;9747;9520;9428;9026;8499;8335;8100;7966;7843;7564;7378
1;9996;9967;9981;9956;9936;9579;9896;10036;9820;9603;9443;8960;8606;8442;8235;8206;8015;7769
2;10079;10041;10066;9975;9996;9990;9626;9924;10093;9855;9632;9420;9056;8706;8573;8440;8428;8192
3;9889;10150;10211;10112;10020;10127;10021;9669;9962;10111;9860;9634;9568;9218;8850;8785;8586;8558
4;9715;9950;10205;10255;10166;10060;10163;10052;9693;10002;10108;9876;9782;9731;9347;9073;8999;8714
5;9781;9772;10005;10219;10290;10236;10087;10189;10089;9737;10021;10127;10038;10005;9908;9609;9296;9107
6;9591;9825;9839;10038;10201;10316;10273;10119;10220;10118;9744;10043;10311;10235;10169;10189;9797;9410
7;9394;9672;9857;9889;10087;10237;10334;10319;10123;10237;10121;9772;10250;10502;10417;10431;10415;9931
8;9724;9455;9711;9874;9944;10131;10238;10352;10363;10136;10231;10187;9999;10482;10668;10658;10667;10565
9;9698;9781;9503;9743;9911;9980;10166;10279;10375;10400;10144;10282;10436;10241;10660;10896;10855;10781
10;9616;9750;9835;9527;9791;9969;10015;10195;10322;10400;10413;10190;10483;10657;10405;10870;11056;10969
11;9841;9625;9794;9851;9561;9835;9991;10060;10226;10335;10389;10444;10416;10660;10795;10583;11003;11128
12;9453;9859;9635;9785;9895;9601;9855;10012;10094;10250;10336;10396;10613;10623;10799;10921;10701;11104
13;9717;9500;9855;9644;9809;9932;9625;9912;10051;10117;10252;10349;10569;10802;10710;10906;10982;10746
14;9223;9744;9521;9841;9674;9836;9972;9643;9943;10078;10114;10254;10471;10689;10893;10810;10949;11028
15;9334;9239;9754;9518;9849;9682;9850;10021;9678;9964;10077;10109;10384;10577;10759;10977;10844;10981
16;10034;9345;9278;9765;9527;9846;9707;9871;10054;9719;9969;10064;10209;10477;10624;10845;11058;10911
17;10185;10043;9353;9285;9790;9534;9840;9716;9867;10058;9732;9965;10162;10324;10541;10699;10928;11109
18;10778;10182;10054;9356;9313;9813;9554;9866;9773;9969;10164;9838;10167;10403;10517;10744;10965;11271
19;10937;10795;10214;10084;9383;9350;9850;9575;9888;9821;9985;10255;9904;10208;10449;10558;10831;11121
20;11260;10958;10832;10229;10119;9399;9384;9873;9598;9904;9831;9991;10252;9891;10176;10409;10515;10773
21;11646;11274;10959;10854;10234;10158;9395;9426;9913;9641;9936;9851;10006;10209;9880;10213;10438;10554
22;11781;11658;11341;10982;10892;10297;10148;9418;9464;9946;9683;9956;9895;10022;10237;9950;10234;10507
23;12824;11794;11695;11359;11047;10943;10356;10200;9456;9480;9987;9712;9965;9934;10063;10275;10008;10305
24;13430;12884;11856;11725;11381;11105;10966;10407;10219;9486;9532;10040;9761;9988;9998;10162;10317;10084
25;14423;13548;12946;11933;11792;11396;11147;10995;10470;10240;9543;9549;10052;9836;10068;10062;10243;10410
26;15828;14495;13614;13007;12014;11790;11445;11192;11025;10518;10292;9572;9574;10120;9895;10144;10118;10337
27;16383;15911;14554;13685;13122;12068;11816;11553;11260;11066;10569;10328;9607;9646;10177;9943;10209;10203
28;16346;16453;15993;14603;13738;13212;12112;11853;11595;11257;11087;10616;10387;9677;9700;10208;10047;10351
29;16716;16444;16596;16098;14620;13819;13254;12159;11863;11682;11338;11131;10648;10441;9728;9760;10305;10176
30;16858;16806;16531;16704;16110;14637;13866;13282;12197;11930;11730;11386;11132;10715;10466;9754;9872;10473
31;17103;16913;16796;16539;16729;16119;14641;13944;13316;12275;11979;11730;11431;11218;10743;10513;9870;10067
32;17806;17083;16901;16746;16541;16667;16074;14639;14022;13383;12326;12014;11795;11494;11270;10803;10620;10025
33;17560;17857;17064;16893;16772;16533;16697;16126;14672;14129;13433;12347;12067;11860;11556;11366;10893;10750
34;17929;17679;17877;17056;16939;16761;16573;16759;16168;14816;14207;13468;12366;12111;11895;11675;11492;11044
35;18452;18120;17736;17854;17165;17015;16849;16685;16886;16287;14943;14265;13496;12414;12177;12005;11818;11655
36;18197;18649;18178;17811;17912;17252;17094;16992;16808;17050;16467;15019;14374;13582;12474;12299;12109;11984
37;18565;18274;18693;18184;17821;17921;17296;17155;17073;16892;17160;16530;15058;14451;13649;12610;12454;12250
38;17655;18622;18313;18651;18188;17791;17938;17284;17213;17142;16976;17206;16636;15184;14540;13800;12748;12624
39;16931;17692;18630;18288;18598;18216;17803;17946;17333;17282;17202;17034;17311;16749;15248;14726;13999;12937
40;16745;16937;17679;18610;18311;18558;18210;17783;17962;17414;17309;17243;17123;17433;16883;15400;14887;14125
41;16023;16764;16921;17655;18586;18297;18525;18218;17834;18024;17500;17445;17376;17247;17539;17043;15543;15008
42;15450;16032;16754;16925;17659;18632;18341;18577;18284;17918;18115;17574;17567;17518;17331;17678;17200;15706
43;14902;15486;16098;16786;16977;17723;18709;18469;18658;18400;18065;18168;17724;17715;17629;17470;17839;17317
44;14770;14929;15520;16104;16802;17015;17753;18776;18568;18734;18514;18148;18294;17889;17813;17768;17573;17903
45;14965;14804;14961;15528;16133;16795;17010;17790;18866;18607;18815;18525;18301;18398;17951;17902;17853;17661
46;14349;14961;14822;14952;15545;16101;16813;17021;17799;18929;18659;18859;18613;18399;18453;18055;17959;17950
47;14196;14359;14958;14819;14959;15535;16061;16810;17057;17816;18960;18667;18953;18723;18486;18541;18109;18015
48;14006;14235;14381;14927;14821;14975;15510;16036;16821;17051;17791;18972;18724;19040;18791;18543;18570;18127
49;14156;14011;14242;14360;14927;14811;14959;15502;16041;16824;17065;17795;19061;18799;19073;18876;18575;18640
50;14154;14144;14021;14231;14335;14920;14802;14961;15492;16047;16814;17092;17825;19139;18839;19148;18889;18590
51;14892;14151;14119;13995;14217;14308;14909;14808;14929;15477;16030;16817;17136;17907;19165;18902;19165;18869
52;15099;14888;14135;14098;13960;14198;14289;14893;14804;14932;15408;15992;16837;17194;17934;19176;18908;19171
53;15839;15069;14818;14092;14060;13923;14188;14281;14867;14806;14904;15411;15995;16889;17171;17992;19183;18887
54;15223;15851;15050;14763;14072;14028;13900;14180;14247;14852;14753;14890;15446;16023;16900;17167;17985;19183
55;15564;15208;15822;15015;14736;14009;14003;13851;14144;14197;14805;14729;14864;15451;16029;16900;17147;17946
56;11409;15562;15198;15771;14930;14688;13966;13953;13810;14094;14149;14788;14722;14851;15456;16028;16902;17120
57;12843;11344;15522;15175;15749;14871;14640;13920;13875;13778;14047;14085;14773;14748;14863;15413;15999;16871
58;12863;12802;11320;15473;15090;15689;14794;14600;13864;13832;13724;13999;14056;14733;14713;14841;15375;15962
59;13268;12798;12751;11294;15443;15040;15637;14772;14525;13814;13760;13667;13955;14033;14705;14678;14790;15334
60;13561;13182;12735;12696;11248;15406;14969;15560;14714;14460;13744;13725;13629;13921;13968;14675;14664;14750
61;14432;13480;13094;12671;12617;11200;15332;14903;15473;14642;14377;13669;13676;13580;13841;13937;14613;14629
62;14335;14364;13395;13016;12585;12518;11148;15258;14828;15384;14570;14304;13581;13628;13518;13796;13868;14531
63;13861;14251;14265;13299;12924;12507;12447;11069;15154;14751;15299;14474;14233;13504;13530;13436;13744;13818
64;12189;13756;14130;14157;13188;12849;12415;12344;10981;15084;14657;15200;14371;14155;13396;13452;13349;13657
65;11199;12095;13664;14013;14023;13100;12749;12294;12235;10889;14961;14518;15082;14286;14044;13302;13336;13279
66;11714;11061;11993;13523;13880;13903;13033;12636;12230;12141;10780;14837;14385;14955;14138;13926;13208;13249
67;10964;11575;10958;11904;13372;13761;13754;12933;12510;12095;12054;10679;14699;14212;14810;14016;13821;13094
68;10699;10823;11424;10857;11787;13255;13599;13643;12778;12357;11971;11934;10553;14555;14089;14652;13879;13724
69;10935;10562;10662;11274;10721;11659;13111;13449;13468;12626;12198;11843;11794;10422;14372;13933;14461;13758
70;10551;10736;10405;10506;11094;10556;11516;12917;13268;13276;12453;12013;11717;11652;10281;14208;13771;14277
71;10641;10349;10564;10225;10355;10956;10385;11364;12713;13067;13121;12234;11850;11539;11493;10145;14003;13571
72;10015;10441;10134;10390;10014;10176;10786;10187;11205;12535;12884;12900;12047;11659;11379;11320;9988;13776
73;9558;9799;10223;9948;10175;9824;9999;10621;9979;11020;12321;12685;12651;11864;11468;11199;11135;9836
74;9167;9329;9558;9996;9711;9914;9623;9784;10381;9746;10836;12086;12423;12404;11635;11248;10986;10924
75;8722;8981;9102;9368;9750;9466;9675;9427;9525;10152;9545;10581;11866;12146;12148;11375;11015;10752
76;8111;8458;8761;8833;9126;9501;9228;9408;9190;9298;9917;9321;10334;11596;11890;11896;11126;10753
77;7858;7856;8213;8514;8586;8844;9227;8975;9116;8924;9058;9636;9076;10069;11291;11600;11603;10860
78;7675;7601;7562;7936;8242;8313;8586;8889;8675;8832;8674;8771;9341;8831;9785;10971;11288;11293
79;7085;7325;7327;7296;7690;7974;8006;8263;8558;8359;8544;8375;8455;9056;8534;9448;10622;10974
80;6423;6782;6993;7002;7021;7410;7673;7703;7936;8239;8039;8193;8016;8129;8717;8263;9083;10245
81;5526;6083;6449;6633;6723;6698;7102;7371;7346;7561;7865;7679;7834;7675;7748;8360;7925;8721
82;3733;5168;5716;6135;6247;6321;6373;6718;7027;6966;7204;7495;7304;7486;7301;7385;7964;7546
83;2725;3497;4766;5398;5768;5881;5897;5924;6256;6560;6594;6750;7130;6915;7096;6916;6994;7544
84;2634;2504;3251;4449;4998;5381;5480;5478;5515;5813;6030;6158;6344;6721;6493;6700;6509;6582
85;2951;2413;2303;2995;4109;4616;4998;5095;5073;5138;5384;5589;5698;5936;6218;6042;6241;6094
86;3149;2686;2179;2119;2729;3774;4227;4586;4675;4673;4751;4950;5136;5290;5460;5737;5536;5733
87;2932;2813;2396;1981;1932;2456;3377;3804;4126;4256;4256;4327;4462;4673;4794;5000;5208;5011
88;2602;2612;2419;2128;1781;1720;2198;2984;3349;3635;3819;3811;3907;4006;4137;4358;4519;4644
89;2142;2233;2165;2120;1905;1553;1482;1928;2672;2966;3143;3355;3378;3503;3574;3698;3851;4012
90;1828;1850;1871;1853;1805;1633;1353;1278;1644;2382;2564;2755;2956;2963;3008;3111;3254;3358
91;1357;1537;1517;1556;1594;1536;1403;1162;1105;1389;2046;2172;2353;2548;2518;2583;2648;2784
92;995;1118;1243;1239;1296;1343;1287;1182;971;913;1170;1711;1811;1975;2098;2120;2161;2215
93;764;772;867;1027;987;1069;1118;1054;959;806;751;955;1406;1494;1588;1753;1699;1766
94;519;598;595;693;785;791;852;898;826;719;635;596;745;1146;1179;1272;1397;1357
95;385;403;433;470;525;615;633;670;702;642;561;463;470;587;871;944;965;1054
96;242;293;288;329;364;390;472;482;508;571;503;415;354;362;461;675;732;736
97;183;161;212;218;215;272;265;338;362;390;422;369;308;254;269;347;477;543
98;107;121;104;155;158;160;180;199;235;272;282;295;242;222;171;195;252;347
99;58;75;87;71;113;109;107;122;148;168;183;188;200;175;157;129;122;179
100 e oltre;86;91;82;125;131;167;174;200;216;220;275;265;329;360;330;296;274;248
Totale;1059887;1063938;1066889;1069492;1072003;1074693;1077175;1079746;1081784;1084207;1085610;1085551;1089063;1093207;1094747;1098660;1100990;1102891
Età/Anno;2002;2003;2004;2005;2006;2007;2008;2009;2010;2011;2012;2013;2014;2015;2016;2017;2018;2019
Età;Maschi
0;5084;5139;5073;5000;4865;5012;5143;4999;4842;4910;4660;4245;4295;4073;4059;3975;3844;3776
1;5157;5127;5150;5083;5023;4896;5052;5158;5037;4873;4925;4613;4300;4359;4138;4177;4054;3963
2;5162;5196;5179;5140;5123;5047;4911;5073;5189;5066;4897;4911;4655;4353;4427;4256;4301;4147
3;5044;5204;5308;5207;5183;5193;5073;4934;5080;5204;5067;4893;4982;4749;4406;4533;4360;4380
4;4957;5084;5251;5325;5238;5210;5201;5090;4949;5106;5204;5090;4969;5078;4825;4516;4651;4426
5;5025;4983;5103;5247;5338;5273;5223;5216;5117;4960;5122;5230;5169;5077;5154;4952;4637;4713
6;4969;5056;5015;5127;5232;5356;5301;5244;5227;5134;4966;5135;5320;5273;5144;5290;5050;4723
7;4750;5010;5076;5038;5159;5253;5359;5328;5238;5253;5138;4990;5244;5408;5340;5291;5416;5122
8;5013;4781;5030;5091;5066;5181;5248;5372;5358;5245;5242;5173;5111;5360;5486;5459;5409;5488
9;4970;5036;4808;5040;5103;5079;5198;5278;5388;5393;5253;5260;5305;5237;5456;5597;5566;5471
10;4877;4996;5069;4823;5062;5124;5111;5201;5293;5401;5401;5279;5370;5423;5317;5554;5680;5627
11;5009;4876;5025;5084;4851;5088;5137;5133;5222;5290;5392;5423;5395;5463;5505;5393;5633;5722
12;4915;5010;4876;5013;5109;4876;5094;5152;5143;5243;5288;5396;5501;5498;5542;5575;5452;5680
13;5049;4943;5006;4882;5027;5131;4891;5122;5178;5148;5245;5296;5472;5609;5539;5601;5611;5482
14;4773;5066;4964;5003;4902;5045;5152;4904;5142;5186;5140;5252;5367;5538;5650;5584;5632;5631
15;4782;4779;5081;4967;5010;4897;5048;5175;4935;5163;5175;5142;5324;5420;5564;5692;5588;5655
16;5149;4781;4805;5084;4966;5007;4908;5050;5195;4954;5164;5178;5210;5377;5442;5612;5735;5630
17;5299;5160;4778;4802;5094;4966;4997;4916;5044;5190;4963;5168;5227;5272;5408;5477;5661;5758
18;5522;5294;5172;4782;4813;5121;4972;5018;4958;5105;5270;5034;5280;5349;5373;5521;5630;5843
19;5582;5521;5291;5189;4799;4831;5138;4989;5046;4990;5126;5324;5057;5299;5382;5395;5570;5709
20;5699;5598;5544;5307;5209;4799;4857;5143;5009;5056;4996;5134;5322;5047;5285;5359;5385;5534
21;5867;5706;5582;5557;5321;5241;4794;4875;5155;5034;5079;5006;5144;5299;5044;5308;5375;5409
22;5955;5885;5745;5592;5591;5372;5226;4805;4899;5169;5045;5093;5039;5155;5310;5081;5328;5397
23;6507;5967;5915;5756;5630;5623;5409;5259;4815;4907;5201;5062;5124;5048;5184;5333;5121;5364
24;6972;6547;6015;5925;5767;5658;5636;5432;5270;4836;4935;5238;5095;5144;5085;5231;5361;5153
25;7299;7042;6594;6047;5950;5794;5693;5660;5460;5288;4868;4955;5250;5138;5170;5123;5281;5423
26;8088;7348;7079;6597;6092;5955;5807;5712;5712;5502;5319;4886;4968;5296;5169;5223;5163;5358
27;8337;8172;7411;7132;6652;6141;5994;5885;5753;5750;5530;5368;4911;5027;5340;5209;5248;5220
28;8391;8423;8219;7447;7167;6733;6163;6009;5912;5755;5772;5563;5406;4959;5054;5374;5267;5316
29;8651;8471;8509;8303;7499;7223;6771;6189;6017;5949;5800;5796;5585;5436;4983;5090;5418;5320
30;8703;8728;8541;8603;8332;7500;7258;6819;6176;6060;5968;5846;5782;5636;5450;5006;5150;5501
31;8841;8729;8738;8595;8666;8356;7525;7293;6801;6205;6074;5956;5864;5826;5662;5476;5043;5218
32;9115;8849;8804;8751;8628;8675;8359;7550;7353;6834;6234;6080;5974;5892;5849;5690;5516;5110
33;8948;9128;8864;8812;8775;8622;8675;8354;7538;7384;6835;6222;6094;6010;5926;5886;5719;5568
34;9118;8936;9109;8813;8787;8721;8573;8645;8311;7538;7322;6831;6213;6112;6026;5983;5953;5765
35;9407;9146;8943;9069;8805;8776;8688;8572;8626;8325;7512;7326;6840;6235;6142;6088;6048;6005
36;9168;9486;9150;8957;9084;8834;8817;8733;8594;8687;8375;7555;7371;6867;6260;6233;6111;6116
37;9465;9209;9492;9156;8958;9082;8833;8853;8760;8633;8712;8384;7585;7410;6890;6350;6295;6172
38;8899;9467;9216;9457;9142;8933;9083;8825;8875;8789;8669;8705;8413;7669;7448;6988;6445;6351
39;8613;8911;9466;9176;9389;9158;8921;9080;8847;8885;8818;8687;8753;8485;7700;7584;7107;6538
40;8498;8601;8869;9423;9170;9342;9153;8893;9099;8921;8905;8847;8744;8844;8559;7800;7697;7162
41;8119;8490;8579;8814;9394;9144;9300;9146;8944;9167;8985;8965;8910;8802;8898;8675;7892;7782
42;7797;8125;8483;8556;8823;9425;9146;9339;9196;9031;9267;9030;9055;8984;8845;9010;8774;7984
43;7560;7818;8182;8503;8608;8868;9496;9233;9427;9300;9173;9319;9129;9154;9054;8946;9105;8837
44;7431;7570;7844;8206;8539;8620;8880;9554;9307;9497;9403;9223;9409;9249;9199;9138;9011;9132
45;7628;7428;7585;7841;8222;8522;8606;8886;9609;9335;9584;9409;9322;9490;9263;9264;9230;9050
46;7260;7619;7437;7589;7846;8187;8543;8624;8885;9662;9382;9608;9480;9398;9511;9332;9316;9288
47;7218;7256;7622;7424;7592;7847;8162;8527;8666;8894;9694;9390;9684;9562;9468;9552;9373;9330
48;7103;7235;7261;7599;7416;7589;7822;8142;8521;8677;8885;9686;9442;9751;9594;9514;9578;9383
49;7098;7088;7232;7245;7599;7418;7580;7792;8130;8525;8697;8891;9744;9526;9775;9645;9526;9608
50;7071;7081;7092;7222;7233;7594;7391;7572;7778;8126;8510;8709;8926;9794;9544;9823;9655;9524
51;7538;7058;7074;7079;7203;7214;7577;7380;7550;7772;8121;8508;8746;8998;9797;9582;9834;9649
52;7676;7545;7048;7056;7064;7180;7192;7565;7377;7552;7725;8097;8523;8792;9002;9803;9576;9830
53;8007;7647;7503;7019;7037;7040;7176;7189;7540;7376;7534;7726;8123;8570;8776;9057;9788;9548
54;7710;8018;7626;7465;7004;7019;7020;7161;7171;7534;7342;7521;7760;8137;8584;8764;9042;9777
55;7816;7700;8003;7591;7445;6968;7003;6991;7144;7144;7509;7327;7529;7771;8138;8578;8757;9021
56;5675;7810;7683;7976;7532;7410;6933;6973;6967;7105;7107;7499;7319;7511;7775;8145;8581;8737
57;6461;5636;7780;7645;7946;7482;7372;6913;6924;6942;7079;7072;7509;7341;7524;7741;8136;8559
58;6342;6436;5616;7749;7581;7904;7430;7341;6874;6888;6906;7040;7070;7479;7319;7513;7717;8107
59;6644;6303;6395;5603;7715;7546;7868;7402;7290;6832;6845;6870;7010;7069;7463;7302;7488;7687
60;6709;6577;6264;6339;5549;7683;7478;7806;7355;7240;6778;6825;6865;6985;7029;7443;7299;7456
61;7068;6651;6516;6203;6283;5515;7632;7418;7754;7292;7182;6732;6804;6829;6933;7007;7398;7289
62;6980;7021;6599;6474;6137;6214;5484;7588;7366;7707;7243;7143;6677;6770;6788;6906;6973;7332
63;6817;6906;6948;6525;6416;6072;6156;5427;7523;7314;7644;7172;7103;6626;6709;6724;6883;6935
64;5874;6740;6820;6893;6450;6358;5996;6069;5368;7460;7240;7569;7110;7038;6553;6645;6667;6825
65;5249;5796;6656;6722;6796;6389;6293;5923;5989;5294;7383;7147;7493;7051;6963;6502;6568;6607
66;5503;5140;5712;6551;6638;6709;6331;6224;5885;5935;5218;7290;7069;7423;6959;6899;6450;6496
67;5081;5400;5059;5639;6429;6564;6612;6256;6126;5796;5872;5159;7192;6955;7337;6877;6836;6380
68;4810;4984;5296;4984;5552;6351;6456;6537;6159;6029;5716;5788;5089;7088;6886;7224;6785;6765
69;4940;4717;4864;5183;4880;5465;6250;6354;6419;6061;5920;5631;5702;5012;6950;6794;7091;6709
70;4604;4793;4612;4758;5052;4761;5355;6116;6229;6303;5957;5801;5553;5614;4923;6848;6696;6972
71;4501;4466;4675;4496;4644;4949;4648;5242;5977;6097;6191;5802;5704;5434;5511;4833;6709;6570
72;4169;4370;4309;4553;4343;4524;4820;4514;5150;5868;5976;6054;5678;5578;5343;5409;4730;6558
73;3826;4025;4231;4189;4404;4223;4401;4703;4379;5009;5718;5839;5903;5553;5450;5241;5294;4628
74;3597;3699;3884;4077;4030;4251;4103;4258;4570;4245;4887;5558;5674;5728;5418;5299;5111;5157
75;3353;3495;3542;3771;3933;3890;4102;3997;4096;4422;4119;4726;5420;5501;5572;5266;5144;4964
76;2987;3198;3357;3390;3628;3789;3746;3951;3848;3975;4281;3983;4573;5238;5361;5414;5102;4991
77;2904;2835;3068;3231;3252;3451;3616;3589;3778;3684;3839;4117;3821;4414;5063;5186;5242;4936
78;2722;2747;2692;2908;3091;3113;3321;3444;3414;3615;3535;3676;3947;3662;4266;4878;5014;5050
79;2339;2525;2603;2553;2793;2959;2934;3136;3267;3224;3462;3355;3477;3791;3503;4086;4679;4835
80;2155;2159;2343;2421;2418;2660;2808;2765;2963;3091;3052;3266;3148;3308;3597;3368;3883;4465
81;1715;1967;1994;2134;2255;2286;2494;2639;2582;2775;2866;2869;3068;2970;3097;3405;3186;3682
82;1175;1512;1788;1840;1929;2033;2129;2323;2467;2382;2588;2701;2679;2884;2782;2902;3190;2999
83;838;1072;1266;1645;1648;1789;1813;1888;2056;2215;2188;2375;2529;2496;2693;2576;2699;2966
84;740;749;971;1136;1458;1496;1642;1608;1693;1863;1906;1973;2183;2344;2292;2493;2367;2495
85;787;644;662;855;1015;1306;1334;1487;1464;1547;1672;1717;1769;1992;2110;2078;2281;2173
86;781;698;558;580;761;926;1165;1177;1344;1324;1409;1513;1546;1600;1761;1905;1848;2049
87;716;670;594;476;508;652;820;1034;1035;1205;1160;1248;1310;1382;1407;1554;1675;1613
88;674;610;562;494;416;439;564;714;907;916;1059;998;1111;1146;1161;1236;1385;1445
89;497;566;493;483;410;345;374;489;624;764;773;898;851;956;993;999;1072;1177
90;391;409;466;400;400;334;281;304;389;542;631;654;760;726;784;828;840;894
91;268;310;326;364;338;314;263;232;264;324;447;524;524;626;587;638;672;679
92;192;213;240;252;287;271;245;208;181;212;264;360;419;393;492;462;508;511
93;133;130;166;192;184;241;212;183;154;147;168;205;290;321;287;394;359;394
94;100;92;92;128;148;132;185;162;132;119;114;119;157;231;231;207;290;282
95;63;69;62;70;95;107;101;130;116;92;89;75;85;120;171;175;138;214
96;32;46;49;52;49;66;83;66;82;78;70;65;57;58;90;110;126;100
97;23;23;32;33;28;36;50;53;44;56;55;50;43;39;48;64;79;88
98;9;15;17;19;19;19;22;35;26;32;37;37;32;24;31;37;42;53
99;6;8;9;14;11;13;12;14;24;20;23;22;21;22;15;24;26;30
100 e oltre;10;10;10;12;18;14;12;15;20;25;34;29;33;33;35;32;29;33
Totale;515121;517311;519317;520623;522071;523810;525232;526746;528082;529979;531121;531527;534189;537089;538403;541217;543256;544576
Età/Anno;2002;2003;2004;2005;2006;2007;2008;2009;2010;2011;2012;2013;2014;2015;2016;2017;2018;2019
Età;Femmine
0;4796;4821;4843;4883;4675;4835;4857;4748;4678;4518;4366;4254;4040;4027;3907;3868;3720;3602
1;4839;4840;4831;4873;4913;4683;4844;4878;4783;4730;4518;4347;4306;4083;4097;4029;3961;3806
2;4917;4845;4887;4835;4873;4943;4715;4851;4904;4789;4735;4509;4401;4353;4146;4184;4127;4045
3;4845;4946;4903;4905;4837;4934;4948;4735;4882;4907;4793;4741;4586;4469;4444;4252;4226;4178
4;4758;4866;4954;4930;4928;4850;4962;4962;4744;4896;4904;4786;4813;4653;4522;4557;4348;4288
5;4756;4789;4902;4972;4952;4963;4864;4973;4972;4777;4899;4897;4869;4928;4754;4657;4659;4394
6;4622;4769;4824;4911;4969;4960;4972;4875;4993;4984;4778;4908;4991;4962;5025;4899;4747;4687
7;4644;4662;4781;4851;4928;4984;4975;4991;4885;4984;4983;4782;5006;5094;5077;5140;4999;4809
8;4711;4674;4681;4783;4878;4950;4990;4980;5005;4891;4989;5014;4888;5122;5182;5199;5258;5077
9;4728;4745;4695;4703;4808;4901;4968;5001;4987;5007;4891;5022;5131;5004;5204;5299;5289;5310
10;4739;4754;4766;4704;4729;4845;4904;4994;5029;4999;5012;4911;5113;5234;5088;5316;5376;5342
11;4832;4749;4769;4767;4710;4747;4854;4927;5004;5045;4997;5021;5021;5197;5290;5190;5370;5406
12;4538;4849;4759;4772;4786;4725;4761;4860;4951;5007;5048;5000;5112;5125;5257;5346;5249;5424
13;4668;4557;4849;4762;4782;4801;4734;4790;4873;4969;5007;5053;5097;5193;5171;5305;5371;5264
14;4450;4678;4557;4838;4772;4791;4820;4739;4801;4892;4974;5002;5104;5151;5243;5226;5317;5397
15;4552;4460;4673;4551;4839;4785;4802;4846;4743;4801;4902;4967;5060;5157;5195;5285;5256;5326
16;4885;4564;4473;4681;4561;4839;4799;4821;4859;4765;4805;4886;4999;5100;5182;5233;5323;5281
17;4886;4883;4575;4483;4696;4568;4843;4800;4823;4868;4769;4797;4935;5052;5133;5222;5267;5351
18;5256;4888;4882;4574;4500;4692;4582;4848;4815;4864;4894;4804;4887;5054;5144;5223;5335;5428
19;5355;5274;4923;4895;4584;4519;4712;4586;4842;4831;4859;4931;4847;4909;5067;5163;5261;5412
20;5561;5360;5288;4922;4910;4600;4527;4730;4589;4848;4835;4857;4930;4844;4891;5050;5130;5239
21;5779;5568;5377;5297;4913;4917;4601;4551;4758;4607;4857;4845;4862;4910;4836;4905;5063;5145
22;5826;5773;5596;5390;5301;4925;4922;4613;4565;4777;4638;4863;4856;4867;4927;4869;4906;5110
23;6317;5827;5780;5603;5417;5320;4947;4941;4641;4573;4786;4650;4841;4886;4879;4942;4887;4941
24;6458;6337;5841;5800;5614;5447;5330;4975;4949;4650;4597;4802;4666;4844;4913;4931;4956;4931
25;7124;6506;6352;5886;5842;5602;5454;5335;5010;4952;4675;4594;4802;4698;4898;4939;4962;4987
26;7740;7147;6535;6410;5922;5835;5638;5480;5313;5016;4973;4686;4606;4824;4726;4921;4955;4979
27;8046;7739;7143;6553;6470;5927;5822;5668;5507;5316;5039;4960;4696;4619;4837;4734;4961;4983
28;7955;8030;7774;7156;6571;6479;5949;5844;5683;5502;5315;5053;4981;4718;4646;4834;4780;5035
29;8065;7973;8087;7795;7121;6596;6483;5970;5846;5733;5538;5335;5063;5005;4745;4670;4887;4856
30;8155;8078;7990;8101;7778;7137;6608;6463;6021;5870;5762;5540;5350;5079;5016;4748;4722;4972
31;8262;8184;8058;7944;8063;7763;7116;6651;6515;6070;5905;5774;5567;5392;5081;5037;4827;4849
32;8691;8234;8097;7995;7913;7992;7715;7089;6669;6549;6092;5934;5821;5602;5421;5113;5104;4915
33;8612;8729;8200;8081;7997;7911;8022;7772;7134;6745;6598;6125;5973;5850;5630;5480;5174;5182
34;8811;8743;8768;8243;8152;8040;8000;8114;7857;7278;6885;6637;6153;5999;5869;5692;5539;5279
35;9045;8974;8793;8785;8360;8239;8161;8113;8260;7962;7431;6939;6656;6179;6035;5917;5770;5650
36;9029;9163;9028;8854;8828;8418;8277;8259;8214;8363;8092;7464;7003;6715;6214;6066;5998;5868
37;9100;9065;9201;9028;8863;8839;8463;8302;8313;8259;8448;8146;7473;7041;6759;6260;6159;6078
38;8756;9155;9097;9194;9046;8858;8855;8459;8338;8353;8307;8501;8223;7515;7092;6812;6303;6273
39;8318;8781;9164;9112;9209;9058;8882;8866;8486;8397;8384;8347;8558;8264;7548;7142;6892;6399
40;8247;8336;8810;9187;9141;9216;9057;8890;8863;8493;8404;8396;8379;8589;8324;7600;7190;6963
41;7904;8274;8342;8841;9192;9153;9225;9072;8890;8857;8515;8480;8466;8445;8641;8368;7651;7226
42;7653;7907;8271;8369;8836;9207;9195;9238;9088;8887;8848;8544;8512;8534;8486;8668;8426;7722
43;7342;7668;7916;8283;8369;8855;9213;9236;9231;9100;8892;8849;8595;8561;8575;8524;8734;8480
44;7339;7359;7676;7898;8263;8395;8873;9222;9261;9237;9111;8925;8885;8640;8614;8630;8562;8771
45;7337;7376;7376;7687;7911;8273;8404;8904;9257;9272;9231;9116;8979;8908;8688;8638;8623;8611
46;7089;7342;7385;7363;7699;7914;8270;8397;8914;9267;9277;9251;9133;9001;8942;8723;8643;8662
47;6978;7103;7336;7395;7367;7688;7899;8283;8391;8922;9266;9277;9269;9161;9018;8989;8736;8685
48;6903;7000;7120;7328;7405;7386;7688;7894;8300;8374;8906;9286;9282;9289;9197;9029;8992;8744
49;7058;6923;7010;7115;7328;7393;7379;7710;7911;8299;8368;8904;9317;9273;9298;9231;9049;9032
50;7083;7063;6929;7009;7102;7326;7411;7389;7714;7921;8304;8383;8899;9345;9295;9325;9234;9066
51;7354;7093;7045;6916;7014;7094;7332;7428;7379;7705;7909;8309;8390;8909;9368;9320;9331;9220
52;7423;7343;7087;7042;6896;7018;7097;7328;7427;7380;7683;7895;8314;8402;8932;9373;9332;9341
53;7832;7422;7315;7073;7023;6883;7012;7092;7327;7430;7370;7685;7872;8319;8395;8935;9395;9339
54;7513;7833;7424;7298;7068;7009;6880;7019;7076;7318;7411;7369;7686;7886;8316;8403;8943;9406
55;7748;7508;7819;7424;7291;7041;7000;6860;7000;7053;7296;7402;7335;7680;7891;8322;8390;8925
56;5734;7752;7515;7795;7398;7278;7033;6980;6843;6989;7042;7289;7403;7340;7681;7883;8321;8383
57;6382;5708;7742;7530;7803;7389;7268;7007;6951;6836;6968;7013;7264;7407;7339;7672;7863;8312
58;6521;6366;5704;7724;7509;7785;7364;7259;6990;6944;6818;6959;6986;7254;7394;7328;7658;7855
59;6624;6495;6356;5691;7728;7494;7769;7370;7235;6982;6915;6797;6945;6964;7242;7376;7302;7647
60;6852;6605;6471;6357;5699;7723;7491;7754;7359;7220;6966;6900;6764;6936;6939;7232;7365;7294
61;7364;6829;6578;6468;6334;5685;7700;7485;7719;7350;7195;6937;6872;6751;6908;6930;7215;7340
62;7355;7343;6796;6542;6448;6304;5664;7670;7462;7677;7327;7161;6904;6858;6730;6890;6895;7199
63;7044;7345;7317;6774;6508;6435;6291;5642;7631;7437;7655;7302;7130;6878;6821;6712;6861;6883
64;6315;7016;7310;7264;6738;6491;6419;6275;5613;7624;7417;7631;7261;7117;6843;6807;6682;6832
65;5950;6299;7008;7291;7227;6711;6456;6371;6246;5595;7578;7371;7589;7235;7081;6800;6768;6672
66;6211;5921;6281;6972;7242;7194;6702;6412;6345;6206;5562;7547;7316;7532;7179;7027;6758;6753
67;5883;6175;5899;6265;6943;7197;7142;6677;6384;6299;6182;5520;7507;7257;7473;7139;6985;6714
68;5889;5839;6128;5873;6235;6904;7143;7106;6619;6328;6255;6146;5464;7467;7203;7428;7094;6959
69;5995;5845;5798;6091;5841;6194;6861;7095;7049;6565;6278;6212;6092;5410;7422;7139;7370;7049
70;5947;5943;5793;5748;6042;5795;6161;6801;7039;6973;6496;6212;6164;6038;5358;7360;7075;7305
71;6140;5883;5889;5729;5711;6007;5737;6122;6736;6970;6930;6432;6146;6105;5982;5312;7294;7001
72;5846;6071;5825;5837;5671;5652;5966;5673;6055;6667;6908;6846;6369;6081;6036;5911;5258;7218
73;5732;5774;5992;5759;5771;5601;5598;5918;5600;6011;6603;6846;6748;6311;6018;5958;5841;5208
74;5570;5630;5674;5919;5681;5663;5520;5526;5811;5501;5949;6528;6749;6676;6217;5949;5875;5767
75;5369;5486;5560;5597;5817;5576;5573;5430;5429;5730;5426;5855;6446;6645;6576;6109;5871;5788
76;5124;5260;5404;5443;5498;5712;5482;5457;5342;5323;5636;5338;5761;6358;6529;6482;6024;5762
77;4954;5021;5145;5283;5334;5393;5611;5386;5338;5240;5219;5519;5255;5655;6228;6414;6361;5924
78;4953;4854;4870;5028;5151;5200;5265;5445;5261;5217;5139;5095;5394;5169;5519;6093;6274;6243
79;4746;4800;4724;4743;4897;5015;5072;5127;5291;5135;5082;5020;4978;5265;5031;5362;5943;6139
80;4268;4623;4650;4581;4603;4750;4865;4938;4973;5148;4987;4927;4868;4821;5120;4895;5200;5780
81;3811;4116;4455;4499;4468;4412;4608;4732;4764;4786;4999;4810;4766;4705;4651;4955;4739;5039
82;2558;3656;3928;4295;4318;4288;4244;4395;4560;4584;4616;4794;4625;4602;4519;4483;4774;4547
83;1887;2425;3500;3753;4120;4092;4084;4036;4200;4345;4406;4375;4601;4419;4403;4340;4295;4578
84;1894;1755;2280;3313;3540;3885;3838;3870;3822;3950;4124;4185;4161;4377;4201;4207;4142;4087
85;2164;1769;1641;2140;3094;3310;3664;3608;3609;3591;3712;3872;3929;3944;4108;3964;3960;3921
86;2368;1988;1621;1539;1968;2848;3062;3409;3331;3349;3342;3437;3590;3690;3699;3832;3688;3684
87;2216;2143;1802;1505;1424;1804;2557;2770;3091;3051;3096;3079;3152;3291;3387;3446;3533;3398
88;1928;2002;1857;1634;1365;1281;1634;2270;2442;2719;2760;2813;2796;2860;2976;3122;3134;3199
89;1645;1667;1672;1637;1495;1208;1108;1439;2048;2202;2370;2457;2527;2547;2581;2699;2779;2835
90;1437;1441;1405;1453;1405;1299;1072;974;1255;1840;1933;2101;2196;2237;2224;2283;2414;2464
91;1089;1227;1191;1192;1256;1222;1140;930;841;1065;1599;1648;1829;1922;1931;1945;1976;2105
92;803;905;1003;987;1009;1072;1042;974;790;701;906;1351;1392;1582;1606;1658;1653;1704
93;631;642;701;835;803;828;906;871;805;659;583;750;1116;1173;1301;1359;1340;1372
94;419;506;503;565;637;659;667;736;694;600;521;477;588;915;948;1065;1107;1075
95;322;334;371;400;430;508;532;540;586;550;472;388;385;467;700;769;827;840
96;210;247;239;277;315;324;389;416;426;493;433;350;297;304;371;565;606;636
97;160;138;180;185;187;236;215;285;318;334;367;319;265;215;221;283;398;455
98;98;106;87;136;139;141;158;164;209;240;245;258;210;198;140;158;210;294
99;52;67;78;57;102;96;95;108;124;148;160;166;179;153;142;105;96;149
100 e oltre;76;81;72;113;113;153;162;185;196;195;241;236;296;327;295;264;245;215
Totale;544766;546627;547572;548869;549932;550883;551943;553000;553702;554228;554489;554024;554874;556118;556344;557443;557734;558315

"Ricostruzione della popolazione intercensuaria - Popolazione al 1° gennaio per età"
"Cittadinanza straniera - Provincia: Brescia"
Età/Anno;2002;2003;2004;2005;2006;2007;2008;2009;2010;2011;2012;2013;2014;2015;2016;2017;2018;2019
Età;Totale
0;1362;1686;1729;2610;2687;3101;3227;3719;3920;3975;3735;3635;3234;3061;2975;2646;2543;2267
1;1250;1431;1801;1823;2581;2707;3101;3226;3671;3828;3875;3779;3495;3090;2914;2747;2452;2386
2;1095;1363;1549;1845;1918;2639;2760;3199;3237;3673;3706;3952;3639;3309;2909;2657;2497;2368
3;914;1181;1481;1635;1931;1993;2669;2922;3258;3349;3608;3785;3823;3399;3086;2651;2501;2397
4;809;1013;1299;1574;1767;1997;2107;2766;2962;3319;3328;3630;3626;3597;3148;2764;2439;2390
5;689;925;1133;1370;1689;1884;2040;2214;2786;2985;3288;3328;3414;3382;3319;2766;2528;2343
6;754;787;1023;1241;1460;1769;1987;2112;2221;2750;2924;3279;3115;3088;3079;2927;2500;2385
7;692;841;887;1110;1395;1532;1838;2101;2145;2268;2720;2903;3030;2792;2794;2699;2582;2348
8;644;777;933;952;1246;1483;1613;1949;2175;2163;2315;2645;2640;2705;2551;2436;2401;2388
9;631;771;870;1016;1071;1333;1573;1712;2011;2199;2189;2275;2386;2364;2439;2264;2186;2269
10;584;744;875;1023;1134;1166;1428;1702;1777;2085;2246;2129;2024;2086;2113;2141;2063;2059
11;507;686;845;992;1148;1209;1261;1563;1797;1890;2121;2190;1903;1787;1878;1865;1958;1967
12;528;596;780;974;1097;1251;1282;1404;1649;1910;1940;2148;2001;1705;1639;1678;1709;1863
13;561;621;698;926;1133;1180;1332;1413;1475;1751;1963;1929;1977;1804;1558;1458;1581;1664
14;508;634;720;830;1042;1225;1276;1441;1514;1601;1820;1950;1783;1825;1653;1391;1403;1538
15;484;596;726;836;993;1126;1308;1407;1554;1663;1673;1873;1825;1690;1738;1517;1311;1382
16;522;577;702;875;989;1099;1220;1446;1525;1710;1736;1706;1814;1713;1620;1616;1400;1293
17;498;607;693;902;1076;1138;1237;1405;1624;1695;1800;1792;1638;1693;1634;1553;1504;1423
18;482;653;771;914;1145;1296;1317;1515;1556;1766;1728;1768;1613;1427;1512;1411;1359;1248
19;485;576;845;918;1099;1301;1541;1669;1753;1794;1896;1750;1755;1630;1453;1526;1529;1430
20;561;566;776;1030;1041;1247;1589;1849;1903;2000;1954;2023;1857;1841;1724;1551;1737;1815
21;627;655;922;1048;1190;1176;1601;1970;2049;2164;2161;2083;2068;1906;1886;1749;1659;1912
22;712;786;1083;1263;1218;1399;1549;1997;2227;2342;2372;2322;2185;2132;1905;1871;1817;1789
23;816;918;1403;1461;1495;1479;1770;1973;2245;2554;2590;2559;2445;2261;2136;1901;1953;1989
24;1024;1030;1529;1917;1685;1764;1928;2275;2315;2628;2852;2837;2654;2541;2243;2150;2001;2107
25;1164;1252;1771;2111;2230;1954;2221;2431;2625;2687;2873;3048;2999;2689;2564;2274;2251;2167
26;1287;1497;2011;2405;2433;2528;2448;2818;2723;3082;2991;3116;3162;3106;2699;2559;2282;2381
27;1400;1650;2288;2635;2708;2677;2981;2959;3118;3087;3390;3211;3237;3141;3081;2734;2668;2373
28;1384;1807;2556;2990;3114;3013;3139;3430;3239;3484;3350;3613;3302;3265;3194;3107;2819;2809
29;1607;1696;2644;3261;3409;3343;3403;3604;3624;3470;3692;3571;3702;3342;3352;3197;3135;2932
30;1618;1971;2576;3338;3750;3755;3807;3871;3835;3872;3688;3857;3677;3678;3363;3344;3196;3201
31;1690;1994;2735;3071;3756;4084;4099;4114;3916;3991;3989;3838;3889;3663;3637;3328;3335;3279
32;1750;2017;2678;3231;3385;3956;4384;4341;4157;3985;3947;4121;3849;3876;3612;3574;3333;3352
33;1779;1959;2684;3072;3596;3673;4235;4555;4275;4219;3954;4061;4122;3772;3831;3530;3535;3314
34;1661;1983;2490;3081;3329;3719;3866;4348;4457;4218;4068;4030;4074;4025;3723;3721;3439;3536
35;1572;1806;2455;2800;3229;3332;3815;3891;4198;4248;3992;4126;4009;3976;3954;3616;3660;3388
36;1456;1703;2235;2780;2996;3297;3402;3884;3782;4099;4053;4052;4008;3911;3877;3783;3510;3633
37;1503;1626;2063;2588;2958;3065;3423;3551;3816;3669;3973;4077;3967;3921;3783;3650;3654;3499
38;1278;1640;1952;2299;2709;3077;3270;3578;3507;3771;3572;3965;3988;3838;3779;3593;3504;3569
39;1269;1394;2011;2219;2429;2807;3325;3390;3574;3409;3655;3591;3853;3816;3679;3556;3398;3465
40;1026;1405;1697;2244;2397;2530;3001;3490;3363;3495;3359;3658;3482;3650;3642;3461;3430;3345
41;1113;1096;1663;1937;2347;2486;2647;3141;3462;3286;3318;3363;3489;3313;3487;3361;3298;3335
42;914;1197;1368;1848;2033;2394;2571;2701;3106;3375;3133;3290;3236;3303;3131;3247;3173;3223
43;824;971;1399;1481;1848;2021;2426;2538;2657;2992;3206;3116;3113;3008;3105;2915;3043;3112
44;737;865;1182;1539;1524;1883;2049;2430;2479;2602;2850;3163;2940;2899;2820;2897;2780;3000
45;676;760;1090;1339;1568;1577;1982;2108;2400;2437;2486;2822;3007;2762;2738;2630;2759;2753
46;556;699;955;1206;1377;1626;1686;2065;2083;2333;2323;2457;2661;2811;2596;2561;2485;2707
47;507;577;883;1106;1237;1403;1733;1759;2022;2053;2249;2306;2312;2513;2604;2425;2418;2445
48;437;544;750;986;1132;1252;1486;1834;1717;1976;1990;2227;2155;2164;2365;2426;2307;2410
49;372;457;689;819;1043;1137;1331;1567;1790;1738;1929;1982;2105;2028;2032;2231;2306;2259
50;319;406;591;782;848;1048;1187;1388;1556;1802;1731;1925;1873;1943;1919;1909;2099;2245
51;314;342;522;640;776;856;1067;1245;1413;1550;1784;1724;1824;1765;1839;1799;1830;2073
52;204;324;457;570;638;778;896;1084;1244;1439;1529;1782;1652;1704;1683;1752;1727;1801
53;200;219;436;508;595;665;798;934;1120;1259;1432;1534;1690;1546;1625;1563;1668;1719
54;162;219;304;459;538;595;679;803;957;1107;1261;1428;1455;1592;1485;1558;1475;1636
55;167;188;284;328;468;545;605;707;810;967;1104;1251;1364;1360;1511;1399;1512;1447
56;110;181;241;316;341;465;555;628;715;823;972;1095;1194;1326;1321;1433;1362;1489
57;128;125;219;268;309;361;472;556;635;708;822;958;1073;1137;1277;1279;1394;1338
58;133;143;161;251;283;301;369;498;559;648;689;840;925;1027;1079;1233;1243;1365
59;107;159;185;180;261;282;316;397;517;558;653;716;825;901;994;1052;1170;1217
60;93;126;171;202;186;263;288;332;430;505;567;653;697;797;867;956;1030;1164
61;116;126;151;186;200;187;287;299;348;453;537;569;642;676;790;830;912;1040
62;92;153;148;174;199;203;191;315;311;367;457;542;548;630;660;764;823;919
63;96;104;170;150;187;208;208;204;308;308;389;459;537;553;605;650;738;815
64;74;107;114;193;153;195;204;223;221;305;320;398;461;522;541;596;644;746
65;92;88;125;127;196;165;194;207;221;233;312;326;415;460;518;537;600;667
66;59;100;99;134;131;202;165;198;221;230;243;312;320;399;462;518;550;607
67;58;70;110;131;142;137;194;166;199;221;249;247;314;323;410;456;526;555
68;61;68;83;112;132;146;141;198;177;219;233;252;234;311;315;398;452;518
69;50;66;80;87;111;123;159;153;208;178;231;227;260;237;309;315;390;447
70;29;55;74;84;90;105;129;162;158;211;185;237;224;255;237;298;322;390
71;57;37;65;81;96;85;102;139;169;160;213;178;227;226;258;226;294;340
72;44;73;44;64;80;98;83;104;159;169;161;211;178;223;229;262;225;294
73;36;41;76;47;69;85;94;90;105;158;171;163;201;181;212;225;258;229
74;27;37;46;73;44;72;85;103;98;103;156;172;160;198;174;210;225;253
75;30;34;40;48;72;44;71;90;100;95;112;161;163;161;191;172;210;219
76;24;29;41;39;47;74;39;65;88;100;99;104;148;165;152;194;174;215
77;35;30;33;43;38;42;72;41;64;82;97;97;104;138;159;145;200;178
78;23;34;32;38;41;38;39;84;40;65;83;92;88;97;135;156;136;192
79;25;17;41;31;35;41;38;34;80;40;67;83;90;86;92;128;149;134
80;15;23;22;38;31;29;39;39;32;70;39;63;79;85;79;88;125;146
81;22;17;24;23;35;26;26;37;37;31;74;37;58;72;82;76;88;123
82;7;21;23;23;20;29;24;30;31;29;30;73;38;52;75;78;76;89
83;6;6;24;23;22;21;25;20;30;26;30;29;66;36;48;66;76;78
84;5;6;6;22;23;21;19;25;16;30;26;30;27;60;31;39;63;72
85;6;4;7;5;21;21;15;17;20;15;31;24;26;23;60;30;37;66
86;6;7;5;6;5;23;19;13;17;20;15;30;23;24;23;53;29;34
87;7;4;4;6;6;4;21;16;11;15;23;14;23;23;19;22;51;30
88;10;6;4;5;4;8;4;19;14;9;14;21;11;18;22;16;22;51
89;3;9;8;6;5;4;8;4;13;10;8;11;19;10;15;22;14;18
90;2;3;8;10;7;5;4;9;1;12;9;6;12;18;10;12;20;11
91;2;3;4;8;9;5;4;5;4;1;10;6;5;8;15;8;9;18
92;1;3;3;3;6;5;5;3;2;3;2;8;6;4;9;15;7;8
93;4;2;5;2;3;4;5;3;0;1;4;2;4;2;3;9;14;6
94;1;3;2;4;3;2;2;5;1;0;0;5;3;4;1;2;8;8
95;1;1;3;2;3;4;2;2;4;1;0;0;3;2;5;1;0;6
96;0;1;1;1;2;3;1;2;2;2;1;0;0;2;2;5;0;0
97;0;0;1;1;2;1;2;1;2;0;1;2;0;0;1;2;5;0
98;0;0;1;2;0;1;1;1;1;2;0;1;2;0;0;0;2;3
99;0;0;0;4;2;0;0;1;0;1;1;0;0;2;0;0;0;1
100 e oltre;0;2;1;3;5;7;4;3;2;0;0;1;1;1;2;1;1;1
Totale;50382;59408;78197;94014;105287;114715;127241;141049;148745;156981;161747;168030;166574;162683;159105;153213;150316;151528
Età/Anno;2002;2003;2004;2005;2006;2007;2008;2009;2010;2011;2012;2013;2014;2015;2016;2017;2018;2019
Età;Maschi
0;690;894;901;1368;1399;1597;1651;1924;2046;2054;1976;1825;1642;1576;1524;1317;1347;1193
1;658;727;956;959;1350;1415;1604;1647;1897;1983;1990;1984;1759;1545;1496;1404;1216;1244
2;551;716;791;974;1026;1376;1442;1670;1657;1903;1921;2050;1906;1659;1450;1382;1275;1181
3;480;595;778;837;1025;1063;1404;1544;1705;1717;1864;1963;1994;1786;1586;1315;1281;1223
4;409;543;669;827;917;1043;1116;1457;1575;1742;1726;1862;1889;1890;1668;1429;1208;1226
5;373;471;611;709;894;980;1078;1165;1459;1573;1709;1725;1749;1776;1753;1461;1310;1147
6;383;421;522;665;747;945;1053;1129;1164;1451;1544;1704;1608;1581;1626;1555;1315;1232
7;375;442;474;586;753;786;978;1114;1143;1177;1427;1515;1581;1449;1463;1425;1356;1231
8;327;408;498;500;667;801;819;1035;1126;1132;1200;1383;1374;1397;1333;1284;1273;1247
9;337;406;469;550;564;709;843;879;1068;1139;1151;1170;1241;1235;1285;1195;1164;1206
10;295;408;468;555;612;607;761;916;926;1105;1177;1122;1046;1074;1104;1126;1099;1098
11;279;354;470;526;623;641;663;856;966;1000;1115;1147;1008;944;970;978;1016;1040
12;289;319;402;539;573;691;669;747;908;1034;1032;1135;1061;909;873;876;887;970
13;299;330;378;491;646;615;741;751;789;974;1057;1028;1044;947;844;784;831;850
14;270;341;384;450;560;700;663;797;803;866;1018;1050;951;974;878;780;759;807
15;283;318;404;442;541;599;744;758;866;897;906;1049;982;898;940;825;752;735
16;306;347;387;497;542;609;652;839;822;957;941;919;1015;919;898;875;766;742
17;295;356;416;502;613;642;705;781;952;941;1015;977;882;952;889;870;818;778
18;265;396;476;548;654;757;765;868;859;1047;964;1003;895;776;866;782;800;717
19;247;317;493;545;623;723;900;941;973;976;1102;952;975;887;791;878;933;885
20;286;269;440;575;574;667;849;1021;1026;1044;1032;1146;995;997;904;853;1028;1127
21;292;302;453;566;612;605;826;994;1081;1115;1103;1078;1150;998;988;922;934;1148
22;360;346;544;644;618;688;740;1012;1085;1159;1182;1167;1090;1139;981;978;959;998
23;340;440;667;741;722;704;838;909;1078;1200;1249;1253;1209;1094;1091;951;1022;1055
24;461;414;761;948;818;838;918;1053;1076;1192;1296;1374;1287;1197;1068;1074;1007;1092
25;544;561;804;1085;1088;922;1017;1115;1176;1213;1283;1404;1439;1265;1198;1067;1125;1118
26;656;695;976;1209;1215;1201;1127;1281;1228;1351;1341;1388;1436;1439;1235;1192;1075;1201
27;721;834;1094;1347;1319;1306;1409;1364;1402;1379;1499;1439;1444;1406;1388;1234;1257;1136
28;747;880;1301;1500;1532;1414;1475;1587;1457;1524;1506;1636;1484;1425;1400;1362;1279;1342
29;841;916;1352;1697;1703;1604;1594;1695;1695;1545;1633;1653;1689;1476;1468;1406;1395;1355
30;921;1017;1394;1765;1965;1862;1858;1835;1797;1777;1681;1741;1699;1670;1471;1454;1416;1473
31;1001;1126;1470;1697;1991;2123;2047;2036;1847;1865;1867;1787;1770;1687;1633;1472;1487;1518
32;1068;1176;1498;1762;1876;2122;2315;2151;2033;1882;1859;1970;1824;1765;1649;1615;1508;1549
33;1089;1206;1616;1796;1997;2064;2332;2405;2135;2071;1940;1980;1975;1767;1761;1626;1615;1554
34;1015;1206;1509;1809;1945;2071;2160;2346;2334;2067;2011;2027;2014;1921;1757;1697;1587;1648
35;1027;1165;1558;1762;1932;1975;2171;2170;2254;2208;1988;2079;2020;1963;1882;1731;1681;1589
36;948;1138;1459;1784;1919;2009;2018;2207;2081;2172;2132;2056;2063;1960;1931;1802;1687;1733
37;962;1094;1359;1687;1902;1963;2119;2079;2128;1988;2099;2169;2039;1999;1886;1806;1753;1727
38;828;1080;1285;1501;1769;1979;2059;2175;2009;2054;1922;2129;2126;1957;1913;1777;1726;1739
39;825;930;1277;1468;1583;1808;2118;2111;2125;1889;1954;1946;2078;2015;1871;1770;1666;1769
40;639;923;1111;1414;1586;1658;1902;2188;2037;2017;1807;1956;1890;1949;1905;1721;1688;1651
41;753;703;1065;1257;1478;1638;1742;1962;2120;1893;1852;1819;1856;1775;1857;1725;1620;1662
42;612;819;816;1171;1328;1488;1678;1735;1875;1969;1757;1830;1741;1727;1661;1697;1629;1583
43;554;641;877;878;1137;1297;1472;1603;1634;1719;1784;1735;1715;1588;1610;1525;1555;1617
44;481;586;708;930;889;1149;1280;1434;1511;1529;1550;1752;1611;1550;1468;1492;1416;1531
45;448;510;666;801;946;903;1179;1273;1370;1399;1402;1531;1636;1463;1464;1338;1391;1399
46;368;481;567;715;813;975;951;1185;1233;1268;1283;1374;1420;1490;1348;1349;1261;1372
47;329;380;542;634;724;805;1016;963;1131;1171;1172;1261;1263;1296;1345;1236;1244;1252
48;278;371;420;570;655;736;846;1034;904;1061;1096;1146;1153;1126;1193;1223;1184;1232
49;242;294;409;449;610;658;764;871;975;873;991;1087;1058;1028;1041;1108;1144;1183
50;177;260;325;443;462;609;673;768;837;924;839;975;996;942;943;952;1037;1125
51;206;190;282;331;439;463;605;694;764;784;889;830;895;896;873;865;909;1010
52;121;211;214;295;329;425;475;589;660;745;748;875;772;795;826;815;823;895
53;96;134;235;224;306;330;428;473;564;631;704;739;806;681;738;745;762;812
54;93;104;149;244;235;296;324;428;456;520;599;685;670;723;623;687;694;743
55;94;102;108;152;244;240;300;329;413;439;489;576;621;602;648;567;658;677
56;44;102;117;119;153;236;235;293;326;381;422;469;536;578;554;599;548;650
57;49;54;110;126;115;164;230;230;283;294;369;406;443;484;539;515;567;536
58;62;59;67;115;124;111;165;237;217;260;277;363;366;405;445;506;487;549
59;49;77;77;72;119;120;120;168;228;206;255;276;346;339;382;426;473;463
60;37;55;77;86;70;117;117;127;174;203;202;248;262;323;305;349;416;467
61;50;50;63;82;85;69;123;115;131;167;202;195;240;241;308;288;324;404
62;42;62;53;72;88;86;74;130;116;135;159;203;182;226;218;290;275;327
63;43;50;70;50;80;83;86;78;126;116;139;156;199;174;210;212;276;269
64;28;50;51;80;51;86;80;93;86;127;118;141;158;180;164;205;204;273
65;40;35;54;55;80;58;89;83;89;86;122;113;152;153;174;159;208;206
66;27;50;36;52;55;78;63;88;86;84;89;124;106;136;154;172;165;213
67;26;29;53;58;57;57;76;65;82;84;98;93;125;112;135;153;177;158
68;24;29;36;55;60;56;58;74;74;93;89;99;85;119;111;124;146;174
69;30;32;34;40;52;55;61;65;75;72;96;88;96;86;115;111;119;144
70;7;28;38;35;40;45;59;59;64;69;75;95;88;95;86;109;109;124
71;25;10;37;40;41;38;43;64;58;68;66;77;89;81;90;80;104;117
72;16;31;13;38;43;43;36;43;74;61;68;64;71;85;76;95;81;101
73;15;15;32;16;39;43;44;41;39;67;60;69;59;72;76;76;89;82
74;10;16;20;30;18;40;39;47;46;41;65;59;66;59;67;75;76;86
75;7;12;17;23;28;16;35;44;45;44;44;65;58;66;57;63;76;75
76;10;9;17;16;23;31;13;29;45;46;48;39;56;59;61;60;65;81
77;9;12;12;15;15;20;31;17;26;39;45;51;39;51;52;64;62;67
78;8;11;12;12;15;17;18;39;15;28;40;45;46;37;50;47;59;64
79;7;7;15;12;10;17;17;14;40;15;31;41;41;45;34;44;44;60
80;7;6;9;14;13;8;16;18;11;33;13;31;39;36;38;32;41;44
81;10;8;5;9;15;9;7;16;18;10;35;12;32;36;32;37;31;42
82;2;7;8;5;6;10;8;8;14;16;10;34;13;30;39;30;34;32
83;3;2;6;9;5;6;6;6;9;11;16;10;31;12;27;35;32;37
84;3;2;2;4;8;3;7;7;5;9;10;14;10;27;11;18;32;33
85;2;4;2;1;8;7;0;6;4;6;10;10;11;7;26;11;17;34
86;2;3;5;1;0;8;7;0;5;6;6;9;9;9;7;22;6;17
87;2;2;1;4;2;0;9;5;0;5;7;6;6;8;6;5;20;6
88;5;2;2;2;3;1;0;8;5;0;5;8;4;6;5;5;5;24
89;1;6;3;3;2;3;1;0;6;3;0;5;8;4;4;6;4;4
90;0;1;5;4;3;2;3;2;0;4;3;0;6;7;4;3;6;2
91;0;0;1;3;4;2;1;3;0;0;4;1;0;4;6;4;3;6
92;0;0;0;0;2;2;2;1;1;0;0;4;1;0;3;5;4;2
93;3;0;1;0;0;2;2;0;0;0;0;0;1;0;0;3;4;3
94;0;0;0;1;0;0;0;2;0;0;0;0;0;1;0;0;2;2
95;0;0;0;0;1;0;0;0;1;0;0;0;0;0;1;0;0;2
96;0;0;0;0;0;1;0;0;0;0;0;0;0;0;0;1;0;0
97;0;0;0;0;1;0;1;0;0;0;0;0;0;0;0;0;1;0
98;0;0;1;1;0;0;0;1;0;0;0;0;0;0;0;0;0;1
99;0;0;0;4;1;0;0;0;0;0;0;0;0;0;0;0;0;0
100 e oltre;0;1;1;3;5;6;4;3;1;0;0;0;0;0;0;0;0;0
Totale;28539;33542;43421;52288;58130;62650;68862;75222;77860;80194;81672;84879;83616;80338;77927;74414;73020;74348
Età/Anno;2002;2003;2004;2005;2006;2007;2008;2009;2010;2011;2012;2013;2014;2015;2016;2017;2018;2019
Età;Femmine
0;672;792;828;1242;1288;1504;1576;1795;1874;1921;1759;1810;1592;1485;1451;1329;1196;1074
1;592;704;845;864;1231;1292;1497;1579;1774;1845;1885;1795;1736;1545;1418;1343;1236;1142
2;544;647;758;871;892;1263;1318;1529;1580;1770;1785;1902;1733;1650;1459;1275;1222;1187
3;434;586;703;798;906;930;1265;1378;1553;1632;1744;1822;1829;1613;1500;1336;1220;1174
4;400;470;630;747;850;954;991;1309;1387;1577;1602;1768;1737;1707;1480;1335;1231;1164
5;316;454;522;661;795;904;962;1049;1327;1412;1579;1603;1665;1606;1566;1305;1218;1196
6;371;366;501;576;713;824;934;983;1057;1299;1380;1575;1507;1507;1453;1372;1185;1153
7;317;399;413;524;642;746;860;987;1002;1091;1293;1388;1449;1343;1331;1274;1226;1117
8;317;369;435;452;579;682;794;914;1049;1031;1115;1262;1266;1308;1218;1152;1128;1141
9;294;365;401;466;507;624;730;833;943;1060;1038;1105;1145;1129;1154;1069;1022;1063
10;289;336;407;468;522;559;667;786;851;980;1069;1007;978;1012;1009;1015;964;961
11;228;332;375;466;525;568;598;707;831;890;1006;1043;895;843;908;887;942;927
12;239;277;378;435;524;560;613;657;741;876;908;1013;940;796;766;802;822;893
13;262;291;320;435;487;565;591;662;686;777;906;901;933;857;714;674;750;814
14;238;293;336;380;482;525;613;644;711;735;802;900;832;851;775;611;644;731
15;201;278;322;394;452;527;564;649;688;766;767;824;843;792;798;692;559;647
16;216;230;315;378;447;490;568;607;703;753;795;787;799;794;722;741;634;551
17;203;251;277;400;463;496;532;624;672;754;785;815;756;741;745;683;686;645
18;217;257;295;366;491;539;552;647;697;719;764;765;718;651;646;629;559;531
19;238;259;352;373;476;578;641;728;780;818;794;798;780;743;662;648;596;545
20;275;297;336;455;467;580;740;828;877;956;922;877;862;844;820;698;709;688
21;335;353;469;482;578;571;775;976;968;1049;1058;1005;918;908;898;827;725;764
22;352;440;539;619;600;711;809;985;1142;1183;1190;1155;1095;993;924;893;858;791
23;476;478;736;720;773;775;932;1064;1167;1354;1341;1306;1236;1167;1045;950;931;934
24;563;616;768;969;867;926;1010;1222;1239;1436;1556;1463;1367;1344;1175;1076;994;1015
25;620;691;967;1026;1142;1032;1204;1316;1449;1474;1590;1644;1560;1424;1366;1207;1126;1049
26;631;802;1035;1196;1218;1327;1321;1537;1495;1731;1650;1728;1726;1667;1464;1367;1207;1180
27;679;816;1194;1288;1389;1371;1572;1595;1716;1708;1891;1772;1793;1735;1693;1500;1411;1237
28;637;927;1255;1490;1582;1599;1664;1843;1782;1960;1844;1977;1818;1840;1794;1745;1540;1467
29;766;780;1292;1564;1706;1739;1809;1909;1929;1925;2059;1918;2013;1866;1884;1791;1740;1577
30;697;954;1182;1573;1785;1893;1949;2036;2038;2095;2007;2116;1978;2008;1892;1890;1780;1728
31;689;868;1265;1374;1765;1961;2052;2078;2069;2126;2122;2051;2119;1976;2004;1856;1848;1761
32;682;841;1180;1469;1509;1834;2069;2190;2124;2103;2088;2151;2025;2111;1963;1959;1825;1803
33;690;753;1068;1276;1599;1609;1903;2150;2140;2148;2014;2081;2147;2005;2070;1904;1920;1760
34;646;777;981;1272;1384;1648;1706;2002;2123;2151;2057;2003;2060;2104;1966;2024;1852;1888
35;545;641;897;1038;1297;1357;1644;1721;1944;2040;2004;2047;1989;2013;2072;1885;1979;1799
36;508;565;776;996;1077;1288;1384;1677;1701;1927;1921;1996;1945;1951;1946;1981;1823;1900
37;541;532;704;901;1056;1102;1304;1472;1688;1681;1874;1908;1928;1922;1897;1844;1901;1772
38;450;560;667;798;940;1098;1211;1403;1498;1717;1650;1836;1862;1881;1866;1816;1778;1830
39;444;464;734;751;846;999;1207;1279;1449;1520;1701;1645;1775;1801;1808;1786;1732;1696
40;387;482;586;830;811;872;1099;1302;1326;1478;1552;1702;1592;1701;1737;1740;1742;1694
41;360;393;598;680;869;848;905;1179;1342;1393;1466;1544;1633;1538;1630;1636;1678;1673
42;302;378;552;677;705;906;893;966;1231;1406;1376;1460;1495;1576;1470;1550;1544;1640
43;270;330;522;603;711;724;954;935;1023;1273;1422;1381;1398;1420;1495;1390;1488;1495
44;256;279;474;609;635;734;769;996;968;1073;1300;1411;1329;1349;1352;1405;1364;1469
45;228;250;424;538;622;674;803;835;1030;1038;1084;1291;1371;1299;1274;1292;1368;1354
46;188;218;388;491;564;651;735;880;850;1065;1040;1083;1241;1321;1248;1212;1224;1335
47;178;197;341;472;513;598;717;796;891;882;1077;1045;1049;1217;1259;1189;1174;1193
48;159;173;330;416;477;516;640;800;813;915;894;1081;1002;1038;1172;1203;1123;1178
49;130;163;280;370;433;479;567;696;815;865;938;895;1047;1000;991;1123;1162;1076
50;142;146;266;339;386;439;514;620;719;878;892;950;877;1001;976;957;1062;1120
51;108;152;240;309;337;393;462;551;649;766;895;894;929;869;966;934;921;1063
52;83;113;243;275;309;353;421;495;584;694;781;907;880;909;857;937;904;906
53;104;85;201;284;289;335;370;461;556;628;728;795;884;865;887;818;906;907
54;69;115;155;215;303;299;355;375;501;587;662;743;785;869;862;871;781;893
55;73;86;176;176;224;305;305;378;397;528;615;675;743;758;863;832;854;770
56;66;79;124;197;188;229;320;335;389;442;550;626;658;748;767;834;814;839
57;79;71;109;142;194;197;242;326;352;414;453;552;630;653;738;764;827;802
58;71;84;94;136;159;190;204;261;342;388;412;477;559;622;634;727;756;816
59;58;82;108;108;142;162;196;229;289;352;398;440;479;562;612;626;697;754
60;56;71;94;116;116;146;171;205;256;302;365;405;435;474;562;607;614;697
61;66;76;88;104;115;118;164;184;217;286;335;374;402;435;482;542;588;636
62;50;91;95;102;111;117;117;185;195;232;298;339;366;404;442;474;548;592
63;53;54;100;100;107;125;122;126;182;192;250;303;338;379;395;438;462;546
64;46;57;63;113;102;109;124;130;135;178;202;257;303;342;377;391;440;473
65;52;53;71;72;116;107;105;124;132;147;190;213;263;307;344;378;392;461
66;32;50;63;82;76;124;102;110;135;146;154;188;214;263;308;346;385;394
67;32;41;57;73;85;80;118;101;117;137;151;154;189;211;275;303;349;397
68;37;39;47;57;72;90;83;124;103;126;144;153;149;192;204;274;306;344
69;20;34;46;47;59;68;98;88;133;106;135;139;164;151;194;204;271;303
70;22;27;36;49;50;60;70;103;94;142;110;142;136;160;151;189;213;266
71;32;27;28;41;55;47;59;75;111;92;147;101;138;145;168;146;190;223
72;28;42;31;26;37;55;47;61;85;108;93;147;107;138;153;167;144;193
73;21;26;44;31;30;42;50;49;66;91;111;94;142;109;136;149;169;147
74;17;21;26;43;26;32;46;56;52;62;91;113;94;139;107;135;149;167
75;23;22;23;25;44;28;36;46;55;51;68;96;105;95;134;109;134;144
76;14;20;24;23;24;43;26;36;43;54;51;65;92;106;91;134;109;134
77;26;18;21;28;23;22;41;24;38;43;52;46;65;87;107;81;138;111
78;15;23;20;26;26;21;21;45;25;37;43;47;42;60;85;109;77;128
79;18;10;26;19;25;24;21;20;40;25;36;42;49;41;58;84;105;74
80;8;17;13;24;18;21;23;21;21;37;26;32;40;49;41;56;84;102
81;12;9;19;14;20;17;19;21;19;21;39;25;26;36;50;39;57;81
82;5;14;15;18;14;19;16;22;17;13;20;39;25;22;36;48;42;57
83;3;4;18;14;17;15;19;14;21;15;14;19;35;24;21;31;44;41
84;2;4;4;18;15;18;12;18;11;21;16;16;17;33;20;21;31;39
85;4;0;5;4;13;14;15;11;16;9;21;14;15;16;34;19;20;32
86;4;4;0;5;5;15;12;13;12;14;9;21;14;15;16;31;23;17
87;5;2;3;2;4;4;12;11;11;10;16;8;17;15;13;17;31;24
88;5;4;2;3;1;7;4;11;9;9;9;13;7;12;17;11;17;27
89;2;3;5;3;3;1;7;4;7;7;8;6;11;6;11;16;10;14
90;2;2;3;6;4;3;1;7;1;8;6;6;6;11;6;9;14;9
91;2;3;3;5;5;3;3;2;4;1;6;5;5;4;9;4;6;12
92;1;3;3;3;4;3;3;2;1;3;2;4;5;4;6;10;3;6
93;1;2;4;2;3;2;3;3;0;1;4;2;3;2;3;6;10;3
94;1;3;2;3;3;2;2;3;1;0;0;5;3;3;1;2;6;6
95;1;1;3;2;2;4;2;2;3;1;0;0;3;2;4;1;0;4
96;0;1;1;1;2;2;1;2;2;2;1;0;0;2;2;4;0;0
97;0;0;1;1;1;1;1;1;2;0;1;2;0;0;1;2;4;0
98;0;0;0;1;0;1;1;0;1;2;0;1;2;0;0;0;2;2
99;0;0;0;0;1;0;0;1;0;1;1;0;0;2;0;0;0;1
100 e oltre;0;1;0;0;0;1;0;0;1;0;0;1;1;1;2;1;1;1
Totale;21843;25866;34776;41726;47157;52065;58379;65827;70885;76787;80075;83151;82958;82345;81178;78799;77296;77180
