"Popolazione per età, vista per singola area - Provincia: Terni"

"Ricostruzione della popolazione intercensuaria - Popolazione al 1° gennaio per età"
"Tutte le cittadinanze - Provincia: Terni"
Età/Anno;2002;2003;2004;2005;2006;2007;2008;2009;2010;2011;2012;2013;2014;2015;2016;2017;2018;2019
Età;Totale
0;1621;1676;1637;1817;1777;1818;1952;1902;1737;1925;1705;1788;1724;1655;1448;1445;1367;1341
1;1647;1626;1695;1638;1844;1790;1844;1953;1913;1745;1924;1725;1779;1719;1643;1447;1452;1354
2;1726;1670;1644;1704;1675;1854;1811;1857;1977;1930;1765;1917;1734;1765;1720;1629;1429;1460
3;1631;1753;1699;1664;1746;1700;1872;1826;1879;1990;1936;1773;1929;1731;1755;1713;1614;1444
4;1607;1650;1767;1720;1677;1756;1744;1882;1857;1886;1995;1944;1787;1929;1724;1763;1711;1605
5;1552;1631;1676;1778;1743;1709;1808;1762;1892;1873;1907;2020;1953;1768;1910;1731;1774;1694
6;1639;1573;1659;1705;1817;1772;1740;1830;1768;1888;1890;1929;2029;1957;1766;1907;1747;1762
7;1641;1657;1613;1689;1743;1816;1807;1746;1864;1792;1899;1909;1936;2042;1935;1781;1905;1758
8;1612;1663;1682;1646;1722;1765;1862;1835;1764;1891;1809;1922;1916;1926;2039;1936;1783;1909
9;1712;1638;1692;1711;1681;1732;1807;1897;1866;1788;1898;1820;1921;1904;1909;2036;1927;1794
10;1714;1717;1655;1721;1729;1706;1766;1835;1914;1886;1814;1915;1827;1931;1897;1900;2031;1922
11;1782;1729;1748;1681;1754;1743;1740;1793;1849;1921;1903;1840;1922;1827;1918;1910;1919;2034
12;1711;1797;1756;1777;1704;1754;1764;1788;1822;1865;1940;1915;1842;1912;1830;1916;1914;1920
13;1729;1724;1813;1779;1797;1716;1790;1787;1810;1830;1879;1957;1925;1839;1918;1828;1918;1915
14;1662;1736;1729;1844;1797;1805;1731;1832;1799;1832;1847;1896;1961;1923;1828;1916;1831;1914
15;1822;1674;1769;1759;1865;1789;1846;1764;1862;1821;1852;1861;1900;1953;1929;1830;1906;1837
16;1845;1822;1688;1793;1800;1872;1814;1877;1791;1873;1829;1863;1864;1901;1961;1920;1831;1926
17;1788;1870;1838;1690;1826;1797;1899;1853;1892;1805;1879;1844;1861;1860;1915;1969;1934;1838
18;1965;1792;1889;1861;1718;1850;1840;1921;1900;1913;1825;1898;1857;1859;1886;1936;2004;1951
19;2084;1967;1822;1892;1877;1744;1887;1881;1963;1942;1924;1845;1923;1859;1859;1925;1977;2019
20;2131;2088;1996;1845;1918;1881;1820;1953;1920;2026;1956;1968;1875;1945;1866;1907;1951;2012
21;2109;2132;2136;2037;1881;1946;1973;1916;2020;1998;2047;2011;2015;1886;1981;1901;1928;1965
22;2303;2101;2195;2150;2061;1915;2062;2056;1953;2095;2023;2097;2037;2006;1899;2002;1917;1950
23;2377;2315;2167;2222;2182;2091;2008;2124;2104;2038;2148;2078;2131;2044;2011;1925;2013;1932
24;2580;2397;2404;2221;2253;2186;2172;2079;2162;2189;2079;2187;2091;2136;2049;2020;1927;2006
25;2738;2601;2468;2438;2256;2292;2294;2269;2110;2221;2211;2120;2201;2094;2142;2079;2046;1940
26;2855;2745;2689;2512;2480;2272;2360;2405;2312;2150;2249;2262;2168;2208;2098;2143;2097;2051
27;2978;2872;2817;2730;2543;2504;2360;2452;2447;2364;2191;2274;2302;2167;2192;2114;2159;2093
28;3082;3013;2994;2860;2799;2592;2585;2431;2469;2501;2394;2217;2300;2306;2140;2192;2124;2150
29;3068;3133;3118;3045;2900;2825;2671;2658;2456;2486;2504;2416;2229;2311;2300;2155;2198;2122
30;3232;3132;3239;3187;3118;2925;2923;2759;2665;2457;2507;2520;2420;2218;2306;2290;2178;2187
31;3106;3280;3208;3286;3203;3124;3016;2943;2813;2688;2482;2524;2534;2407;2239;2291;2298;2184
32;3263;3125;3349;3246;3295;3181;3177;3083;2966;2833;2660;2499;2566;2543;2401;2242;2289;2302
33;3212;3318;3177;3349;3248;3301;3249;3197;3091;2990;2833;2711;2526;2604;2536;2405;2250;2308
34;3144;3213;3375;3197;3383;3230;3370;3319;3215;3071;2984;2889;2730;2528;2589;2557;2422;2261
35;3259;3179;3305;3427;3242;3383;3314;3407;3363;3222;3096;3020;2906;2720;2542;2601;2565;2450
36;3419;3299;3265;3347;3461;3255;3458;3377;3436;3370;3220;3110;3031;2894;2710;2538;2599;2570
37;3387;3443;3374;3306;3395;3484;3342;3508;3408;3466;3378;3263;3111;3023;2878;2703;2521;2581
38;3202;3402;3506;3405;3332;3406;3549;3382;3535;3431;3456;3420;3300;3124;3041;2863;2702;2532
39;3072;3229;3462;3533;3438;3341;3504;3589;3417;3551;3441;3504;3437;3324;3123;3037;2850;2713
40;3014;3093;3282;3503;3550;3457;3452;3585;3604;3433;3571;3475;3515;3440;3298;3117;3016;2868
41;3001;3027;3166;3323;3543;3547;3514;3498;3632;3630;3447;3592;3491;3507;3442;3292;3123;3009
42;2899;3022;3085;3211;3358;3540;3628;3566;3533;3670;3640;3473;3604;3480;3508;3457;3294;3101
43;2837;2897;3088;3108;3226;3367;3598;3676;3590;3540;3648;3682;3485;3610;3488;3509;3457;3296
44;2682;2860;2964;3135;3136;3250;3443;3636;3696;3585;3551;3666;3684;3483;3599;3484;3504;3468
45;2910;2693;2942;3005;3157;3149;3285;3483;3669;3719;3602;3585;3671;3686;3477;3605;3472;3485
46;2900;2926;2743;2979;3009;3153;3203;3311;3521;3710;3712;3630;3604;3675;3681;3494;3603;3464
47;2828;2916;2980;2780;2995;3026;3208;3269;3343;3538;3711;3710;3635;3598;3693;3694;3504;3607
48;2745;2842;2976;3009;2794;3009;3077;3236;3277;3375;3558;3726;3729;3628;3610;3688;3707;3495
49;2840;2762;2895;2983;3017;2798;3034;3102;3241;3299;3382;3579;3744;3744;3612;3592;3671;3685
50;2940;2839;2793;2920;2999;3011;2845;3066;3101;3255;3297;3394;3582;3739;3752;3610;3594;3687
51;2951;2923;2870;2819;2924;2990;3051;2888;3088;3111;3256;3310;3411;3576;3729;3749;3608;3589
52;3125;2944;2951;2873;2823;2921;3030;3076;2917;3083;3098;3259;3315;3418;3575;3722;3752;3612
53;3330;3143;2978;2953;2872;2831;2953;3044;3099;2915;3077;3114;3283;3307;3418;3594;3703;3739
54;3215;3353;3167;3001;2958;2869;2840;2970;3057;3093;2896;3064;3116;3277;3305;3417;3588;3694
55;3196;3226;3393;3174;2998;2945;2873;2867;2981;3075;3083;2916;3069;3108;3275;3307;3407;3578
56;2659;3199;3244;3414;3178;2995;2948;2880;2881;2984;3055;3074;2924;3057;3097;3271;3301;3406
57;2662;2657;3227;3261;3405;3187;2984;2960;2885;2885;2987;3063;3087;2921;3059;3081;3267;3294
58;2949;2656;2660;3235;3251;3408;3197;2973;2964;2883;2875;2980;3058;3063;2913;3071;3093;3251
59;2843;2945;2655;2660;3237;3245;3414;3187;2975;2943;2871;2883;2969;3047;3067;2922;3059;3108
60;2917;2848;2945;2657;2662;3237;3228;3428;3179;2973;2939;2878;2886;2951;3048;3053;2931;3069
61;3190;2917;2849;2919;2666;2658;3235;3234;3423;3180;2960;2946;2878;2876;2939;3049;3052;2923
62;3055;3168;2922;2838;2929;2658;2643;3215;3245;3431;3175;2965;2926;2859;2869;2912;3030;3071
63;3146;3045;3174;2908;2828;2918;2647;2620;3230;3239;3432;3167;2952;2893;2859;2878;2898;3026
64;2972;3136;3038;3161;2894;2817;2911;2651;2614;3218;3233;3419;3169;2933;2868;2860;2852;2890
65;2642;2960;3121;3040;3143;2874;2797;2887;2640;2596;3202;3215;3407;3144;2913;2864;2856;2835
66;2866;2625;2939;3101;3020;3133;2860;2781;2890;2616;2586;3178;3200;3384;3138;2901;2845;2824
67;2714;2836;2614;2910;3089;2997;3115;2826;2761;2873;2604;2556;3157;3187;3371;3124;2870;2828
68;2855;2681;2824;2590;2878;3056;2970;3097;2800;2755;2857;2571;2530;3127;3162;3347;3083;2861
69;2650;2840;2661;2789;2571;2850;3040;2945;3072;2772;2734;2829;2556;2492;3088;3136;3330;3045
70;2731;2621;2818;2644;2754;2552;2807;3010;2913;3028;2743;2708;2796;2539;2473;3049;3090;3292
71;3008;2705;2573;2795;2614;2714;2520;2772;2988;2879;2996;2711;2676;2768;2515;2443;3011;3070
72;2731;2962;2657;2542;2752;2589;2666;2477;2745;2952;2845;2965;2672;2641;2719;2481;2414;2965
73;2639;2673;2912;2627;2496;2703;2545;2624;2447;2707;2913;2811;2918;2619;2598;2682;2448;2377
74;2647;2585;2603;2844;2571;2441;2667;2495;2567;2402;2654;2853;2746;2869;2577;2541;2641;2406
75;2510;2576;2526;2550;2778;2503;2399;2597;2436;2511;2340;2610;2803;2703;2818;2530;2493;2595
76;2524;2456;2519;2449;2465;2711;2457;2325;2527;2399;2456;2289;2564;2735;2660;2765;2477;2453
77;2406;2447;2375;2444;2358;2386;2632;2360;2260;2453;2333;2395;2238;2509;2664;2606;2692;2421
78;2351;2337;2355;2291;2380;2275;2293;2524;2299;2191;2386;2260;2345;2175;2431;2596;2535;2639
79;2257;2264;2260;2278;2215;2265;2207;2229;2438;2212;2120;2280;2194;2283;2095;2360;2497;2461
80;2102;2145;2185;2145;2167;2124;2178;2104;2148;2349;2115;2039;2183;2104;2205;2020;2288;2408
81;2070;2010;2029;2094;2043;2036;2025;2076;2022;2043;2239;2026;1950;2072;2009;2111;1934;2187
82;1181;1947;1891;1932;1969;1950;1920;1910;1990;1915;1928;2126;1915;1855;1986;1944;1979;1845
83;922;1121;1824;1787;1809;1839;1822;1769;1781;1847;1795;1817;2007;1815;1730;1888;1822;1886
84;856;855;1052;1682;1659;1656;1714;1674;1646;1680;1693;1667;1701;1870;1687;1619;1775;1703
85;910;778;777;998;1548;1503;1521;1578;1552;1514;1536;1563;1547;1586;1747;1547;1493;1665
86;1101;840;696;693;902;1398;1368;1378;1450;1401;1372;1398;1426;1435;1427;1612;1424;1392
87;887;966;732;629;616;805;1211;1224;1229;1302;1282;1203;1267;1265;1282;1304;1436;1324
88;764;794;835;658;551;554;700;1065;1069;1091;1147;1132;1077;1138;1125;1112;1162;1296
89;675;641;670;697;602;511;473;613;950;938;950;1012;984;969;999;988;974;1039
90;475;565;546;572;582;514;436;418;520;816;808;807;870;838;841;862;874;840
91;427;399;456;456;454;491;435;370;359;423;673;683;679;758;703;735;717;749
92;289;354;312;367;362;377;398;361;295;292;352;555;564;567;624;589;620;596
93;229;220;276;257;286;283;299;315;291;239;234;269;448;463;447;485;480;512
94;132;178;170;204;196;232;228;222;232;230;194;184;208;359;381;347;397;379
95;116;93;120;126;166;154;177;184;180;180;186;144;144;169;275;305;262;319
96;71;86;65;81;96;125;105;130;136;137;142;134;110;112;131;204;229;197
97;51;51;64;48;53;64;82;80;92;95;102;88;99;85;70;90;138;169
98;35;28;31;40;34;33;46;50;68;73;74;63;56;69;57;43;59;100
99;26;28;21;18;28;25;18;32;40;42;54;56;45;41;45;43;30;43
100 e oltre;27;36;34;38;33;35;39;29;45;58;75;72;92;100;88;86;84;73
Totale;219690;220122;222245;223457;224329;224366;226942;228680;229604;230321;230055;230490;230461;229469;228095;227190;225953;224915
Età/Anno;2002;2003;2004;2005;2006;2007;2008;2009;2010;2011;2012;2013;2014;2015;2016;2017;2018;2019
Età;Maschi
0;835;840;852;913;946;932;1005;1006;896;974;880;919;899;874;735;725;683;669
1;845;833;853;852;932;952;939;1001;1008;893;977;875;910;897;876;728;724;688
2;896;851;847;858;872;943;963;947;1011;1024;903;966;885;897;889;875;718;732
3;866;911;862;862;880;881;953;963;956;1023;1025;901;967;882;885;880;862;721
4;842;884;928;877;861;885;903;954;981;958;1025;1031;906;976;876;891;879;853
5;797;862;902;936;890;878;921;905;960;986;970;1033;1030;896;964;888;903;875
6;863;805;883;916;955;904;904;938;908;967;995;985;1042;1035;895;966;896;899
7;827;873;822;897;932;952;925;902;951;926;973;1005;987;1041;1016;902;968;899
8;796;839;883;835;918;943;975;945;912;969;940;981;1011;984;1040;1015;902;963
9;869;807;854;897;855;926;963;992;956;918;973;950;980;1005;978;1043;1008;917
10;881;874;824;871;905;874;944;970;997;964;933;980;952;985;999;973;1042;1009
11;883;893;887;840;894;910;891;955;971;999;975;949;977;948;984;1002;989;1050
12;874;889;911;899;851;896;923;919;967;979;1009;983;948;968;954;984;1012;989
13;910;881;902;924;909;857;914;940;929;967;989;1022;986;948;970;954;986;1011
14;863;918;878;916;934;912;861;938;947;944;973;994;1016;978;939;967;951;984
15;925;874;938;891;924;930;935;877;955;956;954;982;1003;1011;980;940;963;956
16;956;921;886;947;917;928;939;958;890;958;960;962;987;1008;1017;976;937;974
17;939;968;935;890;968;916;941;955;963;897;963;966;962;984;1017;1023;986;949
18;987;942;971;953;907;985;946;953;984;976;903;971;977;960;1001;1037;1050;1002
19;1062;988;963;973;959;915;997;961;978;1006;983;918;981;976;964;1027;1065;1062
20;1110;1059;1006;968;984;956;955;1028;977;1001;1012;997;930;1004;979;1006;1049;1082
21;1095;1115;1085;1030;978;993;998;996;1060;1014;1009;1047;1021;932;1034;1004;1028;1058
22;1176;1084;1147;1098;1045;996;1054;1042;1015;1097;1022;1039;1058;1023;942;1054;1024;1040
23;1178;1174;1121;1161;1111;1060;1043;1087;1056;1050;1118;1040;1062;1053;1037;957;1051;1032
24;1305;1187;1200;1156;1177;1101;1096;1076;1097;1077;1076;1140;1038;1059;1040;1051;966;1040
25;1445;1311;1220;1211;1168;1186;1166;1129;1093;1120;1087;1088;1140;1047;1069;1063;1066;968
26;1398;1443;1349;1235;1232;1169;1209;1218;1149;1113;1122;1114;1126;1143;1050;1084;1073;1069
27;1435;1417;1489;1378;1242;1247;1220;1253;1237;1170;1127;1137;1137;1124;1136;1062;1100;1065
28;1550;1445;1466;1508;1408;1266;1275;1248;1264;1252;1181;1149;1135;1138;1101;1128;1064;1104
29;1533;1570;1504;1501;1536;1424;1290;1318;1262;1265;1258;1192;1154;1139;1145;1101;1139;1064
30;1573;1564;1615;1537;1528;1548;1475;1316;1324;1262;1265;1261;1187;1141;1140;1144;1105;1136
31;1567;1608;1600;1636;1537;1541;1591;1480;1332;1343;1271;1281;1266;1184;1146;1134;1142;1116
32;1673;1584;1641;1627;1630;1535;1572;1621;1491;1339;1330;1271;1305;1266;1173;1150;1138;1141
33;1629;1685;1600;1632;1622;1624;1564;1594;1623;1507;1348;1349;1281;1318;1264;1183;1143;1143
34;1583;1609;1707;1604;1626;1591;1639;1591;1581;1606;1497;1383;1359;1289;1307;1270;1184;1142
35;1581;1601;1647;1733;1627;1629;1609;1655;1602;1571;1614;1505;1388;1342;1293;1317;1267;1214
36;1743;1610;1640;1667;1750;1631;1652;1641;1675;1599;1563;1627;1499;1383;1341;1281;1317;1270
37;1688;1752;1644;1657;1683;1765;1666;1679;1643;1675;1592;1585;1625;1497;1371;1336;1280;1309
38;1576;1695;1771;1656;1672;1685;1781;1685;1692;1658;1677;1616;1599;1633;1506;1357;1329;1291
39;1562;1590;1717;1776;1670;1687;1722;1797;1687;1690;1661;1700;1619;1605;1630;1492;1356;1336
40;1506;1577;1598;1740;1784;1684;1727;1760;1799;1693;1707;1674;1703;1629;1587;1621;1481;1372
41;1483;1511;1592;1616;1765;1776;1698;1738;1777;1806;1688;1721;1677;1695;1619;1589;1622;1476
42;1430;1493;1527;1616;1637;1765;1808;1721;1737;1794;1798;1710;1724;1661;1690;1621;1599;1618
43;1442;1433;1511;1543;1625;1642;1774;1822;1738;1735;1793;1814;1701;1721;1660;1698;1621;1601
44;1342;1448;1455;1531;1561;1633;1674;1784;1817;1720;1741;1805;1817;1701;1715;1652;1692;1628
45;1415;1344;1475;1463;1537;1558;1640;1681;1800;1817;1718;1757;1797;1822;1699;1709;1646;1690
46;1420;1431;1365;1490;1472;1532;1572;1642;1693;1810;1817;1734;1760;1792;1819;1709;1701;1635
47;1351;1423;1439;1377;1495;1472;1546;1592;1649;1708;1806;1805;1721;1741;1801;1820;1713;1708
48;1324;1362;1441;1454;1387;1500;1479;1547;1599;1651;1716;1813;1803;1720;1746;1800;1819;1712
49;1367;1338;1372;1438;1449;1389;1511;1487;1543;1601;1655;1731;1820;1819;1716;1733;1789;1808
50;1476;1369;1338;1382;1445;1450;1406;1513;1478;1540;1598;1659;1737;1808;1822;1712;1737;1800
51;1399;1467;1372;1345;1381;1438;1447;1422;1521;1474;1541;1600;1657;1741;1807;1828;1704;1729
52;1545;1400;1467;1371;1352;1378;1446;1455;1425;1520;1467;1542;1602;1663;1735;1798;1826;1706
53;1676;1560;1409;1452;1369;1349;1385;1444;1462;1414;1516;1473;1556;1596;1659;1734;1785;1821
54;1581;1694;1562;1412;1458;1370;1355;1388;1447;1451;1405;1504;1472;1556;1592;1664;1726;1777
55;1549;1588;1708;1564;1404;1449;1364;1358;1389;1448;1449;1412;1501;1468;1556;1591;1651;1723
56;1303;1555;1592;1711;1560;1404;1445;1365;1363;1389;1432;1443;1412;1500;1461;1553;1589;1650
57;1233;1291;1568;1594;1707;1563;1395;1445;1364;1355;1387;1440;1443;1412;1499;1456;1553;1585
58;1409;1234;1281;1565;1596;1714;1558;1389;1440;1360;1348;1381;1435;1426;1414;1505;1462;1549
59;1368;1399;1231;1286;1560;1595;1708;1538;1384;1428;1352;1354;1368;1429;1424;1416;1492;1472
60;1442;1368;1398;1232;1281;1562;1587;1716;1531;1382;1423;1349;1360;1359;1430;1418;1414;1501
61;1601;1438;1366;1386;1233;1280;1562;1587;1701;1528;1374;1421;1337;1351;1349;1420;1412;1415
62;1505;1585;1440;1353;1382;1230;1265;1537;1592;1697;1529;1377;1410;1330;1349;1334;1412;1420
63;1549;1500;1591;1435;1347;1370;1223;1255;1542;1586;1704;1519;1370;1393;1333;1345;1324;1406
64;1397;1541;1484;1582;1425;1339;1363;1222;1246;1528;1570;1691;1526;1362;1377;1335;1339;1326
65;1265;1381;1526;1483;1567;1409;1330;1350;1213;1225;1512;1557;1679;1516;1349;1381;1331;1323
66;1344;1253;1367;1512;1470;1557;1400;1321;1346;1198;1213;1506;1543;1663;1517;1341;1363;1309
67;1238;1328;1242;1343;1500;1450;1545;1370;1309;1332;1192;1196;1494;1536;1650;1508;1314;1357
68;1334;1215;1322;1221;1326;1480;1428;1527;1345;1300;1319;1170;1185;1476;1524;1642;1487;1309
69;1250;1319;1193;1297;1213;1309;1462;1406;1509;1326;1288;1306;1159;1158;1451;1505;1626;1476
70;1234;1233;1300;1185;1273;1206;1280;1435;1388;1479;1311;1277;1287;1149;1143;1430;1480;1597
71;1347;1215;1195;1292;1170;1258;1189;1249;1416;1362;1463;1287;1248;1272;1129;1118;1415;1474
72;1179;1310;1177;1174;1262;1150;1223;1156;1225;1390;1335;1444;1270;1230;1242;1110;1107;1388
73;1149;1148;1286;1162;1148;1232;1126;1195;1136;1200;1361;1318;1411;1234;1204;1222;1097;1085
74;1130;1118;1101;1240;1128;1119;1203;1100;1159;1101;1171;1322;1277;1379;1200;1172;1199;1068
75;1129;1086;1076;1068;1202;1089;1089;1165;1070;1124;1062;1141;1291;1255;1340;1173;1142;1176
76;1077;1083;1057;1033;1019;1159;1067;1041;1121;1040;1093;1026;1118;1253;1221;1305;1143;1123
77;1029;1027;1026;1014;980;977;1111;1001;1002;1079;997;1052;990;1083;1206;1187;1259;1115
78;922;992;966;971;968;930;922;1045;963;962;1034;953;1011;954;1037;1166;1138;1238
79;862;866;938;930;925;910;887;887;983;916;922;974;921;982;913;999;1108;1094
80;804;799;822;873;854;870;866;845;843;935;859;877;915;872;937;871;959;1047
81;800;752;738;770;811;785;819;809;798;783;873;819;831;849;830;883;824;902
82;488;721;680;681;711;756;726;775;765;742;721;815;765;793;803;804;827;776
83;371;456;649;627;611;640;696;654;692;678;679;657;760;723;728;748;742;778
84;275;341;429;595;562;540;576;628;601;638;597;606;603;687;667;661;692;690
85;313;240;299;397;545;504;480;518;566;550;571;539;564;554;623;589;598;648
86;384;285;205;258;344;476;459;427;473;493;486;494;482;515;478;558;525;553
87;330;331;239;176;221;294;396;404;384;424;446;423;443;415;441;428;490;484
88;257;298;281;212;152;185;250;345;348;337;358;385;374;386;358;372;375;429
89;246;211;247;231;201;142;144;198;309;293;293;310;322;338;329;297;320;324
90;138;197;178;197;189;170;117;125;160;259;244;238;253;259;287;286;254;266
91;127;115;152;148;149;148;138;95;108;119;201;199;187;205;209;239;222;206
92;83;101;80;109;105;118;117;115;79;84;92;155;159;150;156;175;201;181
93;66;59;75;63;86;78;94;85;97;60;64;69;117;120;119;110;141;162
94;39;50;38;47;42;74;60;69;60;72;52;47;48;90;92;88;88;109
95;23;27;32;29;38;36;54;51;53;44;54;33;34;38;64;72;58;72
96;15;19;18;15;15;27;26;33;38;43;32;35;21;24;27;54;51;40
97;7;10;17;10;12;13;17;17;22;19;29;18;22;16;12;19;30;34
98;5;3;8;6;7;6;8;11;14;13;11;16;16;14;11;7;7;22
99;10;4;2;5;5;3;3;7;9;8;10;8;8;10;10;9;4;5
100 e oltre;1;7;7;8;7;8;6;2;5;12;14;11;13;15;17;14;13;10
Totale;105500;105705;106500;107038;107465;107503;108571;109302;109626;109768;109626;109906;109865;109481;108866;108574;108084;107820
Età/Anno;2002;2003;2004;2005;2006;2007;2008;2009;2010;2011;2012;2013;2014;2015;2016;2017;2018;2019
Età;Femmine
0;786;836;785;904;831;886;947;896;841;951;825;869;825;781;713;720;684;672
1;802;793;842;786;912;838;905;952;905;852;947;850;869;822;767;719;728;666
2;830;819;797;846;803;911;848;910;966;906;862;951;849;868;831;754;711;728
3;765;842;837;802;866;819;919;863;923;967;911;872;962;849;870;833;752;723
4;765;766;839;843;816;871;841;928;876;928;970;913;881;953;848;872;832;752
5;755;769;774;842;853;831;887;857;932;887;937;987;923;872;946;843;871;819
6;776;768;776;789;862;868;836;892;860;921;895;944;987;922;871;941;851;863
7;814;784;791;792;811;864;882;844;913;866;926;904;949;1001;919;879;937;859
8;816;824;799;811;804;822;887;890;852;922;869;941;905;942;999;921;881;946
9;843;831;838;814;826;806;844;905;910;870;925;870;941;899;931;993;919;877
10;833;843;831;850;824;832;822;865;917;922;881;935;875;946;898;927;989;913
11;899;836;861;841;860;833;849;838;878;922;928;891;945;879;934;908;930;984
12;837;908;845;878;853;858;841;869;855;886;931;932;894;944;876;932;902;931
13;819;843;911;855;888;859;876;847;881;863;890;935;939;891;948;874;932;904
14;799;818;851;928;863;893;870;894;852;888;874;902;945;945;889;949;880;930
15;897;800;831;868;941;859;911;887;907;865;898;879;897;942;949;890;943;881
16;889;901;802;846;883;944;875;919;901;915;869;901;877;893;944;944;894;952
17;849;902;903;800;858;881;958;898;929;908;916;878;899;876;898;946;948;889
18;978;850;918;908;811;865;894;968;916;937;922;927;880;899;885;899;954;949
19;1022;979;859;919;918;829;890;920;985;936;941;927;942;883;895;898;912;957
20;1021;1029;990;877;934;925;865;925;943;1025;944;971;945;941;887;901;902;930
21;1014;1017;1051;1007;903;953;975;920;960;984;1038;964;994;954;947;897;900;907
22;1127;1017;1048;1052;1016;919;1008;1014;938;998;1001;1058;979;983;957;948;893;910
23;1199;1141;1046;1061;1071;1031;965;1037;1048;988;1030;1038;1069;991;974;968;962;900
24;1275;1210;1204;1065;1076;1085;1076;1003;1065;1112;1003;1047;1053;1077;1009;969;961;966
25;1293;1290;1248;1227;1088;1106;1128;1140;1017;1101;1124;1032;1061;1047;1073;1016;980;972
26;1457;1302;1340;1277;1248;1103;1151;1187;1163;1037;1127;1148;1042;1065;1048;1059;1024;982
27;1543;1455;1328;1352;1301;1257;1140;1199;1210;1194;1064;1137;1165;1043;1056;1052;1059;1028
28;1532;1568;1528;1352;1391;1326;1310;1183;1205;1249;1213;1068;1165;1168;1039;1064;1060;1046
29;1535;1563;1614;1544;1364;1401;1381;1340;1194;1221;1246;1224;1075;1172;1155;1054;1059;1058
30;1659;1568;1624;1650;1590;1377;1448;1443;1341;1195;1242;1259;1233;1077;1166;1146;1073;1051
31;1539;1672;1608;1650;1666;1583;1425;1463;1481;1345;1211;1243;1268;1223;1093;1157;1156;1068
32;1590;1541;1708;1619;1665;1646;1605;1462;1475;1494;1330;1228;1261;1277;1228;1092;1151;1161
33;1583;1633;1577;1717;1626;1677;1685;1603;1468;1483;1485;1362;1245;1286;1272;1222;1107;1165
34;1561;1604;1668;1593;1757;1639;1731;1728;1634;1465;1487;1506;1371;1239;1282;1287;1238;1119
35;1678;1578;1658;1694;1615;1754;1705;1752;1761;1651;1482;1515;1518;1378;1249;1284;1298;1236
36;1676;1689;1625;1680;1711;1624;1806;1736;1761;1771;1657;1483;1532;1511;1369;1257;1282;1300
37;1699;1691;1730;1649;1712;1719;1676;1829;1765;1791;1786;1678;1486;1526;1507;1367;1241;1272
38;1626;1707;1735;1749;1660;1721;1768;1697;1843;1773;1779;1804;1701;1491;1535;1506;1373;1241
39;1510;1639;1745;1757;1768;1654;1782;1792;1730;1861;1780;1804;1818;1719;1493;1545;1494;1377
40;1508;1516;1684;1763;1766;1773;1725;1825;1805;1740;1864;1801;1812;1811;1711;1496;1535;1496
41;1518;1516;1574;1707;1778;1771;1816;1760;1855;1824;1759;1871;1814;1812;1823;1703;1501;1533
42;1469;1529;1558;1595;1721;1775;1820;1845;1796;1876;1842;1763;1880;1819;1818;1836;1695;1483
43;1395;1464;1577;1565;1601;1725;1824;1854;1852;1805;1855;1868;1784;1889;1828;1811;1836;1695
44;1340;1412;1509;1604;1575;1617;1769;1852;1879;1865;1810;1861;1867;1782;1884;1832;1812;1840
45;1495;1349;1467;1542;1620;1591;1645;1802;1869;1902;1884;1828;1874;1864;1778;1896;1826;1795
46;1480;1495;1378;1489;1537;1621;1631;1669;1828;1900;1895;1896;1844;1883;1862;1785;1902;1829
47;1477;1493;1541;1403;1500;1554;1662;1677;1694;1830;1905;1905;1914;1857;1892;1874;1791;1899
48;1421;1480;1535;1555;1407;1509;1598;1689;1678;1724;1842;1913;1926;1908;1864;1888;1888;1783
49;1473;1424;1523;1545;1568;1409;1523;1615;1698;1698;1727;1848;1924;1925;1896;1859;1882;1877
50;1464;1470;1455;1538;1554;1561;1439;1553;1623;1715;1699;1735;1845;1931;1930;1898;1857;1887
51;1552;1456;1498;1474;1543;1552;1604;1466;1567;1637;1715;1710;1754;1835;1922;1921;1904;1860
52;1580;1544;1484;1502;1471;1543;1584;1621;1492;1563;1631;1717;1713;1755;1840;1924;1926;1906
53;1654;1583;1569;1501;1503;1482;1568;1600;1637;1501;1561;1641;1727;1711;1759;1860;1918;1918
54;1634;1659;1605;1589;1500;1499;1485;1582;1610;1642;1491;1560;1644;1721;1713;1753;1862;1917
55;1647;1638;1685;1610;1594;1496;1509;1509;1592;1627;1634;1504;1568;1640;1719;1716;1756;1855
56;1356;1644;1652;1703;1618;1591;1503;1515;1518;1595;1623;1631;1512;1557;1636;1718;1712;1756
57;1429;1366;1659;1667;1698;1624;1589;1515;1521;1530;1600;1623;1644;1509;1560;1625;1714;1709
58;1540;1422;1379;1670;1655;1694;1639;1584;1524;1523;1527;1599;1623;1637;1499;1566;1631;1702
59;1475;1546;1424;1374;1677;1650;1706;1649;1591;1515;1519;1529;1601;1618;1643;1506;1567;1636
60;1475;1480;1547;1425;1381;1675;1641;1712;1648;1591;1516;1529;1526;1592;1618;1635;1517;1568
61;1589;1479;1483;1533;1433;1378;1673;1647;1722;1652;1586;1525;1541;1525;1590;1629;1640;1508
62;1550;1583;1482;1485;1547;1428;1378;1678;1653;1734;1646;1588;1516;1529;1520;1578;1618;1651
63;1597;1545;1583;1473;1481;1548;1424;1365;1688;1653;1728;1648;1582;1500;1526;1533;1574;1620
64;1575;1595;1554;1579;1469;1478;1548;1429;1368;1690;1663;1728;1643;1571;1491;1525;1513;1564
65;1377;1579;1595;1557;1576;1465;1467;1537;1427;1371;1690;1658;1728;1628;1564;1483;1525;1512
66;1522;1372;1572;1589;1550;1576;1460;1460;1544;1418;1373;1672;1657;1721;1621;1560;1482;1515
67;1476;1508;1372;1567;1589;1547;1570;1456;1452;1541;1412;1360;1663;1651;1721;1616;1556;1471
68;1521;1466;1502;1369;1552;1576;1542;1570;1455;1455;1538;1401;1345;1651;1638;1705;1596;1552
69;1400;1521;1468;1492;1358;1541;1578;1539;1563;1446;1446;1523;1397;1334;1637;1631;1704;1569
70;1497;1388;1518;1459;1481;1346;1527;1575;1525;1549;1432;1431;1509;1390;1330;1619;1610;1695
71;1661;1490;1378;1503;1444;1456;1331;1523;1572;1517;1533;1424;1428;1496;1386;1325;1596;1596
72;1552;1652;1480;1368;1490;1439;1443;1321;1520;1562;1510;1521;1402;1411;1477;1371;1307;1577
73;1490;1525;1626;1465;1348;1471;1419;1429;1311;1507;1552;1493;1507;1385;1394;1460;1351;1292
74;1517;1467;1502;1604;1443;1322;1464;1395;1408;1301;1483;1531;1469;1490;1377;1369;1442;1338
75;1381;1490;1450;1482;1576;1414;1310;1432;1366;1387;1278;1469;1512;1448;1478;1357;1351;1419
76;1447;1373;1462;1416;1446;1552;1390;1284;1406;1359;1363;1263;1446;1482;1439;1460;1334;1330
77;1377;1420;1349;1430;1378;1409;1521;1359;1258;1374;1336;1343;1248;1426;1458;1419;1433;1306
78;1429;1345;1389;1320;1412;1345;1371;1479;1336;1229;1352;1307;1334;1221;1394;1430;1397;1401
79;1395;1398;1322;1348;1290;1355;1320;1342;1455;1296;1198;1306;1273;1301;1182;1361;1389;1367
80;1298;1346;1363;1272;1313;1254;1312;1259;1305;1414;1256;1162;1268;1232;1268;1149;1329;1361
81;1270;1258;1291;1324;1232;1251;1206;1267;1224;1260;1366;1207;1119;1223;1179;1228;1110;1285
82;693;1226;1211;1251;1258;1194;1194;1135;1225;1173;1207;1311;1150;1062;1183;1140;1152;1069
83;551;665;1175;1160;1198;1199;1126;1115;1089;1169;1116;1160;1247;1092;1002;1140;1080;1108
84;581;514;623;1087;1097;1116;1138;1046;1045;1042;1096;1061;1098;1183;1020;958;1083;1013
85;597;538;478;601;1003;999;1041;1060;986;964;965;1024;983;1032;1124;958;895;1017
86;717;555;491;435;558;922;909;951;977;908;886;904;944;920;949;1054;899;839
87;557;635;493;453;395;511;815;820;845;878;836;780;824;850;841;876;946;840
88;507;496;554;446;399;369;450;720;721;754;789;747;703;752;767;740;787;867
89;429;430;423;466;401;369;329;415;641;645;657;702;662;631;670;691;654;715
90;337;368;368;375;393;344;319;293;360;557;564;569;617;579;554;576;620;574
91;300;284;304;308;305;343;297;275;251;304;472;484;492;553;494;496;495;543
92;206;253;232;258;257;259;281;246;216;208;260;400;405;417;468;414;419;415
93;163;161;201;194;200;205;205;230;194;179;170;200;331;343;328;375;339;350
94;93;128;132;157;154;158;168;153;172;158;142;137;160;269;289;259;309;270
95;93;66;88;97;128;118;123;133;127;136;132;111;110;131;211;233;204;247
96;56;67;47;66;81;98;79;97;98;94;110;99;89;88;104;150;178;157
97;44;41;47;38;41;51;65;63;70;76;73;70;77;69;58;71;108;135
98;30;25;23;34;27;27;38;39;54;60;63;47;40;55;46;36;52;78
99;16;24;19;13;23;22;15;25;31;34;44;48;37;31;35;34;26;38
100 e oltre;26;29;27;30;26;27;33;27;40;46;61;61;79;85;71;72;71;63
Totale;114190;114417;115745;116419;116864;116863;118371;119378;119978;120553;120429;120584;120596;119988;119229;118616;117869;117095

"Ricostruzione della popolazione intercensuaria - Popolazione al 1° gennaio per età"
"Cittadinanza italiana - Provincia: Terni"
Età/Anno;2002;2003;2004;2005;2006;2007;2008;2009;2010;2011;2012;2013;2014;2015;2016;2017;2018;2019
Età;Totale
0;1530;1550;1503;1660;1570;1601;1717;1609;1454;1616;1409;1523;1433;1378;1214;1197;1146;1102
1;1557;1534;1568;1502;1681;1582;1607;1712;1600;1454;1617;1422;1504;1428;1376;1225;1214;1144
2;1656;1573;1544;1570;1531;1684;1587;1621;1723;1612;1472;1607;1430;1503;1445;1382;1227;1217
3;1554;1669;1589;1556;1595;1555;1683;1588;1635;1730;1623;1471;1625;1435;1513;1458;1383;1246
4;1533;1565;1673;1588;1563;1602;1573;1689;1599;1639;1726;1626;1474;1632;1454;1524;1455;1374
5;1499;1547;1588;1668;1602;1576;1625;1584;1690;1612;1652;1733;1631;1462;1644;1483;1539;1450
6;1589;1504;1559;1604;1684;1612;1591;1629;1591;1685;1617;1654;1743;1644;1477;1671;1510;1535
7;1589;1590;1529;1578;1617;1685;1624;1589;1647;1596;1693;1630;1655;1754;1658;1511;1681;1520
8;1546;1602;1602;1539;1594;1625;1696;1633;1594;1662;1607;1706;1636;1653;1772;1689;1526;1688
9;1656;1549;1617;1608;1549;1606;1646;1711;1653;1597;1667;1615;1715;1647;1665;1792;1696;1542
10;1659;1649;1559;1627;1612;1558;1616;1648;1712;1656;1606;1673;1626;1724;1670;1684;1799;1693
11;1721;1666;1663;1568;1637;1621;1561;1626;1648;1706;1664;1620;1683;1625;1729;1695;1709;1816
12;1651;1720;1674;1667;1579;1636;1621;1577;1632;1657;1709;1665;1627;1693;1643;1741;1710;1711
13;1677;1655;1728;1677;1664;1587;1651;1629;1585;1635;1666;1725;1664;1639;1716;1657;1743;1706
14;1603;1674;1650;1737;1678;1664;1583;1663;1631;1595;1640;1674;1725;1671;1640;1732;1660;1744
15;1766;1611;1693;1659;1737;1669;1673;1583;1672;1635;1602;1651;1678;1724;1678;1652;1730;1657
16;1806;1765;1614;1697;1669;1738;1677;1683;1591;1674;1634;1607;1657;1688;1741;1679;1653;1732
17;1739;1811;1766;1614;1702;1667;1744;1689;1685;1592;1674;1640;1612;1657;1696;1750;1692;1652
18;1922;1733;1812;1757;1618;1711;1678;1744;1701;1687;1598;1680;1657;1633;1680;1727;1783;1737
19;2027;1925;1738;1803;1764;1625;1713;1673;1739;1702;1684;1610;1689;1658;1626;1690;1741;1794
20;2058;2025;1918;1744;1814;1761;1639;1717;1666;1759;1687;1692;1617;1693;1657;1643;1683;1745
21;2055;2057;2023;1924;1748;1828;1769;1645;1725;1678;1753;1700;1710;1626;1707;1666;1651;1681
22;2218;2045;2074;2013;1934;1755;1839;1781;1641;1738;1675;1785;1709;1701;1628;1712;1663;1650
23;2292;2212;2049;2076;2023;1944;1752;1835;1767;1669;1748;1682;1800;1708;1712;1629;1714;1665
24;2480;2297;2223;2059;2078;2011;1951;1754;1834;1786;1673;1759;1677;1795;1714;1712;1624;1702
25;2624;2492;2299;2211;2063;2089;2007;1969;1760;1834;1783;1678;1753;1679;1814;1723;1723;1625
26;2732;2616;2526;2292;2225;2058;2063;2018;1967;1765;1830;1807;1710;1765;1693;1806;1734;1704
27;2826;2738;2598;2523;2291;2219;2052;2077;2010;1973;1774;1842;1827;1718;1762;1684;1813;1724
28;2948;2851;2748;2583;2533;2310;2214;2050;2054;2023;1975;1782;1843;1830;1717;1754;1677;1789
29;2924;2964;2857;2730;2570;2535;2312;2221;2028;2040;2013;1974;1774;1850;1828;1717;1742;1658
30;3073;2960;2973;2867;2759;2572;2544;2334;2194;2015;2051;2022;1960;1775;1862;1816;1717;1713
31;2948;3086;2958;2975;2871;2744;2589;2545;2346;2190;2028;2053;2020;1949;1772;1848;1823;1707
32;3105;2954;3092;2945;2958;2849;2737;2619;2541;2341;2176;2034;2069;2019;1948;1773;1839;1801
33;3065;3138;2942;3074;2937;2957;2856;2751;2617;2543;2354;2213;2032;2092;2031;1952;1777;1853
34;2992;3054;3134;2933;3087;2928;2967;2888;2746;2592;2545;2379;2222;2030;2081;2058;1965;1796
35;3110;3014;3071;3142;2951;3093;2958;2991;2895;2748;2617;2565;2380;2227;2054;2088;2049;1976
36;3271;3135;3028;3087;3161;2963;3108;2986;3002;2903;2769;2609;2548;2380;2236;2061;2088;2056
37;3241;3283;3155;3035;3113;3158;2989;3114;2998;3012;2930;2791;2606;2550;2394;2240;2059;2073
38;3087;3240;3285;3164;3042;3122;3166;3007;3117;3001;3014;2952;2806;2620;2576;2395;2248;2060
39;2965;3109;3248;3283;3184;3054;3127;3168;3016;3126;3005;3037;2960;2830;2634;2585;2393;2244
40;2911;2977;3106;3270;3292;3202;3072;3154;3165;3016;3148;3013;3054;2962;2835;2649;2575;2415
41;2906;2907;2993;3119;3293;3292;3206;3082;3168;3165;3020;3160;3009;3054;2983;2845;2667;2576
42;2808;2916;2915;3011;3141;3288;3314;3232;3080;3185;3168;3036;3163;3016;3077;3001;2858;2658
43;2750;2803;2912;2917;3023;3154;3308;3340;3255;3089;3194;3202;3042;3175;3035;3096;3003;2859
44;2628;2771;2819;2934;2927;3047;3183;3321;3341;3243;3110;3207;3203;3045;3190;3056;3099;3019
45;2839;2636;2790;2830;2943;2937;3035;3188;3341;3355;3261;3132;3214;3226;3058;3200;3064;3092
46;2823;2847;2644;2806;2827;2940;2947;3037;3205;3366;3359;3283;3142;3221;3244;3076;3204;3061
47;2771;2833;2850;2647;2817;2836;2954;2965;3039;3214;3376;3360;3289;3140;3259;3262;3087;3201
48;2694;2780;2843;2860;2648;2816;2834;2958;2961;3048;3227;3389;3364;3293;3169;3257;3270;3080
49;2791;2707;2793;2834;2869;2652;2812;2836;2949;2956;3056;3237;3394;3380;3304;3167;3254;3260
50;2889;2787;2703;2796;2841;2870;2670;2818;2829;2945;2944;3060;3240;3395;3406;3319;3173;3265
51;2915;2875;2789;2716;2791;2839;2871;2687;2831;2833;2949;2946;3076;3238;3407;3407;3317;3168
52;3093;2903;2875;2788;2715;2795;2845;2881;2692;2828;2828;2944;2949;3087;3238;3409;3415;3316
53;3303;3108;2918;2862;2789;2720;2795;2842;2883;2680;2827;2837;2958;2953;3101;3246;3397;3403
54;3183;3323;3109;2919;2861;2784;2724;2795;2840;2881;2675;2811;2836;2964;2967;3110;3246;3391
55;3165;3194;3339;3098;2917;2849;2772;2735;2803;2852;2878;2687;2815;2840;2970;2975;3106;3240
56;2635;3171;3202;3351;3092;2910;2846;2779;2739;2799;2837;2868;2685;2809;2841;2975;2975;3095
57;2634;2630;3185;3208;3344;3100;2898;2844;2777;2739;2797;2838;2874;2688;2819;2829;2985;2968
58;2913;2626;2623;3181;3198;3347;3105;2882;2848;2775;2732;2790;2831;2854;2690;2833;2840;2967
59;2825;2907;2618;2614;3176;3191;3347;3092;2879;2830;2760;2733;2779;2825;2862;2690;2818;2843
60;2895;2826;2901;2621;2612;3177;3177;3349;3086;2874;2825;2761;2731;2766;2833;2856;2696;2827
61;3158;2890;2818;2871;2625;2609;3173;3177;3341;3089;2872;2823;2754;2726;2751;2838;2850;2686
62;3034;3137;2888;2802;2873;2613;2593;3155;3181;3342;3079;2870;2803;2741;2718;2735;2834;2866
63;3129;3022;3141;2874;2788;2864;2603;2571;3168;3172;3338;3067;2857;2773;2739;2721;2724;2825
64;2959;3117;3013;3124;2857;2781;2855;2600;2560;3149;3164;3317;3063;2839;2757;2738;2700;2716
65;2632;2942;3103;3012;3106;2838;2762;2837;2583;2542;3133;3140;3300;3042;2825;2754;2734;2677
66;2847;2615;2922;3078;2987;3094;2822;2742;2837;2563;2531;3104;3124;3281;3038;2809;2735;2704
67;2704;2817;2600;2888;3068;2962;3077;2785;2718;2816;2547;2502;3079;3108;3261;3022;2775;2717
68;2850;2670;2802;2569;2858;3036;2934;3056;2759;2705;2800;2516;2479;3048;3083;3241;2986;2758
69;2635;2832;2650;2766;2548;2830;3014;2911;3034;2731;2687;2768;2497;2443;3014;3058;3226;2952
70;2725;2607;2806;2629;2726;2530;2788;2980;2879;2994;2704;2661;2739;2476;2419;2976;3015;3192
71;2993;2697;2560;2783;2597;2689;2502;2755;2956;2850;2961;2672;2626;2709;2456;2390;2938;2991
72;2718;2949;2644;2526;2738;2572;2643;2459;2724;2921;2816;2929;2631;2595;2663;2423;2359;2900
73;2631;2662;2899;2611;2478;2693;2529;2597;2431;2689;2882;2780;2882;2582;2549;2628;2391;2323
74;2637;2576;2594;2831;2557;2424;2658;2477;2545;2385;2633;2823;2715;2836;2541;2491;2590;2352
75;2503;2568;2517;2540;2767;2492;2380;2587;2422;2489;2321;2589;2772;2673;2784;2495;2447;2549
76;2516;2448;2511;2439;2454;2700;2446;2311;2517;2383;2435;2270;2542;2706;2624;2730;2441;2408
77;2401;2440;2368;2437;2348;2375;2622;2351;2249;2444;2318;2374;2215;2485;2637;2570;2657;2386
78;2349;2333;2349;2281;2373;2267;2283;2513;2289;2182;2375;2247;2325;2154;2411;2571;2500;2604
79;2254;2263;2256;2273;2205;2259;2199;2220;2428;2204;2109;2272;2179;2264;2076;2339;2473;2426
80;2096;2141;2184;2140;2165;2115;2174;2096;2137;2341;2107;2027;2176;2090;2185;2003;2266;2385
81;2068;2003;2024;2090;2038;2033;2016;2070;2013;2032;2231;2019;1934;2064;1996;2091;1916;2165
82;1175;1946;1884;1926;1966;1945;1918;1899;1984;1906;1918;2118;1908;1841;1978;1933;1960;1828
83;920;1116;1822;1780;1802;1836;1818;1767;1771;1841;1785;1808;1999;1810;1721;1880;1811;1869
84;855;853;1048;1680;1652;1648;1712;1673;1646;1671;1688;1657;1692;1862;1681;1609;1768;1694
85;908;776;775;994;1546;1496;1515;1576;1551;1513;1527;1558;1537;1577;1740;1543;1482;1659
86;1099;839;696;692;897;1396;1362;1373;1446;1399;1372;1390;1422;1424;1418;1605;1420;1383
87;887;965;731;629;616;800;1209;1219;1224;1299;1279;1203;1260;1261;1276;1293;1429;1320
88;761;794;835;657;551;554;695;1063;1065;1088;1144;1129;1076;1131;1121;1109;1150;1289
89;674;641;670;696;601;511;473;609;949;935;949;1009;981;969;992;984;971;1027
90;473;564;546;572;581;513;436;418;518;816;805;806;868;835;841;855;870;839
91;427;397;455;455;454;490;434;370;359;421;673;679;678;755;701;734;711;746
92;288;353;312;366;361;377;397;360;295;292;350;555;560;566;620;587;619;591
93;229;218;275;256;285;282;299;314;290;239;234;268;448;460;446;483;479;511
94;132;177;170;203;195;232;227;222;231;229;194;184;207;359;378;345;395;379
95;116;93;119;126;165;154;177;183;180;180;185;144;143;168;275;302;260;317
96;71;86;65;80;96;124;105;130;136;137;142;133;110;111;130;204;226;196
97;51;51;64;47;52;64;81;80;92;95;102;88;99;85;69;89;138;167
98;35;28;31;40;33;32;46;50;68;73;74;63;56;69;57;43;58;100
99;26;28;21;18;28;24;17;32;40;42;54;56;45;41;45;43;30;43
100 e oltre;27;36;33;36;32;35;39;28;45;58;75;72;92;100;88;86;84;73
Totale;214658;214379;213998;213538;213173;212589;212253;211783;211078;210408;209524;208872;208008;207075;206249;205409;204046;202599
Età/Anno;2002;2003;2004;2005;2006;2007;2008;2009;2010;2011;2012;2013;2014;2015;2016;2017;2018;2019
Età;Maschi
0;789;787;775;834;829;809;883;857;742;830;718;778;749;720;607;600;560;550
1;809;788;799;774;849;833;810;877;851;737;828;717;763;745;723;608;604;572
2;857;812;795;799;791;852;838;815;881;858;743;819;729;758;751;731;610;609
3;824;864;816;807;814;801;852;831;823;888;863;737;829;731;758;753;730;622
4;800;837;871;821;805;814;811;850;840;821;888;868;738;836;740;764;751;721
5;770;813;851;872;831;814;834;811;852;844;829;890;866;734;839;766;777;754
6;840;767;827;860;876;835;826;836;813;857;848;832;898;875;741;855;777;775
7;803;841;776;838;868;875;843;823;842;815;861;854;830;898;880;760;857;783
8;759;811;845;782;845;872;881;847;829;853;824;866;861;829;908;891;768;856
9;836;756;820;852;786;851;886;888;852;826;857;834;868;868;837;916;896;781
10;846;836;769;829;852;793;859;882;887;855;834;857;839;875;880;848;922;899
11;849;853;842;773;836;854;795;862;878;883;861;843;860;835;886;889;865;938
12;845;849;855;844;779;838;856;807;863;882;884;862;847;865;847;886;903;866
13;880;846;858;857;841;785;845;866;810;862;888;899;860;856;874;855;888;901
14;833;882;841;866;857;843;779;850;865;816;866;889;894;861;854;884;855;894
15;891;841;895;844;866;852;848;779;855;867;817;873;898;892;859;860;883;854
16;936;887;840;892;850;867;856;857;784;853;866;823;877;904;904;859;858;880
17;915;939;890;842;898;848;871;861;856;781;851;868;828;877;907;908;866;861
18;964;917;936;889;844;903;857;871;872;864;780;850;874;840;887;921;929;884
19;1032;961;919;932;890;843;898;852;871;871;863;794;855;874;839;893;927;934
20;1072;1028;961;913;940;890;848;897;845;880;864;861;798;863;874;854;888;923
21;1076;1076;1029;963;913;945;899;856;902;851;875;878;868;801;874;875;857;888
22;1137;1068;1085;1030;975;915;951;905;854;915;850;897;880;866;802;882;877;857
23;1141;1134;1077;1089;1036;983;919;953;898;865;918;851;905;877;872;803;877;875
24;1272;1147;1130;1085;1096;1029;984;917;951;901;868;926;842;906;872;874;804;872
25;1402;1269;1153;1121;1089;1097;1031;986;920;951;898;875;922;849;920;879;878;806
26;1355;1400;1286;1149;1136;1081;1081;1036;986;924;950;916;903;929;860;925;885;869
27;1382;1372;1393;1287;1148;1132;1083;1084;1034;980;927;954;922;911;918;860;936;884
28;1487;1395;1377;1390;1297;1164;1122;1078;1071;1035;980;940;942;920;905;907;850;926
29;1470;1487;1406;1368;1389;1301;1155;1122;1065;1059;1027;981;934;944;920;902;907;837
30;1511;1488;1493;1414;1373;1389;1305;1157;1111;1062;1056;1027;973;926;958;917;895;895
31;1497;1528;1488;1490;1418;1369;1397;1301;1155;1110;1065;1062;1016;970;921;946;918;890
32;1610;1508;1533;1493;1473;1416;1379;1414;1302;1141;1102;1063;1070;1014;966;917;935;900
33;1559;1605;1496;1517;1489;1472;1418;1395;1409;1309;1155;1114;1059;1084;1028;974;912;928
34;1508;1535;1603;1486;1505;1461;1467;1425;1383;1389;1304;1166;1118;1061;1068;1040;978;911
35;1502;1511;1543;1602;1493;1503;1459;1479;1419;1368;1395;1310;1165;1118;1072;1071;1032;988
36;1673;1516;1514;1545;1609;1499;1499;1472;1485;1419;1378;1394;1293;1160;1124;1071;1068;1032
37;1620;1677;1531;1510;1556;1607;1514;1505;1469;1492;1426;1385;1392;1287;1166;1124;1073;1055
38;1527;1619;1677;1527;1510;1555;1602;1521;1513;1473;1495;1442;1393;1406;1301;1154;1117;1068
39;1515;1539;1627;1667;1536;1521;1558;1598;1522;1518;1474;1508;1438;1404;1409;1300;1152;1114
40;1457;1526;1536;1636;1669;1552;1531;1582;1597;1529;1540;1477;1515;1441;1396;1414;1294;1162
41;1436;1454;1533;1542;1648;1661;1549;1532;1592;1603;1526;1545;1475;1512;1442;1405;1422;1291
42;1385;1437;1452;1540;1554;1644;1670;1562;1528;1610;1594;1540;1547;1477;1520;1448;1415;1423
43;1397;1381;1433;1458;1550;1561;1653;1687;1583;1541;1625;1609;1534;1548;1482;1532;1448;1413
44;1315;1406;1390;1445;1470;1558;1575;1661;1684;1573;1557;1637;1619;1537;1551;1487;1531;1451
45;1384;1315;1419;1390;1447;1477;1553;1573;1675;1689;1582;1571;1641;1640;1546;1550;1493;1532
46;1385;1392;1322;1427;1393;1441;1483;1549;1583;1685;1697;1596;1581;1642;1652;1556;1547;1482
47;1327;1382;1392;1324;1429;1391;1444;1492;1547;1597;1689;1696;1596;1571;1659;1658;1558;1549
48;1300;1334;1385;1398;1326;1423;1384;1443;1495;1552;1605;1697;1697;1602;1586;1659;1663;1557
49;1348;1308;1340;1378;1397;1332;1420;1385;1441;1494;1559;1614;1707;1715;1611;1578;1658;1650
50;1451;1348;1300;1342;1384;1398;1340;1417;1377;1437;1489;1562;1621;1700;1726;1614;1583;1665
51;1390;1443;1349;1307;1340;1378;1389;1345;1427;1377;1442;1491;1562;1627;1707;1730;1606;1577
52;1532;1389;1448;1346;1310;1340;1380;1392;1348;1426;1373;1441;1495;1568;1624;1703;1731;1605
53;1666;1542;1393;1428;1344;1306;1337;1374;1398;1339;1423;1380;1453;1493;1570;1625;1694;1723
54;1567;1680;1542;1396;1427;1342;1306;1337;1375;1394;1335;1413;1383;1456;1498;1577;1623;1688
55;1539;1571;1690;1537;1388;1414;1334;1308;1338;1383;1396;1341;1415;1386;1462;1497;1571;1621
56;1288;1544;1573;1694;1530;1385;1412;1336;1312;1337;1372;1391;1342;1417;1386;1460;1499;1566
57;1221;1276;1552;1570;1689;1530;1374;1412;1334;1307;1336;1371;1395;1344;1423;1385;1459;1500
58;1394;1218;1266;1547;1571;1695;1533;1367;1409;1330;1299;1329;1370;1378;1352;1429;1393;1451
59;1365;1383;1212;1265;1539;1570;1688;1516;1365;1397;1321;1303;1322;1369;1383;1351;1419;1395
60;1439;1362;1379;1215;1259;1542;1562;1693;1513;1361;1394;1316;1311;1313;1372;1378;1352;1426
61;1591;1434;1356;1364;1215;1258;1541;1557;1677;1510;1359;1394;1305;1306;1303;1368;1372;1354
62;1494;1575;1434;1342;1356;1209;1246;1516;1559;1673;1508;1360;1381;1297;1307;1290;1363;1379
63;1542;1488;1581;1427;1334;1346;1202;1235;1519;1552;1676;1497;1356;1364;1300;1302;1281;1359
64;1390;1533;1473;1570;1418;1326;1338;1200;1224;1506;1536;1662;1501;1351;1352;1301;1295;1283
65;1262;1371;1518;1473;1554;1401;1317;1329;1190;1207;1490;1522;1649;1494;1337;1355;1302;1280
66;1338;1249;1358;1500;1457;1543;1391;1308;1324;1175;1197;1481;1510;1634;1493;1328;1336;1280
67;1235;1320;1237;1334;1490;1434;1530;1360;1293;1309;1168;1181;1465;1505;1621;1482;1301;1331
68;1332;1211;1312;1214;1317;1471;1410;1510;1334;1284;1298;1147;1169;1444;1494;1617;1460;1293
69;1244;1316;1188;1286;1204;1300;1450;1389;1495;1315;1272;1283;1135;1142;1423;1474;1602;1449
70;1231;1227;1295;1178;1260;1198;1271;1423;1369;1468;1299;1260;1265;1122;1124;1404;1452;1575
71;1341;1213;1188;1287;1163;1245;1183;1242;1403;1346;1452;1274;1232;1248;1105;1102;1388;1446
72;1173;1304;1170;1165;1256;1142;1210;1150;1217;1377;1319;1433;1254;1216;1219;1088;1089;1368
73;1144;1143;1278;1153;1138;1228;1120;1180;1130;1193;1349;1301;1401;1219;1192;1198;1075;1065
74;1127;1112;1096;1232;1120;1109;1199;1093;1147;1095;1164;1312;1261;1370;1185;1162;1176;1048
75;1125;1084;1069;1063;1196;1082;1078;1161;1066;1112;1056;1133;1281;1240;1331;1158;1134;1157
76;1075;1078;1055;1025;1014;1153;1060;1034;1117;1035;1082;1020;1109;1245;1203;1296;1129;1115
77;1027;1026;1022;1012;973;972;1106;996;995;1075;992;1042;981;1075;1198;1169;1251;1102
78;922;990;965;964;967;924;918;1039;958;957;1028;948;1002;946;1029;1158;1120;1229
79;860;866;936;929;918;910;881;885;978;913;917;970;916;973;906;990;1100;1075
80;802;797;822;870;854;864;866;839;839;931;856;872;912;867;928;865;950;1040
81;800;749;737;768;808;785;813;809;791;779;870;817;824;846;825;875;819;892
82;485;721;678;679;710;753;726;769;765;735;718;812;762;786;800;799;819;771
83;370;453;649;626;609;639;694;654;687;677;672;653;757;721;723;745;737;770
84;274;340;427;595;561;538;576;627;601;634;597;599;599;684;664;656;689;686
85;313;239;298;395;545;503;478;518;565;550;567;539;557;550;620;587;593;646
86;384;285;205;257;342;476;458;426;472;492;486;490;482;508;474;555;523;549
87;330;331;239;176;221;292;396;403;383;423;444;423;440;415;435;424;487;482
88;257;298;281;212;152;185;248;345;347;337;357;383;374;383;358;369;369;426
89;246;211;247;230;201;142;144;196;309;292;293;309;320;338;326;297;317;318
90;137;197;178;197;188;170;117;125;159;259;243;238;253;257;287;281;254;265
91;127;114;152;147;149;147;138;95;108;118;201;198;187;205;207;239;218;206
92;83;101;80;109;104;118;116;115;79;84;91;155;158;150;155;173;201;178
93;66;58;75;62;86;77;94;84;97;60;64;68;117;119;119;110;140;162
94;39;50;38;47;41;74;59;69;59;72;52;47;47;90;91;88;88;109
95;23;27;32;29;38;36;54;50;53;44;54;33;34;37;64;71;58;72
96;15;19;18;15;15;27;26;33;38;43;32;35;21;24;26;54;50;40
97;7;10;17;10;12;13;17;17;22;19;29;18;22;16;12;18;30;33
98;5;3;8;6;7;6;8;11;14;13;11;16;16;14;11;7;6;22
99;10;4;2;5;5;3;3;7;9;8;10;8;8;10;10;9;4;5
100 e oltre;1;7;6;6;6;8;6;2;5;12;14;11;13;15;17;14;13;10
Totale;103207;103034;102848;102597;102456;102158;102004;101787;101478;101150;100753;100567;100253;99931;99573;99236;98615;98049
Età/Anno;2002;2003;2004;2005;2006;2007;2008;2009;2010;2011;2012;2013;2014;2015;2016;2017;2018;2019
Età;Femmine
0;741;763;728;826;741;792;834;752;712;786;691;745;684;658;607;597;586;552
1;748;746;769;728;832;749;797;835;749;717;789;705;741;683;653;617;610;572
2;799;761;749;771;740;832;749;806;842;754;729;788;701;745;694;651;617;608
3;730;805;773;749;781;754;831;757;812;842;760;734;796;704;755;705;653;624
4;733;728;802;767;758;788;762;839;759;818;838;758;736;796;714;760;704;653
5;729;734;737;796;771;762;791;773;838;768;823;843;765;728;805;717;762;696
6;749;737;732;744;808;777;765;793;778;828;769;822;845;769;736;816;733;760
7;786;749;753;740;749;810;781;766;805;781;832;776;825;856;778;751;824;737
8;787;791;757;757;749;753;815;786;765;809;783;840;775;824;864;798;758;832
9;820;793;797;756;763;755;760;823;801;771;810;781;847;779;828;876;800;761
10;813;813;790;798;760;765;757;766;825;801;772;816;787;849;790;836;877;794
11;872;813;821;795;801;767;766;764;770;823;803;777;823;790;843;806;844;878
12;806;871;819;823;800;798;765;770;769;775;825;803;780;828;796;855;807;845
13;797;809;870;820;823;802;806;763;775;773;778;826;804;783;842;802;855;805
14;770;792;809;871;821;821;804;813;766;779;774;785;831;810;786;848;805;850
15;875;770;798;815;871;817;825;804;817;768;785;778;780;832;819;792;847;803
16;870;878;774;805;819;871;821;826;807;821;768;784;780;784;837;820;795;852
17;824;872;876;772;804;819;873;828;829;811;823;772;784;780;789;842;826;791
18;958;816;876;868;774;808;821;873;829;823;818;830;783;793;793;806;854;853
19;995;964;819;871;874;782;815;821;868;831;821;816;834;784;787;797;814;860
20;986;997;957;831;874;871;791;820;821;879;823;831;819;830;783;789;795;822
21;979;981;994;961;835;883;870;789;823;827;878;822;842;825;833;791;794;793
22;1081;977;989;983;959;840;888;876;787;823;825;888;829;835;826;830;786;793
23;1151;1078;972;987;987;961;833;882;869;804;830;831;895;831;840;826;837;790
24;1208;1150;1093;974;982;982;967;837;883;885;805;833;835;889;842;838;820;830
25;1222;1223;1146;1090;974;992;976;983;840;883;885;803;831;830;894;844;845;819
26;1377;1216;1240;1143;1089;977;982;982;981;841;880;891;807;836;833;881;849;835
27;1444;1366;1205;1236;1143;1087;969;993;976;993;847;888;905;807;844;824;877;840
28;1461;1456;1371;1193;1236;1146;1092;972;983;988;995;842;901;910;812;847;827;863
29;1454;1477;1451;1362;1181;1234;1157;1099;963;981;986;993;840;906;908;815;835;821
30;1562;1472;1480;1453;1386;1183;1239;1177;1083;953;995;995;987;849;904;899;822;818
31;1451;1558;1470;1485;1453;1375;1192;1244;1191;1080;963;991;1004;979;851;902;905;817
32;1495;1446;1559;1452;1485;1433;1358;1205;1239;1200;1074;971;999;1005;982;856;904;901
33;1506;1533;1446;1557;1448;1485;1438;1356;1208;1234;1199;1099;973;1008;1003;978;865;925
34;1484;1519;1531;1447;1582;1467;1500;1463;1363;1203;1241;1213;1104;969;1013;1018;987;885
35;1608;1503;1528;1540;1458;1590;1499;1512;1476;1380;1222;1255;1215;1109;982;1017;1017;988
36;1598;1619;1514;1542;1552;1464;1609;1514;1517;1484;1391;1215;1255;1220;1112;990;1020;1024
37;1621;1606;1624;1525;1557;1551;1475;1609;1529;1520;1504;1406;1214;1263;1228;1116;986;1018
38;1560;1621;1608;1637;1532;1567;1564;1486;1604;1528;1519;1510;1413;1214;1275;1241;1131;992
39;1450;1570;1621;1616;1648;1533;1569;1570;1494;1608;1531;1529;1522;1426;1225;1285;1241;1130
40;1454;1451;1570;1634;1623;1650;1541;1572;1568;1487;1608;1536;1539;1521;1439;1235;1281;1253
41;1470;1453;1460;1577;1645;1631;1657;1550;1576;1562;1494;1615;1534;1542;1541;1440;1245;1285
42;1423;1479;1463;1471;1587;1644;1644;1670;1552;1575;1574;1496;1616;1539;1557;1553;1443;1235
43;1353;1422;1479;1459;1473;1593;1655;1653;1672;1548;1569;1593;1508;1627;1553;1564;1555;1446
44;1313;1365;1429;1489;1457;1489;1608;1660;1657;1670;1553;1570;1584;1508;1639;1569;1568;1568
45;1455;1321;1371;1440;1496;1460;1482;1615;1666;1666;1679;1561;1573;1586;1512;1650;1571;1560
46;1438;1455;1322;1379;1434;1499;1464;1488;1622;1681;1662;1687;1561;1579;1592;1520;1657;1579
47;1444;1451;1458;1323;1388;1445;1510;1473;1492;1617;1687;1664;1693;1569;1600;1604;1529;1652
48;1394;1446;1458;1462;1322;1393;1450;1515;1466;1496;1622;1692;1667;1691;1583;1598;1607;1523
49;1443;1399;1453;1456;1472;1320;1392;1451;1508;1462;1497;1623;1687;1665;1693;1589;1596;1610
50;1438;1439;1403;1454;1457;1472;1330;1401;1452;1508;1455;1498;1619;1695;1680;1705;1590;1600
51;1525;1432;1440;1409;1451;1461;1482;1342;1404;1456;1507;1455;1514;1611;1700;1677;1711;1591
52;1561;1514;1427;1442;1405;1455;1465;1489;1344;1402;1455;1503;1454;1519;1614;1706;1684;1711
53;1637;1566;1525;1434;1445;1414;1458;1468;1485;1341;1404;1457;1505;1460;1531;1621;1703;1680
54;1616;1643;1567;1523;1434;1442;1418;1458;1465;1487;1340;1398;1453;1508;1469;1533;1623;1703
55;1626;1623;1649;1561;1529;1435;1438;1427;1465;1469;1482;1346;1400;1454;1508;1478;1535;1619
56;1347;1627;1629;1657;1562;1525;1434;1443;1427;1462;1465;1477;1343;1392;1455;1515;1476;1529
57;1413;1354;1633;1638;1655;1570;1524;1432;1443;1432;1461;1467;1479;1344;1396;1444;1526;1468
58;1519;1408;1357;1634;1627;1652;1572;1515;1439;1445;1433;1461;1461;1476;1338;1404;1447;1516
59;1460;1524;1406;1349;1637;1621;1659;1576;1514;1433;1439;1430;1457;1456;1479;1339;1399;1448
60;1456;1464;1522;1406;1353;1635;1615;1656;1573;1513;1431;1445;1420;1453;1461;1478;1344;1401
61;1567;1456;1462;1507;1410;1351;1632;1620;1664;1579;1513;1429;1449;1420;1448;1470;1478;1332
62;1540;1562;1454;1460;1517;1404;1347;1639;1622;1669;1571;1510;1422;1444;1411;1445;1471;1487
63;1587;1534;1560;1447;1454;1518;1401;1336;1649;1620;1662;1570;1501;1409;1439;1419;1443;1466
64;1569;1584;1540;1554;1439;1455;1517;1400;1336;1643;1628;1655;1562;1488;1405;1437;1405;1433
65;1370;1571;1585;1539;1552;1437;1445;1508;1393;1335;1643;1618;1651;1548;1488;1399;1432;1397
66;1509;1366;1564;1578;1530;1551;1431;1434;1513;1388;1334;1623;1614;1647;1545;1481;1399;1424
67;1469;1497;1363;1554;1578;1528;1547;1425;1425;1507;1379;1321;1614;1603;1640;1540;1474;1386
68;1518;1459;1490;1355;1541;1565;1524;1546;1425;1421;1502;1369;1310;1604;1589;1624;1526;1465
69;1391;1516;1462;1480;1344;1530;1564;1522;1539;1416;1415;1485;1362;1301;1591;1584;1624;1503
70;1494;1380;1511;1451;1466;1332;1517;1557;1510;1526;1405;1401;1474;1354;1295;1572;1563;1617
71;1652;1484;1372;1496;1434;1444;1319;1513;1553;1504;1509;1398;1394;1461;1351;1288;1550;1545
72;1545;1645;1474;1361;1482;1430;1433;1309;1507;1544;1497;1496;1377;1379;1444;1335;1270;1532
73;1487;1519;1621;1458;1340;1465;1409;1417;1301;1496;1533;1479;1481;1363;1357;1430;1316;1258
74;1510;1464;1498;1599;1437;1315;1459;1384;1398;1290;1469;1511;1454;1466;1356;1329;1414;1304
75;1378;1484;1448;1477;1571;1410;1302;1426;1356;1377;1265;1456;1491;1433;1453;1337;1313;1392
76;1441;1370;1456;1414;1440;1547;1386;1277;1400;1348;1353;1250;1433;1461;1421;1434;1312;1293
77;1374;1414;1346;1425;1375;1403;1516;1355;1254;1369;1326;1332;1234;1410;1439;1401;1406;1284
78;1427;1343;1384;1317;1406;1343;1365;1474;1331;1225;1347;1299;1323;1208;1382;1413;1380;1375
79;1394;1397;1320;1344;1287;1349;1318;1335;1450;1291;1192;1302;1263;1291;1170;1349;1373;1351
80;1294;1344;1362;1270;1311;1251;1308;1257;1298;1410;1251;1155;1264;1223;1257;1138;1316;1345
81;1268;1254;1287;1322;1230;1248;1203;1261;1222;1253;1361;1202;1110;1218;1171;1216;1097;1273
82;690;1225;1206;1247;1256;1192;1192;1130;1219;1171;1200;1306;1146;1055;1178;1134;1141;1057
83;550;663;1173;1154;1193;1197;1124;1113;1084;1164;1113;1155;1242;1089;998;1135;1074;1099
84;581;513;621;1085;1091;1110;1136;1046;1045;1037;1091;1058;1093;1178;1017;953;1079;1008
85;595;537;477;599;1001;993;1037;1058;986;963;960;1019;980;1027;1120;956;889;1013
86;715;554;491;435;555;920;904;947;974;907;886;900;940;916;944;1050;897;834
87;557;634;492;453;395;508;813;816;841;876;835;780;820;846;841;869;942;838
88;504;496;554;445;399;369;447;718;718;751;787;746;702;748;763;740;781;863
89;428;430;423;466;400;369;329;413;640;643;656;700;661;631;666;687;654;709
90;336;367;368;375;393;343;319;293;359;557;562;568;615;578;554;574;616;574
91;300;283;303;308;305;343;296;275;251;303;472;481;491;550;494;495;493;540
92;205;252;232;257;257;259;281;245;216;208;259;400;402;416;465;414;418;413
93;163;160;200;194;199;205;205;230;193;179;170;200;331;341;327;373;339;349
94;93;127;132;156;154;158;168;153;172;157;142;137;160;269;287;257;307;270
95;93;66;87;97;127;118;123;133;127;136;131;111;109;131;211;231;202;245
96;56;67;47;65;81;97;79;97;98;94;110;98;89;87;104;150;176;156
97;44;41;47;37;40;51;64;63;70;76;73;70;77;69;57;71;108;134
98;30;25;23;34;26;26;38;39;54;60;63;47;40;55;46;36;52;78
99;16;24;19;13;23;21;14;25;31;34;44;48;37;31;35;34;26;38
100 e oltre;26;29;27;30;26;27;33;26;40;46;61;61;79;85;71;72;71;63
Totale;111451;111345;111150;110941;110717;110431;110249;109996;109600;109258;108771;108305;107755;107144;106676;106173;105431;104550

"Ricostruzione della popolazione intercensuaria - Popolazione al 1° gennaio per età"
"Cittadinanza straniera - Provincia: Terni"
Età/Anno;2002;2003;2004;2005;2006;2007;2008;2009;2010;2011;2012;2013;2014;2015;2016;2017;2018;2019
Età;Totale
0;91;126;134;157;207;217;235;293;283;309;296;265;291;277;234;248;221;239
1;90;92;127;136;163;208;237;241;313;291;307;303;275;291;267;222;238;210
2;70;97;100;134;144;170;224;236;254;318;293;310;304;262;275;247;202;243
3;77;84;110;108;151;145;189;238;244;260;313;302;304;296;242;255;231;198
4;74;85;94;132;114;154;171;193;258;247;269;318;313;297;270;239;256;231
5;53;84;88;110;141;133;183;178;202;261;255;287;322;306;266;248;235;244
6;50;69;100;101;133;160;149;201;177;203;273;275;286;313;289;236;237;227
7;52;67;84;111;126;131;183;157;217;196;206;279;281;288;277;270;224;238
8;66;61;80;107;128;140;166;202;170;229;202;216;280;273;267;247;257;221
9;56;89;75;103;132;126;161;186;213;191;231;205;206;257;244;244;231;252
10;55;68;96;94;117;148;150;187;202;230;208;242;201;207;227;216;232;229
11;61;63;85;113;117;122;179;167;201;215;239;220;239;202;189;215;210;218
12;60;77;82;110;125;118;143;211;190;208;231;250;215;219;187;175;204;209
13;52;69;85;102;133;129;139;158;225;195;213;232;261;200;202;171;175;209
14;59;62;79;107;119;141;148;169;168;237;207;222;236;252;188;184;171;170
15;56;63;76;100;128;120;173;181;190;186;250;210;222;229;251;178;176;180
16;39;57;74;96;131;134;137;194;200;199;195;256;207;213;220;241;178;194
17;49;59;72;76;124;130;155;164;207;213;205;204;249;203;219;219;242;186
18;43;59;77;104;100;139;162;177;199;226;227;218;200;226;206;209;221;214
19;57;42;84;89;113;119;174;208;224;240;240;235;234;201;233;235;236;225
20;73;63;78;101;104;120;181;236;254;267;269;276;258;252;209;264;268;267
21;54;75;113;113;133;118;204;271;295;320;294;311;305;260;274;235;277;284
22;85;56;121;137;127;160;223;275;312;357;348;312;328;305;271;290;254;300
23;85;103;118;146;159;147;256;289;337;369;400;396;331;336;299;296;299;267
24;100;100;181;162;175;175;221;325;328;403;406;428;414;341;335;308;303;304
25;114;109;169;227;193;203;287;300;350;387;428;442;448;415;328;356;323;315
26;123;129;163;220;255;214;297;387;345;385;419;455;458;443;405;337;363;347
27;152;134;219;207;252;285;308;375;437;391;417;432;475;449;430;430;346;369
28;134;162;246;277;266;282;371;381;415;478;419;435;457;476;423;438;447;361
29;144;169;261;315;330;290;359;437;428;446;491;442;455;461;472;438;456;464
30;159;172;266;320;359;353;379;425;471;442;456;498;460;443;444;474;461;474
31;158;194;250;311;332;380;427;398;467;498;454;471;514;458;467;443;475;477
32;158;171;257;301;337;332;440;464;425;492;484;465;497;524;453;469;450;501
33;147;180;235;275;311;344;393;446;474;447;479;498;494;512;505;453;473;455
34;152;159;241;264;296;302;403;431;469;479;439;510;508;498;508;499;457;465
35;149;165;234;285;291;290;356;416;468;474;479;455;526;493;488;513;516;474
36;148;164;237;260;300;292;350;391;434;467;451;501;483;514;474;477;511;514
37;146;160;219;271;282;326;353;394;410;454;448;472;505;473;484;463;462;508
38;115;162;221;241;290;284;383;375;418;430;442;468;494;504;465;468;454;472
39;107;120;214;250;254;287;377;421;401;425;436;467;477;494;489;452;457;469
40;103;116;176;233;258;255;380;431;439;417;423;462;461;478;463;468;441;453
41;95;120;173;204;250;255;308;416;464;465;427;432;482;453;459;447;456;433
42;91;106;170;200;217;252;314;334;453;485;472;437;441;464;431;456;436;443
43;87;94;176;191;203;213;290;336;335;451;454;480;443;435;453;413;454;437
44;54;89;145;201;209;203;260;315;355;342;441;459;481;438;409;428;405;449
45;71;57;152;175;214;212;250;295;328;364;341;453;457;460;419;405;408;393
46;77;79;99;173;182;213;256;274;316;344;353;347;462;454;437;418;399;403
47;57;83;130;133;178;190;254;304;304;324;335;350;346;458;434;432;417;406
48;51;62;133;149;146;193;243;278;316;327;331;337;365;335;441;431;437;415
49;49;55;102;149;148;146;222;266;292;343;326;342;350;364;308;425;417;425
50;51;52;90;124;158;141;175;248;272;310;353;334;342;344;346;291;421;422
51;36;48;81;103;133;151;180;201;257;278;307;364;335;338;322;342;291;421
52;32;41;76;85;108;126;185;195;225;255;270;315;366;331;337;313;337;296
53;27;35;60;91;83;111;158;202;216;235;250;277;325;354;317;348;306;336
54;32;30;58;82;97;85;116;175;217;212;221;253;280;313;338;307;342;303
55;31;32;54;76;81;96;101;132;178;223;205;229;254;268;305;332;301;338
56;24;28;42;63;86;85;102;101;142;185;218;206;239;248;256;296;326;311
57;28;27;42;53;61;87;86;116;108;146;190;225;213;233;240;252;282;326
58;36;30;37;54;53;61;92;91;116;108;143;190;227;209;223;238;253;284
59;18;38;37;46;61;54;67;95;96;113;111;150;190;222;205;232;241;265
60;22;22;44;36;50;60;51;79;93;99;114;117;155;185;215;197;235;242
61;32;27;31;48;41;49;62;57;82;91;88;123;124;150;188;211;202;237
62;21;31;34;36;56;45;50;60;64;89;96;95;123;118;151;177;196;205
63;17;23;33;34;40;54;44;49;62;67;94;100;95;120;120;157;174;201
64;13;19;25;37;37;36;56;51;54;69;69;102;106;94;111;122;152;174
65;10;18;18;28;37;36;35;50;57;54;69;75;107;102;88;110;122;158
66;19;10;17;23;33;39;38;39;53;53;55;74;76;103;100;92;110;120
67;10;19;14;22;21;35;38;41;43;57;57;54;78;79;110;102;95;111
68;5;11;22;21;20;20;36;41;41;50;57;55;51;79;79;106;97;103
69;15;8;11;23;23;20;26;34;38;41;47;61;59;49;74;78;104;93
70;6;14;12;15;28;22;19;30;34;34;39;47;57;63;54;73;75;100
71;15;8;13;12;17;25;18;17;32;29;35;39;50;59;59;53;73;79
72;13;13;13;16;14;17;23;18;21;31;29;36;41;46;56;58;55;65
73;8;11;13;16;18;10;16;27;16;18;31;31;36;37;49;54;57;54
74;10;9;9;13;14;17;9;18;22;17;21;30;31;33;36;50;51;54
75;7;8;9;10;11;11;19;10;14;22;19;21;31;30;34;35;46;46
76;8;8;8;10;11;11;11;14;10;16;21;19;22;29;36;35;36;45
77;5;7;7;7;10;11;10;9;11;9;15;21;23;24;27;36;35;35
78;2;4;6;10;7;8;10;11;10;9;11;13;20;21;20;25;35;35
79;3;1;4;5;10;6;8;9;10;8;11;8;15;19;19;21;24;35
80;6;4;1;5;2;9;4;8;11;8;8;12;7;14;20;17;22;23
81;2;7;5;4;5;3;9;6;9;11;8;7;16;8;13;20;18;22
82;6;1;7;6;3;5;2;11;6;9;10;8;7;14;8;11;19;17
83;2;5;2;7;7;3;4;2;10;6;10;9;8;5;9;8;11;17
84;1;2;4;2;7;8;2;1;0;9;5;10;9;8;6;10;7;9
85;2;2;2;4;2;7;6;2;1;1;9;5;10;9;7;4;11;6
86;2;1;0;1;5;2;6;5;4;2;0;8;4;11;9;7;4;9
87;0;1;1;0;0;5;2;5;5;3;3;0;7;4;6;11;7;4
88;3;0;0;1;0;0;5;2;4;3;3;3;1;7;4;3;12;7
89;1;0;0;1;1;0;0;4;1;3;1;3;3;0;7;4;3;12
90;2;1;0;0;1;1;0;0;2;0;3;1;2;3;0;7;4;1
91;0;2;1;1;0;1;1;0;0;2;0;4;1;3;2;1;6;3
92;1;1;0;1;1;0;1;1;0;0;2;0;4;1;4;2;1;5
93;0;2;1;1;1;1;0;1;1;0;0;1;0;3;1;2;1;1
94;0;1;0;1;1;0;1;0;1;1;0;0;1;0;3;2;2;0
95;0;0;1;0;1;0;0;1;0;0;1;0;1;1;0;3;2;2
96;0;0;0;1;0;1;0;0;0;0;0;1;0;1;1;0;3;1
97;0;0;0;1;1;0;1;0;0;0;0;0;0;0;1;1;0;2
98;0;0;0;0;1;1;0;0;0;0;0;0;0;0;0;0;1;0
99;0;0;0;0;0;1;1;0;0;0;0;0;0;0;0;0;0;0
100 e oltre;0;0;1;2;1;0;0;1;0;0;0;0;0;0;0;0;0;0
Totale;5032;5743;8247;9919;11156;11777;14689;16897;18526;19913;20531;21618;22453;22394;21846;21781;21907;22316
Età/Anno;2002;2003;2004;2005;2006;2007;2008;2009;2010;2011;2012;2013;2014;2015;2016;2017;2018;2019
Età;Maschi
0;46;53;77;79;117;123;122;149;154;144;162;141;150;154;128;125;123;119
1;36;45;54;78;83;119;129;124;157;156;149;158;147;152;153;120;120;116
2;39;39;52;59;81;91;125;132;130;166;160;147;156;139;138;144;108;123
3;42;47;46;55;66;80;101;132;133;135;162;164;138;151;127;127;132;99
4;42;47;57;56;56;71;92;104;141;137;137;163;168;140;136;127;128;132
5;27;49;51;64;59;64;87;94;108;142;141;143;164;162;125;122;126;121
6;23;38;56;56;79;69;78;102;95;110;147;153;144;160;154;111;119;124
7;24;32;46;59;64;77;82;79;109;111;112;151;157;143;136;142;111;116
8;37;28;38;53;73;71;94;98;83;116;116;115;150;155;132;124;134;107
9;33;51;34;45;69;75;77;104;104;92;116;116;112;137;141;127;112;136
10;35;38;55;42;53;81;85;88;110;109;99;123;113;110;119;125;120;110
11;34;40;45;67;58;56;96;93;93;116;114;106;117;113;98;113;124;112
12;29;40;56;55;72;58;67;112;104;97;125;121;101;103;107;98;109;123
13;30;35;44;67;68;72;69;74;119;105;101;123;126;92;96;99;98;110
14;30;36;37;50;77;69;82;88;82;128;107;105;122;117;85;83;96;90
15;34;33;43;47;58;78;87;98;100;89;137;109;105;119;121;80;80;102
16;20;34;46;55;67;61;83;101;106;105;94;139;110;104;113;117;79;94
17;24;29;45;48;70;68;70;94;107;116;112;98;134;107;110;115;120;88
18;23;25;35;64;63;82;89;82;112;112;123;121;103;120;114;116;121;118
19;30;27;44;41;69;72;99;109;107;135;120;124;126;102;125;134;138;128
20;38;31;45;55;44;66;107;131;132;121;148;136;132;141;105;152;161;159
21;19;39;56;67;65;48;99;140;158;163;134;169;153;131;160;129;171;170
22;39;16;62;68;70;81;103;137;161;182;172;142;178;157;140;172;147;183
23;37;40;44;72;75;77;124;134;158;185;200;189;157;176;165;154;174;157
24;33;40;70;71;81;72;112;159;146;176;208;214;196;153;168;177;162;168
25;43;42;67;90;79;89;135;143;173;169;189;213;218;198;149;184;188;162
26;43;43;63;86;96;88;128;182;163;189;172;198;223;214;190;159;188;200
27;53;45;96;91;94;115;137;169;203;190;200;183;215;213;218;202;164;181
28;63;50;89;118;111;102;153;170;193;217;201;209;193;218;196;221;214;178
29;63;83;98;133;147;123;135;196;197;206;231;211;220;195;225;199;232;227
30;62;76;122;123;155;159;170;159;213;200;209;234;214;215;182;227;210;241
31;70;80;112;146;119;172;194;179;177;233;206;219;250;214;225;188;224;226
32;63;76;108;134;157;119;193;207;189;198;228;208;235;252;207;233;203;241
33;70;80;104;115;133;152;146;199;214;198;193;235;222;234;236;209;231;215
34;75;74;104;118;121;130;172;166;198;217;193;217;241;228;239;230;206;231
35;79;90;104;131;134;126;150;176;183;203;219;195;223;224;221;246;235;226
36;70;94;126;122;141;132;153;169;190;180;185;233;206;223;217;210;249;238
37;68;75;113;147;127;158;152;174;174;183;166;200;233;210;205;212;207;254
38;49;76;94;129;162;130;179;164;179;185;182;174;206;227;205;203;212;223
39;47;51;90;109;134;166;164;199;165;172;187;192;181;201;221;192;204;222
40;49;51;62;104;115;132;196;178;202;164;167;197;188;188;191;207;187;210
41;47;57;59;74;117;115;149;206;185;203;162;176;202;183;177;184;200;185
42;45;56;75;76;83;121;138;159;209;184;204;170;177;184;170;173;184;195
43;45;52;78;85;75;81;121;135;155;194;168;205;167;173;178;166;173;188
44;27;42;65;86;91;75;99;123;133;147;184;168;198;164;164;165;161;177
45;31;29;56;73;90;81;87;108;125;128;136;186;156;182;153;159;153;158
46;35;39;43;63;79;91;89;93;110;125;120;138;179;150;167;153;154;153
47;24;41;47;53;66;81;102;100;102;111;117;109;125;170;142;162;155;159
48;24;28;56;56;61;77;95;104;104;99;111;116;106;118;160;141;156;155
49;19;30;32;60;52;57;91;102;102;107;96;117;113;104;105;155;131;158
50;25;21;38;40;61;52;66;96;101;103;109;97;116;108;96;98;154;135
51;9;24;23;38;41;60;58;77;94;97;99;109;95;114;100;98;98;152
52;13;11;19;25;42;38;66;63;77;94;94;101;107;95;111;95;95;101
53;10;18;16;24;25;43;48;70;64;75;93;93;103;103;89;109;91;98
54;14;14;20;16;31;28;49;51;72;57;70;91;89;100;94;87;103;89
55;10;17;18;27;16;35;30;50;51;65;53;71;86;82;94;94;80;102
56;15;11;19;17;30;19;33;29;51;52;60;52;70;83;75;93;90;84
57;12;15;16;24;18;33;21;33;30;48;51;69;48;68;76;71;94;85
58;15;16;15;18;25;19;25;22;31;30;49;52;65;48;62;76;69;98
59;3;16;19;21;21;25;20;22;19;31;31;51;46;60;41;65;73;77
60;3;6;19;17;22;20;25;23;18;21;29;33;49;46;58;40;62;75
61;10;4;10;22;18;22;21;30;24;18;15;27;32;45;46;52;40;61
62;11;10;6;11;26;21;19;21;33;24;21;17;29;33;42;44;49;41
63;7;12;10;8;13;24;21;20;23;34;28;22;14;29;33;43;43;47
64;7;8;11;12;7;13;25;22;22;22;34;29;25;11;25;34;44;43
65;3;10;8;10;13;8;13;21;23;18;22;35;30;22;12;26;29;43
66;6;4;9;12;13;14;9;13;22;23;16;25;33;29;24;13;27;29
67;3;8;5;9;10;16;15;10;16;23;24;15;29;31;29;26;13;26
68;2;4;10;7;9;9;18;17;11;16;21;23;16;32;30;25;27;16
69;6;3;5;11;9;9;12;17;14;11;16;23;24;16;28;31;24;27
70;3;6;5;7;13;8;9;12;19;11;12;17;22;27;19;26;28;22
71;6;2;7;5;7;13;6;7;13;16;11;13;16;24;24;16;27;28
72;6;6;7;9;6;8;13;6;8;13;16;11;16;14;23;22;18;20
73;5;5;8;9;10;4;6;15;6;7;12;17;10;15;12;24;22;20
74;3;6;5;8;8;10;4;7;12;6;7;10;16;9;15;10;23;20
75;4;2;7;5;6;7;11;4;4;12;6;8;10;15;9;15;8;19
76;2;5;2;8;5;6;7;7;4;5;11;6;9;8;18;9;14;8
77;2;1;4;2;7;5;5;5;7;4;5;10;9;8;8;18;8;13
78;0;2;1;7;1;6;4;6;5;5;6;5;9;8;8;8;18;9
79;2;0;2;1;7;0;6;2;5;3;5;4;5;9;7;9;8;19
80;2;2;0;3;0;6;0;6;4;4;3;5;3;5;9;6;9;7
81;0;3;1;2;3;0;6;0;7;4;3;2;7;3;5;8;5;10
82;3;0;2;2;1;3;0;6;0;7;3;3;3;7;3;5;8;5
83;1;3;0;1;2;1;2;0;5;1;7;4;3;2;5;3;5;8
84;1;1;2;0;1;2;0;1;0;4;0;7;4;3;3;5;3;4
85;0;1;1;2;0;1;2;0;1;0;4;0;7;4;3;2;5;2
86;0;0;0;1;2;0;1;1;1;1;0;4;0;7;4;3;2;4
87;0;0;0;0;0;2;0;1;1;1;2;0;3;0;6;4;3;2
88;0;0;0;0;0;0;2;0;1;0;1;2;0;3;0;3;6;3
89;0;0;0;1;0;0;0;2;0;1;0;1;2;0;3;0;3;6
90;1;0;0;0;1;0;0;0;1;0;1;0;0;2;0;5;0;1
91;0;1;0;1;0;1;0;0;0;1;0;1;0;0;2;0;4;0
92;0;0;0;0;1;0;1;0;0;0;1;0;1;0;1;2;0;3
93;0;1;0;1;0;1;0;1;0;0;0;1;0;1;0;0;1;0
94;0;0;0;0;1;0;1;0;1;0;0;0;1;0;1;0;0;0
95;0;0;0;0;0;0;0;1;0;0;0;0;0;1;0;1;0;0
96;0;0;0;0;0;0;0;0;0;0;0;0;0;0;1;0;1;0
97;0;0;0;0;0;0;0;0;0;0;0;0;0;0;0;1;0;1
98;0;0;0;0;0;0;0;0;0;0;0;0;0;0;0;0;1;0
99;0;0;0;0;0;0;0;0;0;0;0;0;0;0;0;0;0;0
100 e oltre;0;0;1;2;1;0;0;0;0;0;0;0;0;0;0;0;0;0
Totale;2293;2671;3652;4441;5009;5345;6567;7515;8148;8618;8873;9339;9612;9550;9293;9338;9469;9771
Età/Anno;2002;2003;2004;2005;2006;2007;2008;2009;2010;2011;2012;2013;2014;2015;2016;2017;2018;2019
Età;Femmine
0;45;73;57;78;90;94;113;144;129;165;134;124;141;123;106;123;98;120
1;54;47;73;58;80;89;108;117;156;135;158;145;128;139;114;102;118;94
2;31;58;48;75;63;79;99;104;124;152;133;163;148;123;137;103;94;120
3;35;37;64;53;85;65;88;106;111;125;151;138;166;145;115;128;99;99
4;32;38;37;76;58;83;79;89;117;110;132;155;145;157;134;112;128;99
5;26;35;37;46;82;69;96;84;94;119;114;144;158;144;141;126;109;123
6;27;31;44;45;54;91;71;99;82;93;126;122;142;153;135;125;118;103
7;28;35;38;52;62;54;101;78;108;85;94;128;124;145;141;128;113;122
8;29;33;42;54;55;69;72;104;87;113;86;101;130;118;135;123;123;114
9;23;38;41;58;63;51;84;82;109;99;115;89;94;120;103;117;119;116
10;20;30;41;52;64;67;65;99;92;121;109;119;88;97;108;91;112;119
11;27;23;40;46;59;66;83;74;108;99;125;114;122;89;91;102;86;106
12;31;37;26;55;53;60;76;99;86;111;106;129;114;116;80;77;95;86
13;22;34;41;35;65;57;70;84;106;90;112;109;135;108;106;72;77;99
14;29;26;42;57;42;72;66;81;86;109;100;117;114;135;103;101;75;80
15;22;30;33;53;70;42;86;83;90;97;113;101;117;110;130;98;96;78
16;19;23;28;41;64;73;54;93;94;94;101;117;97;109;107;124;99;100
17;25;30;27;28;54;62;85;70;100;97;93;106;115;96;109;104;122;98
18;20;34;42;40;37;57;73;95;87;114;104;97;97;106;92;93;100;96
19;27;15;40;48;44;47;75;99;117;105;120;111;108;99;108;101;98;97
20;35;32;33;46;60;54;74;105;122;146;121;140;126;111;104;112;107;108
21;35;36;57;46;68;70;105;131;137;157;160;142;152;129;114;106;106;114
22;46;40;59;69;57;79;120;138;151;175;176;170;150;148;131;118;107;117
23;48;63;74;74;84;70;132;155;179;184;200;207;174;160;134;142;125;110
24;67;60;111;91;94;103;109;166;182;227;198;214;218;188;167;131;141;136
25;71;67;102;137;114;114;152;157;177;218;239;229;230;217;179;172;135;153
26;80;86;100;134;159;126;169;205;182;196;247;257;235;229;215;178;175;147
27;99;89;123;116;158;170;171;206;234;201;217;249;260;236;212;228;182;188
28;71;112;157;159;155;180;218;211;222;261;218;226;264;258;227;217;233;183
29;81;86;163;182;183;167;224;241;231;240;260;231;235;266;247;239;224;237
30;97;96;144;197;204;194;209;266;258;242;247;264;246;228;262;247;251;233
31;88;114;138;165;213;208;233;219;290;265;248;252;264;244;242;255;251;251
32;95;95;149;167;180;213;247;257;236;294;256;257;262;272;246;236;247;260
33;77;100;131;160;178;192;247;247;260;249;286;263;272;278;269;244;242;240
34;77;85;137;146;175;172;231;265;271;262;246;293;267;270;269;269;251;234
35;70;75;130;154;157;164;206;240;285;271;260;260;303;269;267;267;281;248
36;78;70;111;138;159;160;197;222;244;287;266;268;277;291;257;267;262;276
37;78;85;106;124;155;168;201;220;236;271;282;272;272;263;279;251;255;254
38;66;86;127;112;128;154;204;211;239;245;260;294;288;277;260;265;242;249
39;60;69;124;141;120;121;213;222;236;253;249;275;296;293;268;260;253;247
40;54;65;114;129;143;123;184;253;237;253;256;265;273;290;272;261;254;243
41;48;63;114;130;133;140;159;210;279;262;265;256;280;270;282;263;256;248
42;46;50;95;124;134;131;176;175;244;301;268;267;264;280;261;283;252;248
43;42;42;98;106;128;132;169;201;180;257;286;275;276;262;275;247;281;249
44;27;47;80;115;118;128;161;192;222;195;257;291;283;274;245;263;244;272
45;40;28;96;102;124;131;163;187;203;236;205;267;301;278;266;246;255;235
46;42;40;56;110;103;122;167;181;206;219;233;209;283;304;270;265;245;250
47;33;42;83;80;112;109;152;204;202;213;218;241;221;288;292;270;262;247
48;27;34;77;93;85;116;148;174;212;228;220;221;259;217;281;290;281;260
49;30;25;70;89;96;89;131;164;190;236;230;225;237;260;203;270;286;267
50;26;31;52;84;97;89;109;152;171;207;244;237;226;236;250;193;267;287
51;27;24;58;65;92;91;122;124;163;181;208;255;240;224;222;244;193;269
52;19;30;57;60;66;88;119;132;148;161;176;214;259;236;226;218;242;195
53;17;17;44;67;58;68;110;132;152;160;157;184;222;251;228;239;215;238
54;18;16;38;66;66;57;67;124;145;155;151;162;191;213;244;220;239;214
55;21;15;36;49;65;61;71;82;127;158;152;158;168;186;211;238;221;236
56;9;17;23;46;56;66;69;72;91;133;158;154;169;165;181;203;236;227
57;16;12;26;29;43;54;65;83;78;98;139;156;165;165;164;181;188;241
58;21;14;22;36;28;42;67;69;85;78;94;138;162;161;161;162;184;186
59;15;22;18;25;40;29;47;73;77;82;80;99;144;162;164;167;168;188
60;19;16;25;19;28;40;26;56;75;78;85;84;106;139;157;157;173;167
61;22;23;21;26;23;27;41;27;58;73;73;96;92;105;142;159;162;176
62;10;21;28;25;30;24;31;39;31;65;75;78;94;85;109;133;147;164
63;10;11;23;26;27;30;23;29;39;33;66;78;81;91;87;114;131;154
64;6;11;14;25;30;23;31;29;32;47;35;73;81;83;86;88;108;131
65;7;8;10;18;24;28;22;29;34;36;47;40;77;80;76;84;93;115
66;13;6;8;11;20;25;29;26;31;30;39;49;43;74;76;79;83;91
67;7;11;9;13;11;19;23;31;27;34;33;39;49;48;81;76;82;85
68;3;7;12;14;11;11;18;24;30;34;36;32;35;47;49;81;70;87
69;9;5;6;12;14;11;14;17;24;30;31;38;35;33;46;47;80;66
70;3;8;7;8;15;14;10;18;15;23;27;30;35;36;35;47;47;78
71;9;6;6;7;10;12;12;10;19;13;24;26;34;35;35;37;46;51
72;7;7;6;7;8;9;10;12;13;18;13;25;25;32;33;36;37;45
73;3;6;5;7;8;6;10;12;10;11;19;14;26;22;37;30;35;34
74;7;3;4;5;6;7;5;11;10;11;14;20;15;24;21;40;28;34
75;3;6;2;5;5;4;8;6;10;10;13;13;21;15;25;20;38;27
76;6;3;6;2;6;5;4;7;6;11;10;13;13;21;18;26;22;37
77;3;6;3;5;3;6;5;4;4;5;10;11;14;16;19;18;27;22
78;2;2;5;3;6;2;6;5;5;4;5;8;11;13;12;17;17;26
79;1;1;2;4;3;6;2;7;5;5;6;4;10;10;12;12;16;16
80;4;2;1;2;2;3;4;2;7;4;5;7;4;9;11;11;13;16
81;2;4;4;2;2;3;3;6;2;7;5;5;9;5;8;12;13;12
82;3;1;5;4;2;2;2;5;6;2;7;5;4;7;5;6;11;12
83;1;2;2;6;5;2;2;2;5;5;3;5;5;3;4;5;6;9
84;0;1;2;2;6;6;2;0;0;5;5;3;5;5;3;5;4;5
85;2;1;1;2;2;6;4;2;0;1;5;5;3;5;4;2;6;4
86;2;1;0;0;3;2;5;4;3;1;0;4;4;4;5;4;2;5
87;0;1;1;0;0;3;2;4;4;2;1;0;4;4;0;7;4;2
88;3;0;0;1;0;0;3;2;3;3;2;1;1;4;4;0;6;4
89;1;0;0;0;1;0;0;2;1;2;1;2;1;0;4;4;0;6
90;1;1;0;0;0;1;0;0;1;0;2;1;2;1;0;2;4;0
91;0;1;1;0;0;0;1;0;0;1;0;3;1;3;0;1;2;3
92;1;1;0;1;0;0;0;1;0;0;1;0;3;1;3;0;1;2
93;0;1;1;0;1;0;0;0;1;0;0;0;0;2;1;2;0;1
94;0;1;0;1;0;0;0;0;0;1;0;0;0;0;2;2;2;0
95;0;0;1;0;1;0;0;0;0;0;1;0;1;0;0;2;2;2
96;0;0;0;1;0;1;0;0;0;0;0;1;0;1;0;0;2;1
97;0;0;0;1;1;0;1;0;0;0;0;0;0;0;1;0;0;1
98;0;0;0;0;1;1;0;0;0;0;0;0;0;0;0;0;0;0
99;0;0;0;0;0;1;1;0;0;0;0;0;0;0;0;0;0;0
100 e oltre;0;0;0;0;0;0;0;1;0;0;0;0;0;0;0;0;0;0
Totale;2739;3072;4595;5478;6147;6432;8122;9382;10378;11295;11658;12279;12841;12844;12553;12443;12438;12545
