"Popolazione per età, vista per singola area - Provincia: Rovigo"

"Ricostruzione della popolazione intercensuaria - Popolazione al 1° gennaio per età"
"Tutte le cittadinanze - Provincia: Rovigo"
Età/Anno;2002;2003;2004;2005;2006;2007;2008;2009;2010;2011;2012;2013;2014;2015;2016;2017;2018;2019
Età;Totale
0;1585;1638;1684;1799;1834;1763;1876;1991;1981;1957;1813;1882;1724;1584;1573;1459;1485;1316
1;1742;1600;1663;1712;1801;1858;1792;1881;1976;1949;1961;1810;1876;1713;1585;1554;1450;1500
2;1663;1759;1628;1680;1752;1825;1878;1803;1890;1974;1935;1979;1814;1878;1687;1592;1558;1459
3;1715;1676;1773;1649;1707;1745;1833;1891;1800;1865;1953;1934;1960;1793;1848;1682;1584;1549
4;1746;1735;1718;1784;1690;1729;1775;1848;1887;1812;1864;1956;1922;1944;1776;1815;1670;1576
5;1745;1764;1766;1732;1818;1714;1750;1788;1853;1891;1816;1870;1965;1929;1941;1781;1820;1666
6;1674;1748;1790;1769;1746;1830;1734;1757;1816;1847;1867;1848;1869;1961;1908;1930;1777;1822
7;1683;1697;1780;1812;1785;1742;1854;1735;1754;1813;1842;1877;1839;1861;1961;1924;1929;1768
8;1651;1704;1710;1801;1829;1799;1776;1865;1748;1763;1797;1870;1863;1819;1858;1955;1919;1917
9;1869;1652;1737;1726;1825;1843;1824;1796;1882;1760;1769;1805;1854;1875;1823;1848;1940;1923
10;1946;1878;1680;1760;1748;1830;1875;1838;1823;1898;1767;1777;1807;1851;1858;1819;1844;1940
11;2025;1951;1908;1699;1772;1738;1866;1903;1863;1820;1887;1769;1784;1794;1869;1844;1804;1843
12;1947;2035;1958;1930;1706;1789;1775;1901;1924;1876;1827;1908;1764;1763;1777;1867;1846;1786
13;2053;1966;2044;1971;1938;1738;1825;1797;1914;1934;1869;1827;1912;1766;1768;1774;1865;1847
14;1904;2061;1977;2059;1990;1958;1772;1843;1827;1923;1944;1876;1818;1917;1765;1765;1772;1855
15;2037;1913;2084;1980;2074;1992;1982;1791;1852;1839;1924;1957;1883;1815;1912;1767;1763;1784
16;2190;2039;1933;2098;1998;2086;2019;2001;1807;1883;1847;1940;1955;1899;1821;1905;1774;1762
17;2172;2200;2057;1956;2109;2007;2122;2047;2017;1819;1895;1859;1937;1957;1897;1824;1903;1780
18;2221;2171;2209;2093;1986;2127;2037;2150;2066;2027;1847;1914;1859;1933;1962;1909;1819;1910
19;2298;2220;2188;2221;2107;2008;2167;2070;2185;2092;2055;1855;1917;1855;1937;1967;1898;1834
20;2402;2294;2239;2202;2229;2128;2050;2190;2090;2204;2116;2082;1861;1934;1846;1934;1966;1927
21;2564;2395;2326;2263;2213;2227;2156;2112;2213;2126;2236;2133;2095;1855;1946;1845;1923;1989
22;2657;2560;2432;2363;2287;2222;2271;2212;2164;2243;2152;2283;2148;2092;1855;1944;1840;1973
23;2994;2645;2608;2465;2375;2303;2282;2325;2244;2200;2290;2179;2292;2154;2075;1852;1939;1893
24;3072;3022;2726;2627;2502;2391;2336;2366;2372;2253;2232;2342;2205;2303;2161;2068;1877;1954
25;3290;3100;3086;2778;2649;2527;2462;2406;2406;2405;2313;2256;2353;2225;2298;2155;2069;1874
26;3439;3321;3204;3149;2813;2657;2592;2502;2425;2430;2446;2367;2250;2359;2205;2272;2143;2078
27;3590;3467;3407;3295;3191;2806;2739;2630;2539;2469;2450;2459;2358;2253;2357;2181;2276;2157
28;3577;3619;3545;3543;3339;3262;2894;2808;2635;2578;2506;2504;2479;2344;2218;2324;2167;2285
29;3580;3614;3739;3595;3601;3367;3359;2964;2791;2636;2577;2519;2497;2467;2305;2211;2269;2181
30;3650;3608;3715;3824;3636;3610;3416;3413;2934;2790;2685;2595;2503;2462;2450;2277;2223;2287
31;3542;3668;3687;3782;3816;3645;3657;3396;3385;2952;2812;2731;2604;2498;2441;2416;2244;2222
32;3739;3541;3722;3657;3805;3823;3708;3630;3394;3387;2929;2818;2719;2596;2469;2420;2386;2234
33;3674;3729;3583;3700;3654;3775;3791;3679;3594;3380;3332;2933;2811;2730;2579;2475;2385;2395
34;3780;3702;3793;3597;3663;3675;3809;3759;3609;3575;3338;3358;2960;2821;2693;2579;2438;2390
35;3932;3803;3703;3784;3599;3669;3702;3785;3773;3664;3552;3369;3364;2927;2826;2693;2553;2447
36;3924;3972;3864;3764;3768;3597;3714;3718;3786;3824;3688;3548;3381;3353;2879;2797;2686;2573
37;4063;3938;3976;3887;3805;3754;3698;3757;3697;3819;3811;3691;3569;3370;3332;2891;2765;2691
38;3902;4051;3944;4036;3891;3802;3801;3715;3737;3714;3813;3831;3683;3571;3348;3311;2881;2789
39;3828;3891;4105;3978;4037;3913;3854;3802;3743;3754;3709;3809;3825;3657;3525;3319;3286;2880
40;3967;3856;3944;4118;3991;4070;3952;3867;3796;3756;3761;3741;3793;3816;3610;3524;3302;3296
41;3698;3962;3904;3978;4120;3976;4077;3962;3847;3819;3778;3753;3723;3765;3814;3574;3484;3326
42;3750;3710;3997;3911;3984;4113;4024;4083;3972;3859;3818;3773;3754;3714;3720;3810;3575;3466
43;3638;3763;3769;4017;3919;3983;4159;4030;4092;3983;3857;3820;3767;3734;3702;3733;3778;3571
44;3611;3633;3815;3778;4020;3930;4011;4158;4021;4091;3977;3857;3812;3766;3741;3702;3723;3775
45;3726;3629;3663;3824;3769;4012;3952;4020;4152;4023;4074;3967;3843;3816;3741;3719;3674;3723
46;3579;3727;3676;3659;3835;3781;4036;3968;4005;4150;4019;4072;3947;3819;3810;3747;3710;3693
47;3480;3595;3743;3691;3657;3851;3794;4029;3975;4014;4153;4025;4071;3915;3819;3801;3728;3699
48;3522;3488;3620;3751;3705;3654;3873;3801;4034;3966;3992;4168;4004;4058;3881;3824;3790;3706
49;3422;3523;3510;3632;3751;3714;3670;3871;3781;4033;3967;4003;4177;4002;4055;3852;3823;3801
50;3283;3414;3553;3523;3634;3754;3741;3666;3860;3776;4018;3957;4010;4149;3986;4056;3837;3825
51;3487;3283;3449;3553;3531;3629;3773;3737;3656;3862;3788;4023;3961;3999;4136;3972;4021;3856
52;3453;3476;3292;3433;3550;3524;3632;3765;3739;3651;3859;3804;4026;3943;3997;4105;3946;4028
53;3659;3461;3485;3301;3434;3555;3523;3639;3741;3744;3657;3858;3796;3998;3928;3989;4093;3929
54;3455;3652;3457;3494;3289;3445;3554;3522;3616;3734;3726;3651;3861;3773;3991;3920;3972;4081
55;3553;3451;3668;3456;3494;3269;3435;3554;3503;3614;3743;3702;3653;3841;3731;3973;3919;3962
56;2230;3546;3443;3644;3453;3498;3260;3447;3534;3493;3589;3751;3699;3618;3836;3708;3967;3909
57;2822;2220;3548;3444;3625;3441;3484;3253;3445;3516;3487;3588;3741;3682;3610;3829;3700;3963
58;2744;2811;2218;3535;3437;3617;3431;3480;3241;3436;3499;3456;3578;3719;3661;3589;3812;3684
59;2765;2741;2814;2213;3523;3429;3605;3422;3463;3239;3433;3500;3454;3546;3701;3644;3591;3795
60;2875;2750;2729;2800;2196;3499;3408;3600;3421;3451;3208;3412;3493;3422;3528;3695;3612;3561
61;2914;2875;2722;2732;2773;2172;3470;3394;3588;3411;3435;3191;3386;3468;3407;3498;3679;3593
62;2960;2909;2861;2716;2728;2765;2160;3441;3390;3559;3388;3431;3170;3365;3448;3392;3486;3652
63;3090;2949;2896;2855;2702;2699;2757;2155;3413;3363;3544;3365;3421;3139;3348;3418;3361;3471
64;2902;3083;2934;2881;2852;2681;2674;2734;2152;3388;3335;3528;3347;3398;3111;3327;3388;3339
65;2689;2884;3043;2901;2861;2850;2663;2660;2716;2134;3382;3304;3502;3323;3369;3079;3295;3372
66;3033;2656;2863;3011;2887;2837;2829;2628;2610;2697;2113;3343;3272;3465;3296;3328;3066;3255
67;3031;2998;2616;2835;2982;2863;2816;2801;2605;2582;2679;2101;3294;3238;3421;3239;3308;3028
68;2975;3004;2958;2566;2791;2957;2834;2781;2770;2585;2548;2646;2067;3247;3209;3391;3216;3269
69;2745;2933;2950;2914;2532;2766;2930;2805;2747;2728;2552;2521;2617;2041;3216;3165;3340;3168
70;2948;2702;2890;2913;2865;2500;2724;2889;2761;2721;2680;2515;2494;2591;2017;3179;3122;3292
71;3013;2879;2653;2826;2871;2819;2454;2696;2850;2698;2684;2637;2485;2449;2548;1988;3152;3072
72;2595;2963;2848;2601;2776;2826;2778;2404;2639;2792;2655;2637;2586;2455;2411;2508;1955;3098
73;2668;2560;2912;2784;2530;2717;2763;2716;2357;2594;2750;2590;2596;2543;2403;2369;2472;1929
74;2731;2616;2508;2839;2718;2479;2665;2698;2642;2302;2531;2694;2549;2559;2501;2346;2318;2433
75;2547;2656;2548;2447;2756;2628;2416;2598;2632;2583;2253;2475;2630;2483;2501;2438;2290;2273
76;2625;2464;2583;2484;2362;2673;2560;2343;2510;2573;2539;2214;2404;2586;2420;2451;2368;2237
77;2261;2545;2382;2506;2386;2279;2578;2478;2265;2422;2495;2454;2169;2345;2515;2359;2383;2301
78;2320;2174;2452;2301;2410;2297;2212;2474;2366;2174;2343;2424;2371;2105;2283;2416;2287;2302
79;2180;2193;2087;2343;2216;2320;2213;2139;2385;2265;2088;2245;2334;2271;2038;2196;2336;2205
80;1954;2063;2091;1984;2237;2115;2205;2114;2030;2272;2172;1998;2147;2234;2182;1956;2088;2226
81;1803;1851;1933;1972;1879;2116;2009;2116;2001;1928;2164;2080;1926;2051;2113;2073;1869;1973
82;1075;1699;1718;1818;1844;1758;2002;1870;1989;1893;1815;2041;1972;1836;1940;1987;1968;1769
83;678;1007;1602;1606;1697;1720;1620;1841;1730;1869;1779;1680;1901;1849;1714;1820;1863;1827
84;603;629;924;1490;1472;1568;1598;1482;1697;1609;1722;1645;1560;1790;1739;1593;1691;1714
85;828;568;589;850;1366;1341;1440;1475;1342;1583;1477;1564;1519;1451;1637;1621;1465;1571
86;977;757;526;544;780;1225;1213;1325;1340;1219;1438;1333;1456;1372;1292;1505;1465;1339
87;926;855;676;466;480;701;1079;1063;1181;1208;1120;1284;1178;1328;1225;1192;1351;1312
88;771;784;717;585;411;424;599;941;898;1046;1065;979;1138;1042;1174;1096;1056;1217
89;656;625;654;611;501;359;378;524;829;787;885;930;870;987;910;1010;956;936
90;546;563;525;554;515;434;310;313;448;717;691;736;784;738;829;782;862;811
91;401;447;452;430;455;428;361;261;261;384;607;568;625;668;591;678;654;718
92;324;322;351;375;356;371;360;284;220;213;326;509;482;528;533;496;550;547
93;238;248;254;270;297;296;302;295;231;181;163;254;399;392;423;426;394;446
94;164;194;199;194;206;237;233;231;226;173;145;126;195;297;305;333;319;304
95;114;127;153;156;155;156;171;178;188;172;126;108;99;149;225;237;260;244
96;71;92;101;110;117;119;121;129;139;152;142;89;81;69;104;168;175;187
97;53;47;68;74;66;80;73;84;100;108;121;105;68;67;59;67;124;126
98;25;42;24;52;46;45;53;45;63;66;79;92;77;47;46;49;45;81
99;35;20;27;17;25;37;26;30;29;52;49;48;65;46;30;34;27;29
100 e oltre;30;35;34;40;33;39;36;38;45;52;58;65;70;72;75;73;73;57
Totale;242283;242056;243312;243928;243941;243715;244902;245212;244675;244610;244007;243750;242748;241057;238940;236994;234870;233428
Età/Anno;2002;2003;2004;2005;2006;2007;2008;2009;2010;2011;2012;2013;2014;2015;2016;2017;2018;2019
Età;Maschi
0;846;853;848;911;956;899;942;1039;1035;1035;904;994;898;791;781;702;787;685
1;876;855;869;868;901;976;919;941;1017;1022;1046;905;998;901;792;762;687;797
2;848;889;865;878;901;918;994;923;946;1027;1016;1060;907;1000;876;803;759;694
3;863;857;893;867;893;898;930;1001;939;933;1023;1018;1037;898;981;881;795;762
4;895;871;872;900;891;912;911;946;1002;943;940;1015;1002;1033;893;958;874;792
5;876;898;900;879;917;896;922;912;956;1006;953;944;1026;1012;1024;894;960;868
6;873;876;909;900;885;926;913;918;925;943;984;974;945;1027;994;1014;895;966
7;885;885;894;919;911;886;944;910;911;926;941;993;964;945;1026;1000;1007;893
8;853;903;891;916;929;913;900;943;920;913;918;951;980;953;949;1028;992;1004
9;974;850;914;901;928;938;918;910;963;929;917;917;939;982;960;940;1022;995
10;973;979;865;924;912;927;959;922;924;974;934;923;916;935;973;958;938;1027
11;1012;976;997;876;930;908;946;974;934;921;970;940;925;901;951;962;951;941
12;999;1021;977;1009;877;940;922;967;986;946;924;979;937;909;895;952;962;940
13;1057;1012;1030;986;1009;902;965;935;972;991;944;923;982;937;913;889;951;959
14;1011;1059;1010;1034;998;1020;924;973;956;974;999;948;924;983;944;908;888;947
15;1062;1023;1074;1012;1045;992;1037;943;981;966;980;1007;955;919;979;941;913;902
16;1100;1064;1033;1081;1021;1054;1006;1045;950;1007;971;984;1008;968;915;972;951;914
17;1115;1097;1076;1052;1091;1025;1070;1020;1059;957;1014;976;986;1013;966;917;972;950
18;1214;1113;1109;1099;1071;1098;1034;1086;1034;1065;973;1021;980;990;1011;967;921;979
19;1156;1205;1121;1115;1105;1087;1119;1050;1091;1037;1079;971;1020;973;995;1011;961;939
20;1188;1149;1218;1124;1117;1114;1098;1123;1060;1089;1047;1086;977;1028;966;1000;1006;981
21;1328;1191;1173;1220;1118;1110;1131;1118;1131;1079;1110;1047;1079;960;1024;964;988;1018
22;1382;1322;1196;1191;1226;1117;1120;1134;1138;1137;1086;1134;1062;1078;955;1018;962;1025
23;1492;1367;1347;1217;1191;1214;1140;1142;1146;1158;1159;1101;1137;1051;1075;949;1014;1000
24;1572;1491;1411;1348;1230;1202;1223;1182;1148;1149;1174;1187;1126;1139;1049;1071;958;1028
25;1695;1590;1524;1428;1359;1232;1238;1252;1199;1164;1187;1186;1190;1137;1129;1047;1072;969
26;1726;1707;1640;1550;1442;1338;1251;1250;1269;1221;1194;1209;1177;1185;1128;1125;1053;1084
27;1845;1741;1758;1697;1572;1440;1367;1257;1251;1295;1227;1204;1203;1180;1171;1102;1124;1062
28;1803;1863;1774;1818;1712;1610;1460;1388;1248;1250;1329;1261;1222;1199;1151;1157;1101;1155
29;1855;1823;1935;1816;1851;1733;1662;1483;1388;1249;1255;1334;1262;1231;1179;1132;1122;1114
30;1871;1877;1858;2002;1846;1857;1760;1686;1473;1382;1288;1289;1326;1243;1236;1177;1142;1141
31;1813;1884;1917;1911;1996;1844;1885;1746;1663;1471;1399;1303;1285;1313;1225;1211;1147;1144
32;1941;1815;1930;1920;1932;1997;1892;1897;1743;1680;1459;1403;1299;1299;1299;1220;1200;1137
33;1892;1926;1851;1916;1922;1913;1985;1881;1868;1743;1658;1464;1399;1307;1283;1295;1188;1193
34;1914;1892;1951;1858;1886;1932;1904;1958;1828;1856;1710;1671;1472;1404;1283;1273;1282;1187
35;1984;1925;1874;1943;1857;1877;1928;1898;1954;1856;1843;1721;1684;1463;1386;1280;1252;1299
36;1990;2003;1953;1909;1926;1849;1905;1944;1879;1967;1876;1860;1733;1677;1440;1373;1280;1265
37;2043;1995;2005;1973;1927;1920;1889;1924;1924;1899;1960;1876;1873;1728;1668;1447;1371;1292
38;1954;2048;1994;2044;1975;1932;1939;1894;1907;1907;1898;1976;1870;1870;1703;1646;1436;1378
39;1924;1947;2072;2021;2049;1982;1962;1931;1910;1906;1894;1886;1964;1862;1851;1691;1633;1443
40;1998;1935;1971;2074;2014;2070;2007;1979;1935;1923;1905;1912;1878;1943;1831;1848;1691;1638
41;1896;1993;1958;1989;2063;2000;2067;2021;1968;1938;1924;1905;1909;1855;1937;1824;1820;1708
42;1918;1906;2005;1962;1993;2056;2027;2061;2026;1974;1936;1924;1903;1907;1833;1940;1820;1811
43;1872;1919;1921;2018;1955;1993;2089;2026;2063;2021;1977;1937;1921;1890;1908;1847;1922;1821
44;1799;1868;1933;1936;2024;1961;2008;2089;2023;2055;2018;1975;1943;1921;1900;1907;1830;1926
45;1898;1813;1874;1941;1927;2021;1983;2006;2082;2022;2036;2017;1960;1957;1906;1894;1897;1831
46;1788;1896;1827;1877;1944;1935;2021;1985;1982;2071;2013;2036;2005;1940;1930;1921;1892;1907
47;1711;1788;1894;1834;1870;1944;1937;2018;1983;1991;2073;2013;2029;1984;1934;1923;1905;1887
48;1762;1724;1785;1893;1835;1868;1943;1940;2022;1972;1975;2067;2001;2029;1955;1938;1914;1887
49;1752;1764;1722;1787;1889;1833;1862;1936;1920;2004;1968;1978;2067;2002;2020;1933;1949;1920
50;1735;1748;1777;1722;1785;1895;1837;1866;1924;1903;1995;1959;1980;2054;1995;2022;1925;1956
51;1810;1735;1767;1779;1732;1779;1897;1834;1857;1919;1909;1994;1956;1973;2042;1990;2005;1935
52;1734;1809;1729;1757;1773;1728;1778;1879;1831;1857;1914;1919;1986;1944;1972;2025;1977;2016
53;1888;1743;1810;1725;1755;1777;1722;1775;1863;1823;1853;1920;1907;1956;1935;1965;2018;1972
54;1773;1876;1728;1811;1713;1752;1766;1717;1761;1846;1816;1848;1922;1889;1955;1926;1957;2007
55;1818;1774;1884;1723;1814;1704;1744;1761;1706;1756;1844;1806;1842;1913;1869;1951;1928;1945
56;1124;1812;1766;1872;1724;1813;1696;1744;1746;1696;1742;1842;1799;1818;1912;1852;1943;1913
57;1374;1123;1820;1767;1858;1719;1793;1690;1725;1727;1687;1734;1826;1797;1808;1908;1838;1946
58;1376;1364;1118;1811;1763;1840;1710;1791;1684;1718;1720;1671;1733;1813;1783;1800;1895;1824
59;1331;1372;1361;1111;1804;1751;1836;1701;1782;1679;1718;1714;1667;1720;1799;1768;1800;1884
60;1451;1320;1358;1354;1098;1780;1734;1822;1691;1763;1653;1702;1708;1658;1703;1791;1747;1780
61;1356;1450;1294;1361;1333;1081;1762;1721;1811;1678;1748;1640;1685;1689;1654;1685;1783;1742
62;1426;1347;1436;1287;1358;1324;1069;1735;1712;1786;1667;1739;1632;1672;1681;1638;1678;1767
63;1531;1424;1332;1429;1276;1334;1316;1068;1713;1697;1779;1649;1736;1611;1657;1661;1614;1666
64;1355;1511;1411;1320;1424;1263;1325;1304;1064;1693;1680;1771;1636;1723;1597;1641;1640;1603
65;1222;1333;1488;1387;1307;1412;1247;1309;1292;1055;1689;1651;1755;1631;1702;1576;1622;1626
66;1479;1201;1319;1458;1375;1290;1401;1215;1277;1278;1041;1665;1635;1726;1615;1679;1568;1600
67;1416;1449;1168;1301;1442;1363;1282;1381;1200;1256;1267;1035;1635;1609;1701;1575;1663;1540
68;1354;1394;1417;1136;1271;1428;1347;1268;1364;1187;1234;1241;1010;1600;1586;1683;1556;1638
69;1189;1319;1351;1382;1114;1255;1402;1327;1241;1334;1163;1216;1220;994;1585;1554;1649;1532
70;1284;1164;1289;1324;1350;1093;1242;1376;1298;1230;1300;1144;1199;1203;979;1560;1531;1618
71;1248;1234;1130;1257;1299;1322;1062;1224;1348;1258;1205;1268;1117;1174;1175;959;1544;1503
72;1130;1222;1210;1093;1222;1273;1297;1036;1187;1321;1227;1174;1240;1093;1145;1149;940;1506
73;1114;1098;1190;1175;1048;1180;1231;1259;1009;1154;1291;1189;1151;1209;1048;1121;1126;933
74;1095;1074;1065;1145;1134;1021;1139;1194;1217;972;1113;1253;1160;1128;1187;1015;1090;1114
75;1034;1050;1025;1026;1100;1083;980;1094;1155;1175;941;1086;1214;1126;1089;1151;985;1066
76;1055;983;1011;992;981;1046;1042;934;1040;1112;1149;922;1039;1187;1094;1057;1099;952
77;857;1017;927;966;936;937;989;991;898;986;1070;1098;896;1010;1136;1053;1022;1056
78;901;811;970;897;918;882;904;940;929;861;940;1023;1051;856;972;1078;1006;978
79;799;821;759;924;846;862;836;866;898;874;808;883;975;995;818;918;1035;958
80;698;735;774;702;858;791;809;783;809;836;822;755;834;913;939;768;858;969
81;585;645;659;701;655;792;738;779;714;747;774;780;729;787;853;876;723;797
82;375;526;581;599;622;593;745;678;710;654;687;720;719;684;734;779;821;668
83;236;351;467;528;545;559;524;651;597;651;599;625;656;659;613;671;719;747
84;179;212;311;423;471;475;509;459;581;550;568;543;565;601;607;561;613;647
85;260;163;197;276;377;412;420;460;405;528;488;498;480;512;545;559;508;557
86;285;239;154;176;253;329;370;376;410;365;469;419;459;427;446;492;490;447
87;244;241;208;135;157;218;280;309;335;365;326;406;362;404;378;403;435;420
88;204;208;192;164;113;137;180;245;258;289;313;263;349;301;347;311;338;376
89;189;170;174;155;130;97;120;148;216;208;236;269;224;288;252;275;259;277
90;135;156;141;142;123;108;80;96;122;182;168;193;218;176;233;211;229;215
91;103;105;126;102;126;98;86;63;83;104;151;130;155;173;140;189;167;187
92;98;67;77;105;81;102;79;71;56;64;88;119;106;117;131;121;152;130
93;53;73;52;58;85;71;85;64;58;37;46;68;88;79;92;109;93;125
94;30;41;53;42;45;64;52;63;50;38;30;36;49;67;63;67;72;66
95;31;21;28;43;33;27;43;37;48;38;26;17;24;39;54;40;50;47
96;11;21;14;21;31;19;20;31;25;39;31;17;13;18;26;38;27;35
97;8;4;15;9;15;27;12;14;27;17;34;22;13;10;13;17;25;18
98;4;7;0;15;5;9;16;6;10;19;13;24;17;5;7;10;12;14
99;3;4;6;1;5;5;5;10;6;9;12;5;15;9;3;3;3;7
100 e oltre;4;2;2;7;5;5;5;6;10;8;11;18;13;14;12;11;8;4
Totale;117088;117017;117559;118040;118107;117934;118522;118678;118385;118286;118063;118088;117685;116906;115855;114874;113943;113534
Età/Anno;2002;2003;2004;2005;2006;2007;2008;2009;2010;2011;2012;2013;2014;2015;2016;2017;2018;2019
Età;Femmine
0;739;785;836;888;878;864;934;952;946;922;909;888;826;793;792;757;698;631
1;866;745;794;844;900;882;873;940;959;927;915;905;878;812;793;792;763;703
2;815;870;763;802;851;907;884;880;944;947;919;919;907;878;811;789;799;765
3;852;819;880;782;814;847;903;890;861;932;930;916;923;895;867;801;789;787
4;851;864;846;884;799;817;864;902;885;869;924;941;920;911;883;857;796;784
5;869;866;866;853;901;818;828;876;897;885;863;926;939;917;917;887;860;798
6;801;872;881;869;861;904;821;839;891;904;883;874;924;934;914;916;882;856
7;798;812;886;893;874;856;910;825;843;887;901;884;875;916;935;924;922;875
8;798;801;819;885;900;886;876;922;828;850;879;919;883;866;909;927;927;913
9;895;802;823;825;897;905;906;886;919;831;852;888;915;893;863;908;918;928
10;973;899;815;836;836;903;916;916;899;924;833;854;891;916;885;861;906;913
11;1013;975;911;823;842;830;920;929;929;899;917;829;859;893;918;882;853;902
12;948;1014;981;921;829;849;853;934;938;930;903;929;827;854;882;915;884;846
13;996;954;1014;985;929;836;860;862;942;943;925;904;930;829;855;885;914;888
14;893;1002;967;1025;992;938;848;870;871;949;945;928;894;934;821;857;884;908
15;975;890;1010;968;1029;1000;945;848;871;873;944;950;928;896;933;826;850;882
16;1090;975;900;1017;977;1032;1013;956;857;876;876;956;947;931;906;933;823;848
17;1057;1103;981;904;1018;982;1052;1027;958;862;881;883;951;944;931;907;931;830
18;1007;1058;1100;994;915;1029;1003;1064;1032;962;874;893;879;943;951;942;898;931
19;1142;1015;1067;1106;1002;921;1048;1020;1094;1055;976;884;897;882;942;956;937;895
20;1214;1145;1021;1078;1112;1014;952;1067;1030;1115;1069;996;884;906;880;934;960;946
21;1236;1204;1153;1043;1095;1117;1025;994;1082;1047;1126;1086;1016;895;922;881;935;971
22;1275;1238;1236;1172;1061;1105;1151;1078;1026;1106;1066;1149;1086;1014;900;926;878;948
23;1502;1278;1261;1248;1184;1089;1142;1183;1098;1042;1131;1078;1155;1103;1000;903;925;893
24;1500;1531;1315;1279;1272;1189;1113;1184;1224;1104;1058;1155;1079;1164;1112;997;919;926
25;1595;1510;1562;1350;1290;1295;1224;1154;1207;1241;1126;1070;1163;1088;1169;1108;997;905
26;1713;1614;1564;1599;1371;1319;1341;1252;1156;1209;1252;1158;1073;1174;1077;1147;1090;994
27;1745;1726;1649;1598;1619;1366;1372;1373;1288;1174;1223;1255;1155;1073;1186;1079;1152;1095
28;1774;1756;1771;1725;1627;1652;1434;1420;1387;1328;1177;1243;1257;1145;1067;1167;1066;1130
29;1725;1791;1804;1779;1750;1634;1697;1481;1403;1387;1322;1185;1235;1236;1126;1079;1147;1067
30;1779;1731;1857;1822;1790;1753;1656;1727;1461;1408;1397;1306;1177;1219;1214;1100;1081;1146
31;1729;1784;1770;1871;1820;1801;1772;1650;1722;1481;1413;1428;1319;1185;1216;1205;1097;1078
32;1798;1726;1792;1737;1873;1826;1816;1733;1651;1707;1470;1415;1420;1297;1170;1200;1186;1097
33;1782;1803;1732;1784;1732;1862;1806;1798;1726;1637;1674;1469;1412;1423;1296;1180;1197;1202
34;1866;1810;1842;1739;1777;1743;1905;1801;1781;1719;1628;1687;1488;1417;1410;1306;1156;1203
35;1948;1878;1829;1841;1742;1792;1774;1887;1819;1808;1709;1648;1680;1464;1440;1413;1301;1148
36;1934;1969;1911;1855;1842;1748;1809;1774;1907;1857;1812;1688;1648;1676;1439;1424;1406;1308
37;2020;1943;1971;1914;1878;1834;1809;1833;1773;1920;1851;1815;1696;1642;1664;1444;1394;1399
38;1948;2003;1950;1992;1916;1870;1862;1821;1830;1807;1915;1855;1813;1701;1645;1665;1445;1411
39;1904;1944;2033;1957;1988;1931;1892;1871;1833;1848;1815;1923;1861;1795;1674;1628;1653;1437
40;1969;1921;1973;2044;1977;2000;1945;1888;1861;1833;1856;1829;1915;1873;1779;1676;1611;1658
41;1802;1969;1946;1989;2057;1976;2010;1941;1879;1881;1854;1848;1814;1910;1877;1750;1664;1618
42;1832;1804;1992;1949;1991;2057;1997;2022;1946;1885;1882;1849;1851;1807;1887;1870;1755;1655
43;1766;1844;1848;1999;1964;1990;2070;2004;2029;1962;1880;1883;1846;1844;1794;1886;1856;1750
44;1812;1765;1882;1842;1996;1969;2003;2069;1998;2036;1959;1882;1869;1845;1841;1795;1893;1849
45;1828;1816;1789;1883;1842;1991;1969;2014;2070;2001;2038;1950;1883;1859;1835;1825;1777;1892
46;1791;1831;1849;1782;1891;1846;2015;1983;2023;2079;2006;2036;1942;1879;1880;1826;1818;1786
47;1769;1807;1849;1857;1787;1907;1857;2011;1992;2023;2080;2012;2042;1931;1885;1878;1823;1812
48;1760;1764;1835;1858;1870;1786;1930;1861;2012;1994;2017;2101;2003;2029;1926;1886;1876;1819
49;1670;1759;1788;1845;1862;1881;1808;1935;1861;2029;1999;2025;2110;2000;2035;1919;1874;1881
50;1548;1666;1776;1801;1849;1859;1904;1800;1936;1873;2023;1998;2030;2095;1991;2034;1912;1869
51;1677;1548;1682;1774;1799;1850;1876;1903;1799;1943;1879;2029;2005;2026;2094;1982;2016;1921
52;1719;1667;1563;1676;1777;1796;1854;1886;1908;1794;1945;1885;2040;1999;2025;2080;1969;2012
53;1771;1718;1675;1576;1679;1778;1801;1864;1878;1921;1804;1938;1889;2042;1993;2024;2075;1957
54;1682;1776;1729;1683;1576;1693;1788;1805;1855;1888;1910;1803;1939;1884;2036;1994;2015;2074
55;1735;1677;1784;1733;1680;1565;1691;1793;1797;1858;1899;1896;1811;1928;1862;2022;1991;2017
56;1106;1734;1677;1772;1729;1685;1564;1703;1788;1797;1847;1909;1900;1800;1924;1856;2024;1996
57;1448;1097;1728;1677;1767;1722;1691;1563;1720;1789;1800;1854;1915;1885;1802;1921;1862;2017
58;1368;1447;1100;1724;1674;1777;1721;1689;1557;1718;1779;1785;1845;1906;1878;1789;1917;1860
59;1434;1369;1453;1102;1719;1678;1769;1721;1681;1560;1715;1786;1787;1826;1902;1876;1791;1911
60;1424;1430;1371;1446;1098;1719;1674;1778;1730;1688;1555;1710;1785;1764;1825;1904;1865;1781
61;1558;1425;1428;1371;1440;1091;1708;1673;1777;1733;1687;1551;1701;1779;1753;1813;1896;1851
62;1534;1562;1425;1429;1370;1441;1091;1706;1678;1773;1721;1692;1538;1693;1767;1754;1808;1885
63;1559;1525;1564;1426;1426;1365;1441;1087;1700;1666;1765;1716;1685;1528;1691;1757;1747;1805
64;1547;1572;1523;1561;1428;1418;1349;1430;1088;1695;1655;1757;1711;1675;1514;1686;1748;1736
65;1467;1551;1555;1514;1554;1438;1416;1351;1424;1079;1693;1653;1747;1692;1667;1503;1673;1746
66;1554;1455;1544;1553;1512;1547;1428;1413;1333;1419;1072;1678;1637;1739;1681;1649;1498;1655
67;1615;1549;1448;1534;1540;1500;1534;1420;1405;1326;1412;1066;1659;1629;1720;1664;1645;1488
68;1621;1610;1541;1430;1520;1529;1487;1513;1406;1398;1314;1405;1057;1647;1623;1708;1660;1631
69;1556;1614;1599;1532;1418;1511;1528;1478;1506;1394;1389;1305;1397;1047;1631;1611;1691;1636
70;1664;1538;1601;1589;1515;1407;1482;1513;1463;1491;1380;1371;1295;1388;1038;1619;1591;1674
71;1765;1645;1523;1569;1572;1497;1392;1472;1502;1440;1479;1369;1368;1275;1373;1029;1608;1569
72;1465;1741;1638;1508;1554;1553;1481;1368;1452;1471;1428;1463;1346;1362;1266;1359;1015;1592
73;1554;1462;1722;1609;1482;1537;1532;1457;1348;1440;1459;1401;1445;1334;1355;1248;1346;996
74;1636;1542;1443;1694;1584;1458;1526;1504;1425;1330;1418;1441;1389;1431;1314;1331;1228;1319
75;1513;1606;1523;1421;1656;1545;1436;1504;1477;1408;1312;1389;1416;1357;1412;1287;1305;1207
76;1570;1481;1572;1492;1381;1627;1518;1409;1470;1461;1390;1292;1365;1399;1326;1394;1269;1285
77;1404;1528;1455;1540;1450;1342;1589;1487;1367;1436;1425;1356;1273;1335;1379;1306;1361;1245
78;1419;1363;1482;1404;1492;1415;1308;1534;1437;1313;1403;1401;1320;1249;1311;1338;1281;1324
79;1381;1372;1328;1419;1370;1458;1377;1273;1487;1391;1280;1362;1359;1276;1220;1278;1301;1247
80;1256;1328;1317;1282;1379;1324;1396;1331;1221;1436;1350;1243;1313;1321;1243;1188;1230;1257
81;1218;1206;1274;1271;1224;1324;1271;1337;1287;1181;1390;1300;1197;1264;1260;1197;1146;1176
82;700;1173;1137;1219;1222;1165;1257;1192;1279;1239;1128;1321;1253;1152;1206;1208;1147;1101
83;442;656;1135;1078;1152;1161;1096;1190;1133;1218;1180;1055;1245;1190;1101;1149;1144;1080
84;424;417;613;1067;1001;1093;1089;1023;1116;1059;1154;1102;995;1189;1132;1032;1078;1067
85;568;405;392;574;989;929;1020;1015;937;1055;989;1066;1039;939;1092;1062;957;1014
86;692;518;372;368;527;896;843;949;930;854;969;914;997;945;846;1013;975;892
87;682;614;468;331;323;483;799;754;846;843;794;878;816;924;847;789;916;892
88;567;576;525;421;298;287;419;696;640;757;752;716;789;741;827;785;718;841
89;467;455;480;456;371;262;258;376;613;579;649;661;646;699;658;735;697;659
90;411;407;384;412;392;326;230;217;326;535;523;543;566;562;596;571;633;596
91;298;342;326;328;329;330;275;198;178;280;456;438;470;495;451;489;487;531
92;226;255;274;270;275;269;281;213;164;149;238;390;376;411;402;375;398;417
93;185;175;202;212;212;225;217;231;173;144;117;186;311;313;331;317;301;321
94;134;153;146;152;161;173;181;168;176;135;115;90;146;230;242;266;247;238
95;83;106;125;113;122;129;128;141;140;134;100;91;75;110;171;197;210;197
96;60;71;87;89;86;100;101;98;114;113;111;72;68;51;78;130;148;152
97;45;43;53;65;51;53;61;70;73;91;87;83;55;57;46;50;99;108
98;21;35;24;37;41;36;37;39;53;47;66;68;60;42;39;39;33;67
99;32;16;21;16;20;32;21;20;23;43;37;43;50;37;27;31;24;22
100 e oltre;26;33;32;33;28;34;31;32;35;44;47;47;57;58;63;62;65;53
Totale;125195;125039;125753;125888;125834;125781;126380;126534;126290;126324;125944;125662;125063;124151;123085;122120;120927;119894

"Ricostruzione della popolazione intercensuaria - Popolazione al 1° gennaio per età"
"Cittadinanza italiana - Provincia: Rovigo"
Età/Anno;2002;2003;2004;2005;2006;2007;2008;2009;2010;2011;2012;2013;2014;2015;2016;2017;2018;2019
Età;Totale
0;1503;1511;1553;1556;1561;1522;1546;1605;1600;1609;1488;1506;1373;1268;1302;1212;1249;1093
1;1665;1498;1525;1570;1568;1571;1519;1554;1603;1588;1612;1493;1506;1385;1278;1311;1226;1277
2;1587;1664;1512;1535;1584;1577;1582;1513;1564;1613;1590;1609;1497;1516;1389;1305;1337;1227
3;1649;1594;1676;1522;1549;1573;1587;1585;1516;1545;1603;1586;1603;1493;1521;1406;1322;1342
4;1693;1658;1614;1672;1535;1558;1578;1596;1592;1520;1551;1597;1584;1605;1494;1536;1431;1322
5;1702;1703;1669;1615;1687;1537;1557;1579;1606;1596;1520;1557;1598;1599;1636;1512;1558;1433
6;1625;1691;1712;1662;1607;1695;1534;1559;1590;1600;1585;1532;1564;1608;1600;1662;1532;1567
7;1639;1640;1704;1723;1661;1607;1698;1536;1561;1592;1605;1594;1533;1577;1641;1642;1688;1533
8;1606;1647;1651;1712;1722;1675;1619;1696;1539;1564;1586;1611;1596;1548;1602;1672;1677;1697
9;1821;1604;1656;1659;1709;1726;1672;1621;1703;1537;1561;1589;1618;1623;1561;1615;1691;1683
10;1900;1823;1616;1662;1658;1715;1737;1675;1631;1711;1541;1562;1590;1633;1631;1573;1633;1687
11;1986;1898;1835;1622;1658;1647;1721;1747;1683;1633;1708;1545;1570;1599;1665;1646;1583;1633
12;1901;1994;1893;1841;1617;1668;1653;1721;1754;1694;1634;1710;1541;1584;1605;1678;1654;1576
13;2009;1911;1996;1898;1836;1631;1673;1654;1717;1755;1691;1632;1713;1561;1600;1609;1685;1645
14;1873;2017;1912;1992;1903;1840;1645;1674;1665;1720;1758;1688;1632;1722;1570;1613;1609;1675
15;2003;1875;2023;1914;1994;1897;1835;1644;1677;1663;1714;1765;1688;1627;1731;1583;1604;1612
16;2160;2003;1874;2026;1911;1990;1897;1832;1649;1688;1671;1723;1761;1697;1639;1726;1583;1606
17;2131;2164;2009;1877;2026;1911;1985;1894;1833;1649;1689;1673;1730;1768;1703;1644;1724;1582
18;2170;2127;2161;2023;1884;2028;1919;1991;1900;1841;1654;1703;1694;1748;1794;1743;1666;1766
19;2245;2172;2127;2164;2025;1895;2020;1931;1995;1905;1839;1661;1708;1695;1755;1791;1732;1661
20;2353;2245;2173;2119;2151;2031;1892;2008;1919;1988;1905;1848;1654;1707;1688;1745;1784;1728
21;2499;2358;2253;2179;2116;2147;2024;1889;2000;1930;1986;1908;1849;1655;1711;1679;1740;1779
22;2583;2501;2356;2261;2196;2104;2131;2027;1891;1996;1927;2000;1914;1848;1653;1704;1671;1736
23;2915;2565;2502;2343;2256;2193;2106;2126;2010;1892;2005;1925;1999;1910;1835;1640;1709;1688
24;3003;2924;2589;2484;2340;2253;2168;2099;2124;1994;1895;2008;1915;1995;1904;1826;1649;1695
25;3182;3021;2927;2599;2494;2335;2252;2164;2105;2116;1994;1896;1993;1915;2006;1889;1818;1638
26;3348;3194;3043;2926;2597;2482;2319;2243;2143;2083;2111;1993;1880;1999;1889;1980;1879;1794
27;3473;3356;3194;3047;2935;2583;2479;2307;2229;2141;2076;2089;1975;1869;2010;1865;1976;1866
28;3461;3478;3327;3219;3046;2942;2584;2459;2288;2205;2140;2097;2083;1946;1849;1970;1856;1960
29;3447;3467;3481;3324;3234;3049;2944;2561;2433;2261;2183;2122;2063;2060;1934;1831;1941;1836
30;3508;3430;3473;3471;3320;3218;3030;2932;2516;2411;2271;2178;2088;2028;2056;1906;1848;1935
31;3404;3495;3445;3477;3419;3302;3218;2971;2921;2513;2408;2290;2171;2081;2025;2034;1890;1826
32;3607;3388;3485;3367;3473;3405;3292;3164;2969;2923;2495;2401;2271;2154;2060;2016;2022;1867
33;3558;3596;3361;3448;3354;3453;3362;3268;3141;2966;2903;2496;2388;2272;2156;2071;2006;2009
34;3651;3558;3606;3339;3398;3348;3440;3340;3216;3131;2932;2891;2498;2387;2258;2142;2058;1993
35;3830;3668;3547;3579;3356;3387;3348;3420;3345;3258;3123;2942;2879;2476;2403;2265;2141;2053
36;3833;3842;3677;3553;3556;3360;3420;3354;3434;3386;3273;3115;2934;2861;2453;2392;2272;2141
37;3967;3840;3812;3658;3558;3527;3398;3435;3332;3436;3373;3263;3126;2935;2876;2471;2375;2258
38;3804;3943;3799;3817;3651;3557;3519;3390;3405;3326;3429;3384;3251;3119;2948;2879;2459;2394
39;3748;3784;3947;3805;3803;3666;3568;3502;3405;3420;3332;3419;3379;3246;3117;2940;2879;2458
40;3906;3763;3796;3939;3798;3804;3653;3552;3489;3395;3413;3345;3413;3366;3228;3128;2938;2888
41;3648;3893;3755;3804;3924;3779;3788;3656;3540;3485;3402;3403;3338;3410;3380;3223;3118;2962
42;3690;3657;3891;3749;3809;3919;3798;3785;3663;3538;3485;3400;3407;3334;3396;3406;3233;3102
43;3568;3701;3676;3905;3773;3819;3929;3802;3807;3674;3555;3485;3394;3400;3347;3419;3404;3219
44;3558;3565;3718;3670;3899;3786;3822;3921;3799;3815;3675;3551;3485;3404;3416;3364;3419;3393
45;3675;3574;3563;3712;3664;3885;3780;3821;3921;3796;3803;3675;3537;3496;3404;3412;3354;3409
46;3545;3671;3586;3550;3717;3668;3877;3784;3805;3908;3801;3793;3660;3547;3512;3420;3403;3352
47;3444;3554;3658;3588;3557;3729;3660;3862;3774;3803;3909;3802;3795;3647;3541;3522;3421;3400
48;3491;3450;3549;3644;3599;3540;3724;3662;3853;3765;3777;3919;3789;3800;3634;3538;3514;3409
49;3385;3490;3447;3548;3640;3603;3529;3714;3641;3836;3758;3784;3922;3787;3814;3611;3551;3522
50;3255;3383;3491;3450;3546;3651;3603;3521;3699;3630;3825;3754;3795;3910;3785;3816;3603;3541
51;3462;3258;3392;3487;3455;3549;3650;3592;3499;3692;3626;3829;3756;3790;3909;3790;3800;3606
52;3426;3451;3251;3371;3482;3443;3539;3633;3586;3489;3691;3624;3833;3745;3788;3898;3772;3808
53;3641;3430;3444;3252;3377;3477;3424;3534;3610;3578;3480;3690;3611;3816;3731;3785;3888;3748
54;3444;3632;3413;3446;3240;3386;3465;3410;3513;3600;3568;3474;3696;3601;3819;3732;3778;3884
55;3535;3435;3634;3399;3453;3221;3371;3462;3394;3497;3600;3551;3470;3674;3577;3804;3734;3771
56;2218;3525;3416;3614;3403;3453;3199;3366;3444;3385;3478;3594;3533;3455;3667;3555;3796;3722
57;2806;2207;3525;3410;3594;3388;3427;3178;3353;3422;3372;3466;3580;3522;3454;3659;3550;3794
58;2732;2797;2202;3509;3398;3592;3372;3416;3166;3345;3408;3348;3451;3560;3507;3446;3652;3533
59;2750;2730;2797;2192;3495;3388;3578;3363;3399;3161;3338;3406;3338;3426;3548;3497;3442;3637
60;2863;2733;2713;2781;2175;3471;3370;3565;3350;3375;3131;3313;3393;3317;3411;3544;3474;3418
61;2906;2862;2697;2717;2753;2151;3443;3353;3550;3335;3355;3109;3288;3370;3303;3383;3541;3460
62;2956;2898;2841;2688;2712;2745;2142;3415;3346;3521;3316;3348;3089;3269;3356;3289;3364;3511
63;3073;2943;2884;2836;2676;2682;2733;2132;3387;3317;3504;3293;3335;3062;3251;3324;3256;3350
64;2896;3064;2928;2870;2832;2657;2659;2711;2125;3357;3292;3493;3274;3316;3037;3227;3298;3236
65;2683;2877;3024;2894;2851;2827;2636;2641;2694;2107;3355;3265;3456;3257;3292;3006;3204;3283
66;3023;2649;2854;2988;2879;2827;2803;2602;2594;2672;2087;3317;3231;3418;3228;3255;2989;3165
67;3029;2985;2610;2823;2957;2855;2805;2770;2575;2562;2654;2076;3273;3194;3381;3174;3231;2956
68;2971;3001;2945;2559;2780;2938;2827;2769;2740;2551;2527;2619;2042;3224;3165;3348;3150;3200
69;2739;2927;2946;2901;2527;2755;2910;2796;2731;2700;2516;2499;2592;2016;3191;3123;3298;3110
70;2946;2696;2883;2905;2854;2496;2708;2868;2749;2703;2650;2480;2469;2563;1993;3154;3080;3250
71;3009;2876;2648;2818;2863;2809;2450;2673;2829;2690;2665;2610;2448;2426;2522;1965;3121;3034
72;2593;2958;2842;2593;2765;2820;2767;2396;2618;2773;2645;2617;2563;2419;2390;2482;1930;3067
73;2663;2556;2906;2775;2523;2707;2756;2703;2347;2574;2731;2579;2577;2519;2368;2349;2443;1901
74;2730;2611;2503;2830;2710;2472;2655;2689;2632;2295;2511;2674;2539;2537;2478;2316;2299;2401
75;2544;2655;2542;2442;2745;2622;2410;2585;2622;2573;2245;2454;2613;2474;2482;2414;2264;2254
76;2623;2462;2582;2475;2357;2661;2555;2336;2498;2562;2529;2202;2382;2567;2410;2434;2343;2210
77;2261;2542;2380;2503;2377;2274;2566;2473;2259;2416;2483;2444;2158;2324;2500;2349;2365;2275
78;2318;2174;2449;2295;2407;2290;2205;2459;2360;2169;2336;2414;2358;2095;2264;2405;2278;2282
79;2177;2190;2086;2338;2210;2316;2207;2132;2371;2259;2082;2238;2324;2258;2028;2177;2326;2196
80;1950;2061;2087;1981;2232;2109;2203;2108;2025;2259;2165;1993;2140;2222;2167;1944;2071;2216
81;1802;1847;1932;1965;1876;2113;2004;2114;1996;1925;2153;2074;1922;2046;2101;2057;1857;1955
82;1075;1698;1714;1814;1838;1755;1998;1866;1986;1888;1812;2030;1968;1832;1935;1976;1952;1758
83;675;1007;1600;1602;1693;1715;1617;1836;1724;1866;1775;1677;1890;1848;1710;1815;1850;1814
84;603;626;924;1487;1468;1564;1592;1479;1693;1604;1720;1641;1557;1778;1739;1590;1686;1702
85;827;568;586;850;1363;1337;1436;1470;1340;1581;1472;1562;1515;1448;1628;1621;1461;1566
86;976;756;526;542;780;1223;1209;1320;1336;1217;1436;1329;1453;1371;1290;1498;1465;1336
87;926;854;675;465;479;701;1077;1057;1177;1204;1118;1282;1175;1325;1224;1189;1344;1311
88;770;784;716;584;410;423;599;939;894;1043;1061;978;1137;1040;1172;1094;1053;1211
89;656;624;654;610;501;358;377;524;827;784;883;926;869;986;908;1009;954;933
90;546;562;524;554;514;434;309;311;448;715;690;735;782;737;828;780;860;809
91;401;447;452;429;455;427;360;261;261;384;606;567;624;666;590;677;653;716
92;323;322;351;375;355;371;359;283;220;213;326;508;481;527;531;495;549;546
93;238;247;254;270;296;295;302;294;231;181;163;254;398;391;422;424;393;445
94;164;194;198;194;206;236;232;231;226;173;145;126;195;297;304;332;317;304
95;114;127;153;155;155;156;170;177;188;172;126;108;99;149;225;236;259;242
96;71;92;101;110;116;119;121;128;138;152;142;89;81;69;104;168;174;186
97;53;47;68;74;66;79;73;84;99;108;121;105;68;67;59;67;124;125
98;25;42;24;52;46;45;53;45;63;66;79;92;77;47;46;49;45;81
99;35;20;27;16;25;37;26;30;29;52;49;48;65;46;30;34;27;29
100 e oltre;30;35;34;39;31;37;35;37;45;52;58;65;70;72;75;73;73;57
Totale;238484;237632;236782;235698;234629;233594;232418;230962;229482;228363;227039;225727;224182;222598;221143;219595;217948;215872
Età/Anno;2002;2003;2004;2005;2006;2007;2008;2009;2010;2011;2012;2013;2014;2015;2016;2017;2018;2019
Età;Maschi
0;803;780;780;794;823;778;784;856;821;848;747;802;722;644;651;580;665;570
1;839;801;795;788;797;832;785;786;846;818;857;751;805;728;653;646;578;689
2;804;842;807;802;809;803;842;784;793;854;825;855;751;811;728;669;654;579
3;832;810;842;809;807;803;815;845;794;781;850;825;841;750;808;739;671;657
4;864;833;818;844;818;816;806;827;852;791;787;844;820;851;757;817;751;668
5;851;862;845;823;858;819;812;805;841;854;794;788;845;827;866;767;826;751
6;845;845;870;842;819;861;820;810;809;833;843;808;795;850;818;873;771;833
7;860;853;851;875;845;819;863;818;811;812;836;845;806;801;868;839;888;771
8;830;869;860;862;875;851;821;863;822;815;807;836;845;812;816;888;853;896
9;946;824;869;866;863;878;846;821;872;819;810;810;839;855;824;824;897;858
10;947;950;831;868;870;866;886;847;827;879;825;808;807;847;855;833;831;898
11;991;948;959;835;865;866;869;888;848;823;878;829;810;805;861;864;840;831
12;975;999;947;959;831;870;865;864;894;858;825;877;827;818;805;865;865;836
13;1031;980;1002;951;954;844;879;865;860;893;856;829;877;840;829;805;866;859
14;998;1032;977;995;957;956;853;878;872;863;897;856;834;880;844;834;807;863
15;1042;999;1034;980;999;951;953;852;883;873;860;901;856;830;884;848;834;815
16;1084;1045;998;1035;975;998;948;954;851;894;878;865;900;862;832;879;851;834
17;1086;1079;1050;1000;1034;976;995;949;956;853;894;881;870;904;864;834;879;849
18;1189;1081;1082;1059;1005;1037;974;1005;954;960;855;903;894;882;915;883;845;904
19;1134;1187;1084;1083;1057;1012;1037;983;1004;955;959;861;909;895;888;911;874;844
20;1167;1131;1187;1077;1077;1061;1008;1031;985;999;956;966;860;907;889;886;907;871
21;1297;1177;1137;1182;1070;1074;1061;1001;1036;989;1000;953;963;855;907;887;885;900
22;1353;1301;1168;1140;1188;1063;1065;1059;997;1033;981;1005;963;963;851;900;880;886
23;1456;1334;1303;1161;1136;1177;1071;1067;1055;1009;1037;987;1014;954;959;842;901;887
24;1539;1453;1344;1283;1157;1135;1164;1076;1059;1049;1008;1038;986;1010;951;955;848;891
25;1648;1555;1457;1345;1291;1160;1139;1160;1081;1059;1051;1013;1024;987;1014;945;950;849
26;1688;1652;1562;1447;1342;1278;1144;1139;1160;1083;1064;1044;1001;1025;972;1005;940;941
27;1799;1693;1656;1562;1464;1342;1272;1134;1128;1164;1081;1056;1030;999;1026;956;998;934
28;1758;1807;1683;1666;1564;1474;1339;1268;1119;1115;1168;1095;1052;1017;979;1010;960;991
29;1791;1770;1822;1683;1685;1576;1474;1323;1257;1113;1098;1153;1080;1050;1010;960;991;951
30;1793;1790;1763;1833;1689;1690;1562;1464;1309;1244;1125;1111;1136;1063;1059;1013;974;990
31;1742;1789;1805;1780;1815;1680;1694;1535;1459;1307;1245;1123;1106;1127;1058;1041;992;963
32;1864;1741;1805;1786;1789;1811;1702;1689;1533;1475;1292;1234;1112;1111;1112;1050;1039;966
33;1817;1851;1739;1782;1785;1780;1791;1688;1683;1535;1463;1290;1230;1110;1106;1110;1030;1018
34;1840;1808;1844;1722;1754;1785;1759;1769;1652;1666;1505;1457;1292;1231;1105;1089;1108;1011
35;1929;1839;1787;1819;1723;1735;1751;1741;1758;1660;1641;1503;1446;1282;1231;1108;1090;1103
36;1934;1936;1840;1792;1798;1716;1758;1759;1731;1770;1666;1650;1498;1434;1270;1228;1112;1082
37;1996;1931;1921;1835;1788;1791;1735;1767;1748;1730;1755;1660;1654;1500;1448;1280;1217;1106
38;1900;1985;1909;1923;1835;1793;1781;1729;1755;1730;1721;1759;1652;1651;1499;1447;1264;1211
39;1872;1883;1983;1911;1917;1841;1796;1769;1743;1767;1728;1698;1754;1656;1648;1505;1452;1263
40;1965;1878;1893;1971;1900;1923;1841;1801;1767;1743;1764;1737;1691;1743;1647;1651;1513;1458
41;1861;1952;1874;1891;1958;1895;1911;1847;1792;1774;1747;1757;1737;1676;1747;1652;1645;1528
42;1882;1869;1949;1867;1889;1954;1910;1905;1854;1794;1777;1739;1757;1735;1670;1762;1656;1627
43;1828;1886;1877;1962;1877;1901;1962;1912;1923;1871;1810;1774;1732;1753;1742;1685;1762;1652
44;1762;1823;1891;1883;1965;1887;1913;1971;1915;1931;1881;1816;1775;1738;1766;1748;1688;1752
45;1866;1770;1820;1886;1880;1957;1887;1909;1974;1916;1920;1886;1810;1789;1742;1769;1749;1681
46;1772;1862;1772;1814;1883;1881;1949;1888;1889;1965;1919;1917;1879;1814;1787;1762;1767;1750
47;1694;1766;1854;1772;1819;1886;1876;1944;1884;1890;1965;1920;1916;1870;1815;1793;1758;1764
48;1743;1704;1757;1844;1772;1806;1877;1876;1941;1876;1874;1960;1911;1925;1854;1813;1788;1743
49;1726;1745;1699;1756;1841;1768;1797;1874;1857;1926;1868;1877;1960;1910;1928;1836;1825;1790
50;1723;1726;1749;1697;1752;1846;1766;1799;1862;1844;1921;1861;1886;1959;1907;1929;1831;1824
51;1796;1725;1738;1745;1706;1750;1846;1759;1784;1859;1845;1922;1861;1884;1955;1913;1918;1831
52;1720;1794;1718;1724;1738;1700;1746;1826;1754;1782;1858;1847;1917;1859;1885;1951;1901;1921
53;1875;1725;1791;1709;1725;1740;1688;1743;1809;1749;1779;1863;1837;1901;1852;1880;1943;1893
54;1767;1863;1709;1792;1701;1723;1728;1681;1732;1800;1745;1772;1866;1825;1902;1851;1880;1933
55;1811;1764;1865;1700;1800;1690;1717;1726;1671;1729;1796;1739;1764;1859;1813;1894;1853;1873
56;1119;1802;1752;1854;1705;1797;1677;1716;1716;1662;1719;1790;1726;1752;1859;1801;1886;1841
57;1370;1117;1810;1750;1839;1700;1777;1669;1699;1699;1652;1707;1775;1727;1753;1854;1790;1887
58;1369;1360;1111;1800;1744;1827;1688;1773;1664;1693;1695;1638;1703;1763;1718;1753;1849;1774
59;1321;1365;1357;1100;1793;1731;1821;1680;1760;1659;1692;1687;1634;1690;1757;1708;1751;1837
60;1447;1310;1354;1349;1087;1767;1714;1806;1672;1742;1633;1675;1679;1625;1677;1750;1695;1735
61;1353;1447;1282;1356;1328;1070;1752;1701;1795;1661;1725;1621;1658;1664;1622;1659;1744;1690
62;1423;1344;1430;1275;1353;1319;1059;1729;1694;1773;1651;1716;1610;1647;1655;1607;1652;1724
63;1526;1420;1330;1424;1265;1329;1310;1056;1706;1677;1766;1633;1713;1589;1634;1635;1586;1638
64;1354;1507;1407;1317;1419;1253;1320;1299;1051;1689;1662;1760;1619;1699;1573;1617;1618;1576
65;1217;1332;1485;1383;1304;1406;1236;1302;1285;1042;1685;1635;1740;1615;1683;1553;1602;1604
66;1476;1196;1316;1452;1372;1288;1393;1207;1271;1269;1027;1661;1618;1711;1600;1660;1542;1580
67;1415;1443;1164;1296;1435;1359;1279;1371;1192;1249;1257;1023;1630;1592;1688;1561;1643;1517
68;1353;1391;1410;1130;1267;1423;1343;1265;1353;1177;1227;1232;998;1596;1572;1668;1541;1621
69;1187;1317;1349;1376;1111;1252;1395;1322;1238;1325;1151;1210;1212;982;1580;1540;1636;1520
70;1283;1161;1288;1321;1345;1091;1237;1368;1293;1227;1291;1133;1195;1194;968;1555;1515;1605
71;1247;1233;1128;1255;1295;1318;1061;1215;1339;1254;1202;1261;1106;1170;1166;949;1535;1487
72;1128;1220;1206;1090;1218;1269;1292;1034;1178;1313;1222;1171;1235;1085;1141;1141;928;1499
73;1112;1096;1188;1169;1046;1177;1226;1253;1005;1146;1283;1184;1148;1203;1041;1116;1117;918
74;1094;1072;1062;1142;1128;1020;1136;1188;1211;970;1105;1245;1155;1124;1180;1009;1085;1102
75;1034;1049;1022;1024;1096;1079;979;1089;1150;1170;939;1076;1206;1122;1086;1143;980;1061
76;1054;983;1010;985;979;1041;1038;933;1035;1107;1144;918;1028;1178;1088;1054;1092;946
77;857;1016;926;965;929;935;984;987;897;985;1064;1093;892;1000;1128;1047;1018;1049
78;900;811;969;894;917;877;901;933;927;859;938;1018;1043;852;964;1071;1003;974
79;799;820;758;921;843;860;832;864;894;872;806;881;971;988;814;910;1029;954
80;698;735;773;700;855;788;808;779;808;832;819;753;833;907;931;763;850;964
81;584;645;659;700;654;791;736;778;710;747;771;777;728;786;847;869;718;789
82;375;526;581;598;622;592;743;677;709;650;687;717;717;682;733;773;814;664
83;235;351;467;527;543;559;523;649;596;650;596;625;654;658;611;670;713;740
84;179;211;311;423;470;473;509;458;579;549;567;540;565;599;607;559;613;641
85;259;163;196;276;377;411;418;460;405;528;487;497;477;512;543;559;505;557
86;285;238;154;175;253;329;369;375;410;365;469;418;458;427;446;490;490;445
87;244;241;207;134;157;218;280;307;334;365;326;406;361;403;378;403;434;419
88;204;208;192;163;112;137;180;244;256;289;313;263;349;301;346;311;338;375
89;189;170;174;155;130;96;120;148;215;207;236;269;224;288;252;274;259;277
90;135;155;141;142;123;108;79;96;122;181;168;193;218;176;233;211;227;215
91;103;105;126;102;126;98;86;63;83;104;151;130;155;173;140;189;167;185
92;98;67;77;105;81;102;79;71;56;64;88;119;106;117;131;121;152;130
93;53;73;52;58;85;71;85;64;58;37;46;68;88;79;92;109;93;125
94;30;41;53;42;45;64;52;63;50;38;30;36;49;67;63;67;72;66
95;31;21;28;43;33;27;43;37;48;38;26;17;24;39;54;40;50;47
96;11;21;14;21;31;19;20;31;25;39;31;17;13;18;26;38;27;35
97;8;4;15;9;15;27;12;14;27;17;34;22;13;10;13;17;25;18
98;4;7;0;15;5;9;16;6;10;19;13;24;17;5;7;10;12;14
99;3;4;6;1;5;5;5;10;6;9;12;5;15;9;3;3;3;7
100 e oltre;4;2;2;6;4;4;4;5;10;8;11;18;13;14;12;11;8;4
Totale;115095;114697;114314;113835;113478;113021;112550;112024;111408;110978;110354;109838;109176;108502;107887;107152;106468;105495
Età/Anno;2002;2003;2004;2005;2006;2007;2008;2009;2010;2011;2012;2013;2014;2015;2016;2017;2018;2019
Età;Femmine
0;700;731;773;762;738;744;762;749;779;761;741;704;651;624;651;632;584;523
1;826;697;730;782;771;739;734;768;757;770;755;742;701;657;625;665;648;588
2;783;822;705;733;775;774;740;729;771;759;765;754;746;705;661;636;683;648
3;817;784;834;713;742;770;772;740;722;764;753;761;762;743;713;667;651;685
4;829;825;796;828;717;742;772;769;740;729;764;753;764;754;737;719;680;654
5;851;841;824;792;829;718;745;774;765;742;726;769;753;772;770;745;732;682
6;780;846;842;820;788;834;714;749;781;767;742;724;769;758;782;789;761;734
7;779;787;853;848;816;788;835;718;750;780;769;749;727;776;773;803;800;762
8;776;778;791;850;847;824;798;833;717;749;779;775;751;736;786;784;824;801
9;875;780;787;793;846;848;826;800;831;718;751;779;779;768;737;791;794;825
10;953;873;785;794;788;849;851;828;804;832;716;754;783;786;776;740;802;789
11;995;950;876;787;793;781;852;859;835;810;830;716;760;794;804;782;743;802
12;926;995;946;882;786;798;788;857;860;836;809;833;714;766;800;813;789;740
13;978;931;994;947;882;787;794;789;857;862;835;803;836;721;771;804;819;786
14;875;985;935;997;946;884;792;796;793;857;861;832;798;842;726;779;802;812
15;961;876;989;934;995;946;882;792;794;790;854;864;832;797;847;735;770;797
16;1076;958;876;991;936;992;949;878;798;794;793;858;861;835;807;847;732;772
17;1045;1085;959;877;992;935;990;945;877;796;795;792;860;864;839;810;845;733
18;981;1046;1079;964;879;991;945;986;946;881;799;800;800;866;879;860;821;862
19;1111;985;1043;1081;968;883;983;948;991;950;880;800;799;800;867;880;858;817
20;1186;1114;986;1042;1074;970;884;977;934;989;949;882;794;800;799;859;877;857
21;1202;1181;1116;997;1046;1073;963;888;964;941;986;955;886;800;804;792;855;879
22;1230;1200;1188;1121;1008;1041;1066;968;894;963;946;995;951;885;802;804;791;850
23;1459;1231;1199;1182;1120;1016;1035;1059;955;883;968;938;985;956;876;798;808;801
24;1464;1471;1245;1201;1183;1118;1004;1023;1065;945;887;970;929;985;953;871;801;804
25;1534;1466;1470;1254;1203;1175;1113;1004;1024;1057;943;883;969;928;992;944;868;789
26;1660;1542;1481;1479;1255;1204;1175;1104;983;1000;1047;949;879;974;917;975;939;853
27;1674;1663;1538;1485;1471;1241;1207;1173;1101;977;995;1033;945;870;984;909;978;932
28;1703;1671;1644;1553;1482;1468;1245;1191;1169;1090;972;1002;1031;929;870;960;896;969
29;1656;1697;1659;1641;1549;1473;1470;1238;1176;1148;1085;969;983;1010;924;871;950;885
30;1715;1640;1710;1638;1631;1528;1468;1468;1207;1167;1146;1067;952;965;997;893;874;945
31;1662;1706;1640;1697;1604;1622;1524;1436;1462;1206;1163;1167;1065;954;967;993;898;863
32;1743;1647;1680;1581;1684;1594;1590;1475;1436;1448;1203;1167;1159;1043;948;966;983;901
33;1741;1745;1622;1666;1569;1673;1571;1580;1458;1431;1440;1206;1158;1162;1050;961;976;991
34;1811;1750;1762;1617;1644;1563;1681;1571;1564;1465;1427;1434;1206;1156;1153;1053;950;982
35;1901;1829;1760;1760;1633;1652;1597;1679;1587;1598;1482;1439;1433;1194;1172;1157;1051;950
36;1899;1906;1837;1761;1758;1644;1662;1595;1703;1616;1607;1465;1436;1427;1183;1164;1160;1059
37;1971;1909;1891;1823;1770;1736;1663;1668;1584;1706;1618;1603;1472;1435;1428;1191;1158;1152
38;1904;1958;1890;1894;1816;1764;1738;1661;1650;1596;1708;1625;1599;1468;1449;1432;1195;1183
39;1876;1901;1964;1894;1886;1825;1772;1733;1662;1653;1604;1721;1625;1590;1469;1435;1427;1195
40;1941;1885;1903;1968;1898;1881;1812;1751;1722;1652;1649;1608;1722;1623;1581;1477;1425;1430
41;1787;1941;1881;1913;1966;1884;1877;1809;1748;1711;1655;1646;1601;1734;1633;1571;1473;1434
42;1808;1788;1942;1882;1920;1965;1888;1880;1809;1744;1708;1661;1650;1599;1726;1644;1577;1475
43;1740;1815;1799;1943;1896;1918;1967;1890;1884;1803;1745;1711;1662;1647;1605;1734;1642;1567
44;1796;1742;1827;1787;1934;1899;1909;1950;1884;1884;1794;1735;1710;1666;1650;1616;1731;1641
45;1809;1804;1743;1826;1784;1928;1893;1912;1947;1880;1883;1789;1727;1707;1662;1643;1605;1728
46;1773;1809;1814;1736;1834;1787;1928;1896;1916;1943;1882;1876;1781;1733;1725;1658;1636;1602
47;1750;1788;1804;1816;1738;1843;1784;1918;1890;1913;1944;1882;1879;1777;1726;1729;1663;1636
48;1748;1746;1792;1800;1827;1734;1847;1786;1912;1889;1903;1959;1878;1875;1780;1725;1726;1666
49;1659;1745;1748;1792;1799;1835;1732;1840;1784;1910;1890;1907;1962;1877;1886;1775;1726;1732
50;1532;1657;1742;1753;1794;1805;1837;1722;1837;1786;1904;1893;1909;1951;1878;1887;1772;1717
51;1666;1533;1654;1742;1749;1799;1804;1833;1715;1833;1781;1907;1895;1906;1954;1877;1882;1775
52;1706;1657;1533;1647;1744;1743;1793;1807;1832;1707;1833;1777;1916;1886;1903;1947;1871;1887
53;1766;1705;1653;1543;1652;1737;1736;1791;1801;1829;1701;1827;1774;1915;1879;1905;1945;1855
54;1677;1769;1704;1654;1539;1663;1737;1729;1781;1800;1823;1702;1830;1776;1917;1881;1898;1951
55;1724;1671;1769;1699;1653;1531;1654;1736;1723;1768;1804;1812;1706;1815;1764;1910;1881;1898
56;1099;1723;1664;1760;1698;1656;1522;1650;1728;1723;1759;1804;1807;1703;1808;1754;1910;1881
57;1436;1090;1715;1660;1755;1688;1650;1509;1654;1723;1720;1759;1805;1795;1701;1805;1760;1907
58;1363;1437;1091;1709;1654;1765;1684;1643;1502;1652;1713;1710;1748;1797;1789;1693;1803;1759
59;1429;1365;1440;1092;1702;1657;1757;1683;1639;1502;1646;1719;1704;1736;1791;1789;1691;1800
60;1416;1423;1359;1432;1088;1704;1656;1759;1678;1633;1498;1638;1714;1692;1734;1794;1779;1683
61;1553;1415;1415;1361;1425;1081;1691;1652;1755;1674;1630;1488;1630;1706;1681;1724;1797;1770
62;1533;1554;1411;1413;1359;1426;1083;1686;1652;1748;1665;1632;1479;1622;1701;1682;1712;1787
63;1547;1523;1554;1412;1411;1353;1423;1076;1681;1640;1738;1660;1622;1473;1617;1689;1670;1712
64;1542;1557;1521;1553;1413;1404;1339;1412;1074;1668;1630;1733;1655;1617;1464;1610;1680;1660
65;1466;1545;1539;1511;1547;1421;1400;1339;1409;1065;1670;1630;1716;1642;1609;1453;1602;1679
66;1547;1453;1538;1536;1507;1539;1410;1395;1323;1403;1060;1656;1613;1707;1628;1595;1447;1585
67;1614;1542;1446;1527;1522;1496;1526;1399;1383;1313;1397;1053;1643;1602;1693;1613;1588;1439
68;1618;1610;1535;1429;1513;1515;1484;1504;1387;1374;1300;1387;1044;1628;1593;1680;1609;1579
69;1552;1610;1597;1525;1416;1503;1515;1474;1493;1375;1365;1289;1380;1034;1611;1583;1662;1590
70;1663;1535;1595;1584;1509;1405;1471;1500;1456;1476;1359;1347;1274;1369;1025;1599;1565;1645
71;1762;1643;1520;1563;1568;1491;1389;1458;1490;1436;1463;1349;1342;1256;1356;1016;1586;1547
72;1465;1738;1636;1503;1547;1551;1475;1362;1440;1460;1423;1446;1328;1334;1249;1341;1002;1568
73;1551;1460;1718;1606;1477;1530;1530;1450;1342;1428;1448;1395;1429;1316;1327;1233;1326;983
74;1636;1539;1441;1688;1582;1452;1519;1501;1421;1325;1406;1429;1384;1413;1298;1307;1214;1299
75;1510;1606;1520;1418;1649;1543;1431;1496;1472;1403;1306;1378;1407;1352;1396;1271;1284;1193
76;1569;1479;1572;1490;1378;1620;1517;1403;1463;1455;1385;1284;1354;1389;1322;1380;1251;1264
77;1404;1526;1454;1538;1448;1339;1582;1486;1362;1431;1419;1351;1266;1324;1372;1302;1347;1226
78;1418;1363;1480;1401;1490;1413;1304;1526;1433;1310;1398;1396;1315;1243;1300;1334;1275;1308
79;1378;1370;1328;1417;1367;1456;1375;1268;1477;1387;1276;1357;1353;1270;1214;1267;1297;1242
80;1252;1326;1314;1281;1377;1321;1395;1329;1217;1427;1346;1240;1307;1315;1236;1181;1221;1252
81;1218;1202;1273;1265;1222;1322;1268;1336;1286;1178;1382;1297;1194;1260;1254;1188;1139;1166
82;700;1172;1133;1216;1216;1163;1255;1189;1277;1238;1125;1313;1251;1150;1202;1203;1138;1094
83;440;656;1133;1075;1150;1156;1094;1187;1128;1216;1179;1052;1236;1190;1099;1145;1137;1074
84;424;415;613;1064;998;1091;1083;1021;1114;1055;1153;1101;992;1179;1132;1031;1073;1061
85;568;405;390;574;986;926;1018;1010;935;1053;985;1065;1038;936;1085;1062;956;1009
86;691;518;372;367;527;894;840;945;926;852;967;911;995;944;844;1008;975;891
87;682;613;468;331;322;483;797;750;843;839;792;876;814;922;846;786;910;892
88;566;576;524;421;298;286;419;695;638;754;748;715;788;739;826;783;715;836
89;467;454;480;455;371;262;257;376;612;577;647;657;645;698;656;735;695;656
90;411;407;383;412;391;326;230;215;326;534;522;542;564;561;595;569;633;594
91;298;342;326;327;329;329;274;198;178;280;455;437;469;493;450;488;486;531
92;225;255;274;270;274;269;280;212;164;149;238;389;375;410;400;374;397;416
93;185;174;202;212;211;224;217;230;173;144;117;186;310;312;330;315;300;320
94;134;153;145;152;161;172;180;168;176;135;115;90;146;230;241;265;245;238
95;83;106;125;112;122;129;127;140;140;134;100;91;75;110;171;196;209;195
96;60;71;87;89;85;100;101;97;113;113;111;72;68;51;78;130;147;151
97;45;43;53;65;51;52;61;70;72;91;87;83;55;57;46;50;99;107
98;21;35;24;37;41;36;37;39;53;47;66;68;60;42;39;39;33;67
99;32;16;21;15;20;32;21;20;23;43;37;43;50;37;27;31;24;22
100 e oltre;26;33;32;33;27;33;31;32;35;44;47;47;57;58;63;62;65;53
Totale;123389;122935;122468;121863;121151;120573;119868;118938;118074;117385;116685;115889;115006;114096;113256;112443;111480;110377

"Ricostruzione della popolazione intercensuaria - Popolazione al 1° gennaio per età"
"Cittadinanza straniera - Provincia: Rovigo"
Età/Anno;2002;2003;2004;2005;2006;2007;2008;2009;2010;2011;2012;2013;2014;2015;2016;2017;2018;2019
Età;Totale
0;82;127;131;243;273;241;330;386;381;348;325;376;351;316;271;247;236;223
1;77;102;138;142;233;287;273;327;373;361;349;317;370;328;307;243;224;223
2;76;95;116;145;168;248;296;290;326;361;345;370;317;362;298;287;221;232
3;66;82;97;127;158;172;246;306;284;320;350;348;357;300;327;276;262;207
4;53;77;104;112;155;171;197;252;295;292;313;359;338;339;282;279;239;254
5;43;61;97;117;131;177;193;209;247;295;296;313;367;330;305;269;262;233
6;49;57;78;107;139;135;200;198;226;247;282;316;305;353;308;268;245;255
7;44;57;76;89;124;135;156;199;193;221;237;283;306;284;320;282;241;235
8;45;57;59;89;107;124;157;169;209;199;211;259;267;271;256;283;242;220
9;48;48;81;67;116;117;152;175;179;223;208;216;236;252;262;233;249;240
10;46;55;64;98;90;115;138;163;192;187;226;215;217;218;227;246;211;253
11;39;53;73;77;114;91;145;156;180;187;179;224;214;195;204;198;221;210
12;46;41;65;89;89;121;122;180;170;182;193;198;223;179;172;189;192;210
13;44;55;48;73;102;107;152;143;197;179;178;195;199;205;168;165;180;202
14;31;44;65;67;87;118;127;169;162;203;186;188;186;195;195;152;163;180
15;34;38;61;66;80;95;147;147;175;176;210;192;195;188;181;184;159;172
16;30;36;59;72;87;96;122;169;158;195;176;217;194;202;182;179;191;156
17;41;36;48;79;83;96;137;153;184;170;206;186;207;189;194;180;179;198
18;51;44;48;70;102;99;118;159;166;186;193;211;165;185;168;166;153;144
19;53;48;61;57;82;113;147;139;190;187;216;194;209;160;182;176;166;173
20;49;49;66;83;78;97;158;182;171;216;211;234;207;227;158;189;182;199
21;65;37;73;84;97;80;132;223;213;196;250;225;246;200;235;166;183;210
22;74;59;76;102;91;118;140;185;273;247;225;283;234;244;202;240;169;237
23;79;80;106;122;119;110;176;199;234;308;285;254;293;244;240;212;230;205
24;69;98;137;143;162;138;168;267;248;259;337;334;290;308;257;242;228;259
25;108;79;159;179;155;192;210;242;301;289;319;360;360;310;292;266;251;236
26;91;127;161;223;216;175;273;259;282;347;335;374;370;360;316;292;264;284
27;117;111;213;248;256;223;260;323;310;328;374;370;383;384;347;316;300;291
28;116;141;218;324;293;320;310;349;347;373;366;407;396;398;369;354;311;325
29;133;147;258;271;367;318;415;403;358;375;394;397;434;407;371;380;328;345
30;142;178;242;353;316;392;386;481;418;379;414;417;415;434;394;371;375;352
31;138;173;242;305;397;343;439;425;464;439;404;441;433;417;416;382;354;396
32;132;153;237;290;332;418;416;466;425;464;434;417;448;442;409;404;364;367
33;116;133;222;252;300;322;429;411;453;414;429;437;423;458;423;404;379;386
34;129;144;187;258;265;327;369;419;393;444;406;467;462;434;435;437;380;397
35;102;135;156;205;243;282;354;365;428;406;429;427;485;451;423;428;412;394
36;91;130;187;211;212;237;294;364;352;438;415;433;447;492;426;405;414;432
37;96;98;164;229;247;227;300;322;365;383;438;428;443;435;456;420;390;433
38;98;108;145;219;240;245;282;325;332;388;384;447;432;452;400;432;422;395
39;80;107;158;173;234;247;286;300;338;334;377;390;446;411;408;379;407;422
40;61;93;148;179;193;266;299;315;307;361;348;396;380;450;382;396;364;408
41;50;69;149;174;196;197;289;306;307;334;376;350;385;355;434;351;366;364
42;60;53;106;162;175;194;226;298;309;321;333;373;347;380;324;404;342;364
43;70;62;93;112;146;164;230;228;285;309;302;335;373;334;355;314;374;352
44;53;68;97;108;121;144;189;237;222;276;302;306;327;362;325;338;304;382
45;51;55;100;112;105;127;172;199;231;227;271;292;306;320;337;307;320;314
46;34;56;90;109;118;113;159;184;200;242;218;279;287;272;298;327;307;341
47;36;41;85;103;100;122;134;167;201;211;244;223;276;268;278;279;307;299
48;31;38;71;107;106;114;149;139;181;201;215;249;215;258;247;286;276;297
49;37;33;63;84;111;111;141;157;140;197;209;219;255;215;241;241;272;279
50;28;31;62;73;88;103;138;145;161;146;193;203;215;239;201;240;234;284
51;25;25;57;66;76;80;123;145;157;170;162;194;205;209;227;182;221;250
52;27;25;41;62;68;81;93;132;153;162;168;180;193;198;209;207;174;220
53;18;31;41;49;57;78;99;105;131;166;177;168;185;182;197;204;205;181
54;11;20;44;48;49;59;89;112;103;134;158;177;165;172;172;188;194;197
55;18;16;34;57;41;48;64;92;109;117;143;151;183;167;154;169;185;191
56;12;21;27;30;50;45;61;81;90;108;111;157;166;163;169;153;171;187
57;16;13;23;34;31;53;57;75;92;94;115;122;161;160;156;170;150;169
58;12;14;16;26;39;25;59;64;75;91;91;108;127;159;154;143;160;151
59;15;11;17;21;28;41;27;59;64;78;95;94;116;120;153;147;149;158
60;12;17;16;19;21;28;38;35;71;76;77;99;100;105;117;151;138;143
61;8;13;25;15;20;21;27;41;38;76;80;82;98;98;104;115;138;133
62;4;11;20;28;16;20;18;26;44;38;72;83;81;96;92;103;122;141
63;17;6;12;19;26;17;24;23;26;46;40;72;86;77;97;94;105;121
64;6;19;6;11;20;24;15;23;27;31;43;35;73;82;74;100;90;103
65;6;7;19;7;10;23;27;19;22;27;27;39;46;66;77;73;91;89
66;10;7;9;23;8;10;26;26;16;25;26;26;41;47;68;73;77;90
67;2;13;6;12;25;8;11;31;30;20;25;25;21;44;40;65;77;72
68;4;3;13;7;11;19;7;12;30;34;21;27;25;23;44;43;66;69
69;6;6;4;13;5;11;20;9;16;28;36;22;25;25;25;42;42;58
70;2;6;7;8;11;4;16;21;12;18;30;35;25;28;24;25;42;42
71;4;3;5;8;8;10;4;23;21;8;19;27;37;23;26;23;31;38
72;2;5;6;8;11;6;11;8;21;19;10;20;23;36;21;26;25;31
73;5;4;6;9;7;10;7;13;10;20;19;11;19;24;35;20;29;28
74;1;5;5;9;8;7;10;9;10;7;20;20;10;22;23;30;19;32
75;3;1;6;5;11;6;6;13;10;10;8;21;17;9;19;24;26;19
76;2;2;1;9;5;12;5;7;12;11;10;12;22;19;10;17;25;27
77;0;3;2;3;9;5;12;5;6;6;12;10;11;21;15;10;18;26
78;2;0;3;6;3;7;7;15;6;5;7;10;13;10;19;11;9;20
79;3;3;1;5;6;4;6;7;14;6;6;7;10;13;10;19;10;9
80;4;2;4;3;5;6;2;6;5;13;7;5;7;12;15;12;17;10
81;1;4;1;7;3;3;5;2;5;3;11;6;4;5;12;16;12;18
82;0;1;4;4;6;3;4;4;3;5;3;11;4;4;5;11;16;11
83;3;0;2;4;4;5;3;5;6;3;4;3;11;1;4;5;13;13
84;0;3;0;3;4;4;6;3;4;5;2;4;3;12;0;3;5;12
85;1;0;3;0;3;4;4;5;2;2;5;2;4;3;9;0;4;5
86;1;1;0;2;0;2;4;5;4;2;2;4;3;1;2;7;0;3
87;0;1;1;1;1;0;2;6;4;4;2;2;3;3;1;3;7;1
88;1;0;1;1;1;1;0;2;4;3;4;1;1;2;2;2;3;6
89;0;1;0;1;0;1;1;0;2;3;2;4;1;1;2;1;2;3
90;0;1;1;0;1;0;1;2;0;2;1;1;2;1;1;2;2;2
91;0;0;0;1;0;1;1;0;0;0;1;1;1;2;1;1;1;2
92;1;0;0;0;1;0;1;1;0;0;0;1;1;1;2;1;1;1
93;0;1;0;0;1;1;0;1;0;0;0;0;1;1;1;2;1;1
94;0;0;1;0;0;1;1;0;0;0;0;0;0;0;1;1;2;0
95;0;0;0;1;0;0;1;1;0;0;0;0;0;0;0;1;1;2
96;0;0;0;0;1;0;0;1;1;0;0;0;0;0;0;0;1;1
97;0;0;0;0;0;1;0;0;1;0;0;0;0;0;0;0;0;1
98;0;0;0;0;0;0;0;0;0;0;0;0;0;0;0;0;0;0
99;0;0;0;1;0;0;0;0;0;0;0;0;0;0;0;0;0;0
100 e oltre;0;0;0;1;2;2;1;1;0;0;0;0;0;0;0;0;0;0
Totale;3799;4424;6530;8230;9312;10121;12484;14250;15193;16247;16968;18023;18566;18459;17797;17399;16922;17556
Età/Anno;2002;2003;2004;2005;2006;2007;2008;2009;2010;2011;2012;2013;2014;2015;2016;2017;2018;2019
Età;Maschi
0;43;73;68;117;133;121;158;183;214;187;157;192;176;147;130;122;122;115
1;37;54;74;80;104;144;134;155;171;204;189;154;193;173;139;116;109;108
2;44;47;58;76;92;115;152;139;153;173;191;205;156;189;148;134;105;115
3;31;47;51;58;86;95;115;156;145;152;173;193;196;148;173;142;124;105
4;31;38;54;56;73;96;105;119;150;152;153;171;182;182;136;141;123;124
5;25;36;55;56;59;77;110;107;115;152;159;156;181;185;158;127;134;117
6;28;31;39;58;66;65;93;108;116;110;141;166;150;177;176;141;124;133
7;25;32;43;44;66;67;81;92;100;114;105;148;158;144;158;161;119;122
8;23;34;31;54;54;62;79;80;98;98;111;115;135;141;133;140;139;108
9;28;26;45;35;65;60;72;89;91;110;107;107;100;127;136;116;125;137
10;26;29;34;56;42;61;73;75;97;95;109;115;109;88;118;125;107;129
11;21;28;38;41;65;42;77;86;86;98;92;111;115;96;90;98;111;110
12;24;22;30;50;46;70;57;103;92;88;99;102;110;91;90;87;97;104
13;26;32;28;35;55;58;86;70;112;98;88;94;105;97;84;84;85;100
14;13;27;33;39;41;64;71;95;84;111;102;92;90;103;100;74;81;84
15;20;24;40;32;46;41;84;91;98;93;120;106;99;89;95;93;79;87
16;16;19;35;46;46;56;58;91;99;113;93;119;108;106;83;93;100;80
17;29;18;26;52;57;49;75;71;103;104;120;95;116;109;102;83;93;101
18;25;32;27;40;66;61;60;81;80;105;118;118;86;108;96;84;76;75
19;22;18;37;32;48;75;82;67;87;82;120;110;111;78;107;100;87;95
20;21;18;31;47;40;53;90;92;75;90;91;120;117;121;77;114;99;110
21;31;14;36;38;48;36;70;117;95;90;110;94;116;105;117;77;103;118
22;29;21;28;51;38;54;55;75;141;104;105;129;99;115;104;118;82;139
23;36;33;44;56;55;37;69;75;91;149;122;114;123;97;116;107;113;113
24;33;38;67;65;73;67;59;106;89;100;166;149;140;129;98;116;110;137
25;47;35;67;83;68;72;99;92;118;105;136;173;166;150;115;102;122;120
26;38;55;78;103;100;60;107;111;109;138;130;165;176;160;156;120;113;143
27;46;48;102;135;108;98;95;123;123;131;146;148;173;181;145;146;126;128
28;45;56;91;152;148;136;121;120;129;135;161;166;170;182;172;147;141;164
29;64;53;113;133;166;157;188;160;131;136;157;181;182;181;169;172;131;163
30;78;87;95;169;157;167;198;222;164;138;163;178;190;180;177;164;168;151
31;71;95;112;131;181;164;191;211;204;164;154;180;179;186;167;170;155;181
32;77;74;125;134;143;186;190;208;210;205;167;169;187;188;187;170;161;171
33;75;75;112;134;137;133;194;193;185;208;195;174;169;197;177;185;158;175
34;74;84;107;136;132;147;145;189;176;190;205;214;180;173;178;184;174;176
35;55;86;87;124;134;142;177;157;196;196;202;218;238;181;155;172;162;196
36;56;67;113;117;128;133;147;185;148;197;210;210;235;243;170;145;168;183
37;47;64;84;138;139;129;154;157;176;169;205;216;219;228;220;167;154;186
38;54;63;85;121;140;139;158;165;152;177;177;217;218;219;204;199;172;167
39;52;64;89;110;132;141;166;162;167;139;166;188;210;206;203;186;181;180
40;33;57;78;103;114;147;166;178;168;180;141;175;187;200;184;197;178;180
41;35;41;84;98;105;105;156;174;176;164;177;148;172;179;190;172;175;180
42;36;37;56;95;104;102;117;156;172;180;159;185;146;172;163;178;164;184
43;44;33;44;56;78;92;127;114;140;150;167;163;189;137;166;162;160;169
44;37;45;42;53;59;74;95;118;108;124;137;159;168;183;134;159;142;174
45;32;43;54;55;47;64;96;97;108;106;116;131;150;168;164;125;148;150
46;16;34;55;63;61;54;72;97;93;106;94;119;126;126;143;159;125;157
47;17;22;40;62;51;58;61;74;99;101;108;93;113;114;119;130;147;123
48;19;20;28;49;63;62;66;64;81;96;101;107;90;104;101;125;126;144
49;26;19;23;31;48;65;65;62;63;78;100;101;107;92;92;97;124;130
50;12;22;28;25;33;49;71;67;62;59;74;98;94;95;88;93;94;132
51;14;10;29;34;26;29;51;75;73;60;64;72;95;89;87;77;87;104
52;14;15;11;33;35;28;32;53;77;75;56;72;69;85;87;74;76;95
53;13;18;19;16;30;37;34;32;54;74;74;57;70;55;83;85;75;79
54;6;13;19;19;12;29;38;36;29;46;71;76;56;64;53;75;77;74
55;7;10;19;23;14;14;27;35;35;27;48;67;78;54;56;57;75;72
56;5;10;14;18;19;16;19;28;30;34;23;52;73;66;53;51;57;72
57;4;6;10;17;19;19;16;21;26;28;35;27;51;70;55;54;48;59
58;7;4;7;11;19;13;22;18;20;25;25;33;30;50;65;47;46;50
59;10;7;4;11;11;20;15;21;22;20;26;27;33;30;42;60;49;47
60;4;10;4;5;11;13;20;16;19;21;20;27;29;33;26;41;52;45
61;3;3;12;5;5;11;10;20;16;17;23;19;27;25;32;26;39;52
62;3;3;6;12;5;5;10;6;18;13;16;23;22;25;26;31;26;43
63;5;4;2;5;11;5;6;12;7;20;13;16;23;22;23;26;28;28
64;1;4;4;3;5;10;5;5;13;4;18;11;17;24;24;24;22;27
65;5;1;3;4;3;6;11;7;7;13;4;16;15;16;19;23;20;22
66;3;5;3;6;3;2;8;8;6;9;14;4;17;15;15;19;26;20
67;1;6;4;5;7;4;3;10;8;7;10;12;5;17;13;14;20;23
68;1;3;7;6;4;5;4;3;11;10;7;9;12;4;14;15;15;17
69;2;2;2;6;3;3;7;5;3;9;12;6;8;12;5;14;13;12
70;1;3;1;3;5;2;5;8;5;3;9;11;4;9;11;5;16;13
71;1;1;2;2;4;4;1;9;9;4;3;7;11;4;9;10;9;16
72;2;2;4;3;4;4;5;2;9;8;5;3;5;8;4;8;12;7
73;2;2;2;6;2;3;5;6;4;8;8;5;3;6;7;5;9;15
74;1;2;3;3;6;1;3;6;6;2;8;8;5;4;7;6;5;12
75;0;1;3;2;4;4;1;5;5;5;2;10;8;4;3;8;5;5
76;1;0;1;7;2;5;4;1;5;5;5;4;11;9;6;3;7;6
77;0;1;1;1;7;2;5;4;1;1;6;5;4;10;8;6;4;7
78;1;0;1;3;1;5;3;7;2;2;2;5;8;4;8;7;3;4
79;0;1;1;3;3;2;4;2;4;2;2;2;4;7;4;8;6;4
80;0;0;1;2;3;3;1;4;1;4;3;2;1;6;8;5;8;5
81;1;0;0;1;1;1;2;1;4;0;3;3;1;1;6;7;5;8
82;0;0;0;1;0;1;2;1;1;4;0;3;2;2;1;6;7;4
83;1;0;0;1;2;0;1;2;1;1;3;0;2;1;2;1;6;7
84;0;1;0;0;1;2;0;1;2;1;1;3;0;2;0;2;0;6
85;1;0;1;0;0;1;2;0;0;0;1;1;3;0;2;0;3;0
86;0;1;0;1;0;0;1;1;0;0;0;1;1;0;0;2;0;2
87;0;0;1;1;0;0;0;2;1;0;0;0;1;1;0;0;1;1
88;0;0;0;1;1;0;0;1;2;0;0;0;0;0;1;0;0;1
89;0;0;0;0;0;1;0;0;1;1;0;0;0;0;0;1;0;0
90;0;1;0;0;0;0;1;0;0;1;0;0;0;0;0;0;2;0
91;0;0;0;0;0;0;0;0;0;0;0;0;0;0;0;0;0;2
92;0;0;0;0;0;0;0;0;0;0;0;0;0;0;0;0;0;0
93;0;0;0;0;0;0;0;0;0;0;0;0;0;0;0;0;0;0
94;0;0;0;0;0;0;0;0;0;0;0;0;0;0;0;0;0;0
95;0;0;0;0;0;0;0;0;0;0;0;0;0;0;0;0;0;0
96;0;0;0;0;0;0;0;0;0;0;0;0;0;0;0;0;0;0
97;0;0;0;0;0;0;0;0;0;0;0;0;0;0;0;0;0;0
98;0;0;0;0;0;0;0;0;0;0;0;0;0;0;0;0;0;0
99;0;0;0;0;0;0;0;0;0;0;0;0;0;0;0;0;0;0
100 e oltre;0;0;0;1;1;1;1;1;0;0;0;0;0;0;0;0;0;0
Totale;1993;2320;3245;4205;4629;4913;5972;6654;6977;7308;7709;8250;8509;8404;7968;7722;7475;8039
Età/Anno;2002;2003;2004;2005;2006;2007;2008;2009;2010;2011;2012;2013;2014;2015;2016;2017;2018;2019
Età;Femmine
0;39;54;63;126;140;120;172;203;167;161;168;184;175;169;141;125;114;108
1;40;48;64;62;129;143;139;172;202;157;160;163;177;155;168;127;115;115
2;32;48;58;69;76;133;144;151;173;188;154;165;161;173;150;153;116;117
3;35;35;46;69;72;77;131;150;139;168;177;155;161;152;154;134;138;102
4;22;39;50;56;82;75;92;133;145;140;160;188;156;157;146;138;116;130
5;18;25;42;61;72;100;83;102;132;143;137;157;186;145;147;142;128;116
6;21;26;39;49;73;70;107;90;110;137;141;150;155;176;132;127;121;122
7;19;25;33;45;58;68;75;107;93;107;132;135;148;140;162;121;122;113
8;22;23;28;35;53;62;78;89;111;101;100;144;132;130;123;143;103;112
9;20;22;36;32;51;57;80;86;88;113;101;109;136;125;126;117;124;103
10;20;26;30;42;48;54;65;88;95;92;117;100;108;130;109;121;104;124
11;18;25;35;36;49;49;68;70;94;89;87;113;99;99;114;100;110;100
12;22;19;35;39;43;51;65;77;78;94;94;96;113;88;82;102;95;106
13;18;23;20;38;47;49;66;73;85;81;90;101;94;108;84;81;95;102
14;18;17;32;28;46;54;56;74;78;92;84;96;96;92;95;78;82;96
15;14;14;21;34;34;54;63;56;77;83;90;86;96;99;86;91;80;85
16;14;17;24;26;41;40;64;78;59;82;83;98;86;96;99;86;91;76
17;12;18;22;27;26;47;62;82;81;66;86;91;91;80;92;97;86;97
18;26;12;21;30;36;38;58;78;86;81;75;93;79;77;72;82;77;69
19;31;30;24;25;34;38;65;72;103;105;96;84;98;82;75;76;79;78
20;28;31;35;36;38;44;68;90;96;126;120;114;90;106;81;75;83;89
21;34;23;37;46;49;44;62;106;118;106;140;131;130;95;118;89;80;92
22;45;38;48;51;53;64;85;110;132;143;120;154;135;129;98;122;87;98
23;43;47;62;66;64;73;107;124;143;159;163;140;170;147;124;105;117;92
24;36;60;70;78;89;71;109;161;159;159;171;185;150;179;159;126;118;122
25;61;44;92;96;87;120;111;150;183;184;183;187;194;160;177;164;129;116
26;53;72;83;120;116;115;166;148;173;209;205;209;194;200;160;172;151;141
27;71;63;111;113;148;125;165;200;187;197;228;222;210;203;202;170;174;163
28;71;85;127;172;145;184;189;229;218;238;205;241;226;216;197;207;170;161
29;69;94;145;138;201;161;227;243;227;239;237;216;252;226;202;208;197;182
30;64;91;147;184;159;225;188;259;254;241;251;239;225;254;217;207;207;201
31;67;78;130;174;216;179;248;214;260;275;250;261;254;231;249;212;199;215
32;55;79;112;156;189;232;226;258;215;259;267;248;261;254;222;234;203;196
33;41;58;110;118;163;189;235;218;268;206;234;263;254;261;246;219;221;211
34;55;60;80;122;133;180;224;230;217;254;201;253;282;261;257;253;206;221
35;47;49;69;81;109;140;177;208;232;210;227;209;247;270;268;256;250;198
36;35;63;74;94;84;104;147;179;204;241;205;223;212;249;256;260;246;249
37;49;34;80;91;108;98;146;165;189;214;233;212;224;207;236;253;236;247
38;44;45;60;98;100;106;124;160;180;211;207;230;214;233;196;233;250;228
39;28;43;69;63;102;106;120;138;171;195;211;202;236;205;205;193;226;242
40;28;36;70;76;79;119;133;137;139;181;207;221;193;250;198;199;186;228
41;15;28;65;76;91;92;133;132;131;170;199;202;213;176;244;179;191;184
42;24;16;50;67;71;92;109;142;137;141;174;188;201;208;161;226;178;180
43;26;29;49;56;68;72;103;114;145;159;135;172;184;197;189;152;214;183
44;16;23;55;55;62;70;94;119;114;152;165;147;159;179;191;179;162;208
45;19;12;46;57;58;63;76;102;123;121;155;161;156;152;173;182;172;164
46;18;22;35;46;57;59;87;87;107;136;124;160;161;146;155;168;182;184
47;19;19;45;41;49;64;73;93;102;110;136;130;163;154;159;149;160;176
48;12;18;43;58;43;52;83;75;100;105;114;142;125;154;146;161;150;153
49;11;14;40;53;63;46;76;95;77;119;109;118;148;123;149;144;148;149
50;16;9;34;48;55;54;67;78;99;87;119;105;121;144;113;147;140;152
51;11;15;28;32;50;51;72;70;84;110;98;122;110;120;140;105;134;146
52;13;10;30;29;33;53;61;79;76;87;112;108;124;113;122;133;98;125
53;5;13;22;33;27;41;65;73;77;92;103;111;115;127;114;119;130;102
54;5;7;25;29;37;30;51;76;74;88;87;101;109;108;119;113;117;123
55;11;6;15;34;27;34;37;57;74;90;95;84;105;113;98;112;110;119
56;7;11;13;12;31;29;42;53;60;74;88;105;93;97;116;102;114;115
57;12;7;13;17;12;34;41;54;66;66;80;95;110;90;101;116;102;110
58;5;10;9;15;20;12;37;46;55;66;66;75;97;109;89;96;114;101
59;5;4;13;10;17;21;12;38;42;58;69;67;83;90;111;87;100;111
60;8;7;12;14;10;15;18;19;52;55;57;72;71;72;91;110;86;98
61;5;10;13;10;15;10;17;21;22;59;57;63;71;73;72;89;99;81
62;1;8;14;16;11;15;8;20;26;25;56;60;59;71;66;72;96;98
63;12;2;10;14;15;12;18;11;19;26;27;56;63;55;74;68;77;93
64;5;15;2;8;15;14;10;18;14;27;25;24;56;58;50;76;68;76
65;1;6;16;3;7;17;16;12;15;14;23;23;31;50;58;50;71;67
66;7;2;6;17;5;8;18;18;10;16;12;22;24;32;53;54;51;70
67;1;7;2;7;18;4;8;21;22;13;15;13;16;27;27;51;57;49
68;3;0;6;1;7;14;3;9;19;24;14;18;13;19;30;28;51;52
69;4;4;2;7;2;8;13;4;13;19;24;16;17;13;20;28;29;46
70;1;3;6;5;6;2;11;13;7;15;21;24;21;19;13;20;26;29
71;3;2;3;6;4;6;3;14;12;4;16;20;26;19;17;13;22;22
72;0;3;2;5;7;2;6;6;12;11;5;17;18;28;17;18;13;24
73;3;2;4;3;5;7;2;7;6;12;11;6;16;18;28;15;20;13
74;0;3;2;6;2;6;7;3;4;5;12;12;5;18;16;24;14;20
75;3;0;3;3;7;2;5;8;5;5;6;11;9;5;16;16;21;14
76;1;2;0;2;3;7;1;6;7;6;5;8;11;10;4;14;18;21
77;0;2;1;2;2;3;7;1;5;5;6;5;7;11;7;4;14;19
78;1;0;2;3;2;2;4;8;4;3;5;5;5;6;11;4;6;16
79;3;2;0;2;3;2;2;5;10;4;4;5;6;6;6;11;4;5
80;4;2;3;1;2;3;1;2;4;9;4;3;6;6;7;7;9;5
81;0;4;1;6;2;2;3;1;1;3;8;3;3;4;6;9;7;10
82;0;1;4;3;6;2;2;3;2;1;3;8;2;2;4;5;9;7
83;2;0;2;3;2;5;2;3;5;2;1;3;9;0;2;4;7;6
84;0;2;0;3;3;2;6;2;2;4;1;1;3;10;0;1;5;6
85;0;0;2;0;3;3;2;5;2;2;4;1;1;3;7;0;1;5
86;1;0;0;1;0;2;3;4;4;2;2;3;2;1;2;5;0;1
87;0;1;0;0;1;0;2;4;3;4;2;2;2;2;1;3;6;0
88;1;0;1;0;0;1;0;1;2;3;4;1;1;2;1;2;3;5
89;0;1;0;1;0;0;1;0;1;2;2;4;1;1;2;0;2;3
90;0;0;1;0;1;0;0;2;0;1;1;1;2;1;1;2;0;2
91;0;0;0;1;0;1;1;0;0;0;1;1;1;2;1;1;1;0
92;1;0;0;0;1;0;1;1;0;0;0;1;1;1;2;1;1;1
93;0;1;0;0;1;1;0;1;0;0;0;0;1;1;1;2;1;1
94;0;0;1;0;0;1;1;0;0;0;0;0;0;0;1;1;2;0
95;0;0;0;1;0;0;1;1;0;0;0;0;0;0;0;1;1;2
96;0;0;0;0;1;0;0;1;1;0;0;0;0;0;0;0;1;1
97;0;0;0;0;0;1;0;0;1;0;0;0;0;0;0;0;0;1
98;0;0;0;0;0;0;0;0;0;0;0;0;0;0;0;0;0;0
99;0;0;0;1;0;0;0;0;0;0;0;0;0;0;0;0;0;0
100 e oltre;0;0;0;0;1;1;0;0;0;0;0;0;0;0;0;0;0;0
Totale;1806;2104;3285;4025;4683;5208;6512;7596;8216;8939;9259;9773;10057;10055;9829;9677;9447;9517
