"Popolazione per età, vista per singola area - Provincia: Livorno"

"Ricostruzione della popolazione intercensuaria - Popolazione al 1° gennaio per età"
"Tutte le cittadinanze - Provincia: Livorno"
Età/Anno;2002;2003;2004;2005;2006;2007;2008;2009;2010;2011;2012;2013;2014;2015;2016;2017;2018;2019
Età;Totale
0;2469;2515;2510;2695;2620;2768;2837;2787;2817;2795;2670;2646;2424;2433;2362;2212;2177;2088
1;2355;2506;2524;2526;2721;2650;2805;2871;2799;2857;2810;2683;2638;2421;2451;2358;2229;2191
2;2388;2403;2552;2535;2556;2747;2686;2807;2914;2832;2873;2824;2686;2648;2448;2442;2349;2234
3;2337;2404;2446;2581;2589;2566;2757;2714;2814;2931;2815;2898;2812;2669;2650;2438;2463;2354
4;2433;2356;2422;2469;2596;2597;2593;2780;2719;2846;2929;2808;2886;2803;2681;2665;2456;2443
5;2316;2464;2396;2426;2508;2622;2635;2634;2815;2742;2865;2942;2811;2878;2824;2657;2672;2464
6;2426;2342;2494;2427;2451;2552;2651;2654;2662;2854;2754;2878;2949;2824;2867;2826;2670;2666
7;2360;2451;2389;2509;2469;2483;2599;2684;2666;2682;2873;2748;2886;2931;2852;2877;2831;2698
8;2327;2391;2470;2394;2549;2493;2531;2618;2712;2690;2700;2899;2729;2904;2934;2850;2876;2825
9;2535;2366;2423;2512;2426;2569;2533;2559;2632;2760;2718;2717;2907;2734;2914;2933;2848;2892
10;2439;2571;2386;2459;2542;2465;2624;2568;2571;2671;2774;2743;2710;2900;2746;2911;2955;2849
11;2585;2456;2591;2418;2512;2569;2498;2660;2604;2583;2694;2785;2716;2717;2911;2743;2921;2949
12;2509;2606;2480;2622;2453;2548;2605;2525;2688;2632;2602;2709;2796;2721;2722;2916;2745;2920
13;2561;2534;2640;2496;2643;2474;2581;2650;2556;2710;2660;2633;2719;2809;2729;2726;2912;2750
14;2359;2567;2530;2668;2525;2673;2511;2601;2673;2596;2738;2669;2649;2721;2806;2739;2739;2921
15;2375;2383;2578;2563;2695;2565;2716;2541;2638;2698;2616;2756;2682;2665;2723;2806;2739;2762
16;2593;2383;2396;2608;2606;2719;2598;2754;2555;2665;2722;2626;2766;2670;2671;2719;2811;2743
17;2505;2596;2391;2428;2643;2631;2766;2623;2765;2577;2692;2732;2638;2765;2662;2679;2724;2828
18;2591;2516;2628;2401;2484;2689;2696;2808;2669;2806;2606;2701;2727;2656;2782;2711;2734;2766
19;2821;2603;2560;2662;2428;2534;2747;2742;2857;2733;2846;2631;2715;2765;2657;2850;2790;2745
20;2844;2849;2646;2588;2697;2462;2618;2790;2793;2888;2789;2868;2628;2710;2769;2713;2908;2801
21;3049;2859;2888;2669;2614;2723;2547;2688;2854;2844;2929;2796;2861;2629;2707;2816;2774;2918
22;3243;3076;2929;2945;2707;2666;2820;2638;2746;2903;2893;2960;2834;2856;2651;2773;2834;2786
23;3533;3277;3149;2987;2981;2741;2775;2923;2725;2835;2979;2931;2995;2847;2865;2700;2787;2846
24;3737;3571;3382;3224;3019;3037;2862;2865;3000;2816;2873;3016;2943;3014;2865;2952;2734;2801
25;4074;3751;3696;3478;3292;3026;3165;2967;2933;3094;2885;2933;3049;2962;3033;2888;2972;2743
26;4466;4105;3894;3763;3521;3339;3164;3267;3055;3053;3154;2923;2954;3069;3001;3109;2919;2959
27;4810;4502;4218;3994;3841;3580;3417;3210;3368;3163;3090;3203;2953;2978;3085;3033;3140;2937
28;4949;4867;4614;4302;4051;3870;3723;3500;3293;3450;3206;3168;3222;2957;3013;3126;3053;3146
29;5085;4994;5003;4700;4357;4104;4025;3824;3557;3401;3465;3277;3202;3231;2982;3049;3152;3081
30;5013;5102;5100;5040;4762;4401;4216;4127;3864;3663;3425;3461;3286;3171;3241;3020;3084;3160
31;4961;5048;5178;5210;5080;4778;4447;4277;4179;3945;3684;3442;3498;3322;3205;3273;3039;3118
32;5146;4979;5087;5239;5249;5090;4843;4485;4312;4244;3988;3699;3464;3509;3323;3233;3285;3036
33;5021;5155;5102;5189;5256;5238;5153;4920;4491;4388;4265;4005;3726;3470;3526;3340;3207;3266
34;5119;5043;5222;5172;5210;5286;5314;5205;4956;4562;4426;4300;4023;3756;3497;3572;3353;3226
35;5289;5153;5117;5290;5195;5234;5319;5334;5207;4993;4606;4398;4334;4037;3782;3522;3610;3380
36;5269;5341;5221;5185;5315;5236;5331;5405;5384;5305;5021;4628;4391;4365;4027;3812;3535;3626
37;5371;5304;5398;5277;5210;5301;5304;5381;5443;5429;5316;5045;4659;4409;4356;4055;3832;3529
38;5012;5389;5336;5467;5307;5239;5365;5348;5414;5508;5399;5334;5031;4657;4443;4392;4069;3854
39;4883;5069;5429;5399;5472;5312;5311;5438;5392;5460;5520;5405;5317;5016;4675;4424;4355;4090
40;4857;4898;5128;5493;5413;5471;5414;5364;5480;5463;5447;5523;5432;5325;5007;4667;4468;4359
41;4524;4887;4956;5194;5540;5451;5533;5494;5374;5529;5457;5432;5524;5449;5342;4985;4671;4478
42;4398;4552;4948;5005;5251;5570;5497;5559;5493;5433;5547;5466;5423;5550;5471;5346;5016;4686
43;4250;4440;4603;4997;5051;5305;5626;5543;5564;5552;5438;5550;5489;5439;5577;5491;5348;5052
44;4365;4258;4469;4677;5037;5095;5372;5710;5601;5614;5549;5440;5534;5498;5455;5557;5503;5376
45;4402;4381;4316;4520;4678;5043;5170;5416;5772;5653;5648;5545;5443;5551;5497;5472;5576;5518
46;4305;4420;4432;4355;4536;4705;5123;5219;5455;5821;5657;5662;5552;5434;5541;5492;5459;5546
47;4183;4354;4459;4488;4373;4570;4751;5146;5246;5477;5848;5657;5669;5538;5445;5526;5496;5459
48;4022;4203;4402;4497;4512;4368;4625;4796;5185;5261;5482;5865;5660;5657;5548;5457;5499;5470
49;4048;4031;4241;4433;4515;4520;4420;4645;4802;5200;5283;5489;5868;5620;5633;5537;5435;5515
50;4005;4056;4063;4287;4460;4530;4565;4444;4669;4835;5198;5295;5483;5857;5611;5645;5542;5470
51;4210;4028;4076;4109;4302;4485;4584;4607;4485;4677;4839;5196;5279;5505;5832;5602;5621;5540
52;4517;4210;4033;4102;4119;4317;4519;4599;4638;4522;4686;4830;5177;5252;5510;5815;5574;5632
53;4842;4540;4230;4062;4105;4120;4349;4537;4597;4650;4520;4691;4828;5185;5246;5512;5794;5553
54;5079;4860;4568;4252;4084;4124;4137;4374;4552;4623;4644;4514;4667;4837;5178;5215;5501;5782
55;5538;5123;4885;4602;4262;4102;4132;4152;4395;4566;4629;4639;4514;4651;4813;5171;5217;5500
56;4372;5533;5139;4908;4626;4292;4132;4147;4178;4408;4570;4621;4624;4493;4642;4802;5143;5205
57;4339;4397;5548;5141;4943;4637;4293;4130;4171;4190;4381;4564;4598;4598;4481;4624;4793;5134
58;4124;4351;4420;5544;5152;4948;4652;4288;4145;4171;4189;4355;4557;4573;4566;4468;4591;4778
59;4274;4130;4354;4423;5566;5159;4953;4660;4307;4172;4182;4178;4335;4530;4553;4542;4454;4581
60;4285;4262;4142;4353;4420;5573;5138;4963;4674;4314;4155;4176;4152;4317;4489;4545;4518;4435
61;4800;4274;4272;4138;4344;4431;5568;5124;4978;4672;4284;4133;4142;4128;4286;4453;4522;4517
62;4674;4790;4268;4261;4120;4340;4427;5566;5103;4959;4643;4271;4113;4117;4106;4271;4435;4513
63;4725;4673;4776;4265;4256;4102;4343;4422;5549;5090;4935;4620;4243;4093;4108;4068;4254;4429
64;4250;4704;4647;4750;4260;4238;4092;4341;4417;5538;5073;4924;4573;4203;4055;4085;4035;4226
65;3984;4231;4692;4623;4746;4253;4237;4078;4347;4386;5507;5077;4887;4534;4139;4006;4070;3996
66;3991;3954;4215;4679;4587;4724;4248;4209;4068;4342;4360;5454;5029;4820;4505;4113;3980;4036
67;3846;3974;3929;4189;4657;4557;4691;4206;4195;4036;4314;4321;5415;4993;4758;4469;4093;3946
68;3789;3819;3943;3888;4157;4627;4518;4658;4185;4160;4016;4269;4271;5357;4932;4733;4429;4055
69;3801;3751;3782;3892;3851;4142;4571;4497;4611;4174;4127;3991;4201;4223;5306;4895;4698;4380
70;4001;3757;3701;3723;3842;3816;4109;4546;4469;4576;4138;4060;3933;4135;4171;5259;4831;4633
71;4104;3962;3717;3646;3693;3820;3778;4048;4491;4434;4528;4082;3980;3888;4051;4116;5178;4776
72;3800;4021;3887;3661;3613;3624;3770;3708;3998;4445;4361;4443;3988;3916;3829;3986;4059;5112
73;3653;3729;3935;3784;3589;3566;3566;3688;3674;3956;4399;4282;4368;3904;3832;3737;3914;3967
74;3610;3588;3628;3862;3707;3531;3486;3497;3630;3607;3896;4317;4176;4281;3824;3763;3665;3843
75;3456;3528;3511;3553;3788;3627;3472;3404;3425;3564;3509;3818;4219;4105;4147;3741;3683;3585
76;3524;3369;3442;3421;3470;3683;3531;3408;3345;3347;3493;3414;3730;4122;4026;4021;3649;3605
77;3331;3430;3236;3346;3339;3376;3584;3426;3303;3258;3255;3385;3324;3614;4002;3920;3898;3538
78;3270;3209;3289;3124;3268;3234;3270;3429;3332;3211;3158;3134;3286;3209;3510;3885;3810;3788
79;3063;3116;3090;3158;3003;3152;3109;3167;3300;3237;3109;3038;3021;3191;3098;3399;3742;3687
80;3088;2900;2958;2948;3026;2902;2996;2961;3021;3147;3124;3000;2914;2917;3072;2981;3272;3615
81;3084;2921;2738;2821;2820;2875;2737;2854;2802;2867;3000;2971;2874;2776;2798;2944;2861;3136
82;1711;2902;2736;2584;2648;2678;2731;2608;2694;2694;2721;2844;2792;2709;2630;2659;2778;2722
83;1305;1602;2683;2560;2427;2490;2496;2546;2436;2479;2531;2542;2674;2608;2545;2465;2499;2632
84;1264;1217;1463;2473;2378;2251;2320;2304;2352;2262;2290;2349;2361;2492;2429;2402;2293;2314
85;1311;1150;1115;1340;2275;2183;2077;2133;2118;2130;2082;2087;2155;2193;2284;2235;2244;2107
86;1514;1194;1029;1033;1226;2050;1988;1880;1954;1939;1957;1900;1896;1980;1967;2103;2025;2036
87;1382;1349;1065;927;924;1114;1797;1765;1690;1711;1749;1729;1698;1703;1787;1805;1881;1816
88;1150;1224;1145;931;821;816;980;1555;1558;1484;1517;1528;1530;1529;1514;1568;1620;1680
89;998;970;1021;989;797;714;703;839;1367;1369;1287;1322;1346;1356;1353;1360;1402;1429
90;758;845;810;884;830;678;610;590;698;1171;1177;1086;1166;1183;1151;1178;1164;1214
91;638;637;672;671;743;707;557;500;490;573;962;971;903;993;977;975;980;982
92;462;523;507;566;550;618;583;450;401;393;475;792;815;752;792;820;785;831
93;375;364;418;415;473;447;499;450;357;317;323;390;626;673;606;629;658;621
94;236;286;282;329;328;366;329;388;354;297;237;237;305;486;526;473;484;511
95;178;183;214;215;254;248;285;251;289;272;231;169;173;245;359;390;374;389
96;122;135;139;162;152;190;185;210;183;217;214;165;133;130;176;267;289;279
97;86;89;82;101;114;118;129;132;168;130;150;153;120;99;104;137;191;202
98;58;63;58;53;72;73;74;84;91;118;97;99;104;75;72;72;98;132
99;23;33;31;41;37;51;40;46;61;67;81;60;69;66;53;51;52;62
100 e oltre;42;44;50;52;58;61;65;73;76;97;107;109;106;118;105;105;86;85
Totale;326554;327271;329003;331017;332340;333435;336224;338006;339455;341461;341636;341044;339683;338374;336860;335870;334483;332887
Età/Anno;2002;2003;2004;2005;2006;2007;2008;2009;2010;2011;2012;2013;2014;2015;2016;2017;2018;2019
Età;Maschi
0;1255;1287;1281;1419;1357;1403;1485;1422;1460;1432;1363;1296;1260;1247;1194;1143;1094;1056
1;1196;1272;1297;1279;1416;1364;1436;1516;1430;1481;1440;1374;1300;1263;1247;1192;1148;1103
2;1267;1205;1296;1297;1295;1431;1381;1434;1526;1447;1493;1437;1375;1302;1271;1245;1186;1151
3;1182;1273;1230;1315;1335;1307;1444;1391;1444;1537;1446;1504;1425;1360;1303;1267;1258;1195
4;1278;1196;1290;1240;1312;1337;1319;1452;1396;1470;1525;1438;1497;1429;1357;1321;1273;1248
5;1177;1290;1226;1288;1264;1330;1353;1335;1479;1420;1488;1534;1434;1494;1453;1350;1322;1280
6;1226;1184;1307;1241;1290;1293;1340;1370;1341;1501;1431;1496;1539;1437;1503;1466;1360;1321
7;1220;1240;1213;1313;1261;1312;1327;1357;1371;1359;1521;1421;1500;1518;1452;1500;1464;1377
8;1217;1235;1249;1220;1329;1274;1333;1341;1365;1380;1375;1532;1409;1501;1527;1453;1492;1463
9;1306;1233;1247;1272;1237;1338;1294;1350;1352;1386;1393;1376;1534;1423;1501;1522;1454;1497
10;1255;1331;1248;1264;1277;1261;1370;1317;1351;1373;1394;1410;1378;1522;1429;1490;1536;1457
11;1360;1264;1344;1271;1294;1293;1289;1390;1330;1357;1389;1400;1402;1383;1533;1426;1498;1534
12;1280;1377;1281;1362;1293;1312;1309;1306;1403;1342;1375;1396;1407;1398;1386;1530;1420;1496
13;1316;1291;1396;1283;1378;1309;1324;1333;1318;1408;1357;1392;1405;1417;1403;1387;1537;1417
14;1150;1321;1285;1418;1306;1391;1335;1327;1350;1343;1430;1360;1408;1399;1412;1404;1389;1534
15;1208;1161;1320;1306;1433;1333;1420;1344;1344;1371;1353;1439;1365;1415;1392;1420;1410;1401
16;1348;1213;1176;1331;1329;1449;1350;1450;1354;1357;1378;1350;1449;1361;1422;1391;1425;1411
17;1262;1356;1223;1204;1356;1338;1467;1364;1466;1363;1370;1377;1355;1447;1360;1423;1404;1432
18;1336;1261;1375;1234;1233;1380;1373;1506;1400;1499;1379;1371;1379;1372;1455;1403;1464;1433
19;1446;1333;1286;1380;1246;1256;1412;1399;1522;1424;1498;1391;1376;1402;1379;1515;1462;1475
20;1400;1458;1357;1295;1398;1262;1301;1426;1411;1530;1451;1515;1373;1375;1391;1431;1559;1468
21;1534;1410;1486;1370;1302;1415;1302;1333;1458;1439;1539;1447;1508;1363;1375;1445;1486;1556
22;1606;1552;1444;1515;1382;1322;1458;1349;1352;1469;1461;1555;1479;1503;1370;1428;1457;1488
23;1826;1616;1587;1480;1519;1402;1371;1506;1380;1397;1516;1477;1564;1480;1508;1426;1438;1468
24;1879;1856;1679;1607;1485;1546;1453;1423;1526;1412;1415;1532;1495;1577;1486;1581;1447;1451
25;2013;1879;1914;1731;1651;1478;1614;1504;1466;1573;1447;1436;1547;1496;1585;1512;1583;1459
26;2216;2033;1954;1943;1746;1678;1544;1666;1550;1503;1611;1459;1430;1558;1527;1642;1525;1572
27;2478;2252;2105;2004;1959;1770;1712;1561;1717;1612;1532;1638;1486;1438;1550;1578;1654;1536
28;2536;2483;2315;2155;2034;1971;1838;1756;1607;1763;1624;1571;1656;1477;1452;1598;1582;1663
29;2532;2536;2575;2353;2171;2057;2044;1881;1756;1666;1776;1671;1574;1647;1492;1487;1606;1595
30;2569;2537;2578;2608;2381;2206;2097;2082;1907;1827;1682;1773;1686;1559;1655;1515;1515;1611
31;2574;2585;2594;2637;2633;2391;2218;2123;2113;1964;1824;1688;1800;1700;1594;1681;1526;1522
32;2579;2566;2617;2608;2662;2632;2414;2233;2144;2131;1982;1826;1698;1799;1692;1609;1681;1518
33;2509;2592;2630;2674;2604;2637;2663;2436;2249;2186;2131;1976;1839;1689;1799;1687;1610;1664
34;2606;2510;2629;2651;2682;2595;2672;2681;2449;2279;2196;2150;1990;1870;1704;1832;1695;1602
35;2659;2618;2534;2663;2633;2674;2595;2662;2673;2458;2296;2183;2171;1997;1879;1719;1870;1710
36;2656;2668;2649;2566;2684;2649;2722;2630;2678;2715;2477;2305;2192;2189;1993;1911;1705;1881
37;2731;2670;2699;2680;2580;2669;2674;2738;2646;2676;2713;2491;2326;2203;2185;2001;1916;1708
38;2531;2743;2666;2717;2677;2588;2686;2679;2740;2659;2635;2716;2490;2330;2215;2203;1989;1930
39;2489;2555;2757;2699;2719;2682;2612;2720;2687;2750;2655;2637;2693;2484;2328;2183;2192;1998
40;2423;2484;2581;2785;2700;2704;2722;2634;2748;2721;2747;2668;2651;2691;2468;2326;2214;2192
41;2276;2443;2510;2604;2799;2716;2712;2746;2637;2767;2711;2753;2683;2645;2697;2458;2313;2207
42;2212;2286;2463;2537;2628;2812;2723;2711;2730;2644;2770;2706;2736;2698;2660;2689;2459;2327
43;2053;2229;2302;2483;2554;2667;2825;2728;2697;2750;2643;2763;2722;2730;2702;2678;2680;2491
44;2173;2058;2233;2332;2520;2576;2683;2849;2746;2702;2731;2639;2747;2734;2738;2682;2690;2690
45;2185;2183;2084;2239;2335;2515;2603;2695;2884;2761;2719;2736;2636;2759;2750;2750;2691;2709
46;2119;2188;2204;2105;2248;2352;2539;2634;2700;2902;2759;2728;2734;2617;2759;2750;2747;2671
47;1980;2150;2200;2231;2112;2266;2376;2536;2635;2697;2921;2761;2734;2742;2619;2745;2757;2746
48;1987;1993;2177;2222;2245;2109;2270;2379;2536;2631;2691;2920;2758;2720;2745;2635;2730;2758
49;2012;1983;1993;2198;2234;2239;2117;2270;2370;2520;2634;2681;2921;2739;2718;2736;2619;2738
50;1950;2024;1986;1998;2201;2230;2252;2124;2269;2370;2525;2637;2679;2903;2747;2724;2733;2647
51;2068;1959;2019;2005;2002;2213;2241;2268;2138;2255;2366;2518;2615;2691;2882;2742;2700;2727
52;2230;2068;1954;2023;2006;2003;2221;2238;2276;2143;2260;2355;2501;2598;2692;2866;2720;2713
53;2355;2239;2067;1962;2015;2000;2011;2214;2231;2277;2143;2267;2355;2497;2587;2680;2851;2706
54;2444;2365;2239;2069;1971;2014;1997;2016;2212;2240;2268;2133;2256;2351;2503;2577;2666;2853
55;2599;2467;2371;2253;2071;1980;2011;2006;2021;2213;2240;2256;2132;2241;2337;2486;2576;2659
56;2112;2595;2466;2374;2272;2080;1997;2012;2011;2027;2195;2223;2249;2120;2231;2329;2473;2558
57;2076;2129;2602;2468;2384;2272;2069;1993;2017;2004;2006;2189;2192;2236;2113;2225;2325;2464
58;1972;2079;2145;2593;2469;2384;2279;2063;1993;2015;1996;1999;2180;2178;2224;2104;2210;2305
59;2054;1970;2075;2155;2601;2462;2388;2277;2070;1994;2017;1978;1990;2157;2158;2206;2090;2203
60;1984;2048;1975;2075;2145;2607;2449;2388;2279;2077;1986;2016;1973;1975;2142;2155;2189;2071
61;2291;1980;2053;1967;2076;2144;2598;2437;2384;2261;2059;1968;1992;1954;1957;2121;2133;2189
62;2197;2285;1971;2039;1951;2068;2132;2593;2425;2367;2242;2047;1958;1982;1940;1952;2109;2127
63;2316;2196;2271;1960;2033;1934;2071;2123;2577;2419;2354;2227;2020;1945;1982;1921;1937;2111
64;2020;2297;2183;2246;1956;2027;1929;2068;2116;2564;2400;2344;2203;1995;1922;1966;1904;1914
65;1801;2008;2289;2161;2242;1950;2022;1920;2064;2091;2545;2395;2331;2178;1965;1905;1956;1891
66;1862;1777;1985;2280;2134;2215;1942;2000;1914;2050;2065;2510;2368;2281;2159;1948;1888;1932
67;1785;1845;1765;1961;2263;2111;2192;1908;1983;1888;2041;2034;2484;2339;2253;2141;1931;1872
68;1782;1761;1828;1740;1936;2240;2084;2171;1890;1958;1874;2018;2007;2452;2300;2237;2113;1914
69;1736;1760;1732;1795;1722;1925;2205;2073;2153;1879;1941;1852;1979;1987;2428;2283;2215;2085
70;1810;1709;1734;1695;1759;1706;1902;2181;2059;2128;1867;1906;1832;1944;1958;2404;2239;2177
71;1805;1784;1684;1712;1677;1744;1685;1860;2133;2041;2095;1833;1859;1805;1885;1923;2362;2214
72;1678;1759;1745;1645;1690;1625;1712;1649;1827;2101;2001;2042;1782;1816;1768;1858;1900;2316
73;1609;1632;1699;1674;1601;1653;1579;1659;1621;1805;2073;1953;2001;1733;1769;1710;1816;1858
74;1550;1574;1571;1656;1616;1568;1597;1545;1620;1576;1772;2024;1895;1963;1693;1727;1680;1781
75;1446;1515;1516;1533;1619;1566;1534;1544;1501;1585;1519;1724;1965;1852;1881;1655;1680;1633
76;1428;1398;1458;1468;1481;1565;1513;1491;1508;1469;1547;1456;1674;1911;1807;1808;1600;1636
77;1356;1376;1327;1398;1405;1423;1504;1448;1432;1445;1414;1486;1407;1621;1835;1746;1746;1540
78;1306;1290;1302;1260;1359;1340;1360;1429;1403;1387;1382;1345;1431;1344;1547;1775;1684;1684
79;1180;1221;1230;1246;1179;1289;1273;1303;1370;1356;1337;1325;1281;1372;1282;1488;1686;1618
80;1182;1088;1146;1166;1180;1122;1205;1207;1227;1292;1289;1276;1255;1227;1303;1231;1415;1606
81;1208;1074;1010;1074;1096;1108;1031;1133;1124;1140;1216;1207;1205;1171;1172;1233;1175;1343
82;650;1118;994;928;984;1032;1045;964;1055;1064;1066;1140;1119;1115;1089;1106;1137;1098
83;466;596;997;910;855;908;941;958;875;936;969;980;1030;1030;1021;1003;1036;1071
84;469;428;523;886;832;761;828;849;860;793;840;886;893;929;945;948;921;929
85;455;415;370;465;794;749;687;728;765;765;716;754;793;808;833;852;875;829
86;520;399;371;337;422;701;668;622;654;670;697;642;672;709;701;741;753;770
87;473;455;346;325;297;375;613;572;546;549;597;599;557;580;623;632;646;660
88;352;399;385;300;272;258;327;519;501;480;472;514;512;487;502;524;553;566
89;333;282;319;317;252;238;219;278;445;424;406;400;441;443;426;444;450;469
90;204;264;234;258;251;205;208;183;226;378;360;337;346;386;375;364;366;392
91;185;165;208;187;213;214;166;159;139;179;314;282;262;287;301;303;304;301
92;121;144;122;166;141;179;169;130;123;109;152;249;237;206;237;244;239;248
93;93;94;110;96;130;107;142;126;98;98;87;119;191;190;150;181;189;180
94;46;67;68;87;70;101;74;108;90;75;70;58;92;139;142;115;125;129
95;32;36;49;44;64;42;75;55;73;71;56;48;38;64;95;99;88;95
96;26;28;26;33;37;46;30;58;38;53;48;39;42;29;39;62;64;64
97;17;14;19;16;22;29;34;19;48;23;38;29;31;26;25;25;41;41
98;11;14;10;12;10;14;20;22;11;27;16;29;19;17;18;19;18;30
99;4;6;7;5;7;4;9;10;17;9;20;11;18;11;13;6;14;13
100 e oltre;6;6;9;10;10;14;10;12;10;17;17;21;19;20;17;15;11;13
Totale;156283;156641;157651;158662;159293;159836;161171;161988;162616;163491;163663;163375;162879;162194;161589;161575;161064;160455
Età/Anno;2002;2003;2004;2005;2006;2007;2008;2009;2010;2011;2012;2013;2014;2015;2016;2017;2018;2019
Età;Femmine
0;1214;1228;1229;1276;1263;1365;1352;1365;1357;1363;1307;1350;1164;1186;1168;1069;1083;1032
1;1159;1234;1227;1247;1305;1286;1369;1355;1369;1376;1370;1309;1338;1158;1204;1166;1081;1088
2;1121;1198;1256;1238;1261;1316;1305;1373;1388;1385;1380;1387;1311;1346;1177;1197;1163;1083
3;1155;1131;1216;1266;1254;1259;1313;1323;1370;1394;1369;1394;1387;1309;1347;1171;1205;1159
4;1155;1160;1132;1229;1284;1260;1274;1328;1323;1376;1404;1370;1389;1374;1324;1344;1183;1195
5;1139;1174;1170;1138;1244;1292;1282;1299;1336;1322;1377;1408;1377;1384;1371;1307;1350;1184
6;1200;1158;1187;1186;1161;1259;1311;1284;1321;1353;1323;1382;1410;1387;1364;1360;1310;1345
7;1140;1211;1176;1196;1208;1171;1272;1327;1295;1323;1352;1327;1386;1413;1400;1377;1367;1321
8;1110;1156;1221;1174;1220;1219;1198;1277;1347;1310;1325;1367;1320;1403;1407;1397;1384;1362
9;1229;1133;1176;1240;1189;1231;1239;1209;1280;1374;1325;1341;1373;1311;1413;1411;1394;1395
10;1184;1240;1138;1195;1265;1204;1254;1251;1220;1298;1380;1333;1332;1378;1317;1421;1419;1392
11;1225;1192;1247;1147;1218;1276;1209;1270;1274;1226;1305;1385;1314;1334;1378;1317;1423;1415
12;1229;1229;1199;1260;1160;1236;1296;1219;1285;1290;1227;1313;1389;1323;1336;1386;1325;1424
13;1245;1243;1244;1213;1265;1165;1257;1317;1238;1302;1303;1241;1314;1392;1326;1339;1375;1333
14;1209;1246;1245;1250;1219;1282;1176;1274;1323;1253;1308;1309;1241;1322;1394;1335;1350;1387
15;1167;1222;1258;1257;1262;1232;1296;1197;1294;1327;1263;1317;1317;1250;1331;1386;1329;1361
16;1245;1170;1220;1277;1277;1270;1248;1304;1201;1308;1344;1276;1317;1309;1249;1328;1386;1332
17;1243;1240;1168;1224;1287;1293;1299;1259;1299;1214;1322;1355;1283;1318;1302;1256;1320;1396
18;1255;1255;1253;1167;1251;1309;1323;1302;1269;1307;1227;1330;1348;1284;1327;1308;1270;1333
19;1375;1270;1274;1282;1182;1278;1335;1343;1335;1309;1348;1240;1339;1363;1278;1335;1328;1270
20;1444;1391;1289;1293;1299;1200;1317;1364;1382;1358;1338;1353;1255;1335;1378;1282;1349;1333
21;1515;1449;1402;1299;1312;1308;1245;1355;1396;1405;1390;1349;1353;1266;1332;1371;1288;1362
22;1637;1524;1485;1430;1325;1344;1362;1289;1394;1434;1432;1405;1355;1353;1281;1345;1377;1298
23;1707;1661;1562;1507;1462;1339;1404;1417;1345;1438;1463;1454;1431;1367;1357;1274;1349;1378
24;1858;1715;1703;1617;1534;1491;1409;1442;1474;1404;1458;1484;1448;1437;1379;1371;1287;1350
25;2061;1872;1782;1747;1641;1548;1551;1463;1467;1521;1438;1497;1502;1466;1448;1376;1389;1284
26;2250;2072;1940;1820;1775;1661;1620;1601;1505;1550;1543;1464;1524;1511;1474;1467;1394;1387
27;2332;2250;2113;1990;1882;1810;1705;1649;1651;1551;1558;1565;1467;1540;1535;1455;1486;1401
28;2413;2384;2299;2147;2017;1899;1885;1744;1686;1687;1582;1597;1566;1480;1561;1528;1471;1483
29;2553;2458;2428;2347;2186;2047;1981;1943;1801;1735;1689;1606;1628;1584;1490;1562;1546;1486
30;2444;2565;2522;2432;2381;2195;2119;2045;1957;1836;1743;1688;1600;1612;1586;1505;1569;1549
31;2387;2463;2584;2573;2447;2387;2229;2154;2066;1981;1860;1754;1698;1622;1611;1592;1513;1596
32;2567;2413;2470;2631;2587;2458;2429;2252;2168;2113;2006;1873;1766;1710;1631;1624;1604;1518
33;2512;2563;2472;2515;2652;2601;2490;2484;2242;2202;2134;2029;1887;1781;1727;1653;1597;1602
34;2513;2533;2593;2521;2528;2691;2642;2524;2507;2283;2230;2150;2033;1886;1793;1740;1658;1624
35;2630;2535;2583;2627;2562;2560;2724;2672;2534;2535;2310;2215;2163;2040;1903;1803;1740;1670
36;2613;2673;2572;2619;2631;2587;2609;2775;2706;2590;2544;2323;2199;2176;2034;1901;1830;1745
37;2640;2634;2699;2597;2630;2632;2630;2643;2797;2753;2603;2554;2333;2206;2171;2054;1916;1821
38;2481;2646;2670;2750;2630;2651;2679;2669;2674;2849;2764;2618;2541;2327;2228;2189;2080;1924
39;2394;2514;2672;2700;2753;2630;2699;2718;2705;2710;2865;2768;2624;2532;2347;2241;2163;2092
40;2434;2414;2547;2708;2713;2767;2692;2730;2732;2742;2700;2855;2781;2634;2539;2341;2254;2167
41;2248;2444;2446;2590;2741;2735;2821;2748;2737;2762;2746;2679;2841;2804;2645;2527;2358;2271
42;2186;2266;2485;2468;2623;2758;2774;2848;2763;2789;2777;2760;2687;2852;2811;2657;2557;2359
43;2197;2211;2301;2514;2497;2638;2801;2815;2867;2802;2795;2787;2767;2709;2875;2813;2668;2561
44;2192;2200;2236;2345;2517;2519;2689;2861;2855;2912;2818;2801;2787;2764;2717;2875;2813;2686
45;2217;2198;2232;2281;2343;2528;2567;2721;2888;2892;2929;2809;2807;2792;2747;2722;2885;2809
46;2186;2232;2228;2250;2288;2353;2584;2585;2755;2919;2898;2934;2818;2817;2782;2742;2712;2875
47;2203;2204;2259;2257;2261;2304;2375;2610;2611;2780;2927;2896;2935;2796;2826;2781;2739;2713
48;2035;2210;2225;2275;2267;2259;2355;2417;2649;2630;2791;2945;2902;2937;2803;2822;2769;2712
49;2036;2048;2248;2235;2281;2281;2303;2375;2432;2680;2649;2808;2947;2881;2915;2801;2816;2777
50;2055;2032;2077;2289;2259;2300;2313;2320;2400;2465;2673;2658;2804;2954;2864;2921;2809;2823
51;2142;2069;2057;2104;2300;2272;2343;2339;2347;2422;2473;2678;2664;2814;2950;2860;2921;2813
52;2287;2142;2079;2079;2113;2314;2298;2361;2362;2379;2426;2475;2676;2654;2818;2949;2854;2919
53;2487;2301;2163;2100;2090;2120;2338;2323;2366;2373;2377;2424;2473;2688;2659;2832;2943;2847
54;2635;2495;2329;2183;2113;2110;2140;2358;2340;2383;2376;2381;2411;2486;2675;2638;2835;2929
55;2939;2656;2514;2349;2191;2122;2121;2146;2374;2353;2389;2383;2382;2410;2476;2685;2641;2841
56;2260;2938;2673;2534;2354;2212;2135;2135;2167;2381;2375;2398;2375;2373;2411;2473;2670;2647
57;2263;2268;2946;2673;2559;2365;2224;2137;2154;2186;2375;2375;2406;2362;2368;2399;2468;2670
58;2152;2272;2275;2951;2683;2564;2373;2225;2152;2156;2193;2356;2377;2395;2342;2364;2381;2473
59;2220;2160;2279;2268;2965;2697;2565;2383;2237;2178;2165;2200;2345;2373;2395;2336;2364;2378
60;2301;2214;2167;2278;2275;2966;2689;2575;2395;2237;2169;2160;2179;2342;2347;2390;2329;2364
61;2509;2294;2219;2171;2268;2287;2970;2687;2594;2411;2225;2165;2150;2174;2329;2332;2389;2328
62;2477;2505;2297;2222;2169;2272;2295;2973;2678;2592;2401;2224;2155;2135;2166;2319;2326;2386
63;2409;2477;2505;2305;2223;2168;2272;2299;2972;2671;2581;2393;2223;2148;2126;2147;2317;2318
64;2230;2407;2464;2504;2304;2211;2163;2273;2301;2974;2673;2580;2370;2208;2133;2119;2131;2312
65;2183;2223;2403;2462;2504;2303;2215;2158;2283;2295;2962;2682;2556;2356;2174;2101;2114;2105
66;2129;2177;2230;2399;2453;2509;2306;2209;2154;2292;2295;2944;2661;2539;2346;2165;2092;2104
67;2061;2129;2164;2228;2394;2446;2499;2298;2212;2148;2273;2287;2931;2654;2505;2328;2162;2074
68;2007;2058;2115;2148;2221;2387;2434;2487;2295;2202;2142;2251;2264;2905;2632;2496;2316;2141
69;2065;1991;2050;2097;2129;2217;2366;2424;2458;2295;2186;2139;2222;2236;2878;2612;2483;2295
70;2191;2048;1967;2028;2083;2110;2207;2365;2410;2448;2271;2154;2101;2191;2213;2855;2592;2456
71;2299;2178;2033;1934;2016;2076;2093;2188;2358;2393;2433;2249;2121;2083;2166;2193;2816;2562
72;2122;2262;2142;2016;1923;1999;2058;2059;2171;2344;2360;2401;2206;2100;2061;2128;2159;2796
73;2044;2097;2236;2110;1988;1913;1987;2029;2053;2151;2326;2329;2367;2171;2063;2027;2098;2109
74;2060;2014;2057;2206;2091;1963;1889;1952;2010;2031;2124;2293;2281;2318;2131;2036;1985;2062
75;2010;2013;1995;2020;2169;2061;1938;1860;1924;1979;1990;2094;2254;2253;2266;2086;2003;1952
76;2096;1971;1984;1953;1989;2118;2018;1917;1837;1878;1946;1958;2056;2211;2219;2213;2049;1969
77;1975;2054;1909;1948;1934;1953;2080;1978;1871;1813;1841;1899;1917;1993;2167;2174;2152;1998
78;1964;1919;1987;1864;1909;1894;1910;2000;1929;1824;1776;1789;1855;1865;1963;2110;2126;2104
79;1883;1895;1860;1912;1824;1863;1836;1864;1930;1881;1772;1713;1740;1819;1816;1911;2056;2069
80;1906;1812;1812;1782;1846;1780;1791;1754;1794;1855;1835;1724;1659;1690;1769;1750;1857;2009
81;1876;1847;1728;1747;1724;1767;1706;1721;1678;1727;1784;1764;1669;1605;1626;1711;1686;1793
82;1061;1784;1742;1656;1664;1646;1686;1644;1639;1630;1655;1704;1673;1594;1541;1553;1641;1624
83;839;1006;1686;1650;1572;1582;1555;1588;1561;1543;1562;1562;1644;1578;1524;1462;1463;1561
84;795;789;940;1587;1546;1490;1492;1455;1492;1469;1450;1463;1468;1563;1484;1454;1372;1385
85;856;735;745;875;1481;1434;1390;1405;1353;1365;1366;1333;1362;1385;1451;1383;1369;1278
86;994;795;658;696;804;1349;1320;1258;1300;1269;1260;1258;1224;1271;1266;1362;1272;1266
87;909;894;719;602;627;739;1184;1193;1144;1162;1152;1130;1141;1123;1164;1173;1235;1156
88;798;825;760;631;549;558;653;1036;1057;1004;1045;1014;1018;1042;1012;1044;1067;1114
89;665;688;702;672;545;476;484;561;922;945;881;922;905;913;927;916;952;960
90;554;581;576;626;579;473;402;407;472;793;817;749;820;797;776;814;798;822
91;453;472;464;484;530;493;391;341;351;394;648;689;641;706;676;672;676;681
92;341;379;385;400;409;439;414;320;278;284;323;543;578;546;555;576;546;583
93;282;270;308;319;343;340;357;324;259;219;236;271;435;483;456;448;469;441
94;190;219;214;242;258;265;255;280;264;222;167;179;213;347;384;358;359;382
95;146;147;165;171;190;206;210;196;216;201;175;121;135;181;264;291;286;294
96;96;107;113;129;115;144;155;152;145;164;166;126;91;101;137;205;225;215
97;69;75;63;85;92;89;95;113;120;107;112;124;89;73;79;112;150;161
98;47;49;48;41;62;59;54;62;80;91;81;70;85;58;54;53;80;102
99;19;27;24;36;30;47;31;36;44;58;61;49;51;55;40;45;38;49
100 e oltre;36;38;41;42;48;47;55;61;66;80;90;88;87;98;88;90;75;72
Totale;170271;170630;171352;172355;173047;173599;175053;176018;176839;177970;177973;177669;176804;176180;175271;174295;173419;172432

"Ricostruzione della popolazione intercensuaria - Popolazione al 1° gennaio per età"
"Cittadinanza italiana - Provincia: Livorno"
Età/Anno;2002;2003;2004;2005;2006;2007;2008;2009;2010;2011;2012;2013;2014;2015;2016;2017;2018;2019
Età;Totale
0;2407;2431;2409;2539;2454;2595;2588;2503;2513;2470;2341;2293;2084;2090;2036;1917;1879;1778
1;2297;2438;2429;2414;2549;2476;2628;2609;2503;2529;2478;2338;2281;2078;2117;2050;1936;1903
2;2333;2344;2460;2429;2426;2564;2495;2623;2641;2532;2540;2483;2344;2282;2116;2134;2056;1951
3;2290;2346;2369;2476;2470;2422;2558;2511;2624;2647;2518;2551;2470;2339;2307;2127;2141;2070
4;2378;2306;2356;2383;2472;2471;2433;2567;2509;2642;2647;2507;2546;2456;2371;2348;2143;2137
5;2259;2405;2333;2352;2409;2489;2486;2447;2588;2518;2649;2646;2517;2536;2491;2392;2376;2153
6;2375;2276;2421;2345;2365;2447;2512;2497;2466;2614;2518;2648;2655;2538;2554;2531;2407;2387
7;2311;2396;2307;2424;2374;2384;2471;2526;2493;2468;2615;2500;2652;2660;2570;2591;2551;2440
8;2263;2334;2399;2299;2444;2390;2397;2470;2545;2495;2470;2624;2480;2670;2681;2593;2613;2550
9;2477;2293;2354;2429;2315;2454;2404;2413;2471;2570;2503;2478;2630;2492;2685;2705;2607;2629
10;2394;2511;2307;2372;2444;2339;2476;2421;2413;2493;2581;2510;2480;2633;2515;2706;2731;2613
11;2534;2411;2516;2316;2399;2453;2351;2494;2439;2409;2497;2577;2498;2492;2656;2536;2718;2724
12;2456;2552;2423;2536;2333;2416;2458;2364;2506;2448;2412;2503;2591;2517;2506;2686;2552;2714
13;2515;2480;2581;2421;2538;2340;2429;2480;2381;2504;2455;2429;2496;2604;2544;2535;2693;2553
14;2316;2521;2467;2594;2437;2556;2356;2426;2487;2404;2513;2454;2440;2499;2616;2562;2547;2698
15;2326;2341;2521;2477;2607;2462;2568;2364;2436;2494;2403;2518;2467;2448;2507;2633;2561;2560
16;2554;2338;2353;2535;2489;2619;2464;2579;2365;2440;2501;2403;2524;2457;2454;2518;2629;2565
17;2461;2556;2339;2357;2546;2496;2635;2475;2578;2370;2445;2492;2418;2526;2456;2474;2519;2638
18;2532;2471;2575;2329;2387;2560;2515;2637;2487;2588;2390;2457;2506;2441;2553;2494;2501;2566
19;2770;2548;2495;2596;2339;2410;2563;2516;2656;2508;2598;2394;2468;2527;2440;2567;2502;2515
20;2778;2789;2568;2509;2610;2364;2428;2571;2524;2649;2529;2595;2392;2465;2526;2435;2582;2494
21;2987;2796;2795;2569;2512;2619;2366;2449;2588;2534;2663;2512;2575;2394;2458;2509;2442;2579
22;3161;3003;2816;2804;2585;2539;2623;2374;2463;2605;2546;2671;2534;2551;2407;2472;2513;2450
23;3465;3190;3004;2832;2822;2607;2565;2625;2390;2489;2639;2560;2678;2530;2556;2424;2474;2512
24;3632;3490;3225;3036;2831;2850;2629;2564;2626;2417;2495;2643;2558;2674;2548;2578;2422;2466
25;3977;3638;3512;3242;3076;2825;2886;2641;2568;2643;2433;2521;2643;2571;2682;2530;2561;2411
26;4370;3991;3684;3517;3243;3087;2855;2902;2661;2602;2672;2451;2515;2654;2587;2701;2528;2561
27;4669;4392;4007;3716;3555;3276;3088;2832;2935;2695;2605;2681;2466;2521;2645;2589;2695;2538
28;4787;4695;4391;4016;3711;3572;3301;3082;2855;2939;2688;2639;2679;2451;2535;2662;2602;2703
29;4918;4806;4708;4408;4016;3731;3592;3325;3087;2884;2945;2714;2637;2670;2477;2520;2668;2605
30;4838;4915;4807;4680;4424;4018;3752;3601;3313;3102;2874;2932;2706;2628;2681;2497;2531;2671
31;4774;4864;4886;4832;4683;4428;4005;3754;3607;3338;3102;2886;2943;2732;2649;2701;2504;2560
32;4949;4785;4835;4909;4854;4692;4407;4003;3759;3624;3363;3113;2905;2946;2745;2649;2722;2495
33;4841;4958;4829;4864;4911;4843;4691;4430;4003;3790;3629;3357;3134;2907;2961;2757;2635;2715
34;4906;4851;4962;4858;4876;4919;4885;4698;4449;4018;3818;3648;3368;3152;2924;2998;2776;2657
35;5129;4950;4869;4999;4885;4883;4902;4860;4705;4460;4057;3784;3673;3379;3181;2951;3019;2800
36;5096;5179;4950;4891;5001;4920;4916;4933;4880;4751;4487;4061;3765;3689;3374;3206;2972;3025
37;5194;5127;5187;4967;4892;4993;4929;4915;4957;4908;4766;4498;4077;3784;3688;3434;3238;2967
38;4851;5212;5107;5210;4989;4916;4999;4940;4935;4987;4906;4767;4487;4095;3819;3737;3462;3258
39;4729;4899;5220;5133;5197;4985;4913;5024;4951;4943;5001;4909;4736;4477;4116;3816;3738;3480
40;4712;4756;4899;5255;5128;5189;5004;4912;5031;4987;4933;4987;4918;4739;4466;4138;3866;3745
41;4379;4741;4773;4931;5288;5164;5207;5038;4920;5053;4979;4920;4975;4929;4765;4469;4157;3881
42;4276;4413;4745;4786;4978;5305;5182;5212;5023;4955;5069;4973;4914;5006;4955;4798;4501;4171
43;4141;4320;4418;4754;4813;5014;5336;5192;5213;5064;4979;5063;4980;4928;5054;4988;4806;4523
44;4274;4148;4322;4447;4787;4845;5030;5380;5237;5240;5050;4966;5049;4989;4942;5062;5014;4838
45;4305;4289;4160;4338;4444;4803;4870;5057;5421;5267;5262;5032;4972;5071;5002;4979;5088;5028
46;4198;4331;4292;4182;4347;4469;4841;4878;5067;5440;5276;5268;5036;4975;5072;5008;4975;5067
47;4105;4251;4330;4328;4189;4363;4469;4839;4886;5065;5464;5270;5278;5040;4982;5091;5004;4968
48;3958;4125;4262;4341;4342;4176;4372;4474;4845;4893;5063;5460;5272;5274;5058;4995;5073;4981
49;3959;3962;4135;4271;4350;4332;4181;4369;4460;4831;4917;5061;5476;5240;5260;5077;4988;5090
50;3945;3974;3976;4155;4288;4356;4342;4166;4368;4464;4831;4913;5061;5479;5243;5273;5076;5010
51;4150;3969;3973;3991;4163;4301;4371;4356;4185;4358;4464;4815;4900;5080;5454;5248;5257;5069
52;4458;4159;3959;3972;3993;4170;4303;4369;4358;4205;4362;4453;4799;4883;5093;5451;5224;5258
53;4786;4484;4168;3961;3969;3990;4178;4306;4357;4362;4200;4363;4459;4788;4892;5116;5428;5212
54;5032;4811;4501;4176;3976;3979;3981;4184;4315;4375;4355;4195;4340;4463;4804;4884;5120;5421
55;5491;5077;4825;4502;4181;3984;3968;3987;4198;4311;4371;4332;4193;4321;4452;4804;4874;5104
56;4340;5488;5086;4831;4527;4198;4004;3968;3999;4184;4298;4357;4317;4181;4323;4445;4781;4853
57;4284;4363;5489;5077;4860;4542;4191;3997;3982;3998;4167;4289;4329;4305;4180;4315;4441;4765
58;4074;4300;4374;5468;5083;4869;4542;4169;3997;3972;3996;4143;4276;4314;4289;4178;4291;4427
59;4225;4080;4294;4372;5492;5084;4872;4538;4171;4013;3983;3986;4127;4256;4299;4273;4179;4281
60;4238;4215;4089;4292;4368;5504;5058;4876;4539;4176;3996;3973;3968;4107;4227;4285;4257;4167
61;4749;4229;4221;4076;4291;4381;5502;5036;4876;4522;4151;3967;3935;3942;4078;4200;4268;4255
62;4637;4736;4217;4204;4054;4290;4376;5492;5017;4860;4498;4138;3947;3911;3926;4068;4181;4260
63;4685;4631;4718;4207;4196;4031;4292;4372;5475;5005;4837;4467;4109;3931;3900;3902;4049;4174
64;4223;4668;4605;4690;4196;4180;4019;4286;4358;5465;4987;4816;4424;4065;3898;3891;3871;4023
65;3959;4200;4653;4580;4685;4192;4174;3999;4284;4322;5435;4982;4784;4386;4011;3850;3877;3828
66;3957;3925;4181;4636;4543;4666;4187;4139;3986;4273;4290;5372;4939;4718;4353;3981;3821;3843
67;3809;3940;3900;4153;4608;4514;4629;4149;4125;3951;4246;4251;5331;4904;4665;4317;3955;3790
68;3771;3783;3908;3855;4124;4578;4475;4589;4127;4092;3930;4204;4205;5273;4841;4627;4277;3912
69;3780;3731;3744;3856;3817;4105;4524;4446;4539;4118;4058;3906;4134;4159;5219;4804;4592;4226
70;3980;3737;3680;3683;3806;3778;4071;4489;4421;4503;4085;3988;3859;4065;4107;5172;4735;4528
71;4085;3941;3698;3623;3654;3781;3738;4011;4436;4385;4455;4032;3913;3814;3978;4049;5092;4675
72;3783;4002;3865;3644;3587;3582;3729;3667;3960;4390;4311;4372;3938;3850;3765;3916;3989;5024
73;3637;3712;3915;3767;3570;3537;3524;3646;3632;3909;4345;4231;4298;3856;3766;3673;3850;3897
74;3593;3572;3612;3840;3690;3512;3458;3454;3588;3567;3851;4266;4123;4213;3781;3696;3604;3783
75;3432;3510;3492;3536;3764;3611;3451;3376;3385;3520;3470;3773;4172;4052;4081;3702;3618;3521
76;3507;3348;3424;3403;3453;3661;3512;3387;3315;3312;3449;3372;3688;4076;3975;3956;3608;3540
77;3319;3414;3218;3326;3324;3360;3562;3404;3284;3228;3221;3342;3283;3578;3957;3871;3838;3499
78;3252;3196;3273;3108;3245;3219;3259;3408;3309;3193;3127;3100;3247;3172;3474;3838;3761;3730
79;3051;3100;3076;3139;2989;3130;3095;3156;3276;3212;3089;3009;2989;3155;3067;3365;3697;3637
80;3079;2890;2941;2936;3008;2888;2976;2949;3009;3124;3100;2982;2891;2882;3035;2948;3237;3572
81;3068;2911;2726;2805;2806;2860;2723;2835;2792;2856;2978;2948;2856;2752;2766;2914;2827;3101
82;1705;2888;2725;2573;2634;2665;2718;2594;2675;2681;2710;2825;2771;2693;2612;2631;2750;2690
83;1300;1596;2667;2549;2417;2475;2486;2537;2425;2463;2519;2533;2655;2587;2528;2445;2474;2602
84;1260;1214;1451;2458;2369;2242;2306;2293;2343;2253;2276;2339;2350;2472;2412;2387;2275;2292
85;1309;1147;1111;1328;2260;2175;2069;2120;2107;2119;2073;2071;2146;2185;2268;2220;2227;2095
86;1508;1191;1027;1029;1216;2037;1980;1873;1941;1927;1947;1893;1881;1970;1959;2087;2010;2020
87;1378;1343;1060;924;921;1107;1786;1756;1683;1701;1737;1720;1691;1690;1780;1799;1865;1803
88;1146;1219;1139;925;818;813;974;1547;1553;1478;1508;1517;1521;1522;1500;1562;1617;1667
89;992;967;1019;986;791;711;701;832;1359;1364;1282;1314;1336;1349;1348;1345;1397;1426
90;757;839;807;881;826;673;607;589;692;1165;1172;1081;1161;1173;1144;1173;1152;1209
91;638;636;667;669;742;704;553;499;489;568;957;967;899;989;967;969;977;972
92;459;520;505;561;548;616;580;446;400;392;470;787;811;749;788;811;780;829
93;375;362;416;413;468;445;496;447;353;316;321;388;623;668;604;626;649;616
94;236;286;281;328;327;361;327;386;352;293;236;236;303;483;521;471;481;502
95;177;183;214;214;253;247;281;249;289;270;228;168;172;243;356;387;372;388
96;122;134;139;162;151;189;184;207;182;217;213;163;132;129;174;264;286;277
97;86;89;82;101;114;117;128;131;167;130;150;152;119;98;103;135;190;199
98;58;63;58;53;72;73;74;83;90;118;97;99;103;74;71;71;96;131
99;23;33;31;41;37;51;40;46;59;66;81;60;69;65;51;50;51;61
100 e oltre;42;43;49;51;57;60;65;73;76;94;103;105;102;115;104;103;84;82
Totale;320556;321013;320361;320358;320467;320664;320452;319710;319358;319156;318300;316502;314567;312931;311479;310418;308626;306629
Età/Anno;2002;2003;2004;2005;2006;2007;2008;2009;2010;2011;2012;2013;2014;2015;2016;2017;2018;2019
Età;Maschi
0;1229;1242;1224;1339;1263;1314;1359;1273;1296;1256;1198;1122;1076;1073;1033;998;934;895
1;1165;1240;1248;1219;1329;1268;1342;1381;1272;1313;1259;1201;1119;1074;1078;1042;1004;946
2;1241;1173;1255;1242;1222;1343;1273;1338;1382;1285;1318;1258;1202;1119;1091;1087;1044;1012
3;1158;1249;1186;1266;1273;1226;1349;1277;1341;1378;1284;1325;1245;1194;1125;1104;1095;1056
4;1259;1172;1259;1193;1254;1273;1230;1354;1273;1355;1369;1275;1323;1246;1207;1148;1105;1096
5;1139;1268;1194;1254;1208;1263;1279;1232;1370;1289;1363;1369;1278;1316;1273;1222;1161;1108
6;1196;1145;1277;1202;1253;1236;1272;1292;1238;1382;1295;1364;1374;1287;1333;1301;1229;1168
7;1199;1209;1160;1275;1212;1270;1255;1276;1287;1243;1388;1279;1369;1369;1303;1351;1310;1249
8;1181;1208;1211;1158;1277;1222;1274;1256;1282;1283;1250;1390;1270;1374;1384;1314;1362;1310
9;1282;1195;1217;1232;1167;1286;1229;1285;1256;1291;1287;1251;1396;1282;1382;1394;1322;1373
10;1225;1304;1209;1227;1237;1185;1298;1240;1283;1269;1300;1296;1260;1391;1293;1387;1411;1325
11;1336;1235;1311;1218;1242;1244;1196;1312;1244;1280;1276;1300;1299;1267;1399;1305;1395;1405
12;1253;1352;1242;1322;1230;1251;1246;1205;1312;1247;1288;1277;1311;1304;1273;1414;1307;1390
13;1295;1266;1366;1236;1327;1241;1254;1260;1210;1310;1247;1296;1275;1318;1316;1285;1420;1306
14;1129;1301;1258;1379;1249;1334;1257;1251;1265;1222;1319;1249;1305;1273;1325;1323;1286;1416
15;1186;1141;1295;1266;1383;1270;1348;1259;1246;1274;1224;1324;1259;1301;1271;1338;1325;1294
16;1333;1194;1151;1297;1272;1391;1274;1357;1255;1247;1277;1220;1330;1257;1303;1280;1335;1327
17;1239;1339;1197;1159;1308;1274;1400;1279;1356;1258;1250;1270;1226;1327;1257;1307;1285;1336
18;1299;1243;1347;1190;1177;1313;1280;1408;1291;1368;1269;1257;1274;1242;1336;1277;1316;1310
19;1423;1303;1257;1349;1196;1192;1321;1281;1416;1300;1366;1274;1266;1281;1246;1343;1283;1328
20;1377;1431;1315;1265;1354;1207;1208;1320;1279;1420;1312;1365;1266;1266;1271;1242;1350;1283
21;1505;1386;1436;1320;1266;1367;1216;1219;1326;1285;1424;1303;1351;1257;1260;1263;1259;1345
22;1576;1526;1396;1441;1327;1276;1371;1221;1229;1332;1294;1431;1321;1343;1265;1266;1266;1260
23;1805;1595;1531;1404;1445;1350;1291;1380;1227;1246;1355;1305;1428;1319;1350;1283;1270;1274
24;1838;1832;1622;1542;1400;1463;1362;1298;1368;1233;1250;1363;1312;1427;1322;1364;1284;1271
25;1985;1838;1841;1636;1572;1392;1483;1370;1310;1372;1243;1257;1362;1312;1432;1318;1359;1288
26;2186;1998;1871;1842;1636;1584;1404;1492;1387;1322;1388;1248;1248;1373;1328;1441;1319;1355
27;2425;2216;2015;1891;1842;1657;1586;1392;1507;1408;1331;1400;1265;1250;1366;1340;1441;1325
28;2473;2424;2223;2024;1895;1848;1663;1583;1407;1518;1404;1350;1407;1253;1251;1380;1344;1445
29;2466;2468;2445;2228;2024;1906;1853;1670;1567;1422;1529;1418;1339;1390;1263;1248;1378;1347
30;2501;2462;2460;2439;2238;2033;1901;1850;1659;1580;1416;1517;1411;1332;1397;1278;1257;1376
31;2482;2514;2448;2482;2447;2239;2017;1894;1847;1671;1568;1427;1523;1418;1343;1404;1290;1261
32;2496;2475;2507;2449;2497;2437;2211;2019;1898;1840;1685;1568;1430;1519;1414;1332;1415;1273
33;2427;2505;2494;2519;2445;2462;2437;2210;2018;1908;1826;1671;1577;1424;1520;1415;1333;1410
34;2494;2413;2498;2489;2521;2425;2474;2430;2215;2021;1908;1829;1681;1593;1423;1546;1431;1324
35;2583;2505;2412;2506;2475;2503;2400;2448;2421;2216;2025;1882;1839;1677;1596;1427;1561;1430
36;2569;2590;2497;2412;2512;2488;2517;2407;2447;2436;2235;2024;1870;1845;1665;1610;1416;1563
37;2652;2574;2594;2508;2412;2496;2491;2508;2418;2434;2436;2243;2033;1879;1845;1685;1626;1417
38;2457;2659;2551;2591;2508;2416;2490;2482;2512;2419;2415;2428;2236;2041;1890;1864;1681;1633
39;2426;2474;2653;2566;2578;2509;2407;2503;2477;2513;2416;2409;2406;2219;2038;1880;1875;1690
40;2355;2424;2471;2668;2555;2555;2508;2406;2516;2507;2513;2417;2412;2405;2211;2052;1913;1875
41;2197;2368;2427;2477;2675;2571;2548;2517;2400;2528;2502;2516;2424;2406;2416;2215;2053;1909
42;2148;2212;2361;2441;2503;2681;2573;2546;2509;2413;2537;2501;2506;2434;2419;2427;2217;2067
43;1990;2169;2211;2373;2448;2529;2693;2570;2545;2529;2436;2528;2510;2512;2454;2448;2428;2236
44;2120;1994;2167;2224;2398;2466;2533;2708;2590;2550;2520;2432;2517;2520;2521;2451;2472;2437
45;2138;2125;2006;2165;2223;2403;2475;2547;2739;2597;2563;2518;2435;2532;2532;2540;2465;2488
46;2076;2145;2129;2020;2168;2243;2418;2491;2546;2754;2601;2567;2522;2425;2536;2537;2536;2444
47;1949;2106;2142;2152;2027;2176;2249;2410;2493;2541;2774;2600;2580;2537;2429;2542;2541;2529
48;1954;1959;2113;2153;2166;2019;2170;2245;2407;2500;2538;2769;2599;2577;2545;2441;2542;2543
49;1972;1948;1949;2122;2162;2153;2015;2166;2230;2388;2508;2529;2781;2587;2573;2555;2434;2549
50;1925;1982;1947;1949;2125;2159;2156;2007;2156;2230;2397;2508;2530;2776;2596;2575;2548;2449
51;2040;1935;1976;1956;1950;2134;2161;2166;2024;2145;2226;2386;2493;2549;2756;2601;2557;2538
52;2207;2044;1927;1970;1955;1950;2133;2159;2165;2033;2150;2221;2377;2481;2552;2746;2586;2564
53;2334;2218;2038;1924;1962;1949;1953;2128;2150;2170;2030;2156;2226;2373;2476;2556;2734;2575
54;2433;2348;2217;2038;1929;1960;1936;1957;2130;2155;2163;2027;2147;2223;2386;2472;2548;2732
55;2585;2456;2354;2220;2035;1935;1949;1944;1962;2128;2152;2146;2026;2134;2222;2376;2470;2537
56;2101;2579;2455;2351;2238;2042;1949;1945;1946;1958;2111;2135;2139;2018;2129;2218;2365;2447
57;2051;2116;2583;2450;2362;2238;2029;1943;1953;1942;1943;2110;2107;2134;2022;2127;2214;2357
58;1947;2056;2129;2571;2447;2362;2241;2022;1937;1947;1936;1933;2102;2101;2124;2019;2113;2195
59;2033;1944;2051;2135;2580;2439;2364;2233;2021;1938;1949;1923;1926;2085;2086;2106;2014;2099
60;1966;2026;1945;2048;2127;2586;2423;2364;2234;2031;1929;1949;1917;1917;2072;2080;2092;1995
61;2270;1962;2029;1933;2051;2125;2579;2405;2358;2214;2017;1916;1926;1900;1901;2052;2059;2093
62;2179;2263;1950;2012;1915;2043;2114;2572;2397;2339;2194;2005;1908;1916;1889;1899;2041;2059
63;2295;2172;2247;1938;2003;1894;2045;2107;2557;2393;2325;2178;1984;1896;1914;1873;1884;2041
64;2011;2278;2159;2223;1933;1997;1888;2039;2096;2543;2373;2315;2155;1958;1874;1900;1854;1863
65;1788;1994;2269;2140;2220;1926;1991;1879;2034;2070;2522;2365;2305;2129;1931;1855;1889;1841
66;1847;1761;1969;2259;2115;2196;1919;1966;1871;2020;2042;2485;2342;2257;2112;1912;1840;1869
67;1771;1831;1748;1945;2239;2093;2168;1888;1951;1848;2012;2011;2458;2315;2230;2096;1888;1821
68;1775;1748;1812;1721;1923;2217;2067;2143;1868;1927;1836;1989;1984;2425;2275;2208;2069;1871
69;1728;1752;1719;1778;1702;1909;2184;2054;2120;1859;1909;1815;1949;1965;2400;2257;2183;2040
70;1797;1701;1724;1682;1741;1682;1885;2156;2039;2095;1847;1873;1798;1913;1935;2377;2215;2146
71;1798;1772;1676;1701;1662;1723;1659;1843;2112;2021;2061;1814;1831;1770;1855;1897;2333;2188
72;1672;1753;1732;1639;1677;1610;1689;1619;1810;2078;1980;2009;1762;1788;1739;1829;1870;2288
73;1601;1628;1692;1665;1594;1637;1565;1636;1591;1781;2051;1932;1969;1713;1744;1681;1791;1827
74;1541;1566;1566;1647;1605;1561;1581;1529;1597;1546;1749;2001;1872;1932;1675;1703;1654;1756
75;1433;1504;1506;1527;1609;1557;1525;1528;1486;1560;1489;1701;1944;1830;1850;1640;1654;1607
76;1422;1385;1447;1458;1475;1555;1503;1481;1490;1456;1523;1424;1652;1889;1785;1779;1583;1610
77;1350;1370;1314;1387;1397;1417;1494;1436;1422;1427;1401;1463;1378;1602;1813;1725;1718;1524
78;1299;1283;1295;1248;1346;1333;1356;1420;1390;1377;1364;1332;1411;1317;1529;1752;1664;1656
79;1172;1213;1222;1238;1169;1277;1266;1299;1359;1342;1326;1308;1270;1354;1259;1471;1663;1598
80;1176;1081;1137;1160;1172;1115;1194;1201;1223;1281;1277;1265;1240;1213;1285;1206;1398;1587
81;1203;1068;1001;1065;1091;1100;1024;1122;1118;1138;1207;1196;1194;1155;1160;1218;1151;1326
82;648;1115;988;920;977;1028;1039;957;1044;1056;1063;1133;1111;1106;1077;1097;1123;1076
83;465;594;994;905;847;900;938;953;870;927;961;978;1023;1022;1013;989;1028;1054
84;468;428;519;883;828;754;821;846;855;790;834;880;891;921;937;940;909;923
85;455;414;370;462;791;746;681;721;761;759;713;747;788;806;826;846;866;821
86;520;399;370;337;420;699;665;616;647;666;692;639;667;703;699;734;748;762
87;472;455;345;324;297;373;610;569;540;542;593;594;554;576;619;630;639;656
88;350;398;385;299;271;258;325;516;500;474;465;511;507;484;498;521;553;560
89;333;280;318;317;251;237;219;276;442;423;401;394;438;439;424;439;447;469
90;204;263;232;257;251;204;207;183;223;376;359;332;343;383;371;362;363;389
91;185;165;207;186;213;214;165;159;139;176;313;281;258;284;298;299;303;297
92;121;142;121;165;140;179;169;129;123;109;149;248;236;203;234;241;235;247
93;93;94;109;95;129;106;142;126;97;98;86;118;191;188;148;179;186;176
94;46;67;68;87;69;100;73;108;90;75;70;57;91;139;140;113;123;126
95;32;36;49;44;64;41;75;54;73;71;56;48;37;63;95;97;86;94
96;26;28;26;33;37;46;29;58;38;53;48;39;42;28;38;62;62;62
97;17;14;19;16;22;29;34;18;48;23;38;29;31;26;24;24;41;39
98;11;14;10;12;10;14;20;22;10;27;16;29;19;17;18;18;17;30
99;4;6;7;5;7;4;9;10;17;8;20;11;18;11;13;6;13;12
100 e oltre;6;5;9;10;10;14;10;12;10;16;15;19;17;18;16;14;11;12
Totale;153595;153820;153631;153707;153781;153917;153921;153642;153463;153414;153162;152390;151632;150812;150167;149831;149080;148201
Età/Anno;2002;2003;2004;2005;2006;2007;2008;2009;2010;2011;2012;2013;2014;2015;2016;2017;2018;2019
Età;Femmine
0;1178;1189;1185;1200;1191;1281;1229;1230;1217;1214;1143;1171;1008;1017;1003;919;945;883
1;1132;1198;1181;1195;1220;1208;1286;1228;1231;1216;1219;1137;1162;1004;1039;1008;932;957
2;1092;1171;1205;1187;1204;1221;1222;1285;1259;1247;1222;1225;1142;1163;1025;1047;1012;939
3;1132;1097;1183;1210;1197;1196;1209;1234;1283;1269;1234;1226;1225;1145;1182;1023;1046;1014
4;1119;1134;1097;1190;1218;1198;1203;1213;1236;1287;1278;1232;1223;1210;1164;1200;1038;1041
5;1120;1137;1139;1098;1201;1226;1207;1215;1218;1229;1286;1277;1239;1220;1218;1170;1215;1045
6;1179;1131;1144;1143;1112;1211;1240;1205;1228;1232;1223;1284;1281;1251;1221;1230;1178;1219
7;1112;1187;1147;1149;1162;1114;1216;1250;1206;1225;1227;1221;1283;1291;1267;1240;1241;1191
8;1082;1126;1188;1141;1167;1168;1123;1214;1263;1212;1220;1234;1210;1296;1297;1279;1251;1240
9;1195;1098;1137;1197;1148;1168;1175;1128;1215;1279;1216;1227;1234;1210;1303;1311;1285;1256
10;1169;1207;1098;1145;1207;1154;1178;1181;1130;1224;1281;1214;1220;1242;1222;1319;1320;1288
11;1198;1176;1205;1098;1157;1209;1155;1182;1195;1129;1221;1277;1199;1225;1257;1231;1323;1319
12;1203;1200;1181;1214;1103;1165;1212;1159;1194;1201;1124;1226;1280;1213;1233;1272;1245;1324
13;1220;1214;1215;1185;1211;1099;1175;1220;1171;1194;1208;1133;1221;1286;1228;1250;1273;1247
14;1187;1220;1209;1215;1188;1222;1099;1175;1222;1182;1194;1205;1135;1226;1291;1239;1261;1282
15;1140;1200;1226;1211;1224;1192;1220;1105;1190;1220;1179;1194;1208;1147;1236;1295;1236;1266
16;1221;1144;1202;1238;1217;1228;1190;1222;1110;1193;1224;1183;1194;1200;1151;1238;1294;1238
17;1222;1217;1142;1198;1238;1222;1235;1196;1222;1112;1195;1222;1192;1199;1199;1167;1234;1302
18;1233;1228;1228;1139;1210;1247;1235;1229;1196;1220;1121;1200;1232;1199;1217;1217;1185;1256
19;1347;1245;1238;1247;1143;1218;1242;1235;1240;1208;1232;1120;1202;1246;1194;1224;1219;1187
20;1401;1358;1253;1244;1256;1157;1220;1251;1245;1229;1217;1230;1126;1199;1255;1193;1232;1211
21;1482;1410;1359;1249;1246;1252;1150;1230;1262;1249;1239;1209;1224;1137;1198;1246;1183;1234
22;1585;1477;1420;1363;1258;1263;1252;1153;1234;1273;1252;1240;1213;1208;1142;1206;1247;1190
23;1660;1595;1473;1428;1377;1257;1274;1245;1163;1243;1284;1255;1250;1211;1206;1141;1204;1238
24;1794;1658;1603;1494;1431;1387;1267;1266;1258;1184;1245;1280;1246;1247;1226;1214;1138;1195
25;1992;1800;1671;1606;1504;1433;1403;1271;1258;1271;1190;1264;1281;1259;1250;1212;1202;1123
26;2184;1993;1813;1675;1607;1503;1451;1410;1274;1280;1284;1203;1267;1281;1259;1260;1209;1206
27;2244;2176;1992;1825;1713;1619;1502;1440;1428;1287;1274;1281;1201;1271;1279;1249;1254;1213
28;2314;2271;2168;1992;1816;1724;1638;1499;1448;1421;1284;1289;1272;1198;1284;1282;1258;1258
29;2452;2338;2263;2180;1992;1825;1739;1655;1520;1462;1416;1296;1298;1280;1214;1272;1290;1258
30;2337;2453;2347;2241;2186;1985;1851;1751;1654;1522;1458;1415;1295;1296;1284;1219;1274;1295
31;2292;2350;2438;2350;2236;2189;1988;1860;1760;1667;1534;1459;1420;1314;1306;1297;1214;1299
32;2453;2310;2328;2460;2357;2255;2196;1984;1861;1784;1678;1545;1475;1427;1331;1317;1307;1222
33;2414;2453;2335;2345;2466;2381;2254;2220;1985;1882;1803;1686;1557;1483;1441;1342;1302;1305
34;2412;2438;2464;2369;2355;2494;2411;2268;2234;1997;1910;1819;1687;1559;1501;1452;1345;1333
35;2546;2445;2457;2493;2410;2380;2502;2412;2284;2244;2032;1902;1834;1702;1585;1524;1458;1370
36;2527;2589;2453;2479;2489;2432;2399;2526;2433;2315;2252;2037;1895;1844;1709;1596;1556;1462
37;2542;2553;2593;2459;2480;2497;2438;2407;2539;2474;2330;2255;2044;1905;1843;1749;1612;1550
38;2394;2553;2556;2619;2481;2500;2509;2458;2423;2568;2491;2339;2251;2054;1929;1873;1781;1625
39;2303;2425;2567;2567;2619;2476;2506;2521;2474;2430;2585;2500;2330;2258;2078;1936;1863;1790
40;2357;2332;2428;2587;2573;2634;2496;2506;2515;2480;2420;2570;2506;2334;2255;2086;1953;1870
41;2182;2373;2346;2454;2613;2593;2659;2521;2520;2525;2477;2404;2551;2523;2349;2254;2104;1972
42;2128;2201;2384;2345;2475;2624;2609;2666;2514;2542;2532;2472;2408;2572;2536;2371;2284;2104
43;2151;2151;2207;2381;2365;2485;2643;2622;2668;2535;2543;2535;2470;2416;2600;2540;2378;2287
44;2154;2154;2155;2223;2389;2379;2497;2672;2647;2690;2530;2534;2532;2469;2421;2611;2542;2401
45;2167;2164;2154;2173;2221;2400;2395;2510;2682;2670;2699;2514;2537;2539;2470;2439;2623;2540
46;2122;2186;2163;2162;2179;2226;2423;2387;2521;2686;2675;2701;2514;2550;2536;2471;2439;2623
47;2156;2145;2188;2176;2162;2187;2220;2429;2393;2524;2690;2670;2698;2503;2553;2549;2463;2439
48;2004;2166;2149;2188;2176;2157;2202;2229;2438;2393;2525;2691;2673;2697;2513;2554;2531;2438
49;1987;2014;2186;2149;2188;2179;2166;2203;2230;2443;2409;2532;2695;2653;2687;2522;2554;2541
50;2020;1992;2029;2206;2163;2197;2186;2159;2212;2234;2434;2405;2531;2703;2647;2698;2528;2561
51;2110;2034;1997;2035;2213;2167;2210;2190;2161;2213;2238;2429;2407;2531;2698;2647;2700;2531
52;2251;2115;2032;2002;2038;2220;2170;2210;2193;2172;2212;2232;2422;2402;2541;2705;2638;2694
53;2452;2266;2130;2037;2007;2041;2225;2178;2207;2192;2170;2207;2233;2415;2416;2560;2694;2637
54;2599;2463;2284;2138;2047;2019;2045;2227;2185;2220;2192;2168;2193;2240;2418;2412;2572;2689
55;2906;2621;2471;2282;2146;2049;2019;2043;2236;2183;2219;2186;2167;2187;2230;2428;2404;2567
56;2239;2909;2631;2480;2289;2156;2055;2023;2053;2226;2187;2222;2178;2163;2194;2227;2416;2406
57;2233;2247;2906;2627;2498;2304;2162;2054;2029;2056;2224;2179;2222;2171;2158;2188;2227;2408
58;2127;2244;2245;2897;2636;2507;2301;2147;2060;2025;2060;2210;2174;2213;2165;2159;2178;2232
59;2192;2136;2243;2237;2912;2645;2508;2305;2150;2075;2034;2063;2201;2171;2213;2167;2165;2182
60;2272;2189;2144;2244;2241;2918;2635;2512;2305;2145;2067;2024;2051;2190;2155;2205;2165;2172
61;2479;2267;2192;2143;2240;2256;2923;2631;2518;2308;2134;2051;2009;2042;2177;2148;2209;2162
62;2458;2473;2267;2192;2139;2247;2262;2920;2620;2521;2304;2133;2039;1995;2037;2169;2140;2201
63;2390;2459;2471;2269;2193;2137;2247;2265;2918;2612;2512;2289;2125;2035;1986;2029;2165;2133
64;2212;2390;2446;2467;2263;2183;2131;2247;2262;2922;2614;2501;2269;2107;2024;1991;2017;2160
65;2171;2206;2384;2440;2465;2266;2183;2120;2250;2252;2913;2617;2479;2257;2080;1995;1988;1987
66;2110;2164;2212;2377;2428;2470;2268;2173;2115;2253;2248;2887;2597;2461;2241;2069;1981;1974
67;2038;2109;2152;2208;2369;2421;2461;2261;2174;2103;2234;2240;2873;2589;2435;2221;2067;1969
68;1996;2035;2096;2134;2201;2361;2408;2446;2259;2165;2094;2215;2221;2848;2566;2419;2208;2041
69;2052;1979;2025;2078;2115;2196;2340;2392;2419;2259;2149;2091;2185;2194;2819;2547;2409;2186
70;2183;2036;1956;2001;2065;2096;2186;2333;2382;2408;2238;2115;2061;2152;2172;2795;2520;2382
71;2287;2169;2022;1922;1992;2058;2079;2168;2324;2364;2394;2218;2082;2044;2123;2152;2759;2487
72;2111;2249;2133;2005;1910;1972;2040;2048;2150;2312;2331;2363;2176;2062;2026;2087;2119;2736
73;2036;2084;2223;2102;1976;1900;1959;2010;2041;2128;2294;2299;2329;2143;2022;1992;2059;2070
74;2052;2006;2046;2193;2085;1951;1877;1925;1991;2021;2102;2265;2251;2281;2106;1993;1950;2027
75;1999;2006;1986;2009;2155;2054;1926;1848;1899;1960;1981;2072;2228;2222;2231;2062;1964;1914
76;2085;1963;1977;1945;1978;2106;2009;1906;1825;1856;1926;1948;2036;2187;2190;2177;2025;1930
77;1969;2044;1904;1939;1927;1943;2068;1968;1862;1801;1820;1879;1905;1976;2144;2146;2120;1975
78;1953;1913;1978;1860;1899;1886;1903;1988;1919;1816;1763;1768;1836;1855;1945;2086;2097;2074
79;1879;1887;1854;1901;1820;1853;1829;1857;1917;1870;1763;1701;1719;1801;1808;1894;2034;2039
80;1903;1809;1804;1776;1836;1773;1782;1748;1786;1843;1823;1717;1651;1669;1750;1742;1839;1985
81;1865;1843;1725;1740;1715;1760;1699;1713;1674;1718;1771;1752;1662;1597;1606;1696;1676;1775
82;1057;1773;1737;1653;1657;1637;1679;1637;1631;1625;1647;1692;1660;1587;1535;1534;1627;1614
83;835;1002;1673;1644;1570;1575;1548;1584;1555;1536;1558;1555;1632;1565;1515;1456;1446;1548
84;792;786;932;1575;1541;1488;1485;1447;1488;1463;1442;1459;1459;1551;1475;1447;1366;1369
85;854;733;741;866;1469;1429;1388;1399;1346;1360;1360;1324;1358;1379;1442;1374;1361;1274
86;988;792;657;692;796;1338;1315;1257;1294;1261;1255;1254;1214;1267;1260;1353;1262;1258
87;906;888;715;600;624;734;1176;1187;1143;1159;1144;1126;1137;1114;1161;1169;1226;1147
88;796;821;754;626;547;555;649;1031;1053;1004;1043;1006;1014;1038;1002;1041;1064;1107
89;659;687;701;669;540;474;482;556;917;941;881;920;898;910;924;906;950;957
90;553;576;575;624;575;469;400;406;469;789;813;749;818;790;773;811;789;820
91;453;471;460;483;529;490;388;340;350;392;644;686;641;705;669;670;674;675
92;338;378;384;396;408;437;411;317;277;283;321;539;575;546;554;570;545;582
93;282;268;307;318;339;339;354;321;256;218;235;270;432;480;456;447;463;440
94;190;219;213;241;258;261;254;278;262;218;166;179;212;344;381;358;358;376
95;145;147;165;170;189;206;206;195;216;199;172;120;135;180;261;290;286;294
96;96;106;113;129;114;143;155;149;144;164;165;124;90;101;136;202;224;215
97;69;75;63;85;92;88;94;113;119;107;112;123;88;72;79;111;149;160
98;47;49;48;41;62;59;54;61;80;91;81;70;84;57;53;53;79;101
99;19;27;24;36;30;47;31;36;42;58;61;49;51;54;38;44;38;49
100 e oltre;36;38;40;41;47;46;55;61;66;78;88;86;85;97;88;89;73;70
Totale;166961;167193;166730;166651;166686;166747;166531;166068;165895;165742;165138;164112;162935;162119;161312;160587;159546;158428

"Ricostruzione della popolazione intercensuaria - Popolazione al 1° gennaio per età"
"Cittadinanza straniera - Provincia: Livorno"
Età/Anno;2002;2003;2004;2005;2006;2007;2008;2009;2010;2011;2012;2013;2014;2015;2016;2017;2018;2019
Età;Totale
0;62;84;101;156;166;173;249;284;304;325;329;353;340;343;326;295;298;310
1;58;68;95;112;172;174;177;262;296;328;332;345;357;343;334;308;293;288
2;55;59;92;106;130;183;191;184;273;300;333;341;342;366;332;308;293;283
3;47;58;77;105;119;144;199;203;190;284;297;347;342;330;343;311;322;284
4;55;50;66;86;124;126;160;213;210;204;282;301;340;347;310;317;313;306
5;57;59;63;74;99;133;149;187;227;224;216;296;294;342;333;265;296;311
6;51;66;73;82;86;105;139;157;196;240;236;230;294;286;313;295;263;279
7;49;55;82;85;95;99;128;158;173;214;258;248;234;271;282;286;280;258
8;64;57;71;95;105;103;134;148;167;195;230;275;249;234;253;257;263;275
9;58;73;69;83;111;115;129;146;161;190;215;239;277;242;229;228;241;263
10;45;60;79;87;98;126;148;147;158;178;193;233;230;267;231;205;224;236
11;51;45;75;102;113;116;147;166;165;174;197;208;218;225;255;207;203;225
12;53;54;57;86;120;132;147;161;182;184;190;206;205;204;216;230;193;206
13;46;54;59;75;105;134;152;170;175;206;205;204;223;205;185;191;219;197
14;43;46;63;74;88;117;155;175;186;192;225;215;209;222;190;177;192;223
15;49;42;57;86;88;103;148;177;202;204;213;238;215;217;216;173;178;202
16;39;45;43;73;117;100;134;175;190;225;221;223;242;213;217;201;182;178
17;44;40;52;71;97;135;131;148;187;207;247;240;220;239;206;205;205;190
18;59;45;53;72;97;129;181;171;182;218;216;244;221;215;229;217;233;200
19;51;55;65;66;89;124;184;226;201;225;248;237;247;238;217;283;288;230
20;66;60;78;79;87;98;190;219;269;239;260;273;236;245;243;278;326;307
21;62;63;93;100;102;104;181;239;266;310;266;284;286;235;249;307;332;339
22;82;73;113;141;122;127;197;264;283;298;347;289;300;305;244;301;321;336
23;68;87;145;155;159;134;210;298;335;346;340;371;317;317;309;276;313;334
24;105;81;157;188;188;187;233;301;374;399;378;373;385;340;317;374;312;335
25;97;113;184;236;216;201;279;326;365;451;452;412;406;391;351;358;411;332
26;96;114;210;246;278;252;309;365;394;451;482;472;439;415;414;408;391;398
27;141;110;211;278;286;304;329;378;433;468;485;522;487;457;440;444;445;399
28;162;172;223;286;340;298;422;418;438;511;518;529;543;506;478;464;451;443
29;167;188;295;292;341;373;433;499;470;517;520;563;565;561;505;529;484;476
30;175;187;293;360;338;383;464;526;551;561;551;529;580;543;560;523;553;489
31;187;184;292;378;397;350;442;523;572;607;582;556;555;590;556;572;535;558
32;197;194;252;330;395;398;436;482;553;620;625;586;559;563;578;584;563;541
33;180;197;273;325;345;395;462;490;488;598;636;648;592;563;565;583;572;551
34;213;192;260;314;334;367;429;507;507;544;608;652;655;604;573;574;577;569
35;160;203;248;291;310;351;417;474;502;533;549;614;661;658;601;571;591;580
36;173;162;271;294;314;316;415;472;504;554;534;567;626;676;653;606;563;601
37;177;177;211;310;318;308;375;466;486;521;550;547;582;625;668;621;594;562
38;161;177;229;257;318;323;366;408;479;521;493;567;544;562;624;655;607;596
39;154;170;209;266;275;327;398;414;441;517;519;496;581;539;559;608;617;610
40;145;142;229;238;285;282;410;452;449;476;514;536;514;586;541;529;602;614
41;145;146;183;263;252;287;326;456;454;476;478;512;549;520;577;516;514;597
42;122;139;203;219;273;265;315;347;470;478;478;493;509;544;516;548;515;515
43;109;120;185;243;238;291;290;351;351;488;459;487;509;511;523;503;542;529
44;91;110;147;230;250;250;342;330;364;374;499;474;485;509;513;495;489;538
45;97;92;156;182;234;240;300;359;351;386;386;513;471;480;495;493;488;490
46;107;89;140;173;189;236;282;341;388;381;381;394;516;459;469;484;484;479
47;78;103;129;160;184;207;282;307;360;412;384;387;391;498;463;435;492;491
48;64;78;140;156;170;192;253;322;340;368;419;405;388;383;490;462;426;489
49;89;69;106;162;165;188;239;276;342;369;366;428;392;380;373;460;447;425
50;60;82;87;132;172;174;223;278;301;371;367;382;422;378;368;372;466;460
51;60;59;103;118;139;184;213;251;300;319;375;381;379;425;378;354;364;471
52;59;51;74;130;126;147;216;230;280;317;324;377;378;369;417;364;350;374
53;56;56;62;101;136;130;171;231;240;288;320;328;369;397;354;396;366;341
54;47;49;67;76;108;145;156;190;237;248;289;319;327;374;374;331;381;361
55;47;46;60;100;81;118;164;165;197;255;258;307;321;330;361;367;343;396
56;32;45;53;77;99;94;128;179;179;224;272;264;307;312;319;357;362;352
57;55;34;59;64;83;95;102;133;189;192;214;275;269;293;301;309;352;369
58;50;51;46;76;69;79;110;119;148;199;193;212;281;259;277;290;300;351
59;49;50;60;51;74;75;81;122;136;159;199;192;208;274;254;269;275;300
60;47;47;53;61;52;69;80;87;135;138;159;203;184;210;262;260;261;268
61;51;45;51;62;53;50;66;88;102;150;133;166;207;186;208;253;254;262
62;37;54;51;57;66;50;51;74;86;99;145;133;166;206;180;203;254;253
63;40;42;58;58;60;71;51;50;74;85;98;153;134;162;208;166;205;255
64;27;36;42;60;64;58;73;55;59;73;86;108;149;138;157;194;164;203
65;25;31;39;43;61;61;63;79;63;64;72;95;103;148;128;156;193;168
66;34;29;34;43;44;58;61;70;82;69;70;82;90;102;152;132;159;193
67;37;34;29;36;49;43;62;57;70;85;68;70;84;89;93;152;138;156
68;18;36;35;33;33;49;43;69;58;68;86;65;66;84;91;106;152;143
69;21;20;38;36;34;37;47;51;72;56;69;85;67;64;87;91;106;154
70;21;20;21;40;36;38;38;57;48;73;53;72;74;70;64;87;96;105
71;19;21;19;23;39;39;40;37;55;49;73;50;67;74;73;67;86;101
72;17;19;22;17;26;42;41;41;38;55;50;71;50;66;64;70;70;88
73;16;17;20;17;19;29;42;42;42;47;54;51;70;48;66;64;64;70
74;17;16;16;22;17;19;28;43;42;40;45;51;53;68;43;67;61;60
75;24;18;19;17;24;16;21;28;40;44;39;45;47;53;66;39;65;64
76;17;21;18;18;17;22;19;21;30;35;44;42;42;46;51;65;41;65
77;12;16;18;20;15;16;22;22;19;30;34;43;41;36;45;49;60;39
78;18;13;16;16;23;15;11;21;23;18;31;34;39;37;36;47;49;58
79;12;16;14;19;14;22;14;11;24;25;20;29;32;36;31;34;45;50
80;9;10;17;12;18;14;20;12;12;23;24;18;23;35;37;33;35;43
81;16;10;12;16;14;15;14;19;10;11;22;23;18;24;32;30;34;35
82;6;14;11;11;14;13;13;14;19;13;11;19;21;16;18;28;28;32
83;5;6;16;11;10;15;10;9;11;16;12;9;19;21;17;20;25;30
84;4;3;12;15;9;9;14;11;9;9;14;10;11;20;17;15;18;22
85;2;3;4;12;15;8;8;13;11;11;9;16;9;8;16;15;17;12
86;6;3;2;4;10;13;8;7;13;12;10;7;15;10;8;16;15;16
87;4;6;5;3;3;7;11;9;7;10;12;9;7;13;7;6;16;13
88;4;5;6;6;3;3;6;8;5;6;9;11;9;7;14;6;3;13
89;6;3;2;3;6;3;2;7;8;5;5;8;10;7;5;15;5;3
90;1;6;3;3;4;5;3;1;6;6;5;5;5;10;7;5;12;5
91;0;1;5;2;1;3;4;1;1;5;5;4;4;4;10;6;3;10
92;3;3;2;5;2;2;3;4;1;1;5;5;4;3;4;9;5;2
93;0;2;2;2;5;2;3;3;4;1;2;2;3;5;2;3;9;5
94;0;0;1;1;1;5;2;2;2;4;1;1;2;3;5;2;3;9
95;1;0;0;1;1;1;4;2;0;2;3;1;1;2;3;3;2;1
96;0;1;0;0;1;1;1;3;1;0;1;2;1;1;2;3;3;2
97;0;0;0;0;0;1;1;1;1;0;0;1;1;1;1;2;1;3
98;0;0;0;0;0;0;0;1;1;0;0;0;1;1;1;1;2;1
99;0;0;0;0;0;0;0;0;2;1;0;0;0;1;2;1;1;1
100 e oltre;0;1;1;1;1;1;0;0;0;3;4;4;4;3;1;2;2;3
Totale;5998;6258;8642;10659;11873;12771;15772;18296;20097;22305;23336;24542;25116;25443;25381;25452;25857;26258
Età/Anno;2002;2003;2004;2005;2006;2007;2008;2009;2010;2011;2012;2013;2014;2015;2016;2017;2018;2019
Età;Maschi
0;26;45;57;80;94;89;126;149;164;176;165;174;184;174;161;145;160;161
1;31;32;49;60;87;96;94;135;158;168;181;173;181;189;169;150;144;157
2;26;32;41;55;73;88;108;96;144;162;175;179;173;183;180;158;142;139
3;24;24;44;49;62;81;95;114;103;159;162;179;180;166;178;163;163;139
4;19;24;31;47;58;64;89;98;123;115;156;163;174;183;150;173;168;152
5;38;22;32;34;56;67;74;103;109;131;125;165;156;178;180;128;161;172
6;30;39;30;39;37;57;68;78;103;119;136;132;165;150;170;165;131;153
7;21;31;53;38;49;42;72;81;84;116;133;142;131;149;149;149;154;128
8;36;27;38;62;52;52;59;85;83;97;125;142;139;127;143;139;130;153
9;24;38;30;40;70;52;65;65;96;95;106;125;138;141;119;128;132;124
10;30;27;39;37;40;76;72;77;68;104;94;114;118;131;136;103;125;132
11;24;29;33;53;52;49;93;78;86;77;113;100;103;116;134;121;103;129
12;27;25;39;40;63;61;63;101;91;95;87;119;96;94;113;116;113;106
13;21;25;30;47;51;68;70;73;108;98;110;96;130;99;87;102;117;111
14;21;20;27;39;57;57;78;76;85;121;111;111;103;126;87;81;103;118
15;22;20;25;40;50;63;72;85;98;97;129;115;106;114;121;82;85;107
16;15;19;25;34;57;58;76;93;99;110;101;130;119;104;119;111;90;84
17;23;17;26;45;48;64;67;85;110;105;120;107;129;120;103;116;119;96
18;37;18;28;44;56;67;93;98;109;131;110;114;105;130;119;126;148;123
19;23;30;29;31;50;64;91;118;106;124;132;117;110;121;133;172;179;147
20;23;27;42;30;44;55;93;106;132;110;139;150;107;109;120;189;209;185
21;29;24;50;50;36;48;86;114;132;154;115;144;157;106;115;182;227;211
22;30;26;48;74;55;46;87;128;123;137;167;124;158;160;105;162;191;228
23;21;21;56;76;74;52;80;126;153;151;161;172;136;161;158;143;168;194
24;41;24;57;65;85;83;91;125;158;179;165;169;183;150;164;217;163;180
25;28;41;73;95;79;86;131;134;156;201;204;179;185;184;153;194;224;171
26;30;35;83;101;110;94;140;174;163;181;223;211;182;185;199;201;206;217
27;53;36;90;113;117;113;126;169;210;204;201;238;221;188;184;238;213;211
28;63;59;92;131;139;123;175;173;200;245;220;221;249;224;201;218;238;218
29;66;68;130;125;147;151;191;211;189;244;247;253;235;257;229;239;228;248
30;68;75;118;169;143;173;196;232;248;247;266;256;275;227;258;237;258;235
31;92;71;146;155;186;152;201;229;266;293;256;261;277;282;251;277;236;261
32;83;91;110;159;165;195;203;214;246;291;297;258;268;280;278;277;266;245
33;82;87;136;155;159;175;226;226;231;278;305;305;262;265;279;272;277;254
34;112;97;131;162;161;170;198;251;234;258;288;321;309;277;281;286;264;278
35;76;113;122;157;158;171;195;214;252;242;271;301;332;320;283;292;309;280
36;87;78;152;154;172;161;205;223;231;279;242;281;322;344;328;301;289;318
37;79;96;105;172;168;173;183;230;228;242;277;248;293;324;340;316;290;291
38;74;84;115;126;169;172;196;197;228;240;220;288;254;289;325;339;308;297
39;63;81;104;133;141;173;205;217;210;237;239;228;287;265;290;303;317;308
40;68;60;110;117;145;149;214;228;232;214;234;251;239;286;257;274;301;317
41;79;75;83;127;124;145;164;229;237;239;209;237;259;239;281;243;260;298
42;64;74;102;96;125;131;150;165;221;231;233;205;230;264;241;262;242;260
43;63;60;91;110;106;138;132;158;152;221;207;235;212;218;248;230;252;255
44;53;64;66;108;122;110;150;141;156;152;211;207;230;214;217;231;218;253
45;47;58;78;74;112;112;128;148;145;164;156;218;201;227;218;210;226;221
46;43;43;75;85;80;109;121;143;154;148;158;161;212;192;223;213;211;227
47;31;44;58;79;85;90;127;126;142;156;147;161;154;205;190;203;216;217
48;33;34;64;69;79;90;100;134;129;131;153;151;159;143;200;194;188;215
49;40;35;44;76;72;86;102;104;140;132;126;152;140;152;145;181;185;189
50;25;42;39;49;76;71;96;117;113;140;128;129;149;127;151;149;185;198
51;28;24;43;49;52;79;80;102;114;110;140;132;122;142;126;141;143;189
52;23;24;27;53;51;53;88;79;111;110;110;134;124;117;140;120;134;149
53;21;21;29;38;53;51;58;86;81;107;113;111;129;124;111;124;117;131
54;11;17;22;31;42;54;61;59;82;85;105;106;109;128;117;105;118;121
55;14;11;17;33;36;45;62;62;59;85;88;110;106;107;115;110;106;122
56;11;16;11;23;34;38;48;67;65;69;84;88;110;102;102;111;108;111
57;25;13;19;18;22;34;40;50;64;62;63;79;85;102;91;98;111;107
58;25;23;16;22;22;22;38;41;56;68;60;66;78;77;100;85;97;110
59;21;26;24;20;21;23;24;44;49;56;68;55;64;72;72;100;76;104
60;18;22;30;27;18;21;26;24;45;46;57;67;56;58;70;75;97;76
61;21;18;24;34;25;19;19;32;26;47;42;52;66;54;56;69;74;96
62;18;22;21;27;36;25;18;21;28;28;48;42;50;66;51;53;68;68
63;21;24;24;22;30;40;26;16;20;26;29;49;36;49;68;48;53;70
64;9;19;24;23;23;30;41;29;20;21;27;29;48;37;48;66;50;51
65;13;14;20;21;22;24;31;41;30;21;23;30;26;49;34;50;67;50
66;15;16;16;21;19;19;23;34;43;30;23;25;26;24;47;36;48;63
67;14;14;17;16;24;18;24;20;32;40;29;23;26;24;23;45;43;51
68;7;13;16;19;13;23;17;28;22;31;38;29;23;27;25;29;44;43
69;8;8;13;17;20;16;21;19;33;20;32;37;30;22;28;26;32;45
70;13;8;10;13;18;24;17;25;20;33;20;33;34;31;23;27;24;31
71;7;12;8;11;15;21;26;17;21;20;34;19;28;35;30;26;29;26
72;6;6;13;6;13;15;23;30;17;23;21;33;20;28;29;29;30;28
73;8;4;7;9;7;16;14;23;30;24;22;21;32;20;25;29;25;31
74;9;8;5;9;11;7;16;16;23;30;23;23;23;31;18;24;26;25
75;13;11;10;6;10;9;9;16;15;25;30;23;21;22;31;15;26;26
76;6;13;11;10;6;10;10;10;18;13;24;32;22;22;22;29;17;26
77;6;6;13;11;8;6;10;12;10;18;13;23;29;19;22;21;28;16
78;7;7;7;12;13;7;4;9;13;10;18;13;20;27;18;23;20;28
79;8;8;8;8;10;12;7;4;11;14;11;17;11;18;23;17;23;20
80;6;7;9;6;8;7;11;6;4;11;12;11;15;14;18;25;17;19
81;5;6;9;9;5;8;7;11;6;2;9;11;11;16;12;15;24;17
82;2;3;6;8;7;4;6;7;11;8;3;7;8;9;12;9;14;22
83;1;2;3;5;8;8;3;5;5;9;8;2;7;8;8;14;8;17
84;1;0;4;3;4;7;7;3;5;3;6;6;2;8;8;8;12;6
85;0;1;0;3;3;3;6;7;4;6;3;7;5;2;7;6;9;8
86;0;0;1;0;2;2;3;6;7;4;5;3;5;6;2;7;5;8
87;1;0;1;1;0;2;3;3;6;7;4;5;3;4;4;2;7;4
88;2;1;0;1;1;0;2;3;1;6;7;3;5;3;4;3;0;6
89;0;2;1;0;1;1;0;2;3;1;5;6;3;4;2;5;3;0
90;0;1;2;1;0;1;1;0;3;2;1;5;3;3;4;2;3;3
91;0;0;1;1;0;0;1;0;0;3;1;1;4;3;3;4;1;4
92;0;2;1;1;1;0;0;1;0;0;3;1;1;3;3;3;4;1
93;0;0;1;1;1;1;0;0;1;0;1;1;0;2;2;2;3;4
94;0;0;0;0;1;1;1;0;0;0;0;1;1;0;2;2;2;3
95;0;0;0;0;0;1;0;1;0;0;0;0;1;1;0;2;2;1
96;0;0;0;0;0;0;1;0;0;0;0;0;0;1;1;0;2;2
97;0;0;0;0;0;0;0;1;0;0;0;0;0;0;1;1;0;2
98;0;0;0;0;0;0;0;0;1;0;0;0;0;0;0;1;1;0
99;0;0;0;0;0;0;0;0;0;1;0;0;0;0;0;0;1;1
100 e oltre;0;1;0;0;0;0;0;0;0;1;2;2;2;2;1;1;0;1
Totale;2688;2821;4020;4955;5512;5919;7250;8346;9153;10077;10501;10985;11247;11382;11422;11744;11984;12254
Età/Anno;2002;2003;2004;2005;2006;2007;2008;2009;2010;2011;2012;2013;2014;2015;2016;2017;2018;2019
Età;Femmine
0;36;39;44;76;72;84;123;135;140;149;164;179;156;169;165;150;138;149
1;27;36;46;52;85;78;83;127;138;160;151;172;176;154;165;158;149;131
2;29;27;51;51;57;95;83;88;129;138;158;162;169;183;152;150;151;144
3;23;34;33;56;57;63;104;89;87;125;135;168;162;164;165;148;159;145
4;36;26;35;39;66;62;71;115;87;89;126;138;166;164;160;144;145;154
5;19;37;31;40;43;66;75;84;118;93;91;131;138;164;153;137;135;139
6;21;27;43;43;49;48;71;79;93;121;100;98;129;136;143;130;132;126
7;28;24;29;47;46;57;56;77;89;98;125;106;103;122;133;137;126;130
8;28;30;33;33;53;51;75;63;84;98;105;133;110;107;110;118;133;122
9;34;35;39;43;41;63;64;81;65;95;109;114;139;101;110;100;109;139
10;15;33;40;50;58;50;76;70;90;74;99;119;112;136;95;102;99;104
11;27;16;42;49;61;67;54;88;79;97;84;108;115;109;121;86;100;96
12;26;29;18;46;57;71;84;60;91;89;103;87;109;110;103;114;80;100
13;25;29;29;28;54;66;82;97;67;108;95;108;93;106;98;89;102;86
14;22;26;36;35;31;60;77;99;101;71;114;104;106;96;103;96;89;105
15;27;22;32;46;38;40;76;92;104;107;84;123;109;103;95;91;93;95
16;24;26;18;39;60;42;58;82;91;115;120;93;123;109;98;90;92;94
17;21;23;26;26;49;71;64;63;77;102;127;133;91;119;103;89;86;94
18;22;27;25;28;41;62;88;73;73;87;106;130;116;85;110;91;85;77
19;28;25;36;35;39;60;93;108;95;101;116;120;137;117;84;111;109;83
20;43;33;36;49;43;43;97;113;137;129;121;123;129;136;123;89;117;122
21;33;39;43;50;66;56;95;125;134;156;151;140;129;129;134;125;105;128
22;52;47;65;67;67;81;110;136;160;161;180;165;142;145;139;139;130;108
23;47;66;89;79;85;82;130;172;182;195;179;199;181;156;151;133;145;140
24;64;57;100;123;103;104;142;176;216;220;213;204;202;190;153;157;149;155
25;69;72;111;141;137;115;148;192;209;250;248;233;221;207;198;164;187;161
26;66;79;127;145;168;158;169;191;231;270;259;261;257;230;215;207;185;181
27;88;74;121;165;169;191;203;209;223;264;284;284;266;269;256;206;232;188
28;99;113;131;155;201;175;247;245;238;266;298;308;294;282;277;246;213;225
29;101;120;165;167;194;222;242;288;281;273;273;310;330;304;276;290;256;228
30;107;112;175;191;195;210;268;294;303;314;285;273;305;316;302;286;295;254
31;95;113;146;223;211;198;241;294;306;314;326;295;278;308;305;295;299;297
32;114;103;142;171;230;203;233;268;307;329;328;328;291;283;300;307;297;296
33;98;110;137;170;186;220;236;264;257;320;331;343;330;298;286;311;295;297
34;101;95;129;152;173;197;231;256;273;286;320;331;346;327;292;288;313;291
35;84;90;126;134;152;180;222;260;250;291;278;313;329;338;318;279;282;300
36;86;84;119;140;142;155;210;249;273;275;292;286;304;332;325;305;274;283
37;98;81;106;138;150;135;192;236;258;279;273;299;289;301;328;305;304;271
38;87;93;114;131;149;151;170;211;251;281;273;279;290;273;299;316;299;299
39;91;89;105;133;134;154;193;197;231;280;280;268;294;274;269;305;300;302
40;77;82;119;121;140;133;196;224;217;262;280;285;275;300;284;255;301;297
41;66;71;100;136;128;142;162;227;217;237;269;275;290;281;296;273;254;299
42;58;65;101;123;148;134;165;182;249;247;245;288;279;280;275;286;273;255
43;46;60;94;133;132;153;158;193;199;267;252;252;297;293;275;273;290;274
44;38;46;81;122;128;140;192;189;208;222;288;267;255;295;296;264;271;285
45;50;34;78;108;122;128;172;211;206;222;230;295;270;253;277;283;262;269
46;64;46;65;88;109;127;161;198;234;233;223;233;304;267;246;271;273;252
47;47;59;71;81;99;117;155;181;218;256;237;226;237;293;273;232;276;274
48;31;44;76;87;91;102;153;188;211;237;266;254;229;240;290;268;238;274
49;49;34;62;86;93;102;137;172;202;237;240;276;252;228;228;279;262;236
50;35;40;48;83;96;103;127;161;188;231;239;253;273;251;217;223;281;262
51;32;35;60;69;87;105;133;149;186;209;235;249;257;283;252;213;221;282
52;36;27;47;77;75;94;128;151;169;207;214;243;254;252;277;244;216;225
53;35;35;33;63;83;79;113;145;159;181;207;217;240;273;243;272;249;210
54;36;32;45;45;66;91;95;131;155;163;184;213;218;246;257;226;263;240
55;33;35;43;67;45;73;102;103;138;170;170;197;215;223;246;257;237;274
56;21;29;42;54;65;56;80;112;114;155;188;176;197;210;217;246;254;241
57;30;21;40;46;61;61;62;83;125;130;151;196;184;191;210;211;241;262
58;25;28;30;54;47;57;72;78;92;131;133;146;203;182;177;205;203;241
59;28;24;36;31;53;52;57;78;87;103;131;137;144;202;182;169;199;196
60;29;25;23;34;34;48;54;63;90;92;102;136;128;152;192;185;164;192
61;30;27;27;28;28;31;47;56;76;103;91;114;141;132;152;184;180;166
62;19;32;30;30;30;25;33;53;58;71;97;91;116;140;129;150;186;185
63;19;18;34;36;30;31;25;34;54;59;69;104;98;113;140;118;152;185
64;18;17;18;37;41;28;32;26;39;52;59;79;101;101;109;128;114;152
65;12;17;19;22;39;37;32;38;33;43;49;65;77;99;94;106;126;118
66;19;13;18;22;25;39;38;36;39;39;47;57;64;78;105;96;111;130
67;23;20;12;20;25;25;38;37;38;45;39;47;58;65;70;107;95;105
68;11;23;19;14;20;26;26;41;36;37;48;36;43;57;66;77;108;100
69;13;12;25;19;14;21;26;32;39;36;37;48;37;42;59;65;74;109
70;8;12;11;27;18;14;21;32;28;40;33;39;40;39;41;60;72;74
71;12;9;11;12;24;18;14;20;34;29;39;31;39;39;43;41;57;75
72;11;13;9;11;13;27;18;11;21;32;29;38;30;38;35;41;40;60
73;8;13;13;8;12;13;28;19;12;23;32;30;38;28;41;35;39;39
74;8;8;11;13;6;12;12;27;19;10;22;28;30;37;25;43;35;35
75;11;7;9;11;14;7;12;12;25;19;9;22;26;31;35;24;39;38
76;11;8;7;8;11;12;9;11;12;22;20;10;20;24;29;36;24;39
77;6;10;5;9;7;10;12;10;9;12;21;20;12;17;23;28;32;23
78;11;6;9;4;10;8;7;12;10;8;13;21;19;10;18;24;29;30
79;4;8;6;11;4;10;7;7;13;11;9;12;21;18;8;17;22;30
80;3;3;8;6;10;7;9;6;8;12;12;7;8;21;19;8;18;24
81;11;4;3;7;9;7;7;8;4;9;13;12;7;8;20;15;10;18
82;4;11;5;3;7;9;7;7;8;5;8;12;13;7;6;19;14;10
83;4;4;13;6;2;7;7;4;6;7;4;7;12;13;9;6;17;13
84;3;3;8;12;5;2;7;8;4;6;8;4;9;12;9;7;6;16
85;2;2;4;9;12;5;2;6;7;5;6;9;4;6;9;9;8;4
86;6;3;1;4;8;11;5;1;6;8;5;4;10;4;6;9;10;8
87;3;6;4;2;3;5;8;6;1;3;8;4;4;9;3;4;9;9
88;2;4;6;5;2;3;4;5;4;0;2;8;4;4;10;3;3;7
89;6;1;1;3;5;2;2;5;5;4;0;2;7;3;3;10;2;3
90;1;5;1;2;4;4;2;1;3;4;4;0;2;7;3;3;9;2
91;0;1;4;1;1;3;3;1;1;2;4;3;0;1;7;2;2;6
92;3;1;1;4;1;2;3;3;1;1;2;4;3;0;1;6;1;1
93;0;2;1;1;4;1;3;3;3;1;1;1;3;3;0;1;6;1
94;0;0;1;1;0;4;1;2;2;4;1;0;1;3;3;0;1;6
95;1;0;0;1;1;0;4;1;0;2;3;1;0;1;3;1;0;0
96;0;1;0;0;1;1;0;3;1;0;1;2;1;0;1;3;1;0
97;0;0;0;0;0;1;1;0;1;0;0;1;1;1;0;1;1;1
98;0;0;0;0;0;0;0;1;0;0;0;0;1;1;1;0;1;1
99;0;0;0;0;0;0;0;0;2;0;0;0;0;1;2;1;0;0
100 e oltre;0;0;1;1;1;1;0;0;0;2;2;2;2;1;0;1;2;2
Totale;3310;3437;4622;5704;6361;6852;8522;9950;10944;12228;12835;13557;13869;14061;13959;13708;13873;14004
