"Popolazione per età, vista per singola area - Provincia: Mantova"

"Ricostruzione della popolazione intercensuaria - Popolazione al 1° gennaio per età"
"Tutte le cittadinanze - Provincia: Mantova"
Età/Anno;2002;2003;2004;2005;2006;2007;2008;2009;2010;2011;2012;2013;2014;2015;2016;2017;2018;2019
Età;Totale
0;3166;3272;3216;3628;3597;3762;3987;4011;4072;4098;3892;3684;3600;3466;3219;3140;3007;2949
1;3168;3229;3351;3285;3660;3640;3825;4045;4019;4037;4073;3918;3704;3546;3456;3228;3151;3033
2;3247;3253;3313;3397;3372;3674;3756;3936;4061;4034;4009;4106;3899;3694;3509;3448;3258;3190
3;3133;3324;3303;3368;3422;3427;3720;3811;3954;4039;3996;4026;4130;3902;3659;3475;3452;3302
4;2970;3201;3385;3391;3404;3452;3481;3749;3848;3941;4019;3979;4027;4117;3856;3651;3466;3469
5;3005;3038;3257;3385;3437;3499;3548;3525;3787;3840;3958;4006;3977;3982;4087;3831;3626;3497
6;2843;3076;3093;3312;3458;3506;3555;3596;3560;3795;3839;3945;4016;3974;3942;4041;3816;3650
7;3034;2880;3118;3119;3368;3522;3587;3596;3621;3542;3789;3813;3926;4003;3925;3932;4018;3817
8;3022;3089;2928;3148;3150;3410;3600;3618;3617;3610;3550;3805;3814;3898;3992;3890;3918;3990
9;3015;3076;3126;2971;3203;3230;3484;3648;3656;3627;3619;3568;3777;3804;3869;3948;3889;3934
10;2934;3061;3099;3170;3020;3252;3304;3563;3683;3680;3649;3627;3555;3768;3780;3829;3915;3893
11;3016;2980;3116;3149;3232;3077;3320;3381;3603;3701;3708;3650;3628;3555;3759;3773;3830;3899
12;2910;3064;3023;3163;3198;3293;3138;3394;3446;3608;3726;3707;3630;3620;3534;3734;3755;3871
13;3031;2939;3103;3072;3211;3252;3354;3185;3442;3466;3648;3741;3715;3613;3594;3518;3737;3757
14;2903;3078;2964;3154;3115;3261;3299;3408;3248;3467;3483;3692;3741;3703;3598;3583;3525;3743
15;3035;2923;3086;2997;3179;3162;3294;3363;3455;3269;3499;3490;3675;3740;3696;3585;3573;3549
16;3068;3069;2939;3139;3048;3217;3241;3379;3418;3456;3310;3509;3486;3683;3728;3699;3580;3582
17;3145;3092;3092;2984;3183;3100;3295;3297;3449;3460;3493;3319;3524;3487;3647;3737;3702;3600
18;3170;3185;3142;3178;3042;3269;3191;3390;3371;3503;3491;3522;3331;3514;3503;3674;3754;3716
19;3183;3197;3236;3185;3246;3125;3362;3311;3482;3420;3546;3509;3532;3343;3498;3543;3715;3825
20;3551;3196;3250;3309;3220;3281;3255;3504;3370;3544;3465;3600;3537;3534;3345;3547;3589;3801
21;3797;3626;3334;3353;3347;3301;3479;3429;3615;3442;3610;3524;3618;3547;3517;3384;3578;3648
22;3961;3872;3769;3448;3446;3420;3504;3677;3530;3712;3559;3708;3598;3660;3563;3581;3446;3672
23;4472;4032;4038;3945;3512;3577;3636;3761;3756;3625;3838;3661;3771;3637;3690;3620;3636;3554
24;4866;4573;4211;4183;4045;3648;3824;3890;3887;3894;3747;3974;3702;3833;3625;3757;3673;3762
25;5054;4978;4797;4405;4288;4174;3894;4046;3973;4024;4002;3895;4057;3776;3825;3691;3805;3780
26;5564;5150;5184;5014;4514;4409;4380;4169;4113;4109;4166;4135;3987;4145;3805;3896;3741;3906
27;5807;5671;5453;5389;5181;4691;4664;4606;4270;4248;4221;4289;4206;4033;4137;3854;3965;3807
28;5973;5957;5939;5727;5561;5339;4907;4918;4703;4428;4403;4351;4346;4233;4068;4179;3881;4063
29;6087;6114;6123;6201;5874;5665;5569;5104;5012;4784;4536;4471;4380;4368;4229;4137;4203;3925
30;6059;6239;6380;6398;6319;6026;5871;5775;5141;5080;4909;4657;4497;4392;4327;4237;4199;4289
31;6060;6137;6442;6553;6510;6386;6207;6075;5842;5182;5143;5019;4688;4524;4437;4350;4245;4239
32;6169;6103;6266;6533;6580;6553;6491;6269;6089;5848;5151;5223;5049;4719;4529;4485;4373;4291
33;6197;6226;6204;6369;6573;6594;6675;6547;6243;6078;5764;5246;5310;5064;4703;4541;4531;4406
34;6167;6274;6364;6312;6396;6580;6671;6750;6505;6240;6044;5827;5301;5320;5006;4724;4567;4533
35;6219;6213;6386;6436;6337;6445;6703;6746;6712;6529;6210;6109;5883;5337;5319;5037;4704;4594
36;6393;6278;6366;6546;6491;6420;6583;6823;6791;6764;6546;6236;6151;5864;5320;5329;5061;4765
37;6367;6458;6395;6456;6577;6565;6581;6692;6840;6849;6807;6587;6269;6164;5841;5319;5329;5050
38;6027;6421;6539;6493;6503;6649;6675;6704;6726;6869;6906;6822;6582;6224;6136;5836;5339;5397
39;5861;6094;6519;6641;6548;6540;6760;6778;6707;6767;6886;6913;6825;6576;6203;6118;5863;5418
40;6015;5915;6183;6626;6647;6579;6675;6867;6788;6754;6799;6909;6903;6822;6553;6203;6123;5889
41;5671;6032;6011;6258;6662;6724;6642;6791;6903;6831;6748;6840;6925;6922;6792;6546;6177;6137
42;5442;5694;6097;6029;6259;6691;6767;6695;6784;6923;6859;6755;6814;6894;6897;6761;6512;6211
43;5131;5455;5749;6140;6009;6277;6748;6799;6732;6749;6900;6893;6759;6804;6824;6883;6744;6512
44;5209;5145;5512;5787;6138;6044;6347;6813;6801;6726;6744;6927;6885;6725;6758;6806;6856;6743
45;5129;5240;5238;5576;5792;6164;6109;6360;6794;6848;6732;6757;6902;6853;6656;6776;6786;6855
46;5043;5166;5297;5265;5583;5807;6220;6169;6354;6809;6840;6728;6737;6874;6814;6633;6768;6784
47;5114;5048;5196;5340;5256;5614;5825;6231;6197;6334;6790;6858;6705;6700;6856;6786;6620;6742
48;4762;5129;5097;5279;5362;5271;5665;5858;6223;6200;6307;6792;6829;6686;6664;6813;6755;6606
49;4929;4783;5171;5159;5266;5399;5301;5680;5846;6226;6169;6304;6802;6810;6645;6660;6772;6731
50;4856;4925;4831;5194;5170;5264;5424;5336;5680;5839;6223;6175;6300;6768;6760;6603;6664;6780
51;5129;4856;4946;4866;5199;5199;5286;5461;5333;5707;5837;6202;6137;6287;6718;6745;6576;6672
52;5252;5115;4883;4974;4873;5193;5216;5319;5446;5322;5680;5823;6195;6101;6276;6699;6716;6561
53;5468;5248;5124;4895;4962;4862;5192;5226;5321;5429;5312;5665;5806;6185;6094;6253;6674;6697
54;5721;5454;5255;5141;4901;4976;4853;5201;5222;5335;5448;5317;5636;5784;6151;6067;6239;6662
55;5775;5709;5471;5265;5129;4879;4977;4851;5198;5217;5339;5431;5313;5638;5761;6136;6041;6211
56;3721;5762;5708;5465;5251;5087;4875;4988;4842;5205;5207;5345;5418;5291;5618;5751;6101;6008
57;4339;3744;5767;5715;5455;5251;5062;4857;4952;4835;5187;5193;5325;5377;5249;5593;5746;6091
58;4380;4327;3735;5756;5704;5479;5244;5059;4828;4948;4811;5179;5179;5299;5344;5218;5570;5727
59;4447;4353;4319;3721;5732;5692;5478;5273;5058;4809;4915;4812;5161;5146;5252;5313;5194;5573
60;4562;4440;4339;4297;3714;5704;5675;5479;5240;5020;4787;4898;4803;5124;5112;5237;5298;5190
61;5046;4532;4422;4322;4286;3690;5687;5644;5449;5212;5012;4775;4878;4777;5088;5094;5191;5276
62;4932;5037;4530;4389;4299;4266;3676;5681;5613;5418;5187;4967;4746;4859;4748;5059;5053;5191
63;5058;4901;5007;4505;4374;4269;4249;3664;5667;5611;5394;5138;4943;4719;4837;4739;5048;5029
64;4537;5036;4882;4966;4487;4337;4247;4237;3653;5639;5569;5349;5093;4919;4685;4808;4701;5021
65;4266;4523;4994;4842;4937;4459;4289;4230;4213;3618;5595;5497;5294;5028;4883;4654;4766;4663
66;4725;4246;4492;4971;4778;4886;4419;4267;4198;4197;3599;5554;5448;5238;4980;4866;4624;4741
67;4499;4674;4235;4469;4905;4735;4847;4373;4239;4173;4171;3562;5494;5405;5199;4938;4835;4603
68;4275;4459;4617;4178;4429;4872;4694;4815;4311;4181;4144;4122;3513;5403;5354;5134;4896;4790
69;4168;4220;4403;4573;4111;4372;4827;4657;4774;4261;4137;4107;4065;3481;5342;5281;5120;4846
70;4299;4108;4169;4349;4499;4048;4350;4778;4604;4720;4215;4081;4044;4025;3424;5277;5220;5057
71;4274;4255;4042;4104;4296;4439;3996;4293;4694;4548;4667;4148;4025;3978;3978;3392;5203;5155
72;3901;4175;4189;3959;4020;4202;4373;3917;4212;4615;4498;4571;4100;3940;3906;3911;3342;5142
73;3960;3831;4070;4119;3896;3949;4137;4300;3848;4150;4530;4430;4508;4044;3871;3845;3869;3297
74;3869;3878;3739;3970;4017;3812;3866;4070;4182;3755;4071;4442;4348;4439;3968;3816;3769;3806
75;3808;3746;3774;3646;3871;3939;3703;3766;3982;4102;3688;3988;4346;4257;4362;3879;3721;3700
76;3770;3720;3643;3690;3563;3755;3836;3622;3648;3896;4005;3605;3903;4267;4159;4263;3789;3640
77;3501;3668;3601;3529;3552;3449;3665;3734;3505;3546;3796;3877;3510;3814;4150;4050;4166;3684
78;3459;3360;3545;3470;3393;3458;3320;3538;3606;3385;3434;3680;3749;3401;3697;4020;3937;4057
79;3318;3305;3246;3401;3324;3273;3334;3212;3397;3476;3271;3320;3571;3630;3298;3596;3900;3809
80;3104;3168;3124;3101;3257;3183;3150;3195;3035;3244;3318;3148;3196;3450;3473;3190;3445;3774
81;3073;2954;3013;2952;2978;3107;3064;2970;3037;2872;3083;3149;3003;3062;3291;3330;3045;3316
82;1733;2875;2801;2878;2769;2790;2952;2884;2818;2868;2708;2951;2999;2866;2898;3124;3158;2898
83;1117;1620;2663;2645;2702;2577;2617;2742;2706;2667;2714;2545;2778;2862;2704;2730;2948;2993
84;1057;1040;1501;2450;2482;2504;2413;2431;2523;2521;2472;2542;2397;2589;2670;2541;2569;2765
85;1361;969;950;1386;2230;2311;2308;2246;2253;2316;2332;2301;2334;2222;2395;2463;2360;2357
86;1655;1228;868;876;1276;2017;2079;2110;2078;2060;2124;2140;2136;2167;2016;2198;2250;2164
87;1470;1499;1093;798;779;1133;1816;1860;1917;1910;1872;1906;1961;1928;1965;1851;2022;2040
88;1305;1281;1284;973;721;698;1011;1593;1650;1669;1710;1679;1711;1762;1716;1769;1664;1842
89;1204;1096;1059;1119;835;642;623;865;1425;1470;1447;1515;1446;1523;1564;1506;1553;1472
90;941;1003;898;894;945;727;574;543;738;1235;1286;1258;1304;1259;1313;1372;1306;1344
91;732;795;807;753;756;798;616;472;459;633;1060;1084;1071;1132;1069;1118;1141;1095
92;533;570;649;669;602;646;660;514;395;378;524;861;914;905;915;906;917;950
93;425;418;441;516;529;464;511;538;423;323;291;443;701;745;729;769;743;737
94;256;338;300;354;395;427;372;395;430;347;258;235;351;548;576;608;607;592
95;203;188;247;228;256;310;304;299;315;346;263;206;175;279;413;447;477;480
96;129;144;130;178;171;194;231;232;225;237;258;190;158;130;213;322;339;350
97;105;92;99;83;137;122;138;171;167;173;187;184;149;129;97;173;231;244
98;52;66;52;66;59;103;79;106;135;126;123;129;131;101;91;76;127;175
99;44;44;42;44;45;38;78;50;81;95;91;92;89;90;58;73;57;87
100 e oltre;54;64;70;77;67;68;77;99;102;121;138;138;144;146;139;117;118;121
Totale;377962;380304;384469;389146;391459;394618;400439;405895;407866;409789;411086;412575;412704;411971;409504;408668;407574;407851
Età/Anno;2002;2003;2004;2005;2006;2007;2008;2009;2010;2011;2012;2013;2014;2015;2016;2017;2018;2019
Età;Maschi
0;1645;1670;1674;1807;1874;1970;2080;2085;2057;2146;1983;1935;1867;1790;1705;1601;1556;1515
1;1675;1663;1722;1718;1819;1879;1995;2093;2097;2039;2149;1980;1947;1838;1772;1714;1599;1573
2;1689;1728;1730;1750;1773;1816;1940;2047;2098;2101;2010;2166;1977;1956;1823;1763;1725;1614
3;1662;1740;1753;1757;1767;1799;1846;1966;2044;2092;2086;2029;2169;1981;1931;1792;1775;1749
4;1574;1693;1771;1796;1770;1776;1834;1870;1998;2039;2091;2078;2027;2168;1964;1919;1788;1789
5;1527;1606;1718;1778;1822;1822;1818;1854;1897;1986;2047;2079;2074;1993;2154;1961;1905;1799
6;1449;1565;1640;1727;1812;1852;1851;1858;1850;1909;1978;2035;2085;2068;1987;2134;1967;1917
7;1590;1478;1591;1648;1761;1840;1874;1875;1874;1851;1903;1976;2036;2074;2054;1973;2111;1978
8;1545;1621;1509;1611;1664;1788;1881;1900;1882;1866;1863;1898;1985;2028;2061;2025;1978;2104
9;1534;1581;1645;1525;1642;1712;1830;1914;1927;1891;1887;1863;1888;1981;2020;2037;2026;1999
10;1527;1562;1595;1664;1558;1679;1742;1872;1936;1945;1902;1902;1859;1884;1980;1994;2017;2042
11;1540;1544;1600;1622;1711;1581;1717;1776;1888;1943;1950;1904;1918;1854;1873;1972;2006;1998
12;1479;1564;1574;1628;1647;1736;1620;1756;1815;1889;1958;1948;1903;1919;1843;1867;1949;2026
13;1548;1492;1593;1597;1664;1680;1774;1643;1779;1821;1908;1965;1948;1894;1902;1844;1866;1953
14;1507;1570;1507;1621;1624;1702;1700;1811;1676;1798;1824;1929;1958;1938;1880;1900;1850;1861
15;1584;1526;1571;1523;1639;1647;1716;1749;1831;1684;1830;1825;1919;1960;1948;1876;1897;1860
16;1565;1609;1534;1611;1553;1657;1682;1771;1781;1833;1711;1833;1824;1931;1956;1960;1873;1908
17;1630;1574;1621;1550;1623;1579;1699;1721;1818;1810;1852;1727;1841;1835;1915;1956;1963;1890
18;1671;1651;1590;1667;1577;1675;1632;1747;1760;1845;1833;1869;1738;1827;1855;1937;1976;1972
19;1626;1662;1677;1596;1701;1605;1731;1680;1784;1780;1865;1832;1865;1744;1820;1884;1972;2030
20;1793;1630;1682;1709;1604;1704;1647;1799;1700;1805;1798;1885;1837;1869;1744;1864;1910;2017
21;1902;1824;1700;1745;1716;1633;1794;1741;1828;1734;1839;1813;1881;1824;1853;1761;1875;1957
22;2002;1922;1915;1756;1784;1737;1731;1901;1784;1876;1803;1881;1833;1888;1828;1905;1789;1935
23;2330;2039;2014;2013;1763;1835;1828;1845;1924;1846;1923;1860;1889;1846;1905;1854;1928;1844
24;2474;2377;2149;2110;2047;1806;1963;1968;1902;1994;1905;2018;1861;1924;1831;1952;1882;1971
25;2552;2536;2488;2237;2130;2086;1925;2083;1978;1981;2045;1972;2055;1896;1921;1874;1965;1942
26;2787;2597;2641;2592;2274;2171;2201;2068;2085;2052;2037;2114;2006;2102;1894;1973;1908;2010
27;3028;2851;2784;2760;2662;2367;2296;2285;2125;2177;2136;2115;2130;2041;2088;1922;2028;1968
28;3054;3091;3008;2939;2823;2728;2456;2432;2299;2188;2257;2212;2143;2151;2056;2134;1950;2090
29;3181;3125;3189;3185;3037;2855;2839;2553;2473;2340;2268;2293;2222;2180;2162;2116;2148;2008
30;3073;3282;3282;3349;3250;3134;2969;2959;2570;2489;2446;2368;2313;2221;2159;2162;2157;2184
31;3167;3118;3416;3395;3408;3286;3237;3093;3002;2580;2532;2537;2402;2341;2248;2177;2170;2174
32;3225;3215;3222;3481;3416;3432;3349;3291;3093;3015;2601;2575;2560;2398;2345;2277;2184;2207
33;3209;3262;3276;3284;3509;3431;3522;3373;3264;3108;2977;2654;2630;2582;2391;2349;2291;2219
34;3195;3220;3334;3317;3281;3470;3447;3524;3325;3224;3060;3007;2685;2646;2555;2423;2347;2298
35;3255;3219;3287;3392;3340;3296;3536;3450;3456;3331;3189;3129;3046;2699;2630;2591;2415;2377
36;3361;3285;3305;3368;3410;3378;3347;3605;3485;3476;3350;3211;3163;3046;2705;2635;2595;2437
37;3321;3407;3344;3350;3376;3434;3463;3394;3599;3499;3489;3391;3242;3161;3034;2707;2637;2583
38;3073;3354;3447;3410;3370;3409;3504;3526;3385;3588;3540;3500;3377;3222;3151;3033;2709;2682
39;2980;3121;3403;3508;3469;3396;3472;3558;3515;3397;3585;3540;3503;3371;3192;3153;3034;2747
40;3105;3022;3168;3454;3507;3468;3471;3529;3547;3517;3407;3595;3537;3501;3348;3196;3139;3048
41;2893;3104;3057;3212;3469;3550;3490;3528;3551;3562;3510;3411;3599;3545;3478;3358;3181;3160
42;2800;2919;3131;3057;3206;3468;3556;3523;3516;3537;3571;3505;3389;3581;3533;3456;3342;3216
43;2578;2801;2939;3148;3046;3210;3479;3568;3520;3484;3514;3588;3506;3377;3554;3509;3466;3339
44;2680;2592;2819;2956;3146;3054;3242;3510;3568;3488;3457;3531;3562;3488;3358;3534;3510;3474
45;2630;2694;2638;2853;2950;3154;3080;3260;3506;3573;3489;3455;3506;3544;3439;3359;3517;3509
46;2497;2653;2699;2645;2837;2955;3179;3108;3247;3491;3566;3477;3435;3490;3523;3430;3355;3510
47;2571;2502;2658;2727;2642;2842;2976;3190;3114;3222;3477;3589;3462;3416;3476;3513;3424;3350
48;2382;2583;2513;2696;2737;2664;2856;2981;3179;3096;3205;3473;3570;3442;3401;3456;3491;3420
49;2411;2390;2592;2531;2685;2748;2674;2856;2972;3154;3073;3211;3484;3548;3424;3400;3426;3479
50;2418;2409;2406;2598;2532;2673;2745;2669;2836;2944;3154;3084;3191;3454;3516;3387;3391;3442
51;2528;2420;2409;2409;2591;2548;2682;2765;2664;2830;2930;3148;3053;3180;3421;3509;3370;3392
52;2647;2523;2423;2404;2402;2583;2544;2679;2752;2636;2810;2923;3142;3037;3173;3403;3487;3363
53;2738;2634;2513;2420;2403;2393;2574;2542;2669;2725;2616;2808;2903;3129;3029;3153;3391;3488
54;2839;2728;2627;2517;2418;2420;2386;2570;2533;2668;2726;2615;2798;2889;3109;3014;3134;3381
55;2942;2839;2717;2624;2509;2408;2416;2376;2558;2522;2666;2700;2597;2802;2873;3095;3004;3110
56;1814;2931;2831;2706;2614;2490;2400;2411;2364;2551;2506;2658;2681;2579;2783;2858;3073;2983
57;2136;1819;2927;2827;2696;2601;2477;2385;2389;2352;2538;2496;2647;2660;2544;2759;2846;3075
58;2092;2125;1805;2917;2820;2706;2601;2475;2363;2375;2334;2528;2494;2624;2635;2521;2734;2829
59;2169;2065;2114;1792;2895;2805;2692;2608;2478;2346;2355;2329;2512;2468;2591;2616;2500;2740
60;2174;2156;2051;2097;1797;2871;2800;2686;2590;2442;2332;2338;2311;2491;2452;2577;2605;2509
61;2445;2158;2139;2034;2092;1779;2868;2768;2661;2567;2429;2322;2317;2298;2473;2448;2557;2595
62;2332;2436;2140;2108;2019;2068;1776;2864;2741;2650;2548;2398;2299;2309;2272;2455;2412;2547
63;2410;2307;2422;2118;2098;2002;2052;1764;2845;2732;2627;2517;2385;2277;2300;2269;2448;2394
64;2157;2390;2283;2396;2107;2079;1978;2034;1748;2828;2705;2602;2480;2373;2257;2281;2250;2435
65;2047;2134;2355;2252;2376;2096;2054;1960;2017;1721;2788;2659;2568;2449;2343;2240;2258;2228
66;2216;2035;2110;2332;2215;2337;2068;2036;1933;2003;1704;2757;2629;2531;2414;2331;2224;2232
67;2108;2183;2024;2085;2293;2175;2307;2038;2007;1919;1982;1681;2718;2597;2492;2385;2319;2202
68;1983;2086;2139;1996;2054;2264;2150;2280;1994;1978;1892;1951;1636;2660;2566;2449;2364;2297
69;1842;1945;2050;2112;1956;2022;2234;2129;2257;1959;1952;1865;1910;1613;2624;2517;2431;2334
70;1888;1807;1909;2012;2060;1912;2002;2201;2096;2224;1924;1920;1824;1884;1588;2578;2481;2390
71;1841;1863;1769;1856;1981;2018;1883;1960;2144;2059;2194;1884;1887;1784;1859;1571;2524;2440
72;1716;1779;1818;1709;1799;1928;1975;1818;1910;2085;2033;2130;1848;1834;1733;1819;1541;2478
73;1699;1667;1720;1770;1662;1751;1881;1935;1771;1874;2027;1999;2083;1808;1792;1686;1792;1517
74;1564;1637;1606;1654;1704;1612;1692;1824;1869;1716;1828;1975;1959;2039;1767;1758;1641;1746
75;1533;1482;1575;1547;1604;1663;1555;1623;1765;1813;1662;1778;1926;1904;1989;1717;1699;1602
76;1503;1486;1422;1507;1501;1533;1592;1499;1549;1708;1749;1604;1743;1874;1849;1935;1665;1654
77;1346;1437;1410;1364;1415;1436;1482;1540;1430;1489;1649;1676;1538;1692;1807;1787;1880;1599
78;1263;1265;1358;1343;1289;1353;1360;1402;1479;1366;1426;1587;1603;1477;1623;1729;1733;1822
79;1193;1174;1201;1287;1260;1232;1283;1296;1325;1407;1303;1350;1529;1539;1412;1566;1659;1664
80;1091;1108;1081;1128;1207;1173;1170;1209;1203;1238;1316;1237;1289;1469;1460;1348;1481;1579
81;1075;989;1008;979;1068;1129;1120;1071;1118;1109;1157;1226;1165;1222;1388;1373;1260;1419
82;546;956;917;938;869;972;1060;1029;981;1030;1016;1082;1146;1102;1143;1288;1287;1181
83;363;503;844;833;852;768;880;936;930;899;958;926;995;1078;1031;1060;1187;1210
84;342;329;446;759;768;761;701;792;840;829;793;877;856;911;985;953;982;1091
85;407;311;288;394;678;692;676;657;712;756;754;716;791;770;826;889;865;884
86;459;355;261;244;348;610;594;603;607;633;678;678;649;702;680;746;808;768
87;453;402;300;223;210;291;537;520;537;564;553;586;598;568;610;606;673;701
88;403;374;349;252;198;181;256;460;447;472;495;477;501;514;484;529;527;591
89;323;322;294;301;207;165;155;214;394;390;402;421;388;427;442;412;449;446
90;219;269;258;229;237;173;141;132;165;337;336;341;348;314;353;372;353;363
91;186;182;214;206;198;195;138;113;103;133;283;275;276;289;254;285;298;282
92;131;126;139;166;160;148;156;119;89;85;104;219;217;229;218;211;222;235
93;87;101;91;98;120;111;111;118;84;67;67;84;166;171;173;168;165;164
94;47;59;69;67;64;98;87;78;83;64;53;53;63;127;122;143;136;114
95;39;29;40;48;38;46;72;67;62;64;40;42;37;47;87;97;111;99
96;23;24;24;29;37;25;30;52;49;46;47;32;34;31;36;60;66;72
97;19;13;17;14;21;26;17;19;38;35;36;27;24;27;27;28;40;43
98;2;12;9;9;7;12;13;13;13;27;27;22;13;17;17;19;20;33
99;7;4;6;8;7;1;9;6;12;5;20;18;17;6;9;11;11;13
100 e oltre;6;9;11;7;7;9;6;11;15;15;12;23;20;20;19;14;13;17
Totale;182887;184231;186654;189100;190358;191840;194929;197845;198523;199379;200215;201327;201460;201299;200319;200207;199939;200525
Età/Anno;2002;2003;2004;2005;2006;2007;2008;2009;2010;2011;2012;2013;2014;2015;2016;2017;2018;2019
Età;Femmine
0;1521;1602;1542;1821;1723;1792;1907;1926;2015;1952;1909;1749;1733;1676;1514;1539;1451;1434
1;1493;1566;1629;1567;1841;1761;1830;1952;1922;1998;1924;1938;1757;1708;1684;1514;1552;1460
2;1558;1525;1583;1647;1599;1858;1816;1889;1963;1933;1999;1940;1922;1738;1686;1685;1533;1576
3;1471;1584;1550;1611;1655;1628;1874;1845;1910;1947;1910;1997;1961;1921;1728;1683;1677;1553
4;1396;1508;1614;1595;1634;1676;1647;1879;1850;1902;1928;1901;2000;1949;1892;1732;1678;1680
5;1478;1432;1539;1607;1615;1677;1730;1671;1890;1854;1911;1927;1903;1989;1933;1870;1721;1698
6;1394;1511;1453;1585;1646;1654;1704;1738;1710;1886;1861;1910;1931;1906;1955;1907;1849;1733
7;1444;1402;1527;1471;1607;1682;1713;1721;1747;1691;1886;1837;1890;1929;1871;1959;1907;1839
8;1477;1468;1419;1537;1486;1622;1719;1718;1735;1744;1687;1907;1829;1870;1931;1865;1940;1886
9;1481;1495;1481;1446;1561;1518;1654;1734;1729;1736;1732;1705;1889;1823;1849;1911;1863;1935
10;1407;1499;1504;1506;1462;1573;1562;1691;1747;1735;1747;1725;1696;1884;1800;1835;1898;1851
11;1476;1436;1516;1527;1521;1496;1603;1605;1715;1758;1758;1746;1710;1701;1886;1801;1824;1901
12;1431;1500;1449;1535;1551;1557;1518;1638;1631;1719;1768;1759;1727;1701;1691;1867;1806;1845
13;1483;1447;1510;1475;1547;1572;1580;1542;1663;1645;1740;1776;1767;1719;1692;1674;1871;1804
14;1396;1508;1457;1533;1491;1559;1599;1597;1572;1669;1659;1763;1783;1765;1718;1683;1675;1882
15;1451;1397;1515;1474;1540;1515;1578;1614;1624;1585;1669;1665;1756;1780;1748;1709;1676;1689
16;1503;1460;1405;1528;1495;1560;1559;1608;1637;1623;1599;1676;1662;1752;1772;1739;1707;1674
17;1515;1518;1471;1434;1560;1521;1596;1576;1631;1650;1641;1592;1683;1652;1732;1781;1739;1710
18;1499;1534;1552;1511;1465;1594;1559;1643;1611;1658;1658;1653;1593;1687;1648;1737;1778;1744
19;1557;1535;1559;1589;1545;1520;1631;1631;1698;1640;1681;1677;1667;1599;1678;1659;1743;1795
20;1758;1566;1568;1600;1616;1577;1608;1705;1670;1739;1667;1715;1700;1665;1601;1683;1679;1784
21;1895;1802;1634;1608;1631;1668;1685;1688;1787;1708;1771;1711;1737;1723;1664;1623;1703;1691
22;1959;1950;1854;1692;1662;1683;1773;1776;1746;1836;1756;1827;1765;1772;1735;1676;1657;1737
23;2142;1993;2024;1932;1749;1742;1808;1916;1832;1779;1915;1801;1882;1791;1785;1766;1708;1710
24;2392;2196;2062;2073;1998;1842;1861;1922;1985;1900;1842;1956;1841;1909;1794;1805;1791;1791
25;2502;2442;2309;2168;2158;2088;1969;1963;1995;2043;1957;1923;2002;1880;1904;1817;1840;1838
26;2777;2553;2543;2422;2240;2238;2179;2101;2028;2057;2129;2021;1981;2043;1911;1923;1833;1896
27;2779;2820;2669;2629;2519;2324;2368;2321;2145;2071;2085;2174;2076;1992;2049;1932;1937;1839
28;2919;2866;2931;2788;2738;2611;2451;2486;2404;2240;2146;2139;2203;2082;2012;2045;1931;1973
29;2906;2989;2934;3016;2837;2810;2730;2551;2539;2444;2268;2178;2158;2188;2067;2021;2055;1917
30;2986;2957;3098;3049;3069;2892;2902;2816;2571;2591;2463;2289;2184;2171;2168;2075;2042;2105
31;2893;3019;3026;3158;3102;3100;2970;2982;2840;2602;2611;2482;2286;2183;2189;2173;2075;2065
32;2944;2888;3044;3052;3164;3121;3142;2978;2996;2833;2550;2648;2489;2321;2184;2208;2189;2084
33;2988;2964;2928;3085;3064;3163;3153;3174;2979;2970;2787;2592;2680;2482;2312;2192;2240;2187
34;2972;3054;3030;2995;3115;3110;3224;3226;3180;3016;2984;2820;2616;2674;2451;2301;2220;2235
35;2964;2994;3099;3044;2997;3149;3167;3296;3256;3198;3021;2980;2837;2638;2689;2446;2289;2217
36;3032;2993;3061;3178;3081;3042;3236;3218;3306;3288;3196;3025;2988;2818;2615;2694;2466;2328
37;3046;3051;3051;3106;3201;3131;3118;3298;3241;3350;3318;3196;3027;3003;2807;2612;2692;2467
38;2954;3067;3092;3083;3133;3240;3171;3178;3341;3281;3366;3322;3205;3002;2985;2803;2630;2715
39;2881;2973;3116;3133;3079;3144;3288;3220;3192;3370;3301;3373;3322;3205;3011;2965;2829;2671
40;2910;2893;3015;3172;3140;3111;3204;3338;3241;3237;3392;3314;3366;3321;3205;3007;2984;2841
41;2778;2928;2954;3046;3193;3174;3152;3263;3352;3269;3238;3429;3326;3377;3314;3188;2996;2977
42;2642;2775;2966;2972;3053;3223;3211;3172;3268;3386;3288;3250;3425;3313;3364;3305;3170;2995
43;2553;2654;2810;2992;2963;3067;3269;3231;3212;3265;3386;3305;3253;3427;3270;3374;3278;3173
44;2529;2553;2693;2831;2992;2990;3105;3303;3233;3238;3287;3396;3323;3237;3400;3272;3346;3269
45;2499;2546;2600;2723;2842;3010;3029;3100;3288;3275;3243;3302;3396;3309;3217;3417;3269;3346
46;2546;2513;2598;2620;2746;2852;3041;3061;3107;3318;3274;3251;3302;3384;3291;3203;3413;3274
47;2543;2546;2538;2613;2614;2772;2849;3041;3083;3112;3313;3269;3243;3284;3380;3273;3196;3392
48;2380;2546;2584;2583;2625;2607;2809;2877;3044;3104;3102;3319;3259;3244;3263;3357;3264;3186
49;2518;2393;2579;2628;2581;2651;2627;2824;2874;3072;3096;3093;3318;3262;3221;3260;3346;3252
50;2438;2516;2425;2596;2638;2591;2679;2667;2844;2895;3069;3091;3109;3314;3244;3216;3273;3338
51;2601;2436;2537;2457;2608;2651;2604;2696;2669;2877;2907;3054;3084;3107;3297;3236;3206;3280
52;2605;2592;2460;2570;2471;2610;2672;2640;2694;2686;2870;2900;3053;3064;3103;3296;3229;3198
53;2730;2614;2611;2475;2559;2469;2618;2684;2652;2704;2696;2857;2903;3056;3065;3100;3283;3209
54;2882;2726;2628;2624;2483;2556;2467;2631;2689;2667;2722;2702;2838;2895;3042;3053;3105;3281
55;2833;2870;2754;2641;2620;2471;2561;2475;2640;2695;2673;2731;2716;2836;2888;3041;3037;3101
56;1907;2831;2877;2759;2637;2597;2475;2577;2478;2654;2701;2687;2737;2712;2835;2893;3028;3025
57;2203;1925;2840;2888;2759;2650;2585;2472;2563;2483;2649;2697;2678;2717;2705;2834;2900;3016
58;2288;2202;1930;2839;2884;2773;2643;2584;2465;2573;2477;2651;2685;2675;2709;2697;2836;2898
59;2278;2288;2205;1929;2837;2887;2786;2665;2580;2463;2560;2483;2649;2678;2661;2697;2694;2833
60;2388;2284;2288;2200;1917;2833;2875;2793;2650;2578;2455;2560;2492;2633;2660;2660;2693;2681
61;2601;2374;2283;2288;2194;1911;2819;2876;2788;2645;2583;2453;2561;2479;2615;2646;2634;2681
62;2600;2601;2390;2281;2280;2198;1900;2817;2872;2768;2639;2569;2447;2550;2476;2604;2641;2644
63;2648;2594;2585;2387;2276;2267;2197;1900;2822;2879;2767;2621;2558;2442;2537;2470;2600;2635
64;2380;2646;2599;2570;2380;2258;2269;2203;1905;2811;2864;2747;2613;2546;2428;2527;2451;2586
65;2219;2389;2639;2590;2561;2363;2235;2270;2196;1897;2807;2838;2726;2579;2540;2414;2508;2435
66;2509;2211;2382;2639;2563;2549;2351;2231;2265;2194;1895;2797;2819;2707;2566;2535;2400;2509
67;2391;2491;2211;2384;2612;2560;2540;2335;2232;2254;2189;1881;2776;2808;2707;2553;2516;2401
68;2292;2373;2478;2182;2375;2608;2544;2535;2317;2203;2252;2171;1877;2743;2788;2685;2532;2493
69;2326;2275;2353;2461;2155;2350;2593;2528;2517;2302;2185;2242;2155;1868;2718;2764;2689;2512
70;2411;2301;2260;2337;2439;2136;2348;2577;2508;2496;2291;2161;2220;2141;1836;2699;2739;2667
71;2433;2392;2273;2248;2315;2421;2113;2333;2550;2489;2473;2264;2138;2194;2119;1821;2679;2715
72;2185;2396;2371;2250;2221;2274;2398;2099;2302;2530;2465;2441;2252;2106;2173;2092;1801;2664
73;2261;2164;2350;2349;2234;2198;2256;2365;2077;2276;2503;2431;2425;2236;2079;2159;2077;1780
74;2305;2241;2133;2316;2313;2200;2174;2246;2313;2039;2243;2467;2389;2400;2201;2058;2128;2060
75;2275;2264;2199;2099;2267;2276;2148;2143;2217;2289;2026;2210;2420;2353;2373;2162;2022;2098
76;2267;2234;2221;2183;2062;2222;2244;2123;2099;2188;2256;2001;2160;2393;2310;2328;2124;1986
77;2155;2231;2191;2165;2137;2013;2183;2194;2075;2057;2147;2201;1972;2122;2343;2263;2286;2085
78;2196;2095;2187;2127;2104;2105;1960;2136;2127;2019;2008;2093;2146;1924;2074;2291;2204;2235
79;2125;2131;2045;2114;2064;2041;2051;1916;2072;2069;1968;1970;2042;2091;1886;2030;2241;2145
80;2013;2060;2043;1973;2050;2010;1980;1986;1832;2006;2002;1911;1907;1981;2013;1842;1964;2195
81;1998;1965;2005;1973;1910;1978;1944;1899;1919;1763;1926;1923;1838;1840;1903;1957;1785;1897
82;1187;1919;1884;1940;1900;1818;1892;1855;1837;1838;1692;1869;1853;1764;1755;1836;1871;1717
83;754;1117;1819;1812;1850;1809;1737;1806;1776;1768;1756;1619;1783;1784;1673;1670;1761;1783
84;715;711;1055;1691;1714;1743;1712;1639;1683;1692;1679;1665;1541;1678;1685;1588;1587;1674
85;954;658;662;992;1552;1619;1632;1589;1541;1560;1578;1585;1543;1452;1569;1574;1495;1473
86;1196;873;607;632;928;1407;1485;1507;1471;1427;1446;1462;1487;1465;1336;1452;1442;1396
87;1017;1097;793;575;569;842;1279;1340;1380;1346;1319;1320;1363;1360;1355;1245;1349;1339
88;902;907;935;721;523;517;755;1133;1203;1197;1215;1202;1210;1248;1232;1240;1137;1251
89;881;774;765;818;628;477;468;651;1031;1080;1045;1094;1058;1096;1122;1094;1104;1026
90;722;734;640;665;708;554;433;411;573;898;950;917;956;945;960;1000;953;981
91;546;613;593;547;558;603;478;359;356;500;777;809;795;843;815;833;843;813
92;402;444;510;503;442;498;504;395;306;293;420;642;697;676;697;695;695;715
93;338;317;350;418;409;353;400;420;339;256;224;359;535;574;556;601;578;573
94;209;279;231;287;331;329;285;317;347;283;205;182;288;421;454;465;471;478
95;164;159;207;180;218;264;232;232;253;282;223;164;138;232;326;350;366;381
96;106;120;106;149;134;169;201;180;176;191;211;158;124;99;177;262;273;278
97;86;79;82;69;116;96;121;152;129;138;151;157;125;102;70;145;191;201
98;50;54;43;57;52;91;66;93;122;99;96;107;118;84;74;57;107;142
99;37;40;36;36;38;37;69;44;69;90;71;74;72;84;49;62;46;74
100 e oltre;48;55;59;70;60;59;71;88;87;106;126;115;124;126;120;103;105;104
Totale;195075;196073;197815;200046;201101;202778;205510;208050;209343;210410;210871;211248;211244;210672;209185;208461;207635;207326

"Ricostruzione della popolazione intercensuaria - Popolazione al 1° gennaio per età"
"Cittadinanza italiana - Provincia: Mantova"
Età/Anno;2002;2003;2004;2005;2006;2007;2008;2009;2010;2011;2012;2013;2014;2015;2016;2017;2018;2019
Età;Totale
0;2758;2763;2719;2845;2857;2901;2933;2902;2917;2949;2766;2594;2545;2502;2366;2320;2224;2151
1;2815;2783;2816;2763;2872;2884;2939;2984;2913;2917;2930;2771;2655;2554;2551;2455;2376;2288
2;2878;2857;2819;2841;2800;2885;2943;2991;3006;2944;2927;2950;2808;2711;2601;2611;2530;2433
3;2807;2908;2873;2855;2854;2821;2914;2966;2987;3019;2936;2937;3008;2863;2780;2676;2657;2561
4;2696;2839;2953;2924;2866;2877;2839;2921;2984;2997;3034;2930;2993;3073;2923;2872;2712;2719
5;2771;2727;2872;2947;2922;2899;2919;2866;2939;2994;3003;3031;3000;3027;3148;3025;2898;2748
6;2592;2806;2765;2909;2993;2965;2918;2936;2892;2966;3001;3013;3117;3073;3091;3239;3074;2933
7;2771;2613;2828;2767;2934;3033;3005;2930;2949;2900;2970;3002;3091;3194;3125;3193;3275;3097
8;2800;2791;2637;2845;2781;2952;3070;3009;2936;2953;2911;3017;3072;3162;3275;3207;3243;3298
9;2811;2816;2805;2670;2870;2816;2964;3084;3022;2952;2950;2924;3085;3144;3230;3350;3248;3273
10;2735;2822;2818;2814;2695;2899;2839;3000;3101;3028;2960;2972;3001;3149;3182;3285;3365;3270
11;2838;2753;2849;2829;2850;2714;2926;2855;3014;3105;3039;2983;3037;3047;3208;3246;3303;3357
12;2732;2845;2765;2850;2851;2884;2736;2947;2868;3027;3109;3059;3051;3093;3083;3246;3255;3316
13;2829;2752;2865;2768;2865;2861;2900;2740;2967;2884;3042;3120;3121;3088;3121;3105;3263;3255
14;2734;2848;2758;2878;2774;2886;2873;2904;2773;2981;2891;3068;3172;3145;3137;3165;3116;3260
15;2869;2740;2845;2752;2892;2776;2878;2900;2910;2783;2982;2903;3103;3214;3169;3159;3164;3121
16;2896;2873;2747;2855;2768;2887;2792;2888;2916;2900;2785;2988;2946;3127;3228;3202;3157;3152
17;2978;2905;2874;2748;2862;2771;2910;2798;2905;2925;2908;2790;3013;2987;3142;3259;3213;3162
18;2992;2995;2913;2891;2767;2884;2789;2927;2819;2932;2945;2967;2871;3079;3067;3232;3319;3291
19;3015;3005;3014;2929;2920;2787;2897;2804;2951;2823;2951;2960;2977;2894;3062;3086;3265;3346
20;3350;3031;3010;3045;2942;2926;2802;2923;2806;2953;2822;2956;2981;2967;2878;3054;3094;3246
21;3565;3398;3062;3039;3055;2967;2975;2828;2934;2812;2958;2819;2955;2983;2970;2883;3060;3079
22;3705;3603;3432;3089;3086;3065;3011;3001;2819;2931;2817;2960;2851;2964;2995;3013;2901;3075
23;4154;3743;3645;3483;3126;3134;3085;3080;2992;2831;2946;2827;2978;2858;3000;3026;3045;2909
24;4518;4197;3776;3676;3505;3173;3198;3127;3088;2994;2861;2979;2826;3004;2880;3038;3057;3097
25;4701;4558;4222;3847;3707;3553;3230;3247;3142;3106;3011;2884;2987;2850;3017;2923;3052;3081
26;5174;4730;4564;4252;3870;3760;3574;3291;3238;3161;3142;3029;2924;3035;2867;3044;2931;3068
27;5367;5190;4788;4588;4310;3921;3810;3587;3294;3242;3173;3165;3044;2925;3058;2887;3056;2961
28;5550;5379;5229;4832;4633;4350;3941;3861;3597;3309;3290;3186;3188;3066;2962;3089;2918;3093
29;5607;5555;5340;5266;4866;4628;4371;3946;3881;3644;3331;3288;3193;3203;3075;3013;3098;2934
30;5584;5619;5579;5371;5272;4883;4663;4379;3900;3894;3705;3360;3294;3178;3183;3075;3045;3139
31;5556;5583;5630;5615;5368;5291;4889;4722;4401;3921;3904;3736;3371;3293;3221;3201;3081;3056
32;5658;5514;5549;5596;5565;5365;5254;4871;4720;4413;3884;3915;3762;3371;3318;3259;3209;3123
33;5662;5654;5491;5555;5611;5541;5378;5275;4883;4754;4420;3937;3931;3772;3369;3359;3292;3247
34;5647;5658;5657;5500;5551;5602;5565;5431;5242;4870;4760;4462;3986;3953;3774;3413;3388;3305
35;5770;5657;5675;5631;5524;5580;5658;5607;5455;5274;4907;4772;4505;4012;3970;3817;3427;3421
36;5932;5781;5701;5738;5668;5558;5641;5710;5663;5501;5318;4914;4799;4522;4051;4005;3846;3463
37;5917;5951;5790;5691;5749;5679;5612;5666;5734;5705;5541;5324;4953;4838;4547;4114;4031;3849
38;5639;5936;5935;5791;5689;5744;5694;5653;5683;5745;5753;5544;5354;4970;4878;4607;4159;4092
39;5492;5644;5924;5936;5810;5681;5747;5696;5648;5706;5770;5757;5566;5388;5018;4942;4668;4223
40;5684;5490;5631;5926;5930;5814;5688;5752;5701;5684;5730;5786;5795;5618;5404;5070;4979;4728
41;5371;5671;5487;5616;5929;5950;5819;5738;5773;5737;5700;5769;5825;5848;5657;5476;5100;4999
42;5175;5377;5666;5474;5632;5963;5950;5832;5772;5804;5798;5707;5814;5846;5890;5698;5487;5126
43;4876;5198;5398;5676;5494;5653;6009;5992;5889;5787;5847;5824;5752;5846;5849;5950;5734;5481
44;4998;4883;5214;5382;5692;5511;5694;6038;6036;5928;5815;5890;5882;5772;5900;5878;5958;5735
45;4946;5015;4907;5229;5389;5694;5536;5691;6046;6068;5950;5824;5932;5904;5799;5955;5876;5976
46;4904;4971;5015;4905;5242;5378;5695;5566;5692;6059;6072;5963;5825;5959;5926;5820;5968;5888
47;4962;4902;4958;5020;4906;5229;5366;5691;5593;5698;6062;6087;5992;5854;5986;5952;5825;5950
48;4664;4970;4901;4989;5034;4908;5252;5368;5689;5583;5702;6072;6113;6022;5868;6003;5951;5809
49;4835;4664;4979;4920;4975;5055;4908;5245;5367;5674;5562;5711;6106;6129;6041;5898;6003;5927
50;4781;4829;4679;4979;4931;4976;5045;4920;5235;5358;5679;5575;5729;6120;6133;6029;5906;6010
51;5047;4773;4817;4677;4980;4937;4979;5068;4919;5232;5356;5673;5566;5743;6116;6154;6019;5913
52;5188;5030;4768;4813;4676;4973;4925;4980;5067;4899;5222;5353;5689;5556;5771;6136;6141;6006
53;5415;5182;5017;4765;4806;4655;4959;4908;4979;5055;4894;5208;5363;5697;5581;5777;6135;6128
54;5665;5393;5162;5002;4766;4806;4641;4944;4901;4984;5057;4893;5197;5344;5684;5586;5767;6113
55;5731;5643;5384;5144;4992;4744;4795;4626;4935;4890;4967;5041;4889;5216;5340;5689;5570;5734
56;3678;5709;5624;5363;5136;4958;4734;4785;4611;4928;4877;4963;5035;4884;5218;5332;5670;5552
57;4310;3691;5699;5616;5357;5126;4931;4710;4747;4597;4904;4848;4947;5024;4860;5207;5326;5673
58;4343;4284;3671;5686;5605;5371;5113;4912;4675;4740;4574;4892;4836;4931;4992;4843;5187;5307
59;4405;4313;4270;3649;5659;5592;5359;5111;4908;4641;4711;4564;4874;4816;4913;4974;4813;5179
60;4537;4387;4294;4240;3635;5632;5574;5339;5075;4860;4618;4693;4553;4847;4795;4898;4962;4803
61;5006;4503;4362;4270;4233;3617;5614;5536;5309;5047;4840;4605;4666;4533;4822;4787;4869;4938
62;4902;4992;4489;4328;4245;4212;3605;5594;5496;5282;5016;4801;4575;4650;4506;4795;4760;4858
63;5023;4864;4959;4458;4311;4215;4189;3578;5575;5484;5253;4965;4773;4541;4627;4496;4779;4750
64;4507;4996;4845;4908;4439;4276;4190;4168;3551;5546;5447;5209;4919;4740;4512;4584;4469;4747
65;4242;4486;4948;4798;4878;4414;4231;4163;4132;3517;5497;5378;5154;4862;4700;4485;4551;4434
66;4685;4218;4445;4923;4738;4829;4372;4198;4132;4107;3491;5448;5321;5099;4815;4681;4457;4513
67;4484;4634;4197;4413;4858;4693;4787;4315;4149;4102;4077;3454;5388;5277;5050;4777;4647;4425
68;4262;4442;4578;4135;4382;4826;4649;4740;4248;4096;4071;4030;3407;5300;5221;4985;4732;4600
69;4155;4203;4387;4532;4063;4327;4775;4595;4686;4204;4048;4030;3979;3378;5241;5159;4972;4681
70;4293;4092;4150;4331;4460;3998;4302;4708;4538;4638;4156;3993;3962;3937;3319;5172;5102;4913
71;4260;4244;4027;4089;4278;4399;3945;4238;4630;4477;4585;4093;3938;3896;3891;3282;5098;5030
72;3883;4156;4179;3941;4006;4185;4327;3862;4158;4551;4424;4489;4042;3857;3832;3826;3242;5031
73;3944;3817;4049;4106;3876;3934;4115;4242;3793;4092;4467;4354;4426;3986;3785;3767;3776;3190
74;3859;3860;3724;3950;4006;3793;3854;4039;4123;3704;4013;4376;4270;4368;3909;3729;3689;3714
75;3803;3736;3756;3630;3852;3931;3684;3752;3950;4045;3635;3930;4282;4175;4287;3824;3640;3615
76;3759;3714;3634;3671;3547;3734;3829;3597;3635;3862;3948;3550;3848;4204;4079;4186;3739;3563
77;3497;3654;3594;3518;3536;3434;3646;3725;3479;3531;3759;3821;3459;3761;4089;3977;4091;3634
78;3452;3355;3527;3463;3384;3441;3307;3511;3595;3361;3419;3643;3696;3354;3648;3963;3872;3986
79;3309;3294;3240;3383;3317;3264;3322;3200;3364;3462;3245;3303;3532;3577;3255;3544;3846;3745
80;3097;3158;3117;3094;3243;3175;3142;3181;3026;3210;3302;3122;3179;3408;3426;3146;3401;3719
81;3070;2950;3001;2942;2969;3091;3056;2961;3022;2860;3051;3134;2978;3044;3253;3284;3006;3274
82;1729;2873;2794;2864;2759;2784;2937;2876;2811;2857;2697;2916;2983;2841;2881;3089;3116;2860
83;1115;1616;2659;2640;2689;2568;2612;2731;2701;2661;2702;2535;2749;2843;2682;2717;2914;2953
84;1056;1037;1498;2446;2476;2491;2404;2426;2515;2515;2467;2530;2387;2563;2653;2523;2555;2733
85;1360;967;945;1381;2227;2305;2297;2237;2249;2310;2326;2296;2322;2213;2372;2447;2341;2346
86;1654;1225;866;873;1272;2013;2075;2102;2070;2057;2118;2134;2133;2158;2010;2179;2237;2143
87;1470;1498;1089;796;777;1130;1810;1857;1909;1902;1869;1899;1955;1924;1959;1847;2005;2028
88;1304;1281;1284;964;718;696;1009;1588;1648;1662;1703;1676;1705;1758;1712;1765;1661;1825
89;1204;1095;1059;1117;826;639;621;862;1421;1469;1441;1508;1443;1518;1560;1503;1547;1468
90;941;1002;897;893;943;721;572;540;736;1234;1285;1252;1299;1255;1310;1368;1304;1340
91;732;795;806;753;755;797;612;471;457;631;1059;1083;1069;1128;1065;1115;1138;1093
92;533;570;649;667;602;646;659;513;394;377;523;860;913;903;911;902;914;947
93;425;417;441;516;528;464;511;537;422;323;290;443;701;744;728;765;740;734
94;256;338;300;354;395;426;372;395;429;347;258;234;351;548;576;606;603;590
95;203;188;247;228;256;310;303;298;315;345;263;206;174;279;413;446;475;477
96;129;144;130;177;171;194;231;232;224;237;257;190;158;129;213;322;338;349
97;105;92;99;83;136;122;138;171;167;172;187;183;149;129;97;173;231;243
98;52;65;52;66;59;102;79;106;135;126;122;129;131;101;91;76;127;175
99;44;44;41;44;45;38;77;50;81;95;91;91;89;90;58;73;57;87
100 e oltre;54;64;70;76;67;68;77;98;102;121;138;138;143;145;138;117;118;121
Totale;362238;361876;361209;361113;360988;361010;361391;361462;360876;360570;359990;359160;359476;359470;358939;359502;358551;357401
Età/Anno;2002;2003;2004;2005;2006;2007;2008;2009;2010;2011;2012;2013;2014;2015;2016;2017;2018;2019
Età;Maschi
0;1440;1405;1394;1393;1491;1521;1529;1526;1457;1543;1400;1354;1314;1290;1265;1148;1133;1122
1;1491;1444;1434;1424;1404;1499;1535;1544;1537;1458;1542;1397;1396;1324;1301;1306;1170;1171
2;1510;1524;1475;1451;1457;1412;1532;1560;1546;1552;1455;1545;1421;1434;1354;1334;1337;1195
3;1472;1531;1531;1493;1467;1469;1426;1536;1557;1551;1544;1465;1574;1441;1468;1381;1358;1356
4;1420;1483;1550;1562;1493;1475;1492;1432;1550;1560;1568;1543;1497;1613;1481;1513;1408;1399
5;1409;1433;1499;1552;1563;1508;1495;1506;1448;1557;1565;1568;1570;1509;1653;1547;1525;1429
6;1312;1425;1450;1506;1572;1578;1515;1508;1506;1470;1565;1571;1613;1595;1551;1708;1575;1549
7;1449;1327;1432;1445;1521;1584;1592;1520;1514;1513;1473;1572;1618;1652;1627;1604;1724;1589
8;1412;1455;1345;1443;1454;1533;1604;1599;1528;1517;1520;1487;1615;1652;1693;1661;1634;1737
9;1427;1428;1461;1360;1462;1472;1546;1617;1611;1536;1525;1529;1516;1650;1694;1729;1684;1661
10;1420;1431;1429;1460;1380;1478;1478;1567;1631;1615;1542;1551;1577;1552;1668;1720;1732;1700
11;1447;1425;1449;1437;1484;1393;1486;1488;1574;1629;1617;1558;1589;1603;1580;1701;1726;1719
12;1379;1444;1436;1445;1452;1498;1404;1501;1498;1582;1634;1628;1595;1618;1616;1603;1694;1737
13;1445;1390;1460;1434;1459;1457;1513;1402;1504;1504;1585;1640;1657;1612;1636;1635;1612;1696
14;1411;1454;1395;1467;1439;1476;1465;1520;1420;1516;1506;1597;1668;1668;1638;1667;1634;1604
15;1494;1424;1447;1391;1474;1435;1477;1489;1526;1418;1526;1519;1616;1688;1679;1651;1664;1635
16;1457;1496;1425;1460;1398;1476;1438;1486;1494;1521;1421;1533;1544;1633;1694;1708;1643;1660
17;1542;1460;1500;1420;1460;1401;1486;1445;1501;1497;1532;1433;1551;1569;1645;1705;1706;1650
18;1559;1547;1465;1507;1432;1461;1406;1494;1460;1521;1514;1563;1473;1584;1621;1692;1744;1745
19;1543;1551;1558;1461;1523;1444;1481;1418;1506;1468;1540;1531;1561;1485;1582;1625;1715;1754
20;1697;1550;1554;1568;1467;1520;1446;1499;1415;1507;1466;1540;1543;1560;1470;1574;1625;1707
21;1787;1726;1560;1570;1578;1484;1556;1464;1502;1415;1510;1463;1536;1539;1559;1467;1576;1631
22;1882;1804;1748;1565;1602;1584;1515;1572;1464;1498;1424;1513;1474;1536;1549;1598;1481;1591
23;2179;1900;1819;1780;1587;1635;1592;1540;1568;1479;1496;1434;1514;1480;1562;1558;1611;1491
24;2296;2199;1919;1846;1798;1611;1692;1620;1544;1572;1492;1519;1428;1528;1483;1586;1573;1628
25;2394;2334;2198;1956;1855;1821;1641;1705;1624;1553;1578;1504;1528;1448;1543;1507;1591;1588
26;2617;2420;2333;2214;1970;1877;1839;1676;1695;1636;1567;1583;1518;1550;1450;1562;1517;1601
27;2795;2641;2462;2351;2240;2011;1897;1829;1683;1698;1638;1579;1580;1522;1560;1466;1580;1545
28;2847;2806;2666;2504;2379;2248;2026;1935;1820;1682;1736;1657;1586;1593;1538;1594;1480;1605
29;2918;2856;2785;2721;2545;2374;2261;2032;1939;1837;1705;1735;1662;1607;1605;1571;1600;1509
30;2830;2956;2879;2810;2734;2574;2390;2272;2002;1939;1881;1729;1748;1651;1602;1613;1590;1614
31;2886;2846;2973;2908;2811;2759;2578;2419;2292;2003;1949;1903;1733;1750;1668;1618;1609;1593
32;2914;2887;2858;2974;2893;2829;2761;2574;2406;2297;2002;1944;1909;1724;1765;1684;1606;1624
33;2895;2905;2876;2859;2984;2898;2848;2759;2573;2423;2282;2009;1942;1918;1716;1786;1682;1615
34;2882;2868;2897;2869;2843;2944;2891;2840;2719;2530;2386;2290;2026;1947;1929;1750;1783;1689
35;2964;2868;2851;2873;2863;2840;2961;2871;2801;2715;2505;2396;2305;2028;1945;1960;1752;1798
36;3062;2955;2885;2879;2869;2879;2850;2983;2902;2818;2729;2500;2397;2324;2058;1966;1963;1755
37;3044;3065;2952;2872;2873;2872;2910;2850;2986;2901;2829;2738;2517;2407;2338;2099;1972;1955
38;2844;3043;3039;2957;2865;2875;2881;2922;2839;2985;2921;2831;2735;2534;2444;2380;2118;1995
39;2744;2835;3024;3029;2983;2863;2873;2879;2911;2838;2990;2918;2836;2746;2557;2491;2410;2132
40;2887;2741;2817;3009;3020;2973;2864;2871;2886;2934;2853;2998;2943;2864;2748;2599;2517;2426
41;2704;2863;2730;2810;3000;3024;2966;2884;2885;2923;2954;2856;3023;2970;2876;2802;2624;2529
42;2616;2713;2855;2715;2814;3011;3024;2974;2916;2917;2971;2957;2883;3039;3003;2905;2816;2652
43;2426;2625;2729;2866;2743;2832;3041;3055;3010;2939;2963;2991;2989;2899;3052;3029;2937;2805
44;2538;2431;2632;2724;2881;2756;2861;3061;3100;3040;2965;3001;3024;3001;2934;3072;3039;2937
45;2505;2546;2448;2639;2729;2883;2771;2861;3070;3133;3072;2972;3027;3040;3005;2957;3070;3048
46;2405;2523;2542;2449;2639;2721;2882;2783;2870;3077;3147;3079;2975;3051;3054;3021;2954;3071
47;2476;2407;2517;2544;2454;2623;2721;2879;2797;2879;3086;3169;3094;3002;3072;3077;3027;2950
48;2324;2481;2402;2532;2552;2464;2631;2720;2879;2800;2881;3097;3194;3113;3018;3083;3068;3012
49;2359;2320;2484;2405;2526;2559;2465;2630;2724;2868;2790;2894;3134;3201;3134;3036;3076;3053
50;2369;2356;2333;2484;2407;2523;2552;2464;2607;2713;2876;2804;2904;3149;3207;3119;3022;3086
51;2479;2365;2353;2336;2479;2413;2531;2572;2460;2600;2708;2879;2795;2919;3150;3225;3114;3025
52;2613;2473;2363;2345;2327;2479;2404;2521;2571;2446;2599;2714;2894;2784;2942;3162;3212;3102
53;2712;2598;2466;2362;2344;2319;2475;2392;2515;2564;2443;2598;2723;2899;2802;2945;3159;3208
54;2808;2700;2585;2463;2361;2348;2306;2471;2386;2526;2566;2438;2600;2713;2897;2811;2936;3143
55;2928;2804;2684;2582;2462;2348;2341;2294;2458;2376;2516;2547;2431;2621;2712;2901;2808;2917
56;1793;2913;2792;2668;2575;2447;2341;2329;2281;2457;2363;2512;2545;2432;2614;2703;2895;2792
57;2124;1794;2905;2782;2657;2561;2434;2324;2306;2270;2446;2351;2499;2542;2418;2610;2698;2901
58;2069;2106;1779;2895;2775;2663;2554;2420;2304;2301;2253;2435;2355;2487;2516;2403;2588;2681
59;2146;2045;2095;1762;2874;2764;2649;2552;2424;2289;2281;2243;2428;2340;2469;2504;2380;2590
60;2165;2131;2028;2077;1761;2849;2757;2637;2534;2392;2278;2268;2235;2412;2327;2460;2494;2384
61;2429;2145;2111;2009;2068;1747;2842;2724;2615;2517;2373;2268;2255;2228;2394;2327;2445;2480
62;2321;2417;2126;2083;1993;2046;1745;2832;2694;2600;2497;2346;2246;2250;2208;2376;2306;2429
63;2396;2296;2402;2099;2071;1974;2025;1728;2808;2686;2575;2470;2334;2224;2240;2204;2369;2295
64;2145;2373;2273;2374;2086;2048;1950;2006;1710;2793;2659;2550;2436;2318;2207;2212;2188;2349
65;2036;2118;2333;2239;2353;2077;2025;1928;1985;1683;2751;2616;2521;2401;2287;2193;2191;2163
66;2201;2020;2091;2313;2204;2314;2048;2005;1903;1968;1666;2716;2585;2485;2368;2277;2176;2162
67;2101;2165;2006;2062;2273;2165;2282;2015;1965;1886;1946;1644;2681;2550;2444;2344;2265;2146
68;1975;2079;2122;1978;2035;2245;2138;2248;1969;1938;1860;1915;1605;2622;2517;2401;2319;2239
69;1836;1934;2043;2094;1934;2002;2214;2107;2220;1939;1908;1832;1877;1582;2585;2475;2383;2290
70;1884;1799;1897;2005;2045;1890;1980;2175;2071;2192;1906;1878;1789;1850;1555;2536;2443;2345
71;1836;1857;1760;1849;1973;2000;1860;1936;2120;2030;2163;1866;1846;1749;1826;1535;2482;2397
72;1710;1772;1811;1698;1792;1921;1957;1790;1886;2064;2004;2101;1832;1797;1703;1791;1507;2434
73;1693;1662;1712;1762;1649;1742;1871;1908;1744;1852;2004;1969;2056;1792;1757;1656;1758;1480
74;1559;1630;1600;1646;1698;1601;1683;1811;1845;1690;1804;1949;1929;2017;1750;1721;1613;1714
75;1532;1478;1569;1540;1596;1659;1544;1613;1753;1791;1636;1751;1899;1873;1964;1700;1665;1573
76;1500;1484;1419;1499;1495;1526;1587;1485;1539;1695;1728;1578;1714;1849;1819;1907;1648;1620
77;1345;1430;1406;1359;1410;1430;1475;1534;1417;1480;1634;1656;1517;1665;1786;1759;1856;1583
78;1258;1263;1350;1339;1284;1348;1355;1393;1473;1355;1417;1572;1587;1460;1598;1709;1707;1799
79;1187;1167;1199;1278;1256;1227;1279;1292;1314;1400;1291;1342;1514;1525;1396;1541;1642;1639
80;1085;1100;1077;1125;1201;1169;1165;1204;1201;1226;1309;1224;1281;1452;1447;1330;1461;1562
81;1073;986;1001;973;1063;1121;1116;1066;1113;1105;1145;1220;1152;1214;1371;1361;1244;1401
82;545;955;914;930;863;969;1053;1025;977;1026;1011;1071;1138;1090;1135;1272;1275;1165
83;363;501;842;830;845;762;877;932;928;896;954;922;984;1070;1021;1054;1174;1198
84;342;329;445;756;764;755;695;789;835;827;791;873;852;902;978;945;975;1079
85;407;311;288;392;676;688;671;651;710;752;751;714;787;766;818;882;858;879
86;459;354;261;244;346;608;592;598;601;631;674;675;648;699;679;739;803;760
87;453;402;299;223;210;289;535;519;533;557;551;581;595;567;608;606;667;696
88;402;374;349;251;196;181;254;458;446;468;489;475;497;513;483;527;526;584
89;323;321;294;301;206;163;155;211;392;389;399;415;386;424;441;412;446;444
90;219;268;257;228;237;172;140;132;163;337;335;338;344;311;352;371;353;362
91;186;182;213;206;197;195;137;112;103;131;283;274;274;286;251;284;297;282
92;131;126;139;165;160;148;156;118;88;85;103;219;216;227;215;208;221;234
93;87;100;91;98;119;111;111;118;83;67;67;84;166;170;172;166;163;163
94;47;59;69;67;64;97;87;78;83;64;53;53;63;127;122;141;134;113
95;39;29;40;48;38;46;71;66;62;64;40;42;37;47;87;96;109;97
96;23;24;24;29;37;25;30;52;48;46;47;32;34;31;36;60;65;71
97;19;13;17;14;21;26;17;19;38;34;36;27;24;27;27;28;40;42
98;2;11;9;9;7;12;13;13;13;27;26;22;13;17;17;19;20;33
99;7;4;5;8;7;1;9;6;12;5;20;17;17;6;9;11;11;13
100 e oltre;6;9;11;6;7;9;6;11;15;15;12;23;19;19;18;14;13;17
Totale;174124;174023;173827;173794;173983;174137;174628;174801;174511;174609;174589;174492;174927;175244;175428;176082;175789;175418
Età/Anno;2002;2003;2004;2005;2006;2007;2008;2009;2010;2011;2012;2013;2014;2015;2016;2017;2018;2019
Età;Femmine
0;1318;1358;1325;1452;1366;1380;1404;1376;1460;1406;1366;1240;1231;1212;1101;1172;1091;1029
1;1324;1339;1382;1339;1468;1385;1404;1440;1376;1459;1388;1374;1259;1230;1250;1149;1206;1117
2;1368;1333;1344;1390;1343;1473;1411;1431;1460;1392;1472;1405;1387;1277;1247;1277;1193;1238
3;1335;1377;1342;1362;1387;1352;1488;1430;1430;1468;1392;1472;1434;1422;1312;1295;1299;1205
4;1276;1356;1403;1362;1373;1402;1347;1489;1434;1437;1466;1387;1496;1460;1442;1359;1304;1320
5;1362;1294;1373;1395;1359;1391;1424;1360;1491;1437;1438;1463;1430;1518;1495;1478;1373;1319
6;1280;1381;1315;1403;1421;1387;1403;1428;1386;1496;1436;1442;1504;1478;1540;1531;1499;1384
7;1322;1286;1396;1322;1413;1449;1413;1410;1435;1387;1497;1430;1473;1542;1498;1589;1551;1508
8;1388;1336;1292;1402;1327;1419;1466;1410;1408;1436;1391;1530;1457;1510;1582;1546;1609;1561
9;1384;1388;1344;1310;1408;1344;1418;1467;1411;1416;1425;1395;1569;1494;1536;1621;1564;1612
10;1315;1391;1389;1354;1315;1421;1361;1433;1470;1413;1418;1421;1424;1597;1514;1565;1633;1570
11;1391;1328;1400;1392;1366;1321;1440;1367;1440;1476;1422;1425;1448;1444;1628;1545;1577;1638
12;1353;1401;1329;1405;1399;1386;1332;1446;1370;1445;1475;1431;1456;1475;1467;1643;1561;1579
13;1384;1362;1405;1334;1406;1404;1387;1338;1463;1380;1457;1480;1464;1476;1485;1470;1651;1559
14;1323;1394;1363;1411;1335;1410;1408;1384;1353;1465;1385;1471;1504;1477;1499;1498;1482;1656
15;1375;1316;1398;1361;1418;1341;1401;1411;1384;1365;1456;1384;1487;1526;1490;1508;1500;1486
16;1439;1377;1322;1395;1370;1411;1354;1402;1422;1379;1364;1455;1402;1494;1534;1494;1514;1492
17;1436;1445;1374;1328;1402;1370;1424;1353;1404;1428;1376;1357;1462;1418;1497;1554;1507;1512
18;1433;1448;1448;1384;1335;1423;1383;1433;1359;1411;1431;1404;1398;1495;1446;1540;1575;1546
19;1472;1454;1456;1468;1397;1343;1416;1386;1445;1355;1411;1429;1416;1409;1480;1461;1550;1592
20;1653;1481;1456;1477;1475;1406;1356;1424;1391;1446;1356;1416;1438;1407;1408;1480;1469;1539
21;1778;1672;1502;1469;1477;1483;1419;1364;1432;1397;1448;1356;1419;1444;1411;1416;1484;1448
22;1823;1799;1684;1524;1484;1481;1496;1429;1355;1433;1393;1447;1377;1428;1446;1415;1420;1484
23;1975;1843;1826;1703;1539;1499;1493;1540;1424;1352;1450;1393;1464;1378;1438;1468;1434;1418
24;2222;1998;1857;1830;1707;1562;1506;1507;1544;1422;1369;1460;1398;1476;1397;1452;1484;1469
25;2307;2224;2024;1891;1852;1732;1589;1542;1518;1553;1433;1380;1459;1402;1474;1416;1461;1493
26;2557;2310;2231;2038;1900;1883;1735;1615;1543;1525;1575;1446;1406;1485;1417;1482;1414;1467
27;2572;2549;2326;2237;2070;1910;1913;1758;1611;1544;1535;1586;1464;1403;1498;1421;1476;1416
28;2703;2573;2563;2328;2254;2102;1915;1926;1777;1627;1554;1529;1602;1473;1424;1495;1438;1488
29;2689;2699;2555;2545;2321;2254;2110;1914;1942;1807;1626;1553;1531;1596;1470;1442;1498;1425
30;2754;2663;2700;2561;2538;2309;2273;2107;1898;1955;1824;1631;1546;1527;1581;1462;1455;1525
31;2670;2737;2657;2707;2557;2532;2311;2303;2109;1918;1955;1833;1638;1543;1553;1583;1472;1463
32;2744;2627;2691;2622;2672;2536;2493;2297;2314;2116;1882;1971;1853;1647;1553;1575;1603;1499
33;2767;2749;2615;2696;2627;2643;2530;2516;2310;2331;2138;1928;1989;1854;1653;1573;1610;1632
34;2765;2790;2760;2631;2708;2658;2674;2591;2523;2340;2374;2172;1960;2006;1845;1663;1605;1616
35;2806;2789;2824;2758;2661;2740;2697;2736;2654;2559;2402;2376;2200;1984;2025;1857;1675;1623
36;2870;2826;2816;2859;2799;2679;2791;2727;2761;2683;2589;2414;2402;2198;1993;2039;1883;1708
37;2873;2886;2838;2819;2876;2807;2702;2816;2748;2804;2712;2586;2436;2431;2209;2015;2059;1894
38;2795;2893;2896;2834;2824;2869;2813;2731;2844;2760;2832;2713;2619;2436;2434;2227;2041;2097
39;2748;2809;2900;2907;2827;2818;2874;2817;2737;2868;2780;2839;2730;2642;2461;2451;2258;2091
40;2797;2749;2814;2917;2910;2841;2824;2881;2815;2750;2877;2788;2852;2754;2656;2471;2462;2302
41;2667;2808;2757;2806;2929;2926;2853;2854;2888;2814;2746;2913;2802;2878;2781;2674;2476;2470
42;2559;2664;2811;2759;2818;2952;2926;2858;2856;2887;2827;2750;2931;2807;2887;2793;2671;2474
43;2450;2573;2669;2810;2751;2821;2968;2937;2879;2848;2884;2833;2763;2947;2797;2921;2797;2676
44;2460;2452;2582;2658;2811;2755;2833;2977;2936;2888;2850;2889;2858;2771;2966;2806;2919;2798
45;2441;2469;2459;2590;2660;2811;2765;2830;2976;2935;2878;2852;2905;2864;2794;2998;2806;2928
46;2499;2448;2473;2456;2603;2657;2813;2783;2822;2982;2925;2884;2850;2908;2872;2799;3014;2817
47;2486;2495;2441;2476;2452;2606;2645;2812;2796;2819;2976;2918;2898;2852;2914;2875;2798;3000
48;2340;2489;2499;2457;2482;2444;2621;2648;2810;2783;2821;2975;2919;2909;2850;2920;2883;2797
49;2476;2344;2495;2515;2449;2496;2443;2615;2643;2806;2772;2817;2972;2928;2907;2862;2927;2874
50;2412;2473;2346;2495;2524;2453;2493;2456;2628;2645;2803;2771;2825;2971;2926;2910;2884;2924
51;2568;2408;2464;2341;2501;2524;2448;2496;2459;2632;2648;2794;2771;2824;2966;2929;2905;2888
52;2575;2557;2405;2468;2349;2494;2521;2459;2496;2453;2623;2639;2795;2772;2829;2974;2929;2904
53;2703;2584;2551;2403;2462;2336;2484;2516;2464;2491;2451;2610;2640;2798;2779;2832;2976;2920
54;2857;2693;2577;2539;2405;2458;2335;2473;2515;2458;2491;2455;2597;2631;2787;2775;2831;2970
55;2803;2839;2700;2562;2530;2396;2454;2332;2477;2514;2451;2494;2458;2595;2628;2788;2762;2817
56;1885;2796;2832;2695;2561;2511;2393;2456;2330;2471;2514;2451;2490;2452;2604;2629;2775;2760
57;2186;1897;2794;2834;2700;2565;2497;2386;2441;2327;2458;2497;2448;2482;2442;2597;2628;2772
58;2274;2178;1892;2791;2830;2708;2559;2492;2371;2439;2321;2457;2481;2444;2476;2440;2599;2626
59;2259;2268;2175;1887;2785;2828;2710;2559;2484;2352;2430;2321;2446;2476;2444;2470;2433;2589
60;2372;2256;2266;2163;1874;2783;2817;2702;2541;2468;2340;2425;2318;2435;2468;2438;2468;2419
61;2577;2358;2251;2261;2165;1870;2772;2812;2694;2530;2467;2337;2411;2305;2428;2460;2424;2458
62;2581;2575;2363;2245;2252;2166;1860;2762;2802;2682;2519;2455;2329;2400;2298;2419;2454;2429
63;2627;2568;2557;2359;2240;2241;2164;1850;2767;2798;2678;2495;2439;2317;2387;2292;2410;2455
64;2362;2623;2572;2534;2353;2228;2240;2162;1841;2753;2788;2659;2483;2422;2305;2372;2281;2398
65;2206;2368;2615;2559;2525;2337;2206;2235;2147;1834;2746;2762;2633;2461;2413;2292;2360;2271
66;2484;2198;2354;2610;2534;2515;2324;2193;2229;2139;1825;2732;2736;2614;2447;2404;2281;2351
67;2383;2469;2191;2351;2585;2528;2505;2300;2184;2216;2131;1810;2707;2727;2606;2433;2382;2279
68;2287;2363;2456;2157;2347;2581;2511;2492;2279;2158;2211;2115;1802;2678;2704;2584;2413;2361
69;2319;2269;2344;2438;2129;2325;2561;2488;2466;2265;2140;2198;2102;1796;2656;2684;2589;2391
70;2409;2293;2253;2326;2415;2108;2322;2533;2467;2446;2250;2115;2173;2087;1764;2636;2659;2568
71;2424;2387;2267;2240;2305;2399;2085;2302;2510;2447;2422;2227;2092;2147;2065;1747;2616;2633
72;2173;2384;2368;2243;2214;2264;2370;2072;2272;2487;2420;2388;2210;2060;2129;2035;1735;2597
73;2251;2155;2337;2344;2227;2192;2244;2334;2049;2240;2463;2385;2370;2194;2028;2111;2018;1710
74;2300;2230;2124;2304;2308;2192;2171;2228;2278;2014;2209;2427;2341;2351;2159;2008;2076;2000
75;2271;2258;2187;2090;2256;2272;2140;2139;2197;2254;1999;2179;2383;2302;2323;2124;1975;2042
76;2259;2230;2215;2172;2052;2208;2242;2112;2096;2167;2220;1972;2134;2355;2260;2279;2091;1943
77;2152;2224;2188;2159;2126;2004;2171;2191;2062;2051;2125;2165;1942;2096;2303;2218;2235;2051
78;2194;2092;2177;2124;2100;2093;1952;2118;2122;2006;2002;2071;2109;1894;2050;2254;2165;2187
79;2122;2127;2041;2105;2061;2037;2043;1908;2050;2062;1954;1961;2018;2052;1859;2003;2204;2106
80;2012;2058;2040;1969;2042;2006;1977;1977;1825;1984;1993;1898;1898;1956;1979;1816;1940;2157
81;1997;1964;2000;1969;1906;1970;1940;1895;1909;1755;1906;1914;1826;1830;1882;1923;1762;1873
82;1184;1918;1880;1934;1896;1815;1884;1851;1834;1831;1686;1845;1845;1751;1746;1817;1841;1695
83;752;1115;1817;1810;1844;1806;1735;1799;1773;1765;1748;1613;1765;1773;1661;1663;1740;1755
84;714;708;1053;1690;1712;1736;1709;1637;1680;1688;1676;1657;1535;1661;1675;1578;1580;1654
85;953;656;657;989;1551;1617;1626;1586;1539;1558;1575;1582;1535;1447;1554;1565;1483;1467
86;1195;871;605;629;926;1405;1483;1504;1469;1426;1444;1459;1485;1459;1331;1440;1434;1383
87;1017;1096;790;573;567;841;1275;1338;1376;1345;1318;1318;1360;1357;1351;1241;1338;1332
88;902;907;935;713;522;515;755;1130;1202;1194;1214;1201;1208;1245;1229;1238;1135;1241
89;881;774;765;816;620;476;466;651;1029;1080;1042;1093;1057;1094;1119;1091;1101;1024
90;722;734;640;665;706;549;432;408;573;897;950;914;955;944;958;997;951;978
91;546;613;593;547;558;602;475;359;354;500;776;809;795;842;814;831;841;811
92;402;444;510;502;442;498;503;395;306;292;420;641;697;676;696;694;693;713
93;338;317;350;418;409;353;400;419;339;256;223;359;535;574;556;599;577;571
94;209;279;231;287;331;329;285;317;346;283;205;181;288;421;454;465;469;477
95;164;159;207;180;218;264;232;232;253;281;223;164;137;232;326;350;366;380
96;106;120;106;148;134;169;201;180;176;191;210;158;124;98;177;262;273;278
97;86;79;82;69;115;96;121;152;129;138;151;156;125;102;70;145;191;201
98;50;54;43;57;52;90;66;93;122;99;96;107;118;84;74;57;107;142
99;37;40;36;36;38;37;68;44;69;90;71;74;72;84;49;62;46;74
100 e oltre;48;55;59;70;60;59;71;87;87;106;126;115;124;126;120;103;105;104
Totale;188114;187853;187382;187319;187005;186873;186763;186661;186365;185961;185401;184668;184549;184226;183511;183420;182762;181983

"Ricostruzione della popolazione intercensuaria - Popolazione al 1° gennaio per età"
"Cittadinanza straniera - Provincia: Mantova"
Età/Anno;2002;2003;2004;2005;2006;2007;2008;2009;2010;2011;2012;2013;2014;2015;2016;2017;2018;2019
Età;Totale
0;408;509;497;783;740;861;1054;1109;1155;1149;1126;1090;1055;964;853;820;783;798
1;353;446;535;522;788;756;886;1061;1106;1120;1143;1147;1049;992;905;773;775;745
2;369;396;494;556;572;789;813;945;1055;1090;1082;1156;1091;983;908;837;728;757
3;326;416;430;513;568;606;806;845;967;1020;1060;1089;1122;1039;879;799;795;741
4;274;362;432;467;538;575;642;828;864;944;985;1049;1034;1044;933;779;754;750
5;234;311;385;438;515;600;629;659;848;846;955;975;977;955;939;806;728;749
6;251;270;328;403;465;541;637;660;668;829;838;932;899;901;851;802;742;717
7;263;267;290;352;434;489;582;666;672;642;819;811;835;809;800;739;743;720
8;222;298;291;303;369;458;530;609;681;657;639;788;742;736;717;683;675;692
9;204;260;321;301;333;414;520;564;634;675;669;644;692;660;639;598;641;661
10;199;239;281;356;325;353;465;563;582;652;689;655;554;619;598;544;550;623
11;178;227;267;320;382;363;394;526;589;596;669;667;591;508;551;527;527;542
12;178;219;258;313;347;409;402;447;578;581;617;648;579;527;451;488;500;555
13;202;187;238;304;346;391;454;445;475;582;606;621;594;525;473;413;474;502
14;169;230;206;276;341;375;426;504;475;486;592;624;569;558;461;418;409;483
15;166;183;241;245;287;386;416;463;545;486;517;587;572;526;527;426;409;428
16;172;196;192;284;280;330;449;491;502;556;525;521;540;556;500;497;423;430
17;167;187;218;236;321;329;385;499;544;535;585;529;511;500;505;478;489;438
18;178;190;229;287;275;385;402;463;552;571;546;555;460;435;436;442;435;425
19;168;192;222;256;326;338;465;507;531;597;595;549;555;449;436;457;450;479
20;201;165;240;264;278;355;453;581;564;591;643;644;556;567;467;493;495;555
21;232;228;272;314;292;334;504;601;681;630;652;705;663;564;547;501;518;569
22;256;269;337;359;360;355;493;676;711;781;742;748;747;696;568;568;545;597
23;318;289;393;462;386;443;551;681;764;794;892;834;793;779;690;594;591;645
24;348;376;435;507;540;475;626;763;799;900;886;995;876;829;745;719;616;665
25;353;420;575;558;581;621;664;799;831;918;991;1011;1070;926;808;768;753;699
26;390;420;620;762;644;649;806;878;875;948;1024;1106;1063;1110;938;852;810;838
27;440;481;665;801;871;770;854;1019;976;1006;1048;1124;1162;1108;1079;967;909;846
28;423;578;710;895;928;989;966;1057;1106;1119;1113;1165;1158;1167;1106;1090;963;970
29;480;559;783;935;1008;1037;1198;1158;1131;1140;1205;1183;1187;1165;1154;1124;1105;991
30;475;620;801;1027;1047;1143;1208;1396;1241;1186;1204;1297;1203;1214;1144;1162;1154;1150
31;504;554;812;938;1142;1095;1318;1353;1441;1261;1239;1283;1317;1231;1216;1149;1164;1183
32;511;589;717;937;1015;1188;1237;1398;1369;1435;1267;1308;1287;1348;1211;1226;1164;1168
33;535;572;713;814;962;1053;1297;1272;1360;1324;1344;1309;1379;1292;1334;1182;1239;1159
34;520;616;707;812;845;978;1106;1319;1263;1370;1284;1365;1315;1367;1232;1311;1179;1228
35;449;556;711;805;813;865;1045;1139;1257;1255;1303;1337;1378;1325;1349;1220;1277;1173
36;461;497;665;808;823;862;942;1113;1128;1263;1228;1322;1352;1342;1269;1324;1215;1302
37;450;507;605;765;828;886;969;1026;1106;1144;1266;1263;1316;1326;1294;1205;1298;1201
38;388;485;604;702;814;905;981;1051;1043;1124;1153;1278;1228;1254;1258;1229;1180;1305
39;369;450;595;705;738;859;1013;1082;1059;1061;1116;1156;1259;1188;1185;1176;1195;1195
40;331;425;552;700;717;765;987;1115;1087;1070;1069;1123;1108;1204;1149;1133;1144;1161
41;300;361;524;642;733;774;823;1053;1130;1094;1048;1071;1100;1074;1135;1070;1077;1138
42;267;317;431;555;627;728;817;863;1012;1119;1061;1048;1000;1048;1007;1063;1025;1085
43;255;257;351;464;515;624;739;807;843;962;1053;1069;1007;958;975;933;1010;1031
44;211;262;298;405;446;533;653;775;765;798;929;1037;1003;953;858;928;898;1008
45;183;225;331;347;403;470;573;669;748;780;782;933;970;949;857;821;910;879
46;139;195;282;360;341;429;525;603;662;750;768;765;912;915;888;813;800;896
47;152;146;238;320;350;385;459;540;604;636;728;771;713;846;870;834;795;792
48;98;159;196;290;328;363;413;490;534;617;605;720;716;664;796;810;804;797
49;94;119;192;239;291;344;393;435;479;552;607;593;696;681;604;762;769;804
50;75;96;152;215;239;288;379;416;445;481;544;600;571;648;627;574;758;770
51;82;83;129;189;219;262;307;393;414;475;481;529;571;544;602;591;557;759
52;64;85;115;161;197;220;291;339;379;423;458;470;506;545;505;563;575;555
53;53;66;107;130;156;207;233;318;342;374;418;457;443;488;513;476;539;569
54;56;61;93;139;135;170;212;257;321;351;391;424;439;440;467;481;472;549
55;44;66;87;121;137;135;182;225;263;327;372;390;424;422;421;447;471;477
56;43;53;84;102;115;129;141;203;231;277;330;382;383;407;400;419;431;456
57;29;53;68;99;98;125;131;147;205;238;283;345;378;353;389;386;420;418
58;37;43;64;70;99;108;131;147;153;208;237;287;343;368;352;375;383;420
59;42;40;49;72;73;100;119;162;150;168;204;248;287;330;339;339;381;394
60;25;53;45;57;79;72;101;140;165;160;169;205;250;277;317;339;336;387
61;40;29;60;52;53;73;73;108;140;165;172;170;212;244;266;307;322;338
62;30;45;41;61;54;54;71;87;117;136;171;166;171;209;242;264;293;333
63;35;37;48;47;63;54;60;86;92;127;141;173;170;178;210;243;269;279
64;30;40;37;58;48;61;57;69;102;93;122;140;174;179;173;224;232;274
65;24;37;46;44;59;45;58;67;81;101;98;119;140;166;183;169;215;229
66;40;28;47;48;40;57;47;69;66;90;108;106;127;139;165;185;167;228
67;15;40;38;56;47;42;60;58;90;71;94;108;106;128;149;161;188;178
68;13;17;39;43;47;46;45;75;63;85;73;92;106;103;133;149;164;190
69;13;17;16;41;48;45;52;62;88;57;89;77;86;103;101;122;148;165
70;6;16;19;18;39;50;48;70;66;82;59;88;82;88;105;105;118;144
71;14;11;15;15;18;40;51;55;64;71;82;55;87;82;87;110;105;125
72;18;19;10;18;14;17;46;55;54;64;74;82;58;83;74;85;100;111
73;16;14;21;13;20;15;22;58;55;58;63;76;82;58;86;78;93;107
74;10;18;15;20;11;19;12;31;59;51;58;66;78;71;59;87;80;92
75;5;10;18;16;19;8;19;14;32;57;53;58;64;82;75;55;81;85
76;11;6;9;19;16;21;7;25;13;34;57;55;55;63;80;77;50;77
77;4;14;7;11;16;15;19;9;26;15;37;56;51;53;61;73;75;50
78;7;5;18;7;9;17;13;27;11;24;15;37;53;47;49;57;65;71
79;9;11;6;18;7;9;12;12;33;14;26;17;39;53;43;52;54;64
80;7;10;7;7;14;8;8;14;9;34;16;26;17;42;47;44;44;55
81;3;4;12;10;9;16;8;9;15;12;32;15;25;18;38;46;39;42
82;4;2;7;14;10;6;15;8;7;11;11;35;16;25;17;35;42;38
83;2;4;4;5;13;9;5;11;5;6;12;10;29;19;22;13;34;40
84;1;3;3;4;6;13;9;5;8;6;5;12;10;26;17;18;14;32
85;1;2;5;5;3;6;11;9;4;6;6;5;12;9;23;16;19;11
86;1;3;2;3;4;4;4;8;8;3;6;6;3;9;6;19;13;21
87;0;1;4;2;2;3;6;3;8;8;3;7;6;4;6;4;17;12
88;1;0;0;9;3;2;2;5;2;7;7;3;6;4;4;4;3;17
89;0;1;0;2;9;3;2;3;4;1;6;7;3;5;4;3;6;4
90;0;1;1;1;2;6;2;3;2;1;1;6;5;4;3;4;2;4
91;0;0;1;0;1;1;4;1;2;2;1;1;2;4;4;3;3;2
92;0;0;0;2;0;0;1;1;1;1;1;1;1;2;4;4;3;3
93;0;1;0;0;1;0;0;1;1;0;1;0;0;1;1;4;3;3
94;0;0;0;0;0;1;0;0;1;0;0;1;0;0;0;2;4;2
95;0;0;0;0;0;0;1;1;0;1;0;0;1;0;0;1;2;3
96;0;0;0;1;0;0;0;0;1;0;1;0;0;1;0;0;1;1
97;0;0;0;0;1;0;0;0;0;1;0;1;0;0;0;0;0;1
98;0;1;0;0;0;1;0;0;0;0;1;0;0;0;0;0;0;0
99;0;0;1;0;0;0;1;0;0;0;0;1;0;0;0;0;0;0
100 e oltre;0;0;0;1;0;0;0;1;0;0;0;0;1;1;1;0;0;0
Totale;15724;18428;23260;28033;30471;33608;39048;44433;46990;49219;51096;53415;53228;52501;50565;49166;49023;50450
Età/Anno;2002;2003;2004;2005;2006;2007;2008;2009;2010;2011;2012;2013;2014;2015;2016;2017;2018;2019
Età;Maschi
0;205;265;280;414;383;449;551;559;600;603;583;581;553;500;440;453;423;393
1;184;219;288;294;415;380;460;549;560;581;607;583;551;514;471;408;429;402
2;179;204;255;299;316;404;408;487;552;549;555;621;556;522;469;429;388;419
3;190;209;222;264;300;330;420;430;487;541;542;564;595;540;463;411;417;393
4;154;210;221;234;277;301;342;438;448;479;523;535;530;555;483;406;380;390
5;118;173;219;226;259;314;323;348;449;429;482;511;504;484;501;414;380;370
6;137;140;190;221;240;274;336;350;344;439;413;464;472;473;436;426;392;368
7;141;151;159;203;240;256;282;355;360;338;430;404;418;422;427;369;387;389
8;133;166;164;168;210;255;277;301;354;349;343;411;370;376;368;364;344;367
9;107;153;184;165;180;240;284;297;316;355;362;334;372;331;326;308;342;338
10;107;131;166;204;178;201;264;305;305;330;360;351;282;332;312;274;285;342
11;93;119;151;185;227;188;231;288;314;314;333;346;329;251;293;271;280;279
12;100;120;138;183;195;238;216;255;317;307;324;320;308;301;227;264;255;289
13;103;102;133;163;205;223;261;241;275;317;323;325;291;282;266;209;254;257
14;96;116;112;154;185;226;235;291;256;282;318;332;290;270;242;233;216;257
15;90;102;124;132;165;212;239;260;305;266;304;306;303;272;269;225;233;225
16;108;113;109;151;155;181;244;285;287;312;290;300;280;298;262;252;230;248
17;88;114;121;130;163;178;213;276;317;313;320;294;290;266;270;251;257;240
18;112;104;125;160;145;214;226;253;300;324;319;306;265;243;234;245;232;227
19;83;111;119;135;178;161;250;262;278;312;325;301;304;259;238;259;257;276
20;96;80;128;141;137;184;201;300;285;298;332;345;294;309;274;290;285;310
21;115;98;140;175;138;149;238;277;326;319;329;350;345;285;294;294;299;326
22;120;118;167;191;182;153;216;329;320;378;379;368;359;352;279;307;308;344
23;151;139;195;233;176;200;236;305;356;367;427;426;375;366;343;296;317;353
24;178;178;230;264;249;195;271;348;358;422;413;499;433;396;348;366;309;343
25;158;202;290;281;275;265;284;378;354;428;467;468;527;448;378;367;374;354
26;170;177;308;378;304;294;362;392;390;416;470;531;488;552;444;411;391;409
27;233;210;322;409;422;356;399;456;442;479;498;536;550;519;528;456;448;423
28;207;285;342;435;444;480;430;497;479;506;521;555;557;558;518;540;470;485
29;263;269;404;464;492;481;578;521;534;503;563;558;560;573;557;545;548;499
30;243;326;403;539;516;560;579;687;568;550;565;639;565;570;557;549;567;570
31;281;272;443;487;597;527;659;674;710;577;583;634;669;591;580;559;561;581
32;311;328;364;507;523;603;588;717;687;718;599;631;651;674;580;593;578;583
33;314;357;400;425;525;533;674;614;691;685;695;645;688;664;675;563;609;604
34;313;352;437;448;438;526;556;684;606;694;674;717;659;699;626;673;564;609
35;291;351;436;519;477;456;575;579;655;616;684;733;741;671;685;631;663;579
36;299;330;420;489;541;499;497;622;583;658;621;711;766;722;647;669;632;682
37;277;342;392;478;503;562;553;544;613;598;660;653;725;754;696;608;665;628
38;229;311;408;453;505;534;623;604;546;603;619;669;642;688;707;653;591;687
39;236;286;379;479;486;533;599;679;604;559;595;622;667;625;635;662;624;615
40;218;281;351;445;487;495;607;658;661;583;554;597;594;637;600;597;622;622
41;189;241;327;402;469;526;524;644;666;639;556;555;576;575;602;556;557;631
42;184;206;276;342;392;457;532;549;600;620;600;548;506;542;530;551;526;564
43;152;176;210;282;303;378;438;513;510;545;551;597;517;478;502;480;529;534
44;142;161;187;232;265;298;381;449;468;448;492;530;538;487;424;462;471;537
45;125;148;190;214;221;271;309;399;436;440;417;483;479;504;434;402;447;461
46;92;130;157;196;198;234;297;325;377;414;419;398;460;439;469;409;401;439
47;95;95;141;183;188;219;255;311;317;343;391;420;368;414;404;436;397;400
48;58;102;111;164;185;200;225;261;300;296;324;376;376;329;383;373;423;408
49;52;70;108;126;159;189;209;226;248;286;283;317;350;347;290;364;350;426
50;49;53;73;114;125;150;193;205;229;231;278;280;287;305;309;268;369;356
51;49;55;56;73;112;135;151;193;204;230;222;269;258;261;271;284;256;367
52;34;50;60;59;75;104;140;158;181;190;211;209;248;253;231;241;275;261
53;26;36;47;58;59;74;99;150;154;161;173;210;180;230;227;208;232;280
54;31;28;42;54;57;72;80;99;147;142;160;177;198;176;212;203;198;238
55;14;35;33;42;47;60;75;82;100;146;150;153;166;181;161;194;196;193
56;21;18;39;38;39;43;59;82;83;94;143;146;136;147;169;155;178;191
57;12;25;22;45;39;40;43;61;83;82;92;145;148;118;126;149;148;174
58;23;19;26;22;45;43;47;55;59;74;81;93;139;137;119;118;146;148
59;23;20;19;30;21;41;43;56;54;57;74;86;84;128;122;112;120;150
60;9;25;23;20;36;22;43;49;56;50;54;70;76;79;125;117;111;125
61;16;13;28;25;24;32;26;44;46;50;56;54;62;70;79;121;112;115
62;11;19;14;25;26;22;31;32;47;50;51;52;53;59;64;79;106;118
63;14;11;20;19;27;28;27;36;37;46;52;47;51;53;60;65;79;99
64;12;17;10;22;21;31;28;28;38;35;46;52;44;55;50;69;62;86
65;11;16;22;13;23;19;29;32;32;38;37;43;47;48;56;47;67;65
66;15;15;19;19;11;23;20;31;30;35;38;41;44;46;46;54;48;70
67;7;18;18;23;20;10;25;23;42;33;36;37;37;47;48;41;54;56
68;8;7;17;18;19;19;12;32;25;40;32;36;31;38;49;48;45;58
69;6;11;7;18;22;20;20;22;37;20;44;33;33;31;39;42;48;44
70;4;8;12;7;15;22;22;26;25;32;18;42;35;34;33;42;38;45
71;5;6;9;7;8;18;23;24;24;29;31;18;41;35;33;36;42;43
72;6;7;7;11;7;7;18;28;24;21;29;29;16;37;30;28;34;44
73;6;5;8;8;13;9;10;27;27;22;23;30;27;16;35;30;34;37
74;5;7;6;8;6;11;9;13;24;26;24;26;30;22;17;37;28;32
75;1;4;6;7;8;4;11;10;12;22;26;27;27;31;25;17;34;29
76;3;2;3;8;6;7;5;14;10;13;21;26;29;25;30;28;17;34
77;1;7;4;5;5;6;7;6;13;9;15;20;21;27;21;28;24;16
78;5;2;8;4;5;5;5;9;6;11;9;15;16;17;25;20;26;23
79;6;7;2;9;4;5;4;4;11;7;12;8;15;14;16;25;17;25
80;6;8;4;3;6;4;5;5;2;12;7;13;8;17;13;18;20;17
81;2;3;7;6;5;8;4;5;5;4;12;6;13;8;17;12;16;18
82;1;1;3;8;6;3;7;4;4;4;5;11;8;12;8;16;12;16
83;0;2;2;3;7;6;3;4;2;3;4;4;11;8;10;6;13;12
84;0;0;1;3;4;6;6;3;5;2;2;4;4;9;7;8;7;12
85;0;0;0;2;2;4;5;6;2;4;3;2;4;4;8;7;7;5
86;0;1;0;0;2;2;2;5;6;2;4;3;1;3;1;7;5;8
87;0;0;1;0;0;2;2;1;4;7;2;5;3;1;2;0;6;5
88;1;0;0;1;2;0;2;2;1;4;6;2;4;1;1;2;1;7
89;0;1;0;0;1;2;0;3;2;1;3;6;2;3;1;0;3;2
90;0;1;1;1;0;1;1;0;2;0;1;3;4;3;1;1;0;1
91;0;0;1;0;1;0;1;1;0;2;0;1;2;3;3;1;1;0
92;0;0;0;1;0;0;0;1;1;0;1;0;1;2;3;3;1;1
93;0;1;0;0;1;0;0;0;1;0;0;0;0;1;1;2;2;1
94;0;0;0;0;0;1;0;0;0;0;0;0;0;0;0;2;2;1
95;0;0;0;0;0;0;1;1;0;0;0;0;0;0;0;1;2;2
96;0;0;0;0;0;0;0;0;1;0;0;0;0;0;0;0;1;1
97;0;0;0;0;0;0;0;0;0;1;0;0;0;0;0;0;0;1
98;0;1;0;0;0;0;0;0;0;0;1;0;0;0;0;0;0;0
99;0;0;1;0;0;0;0;0;0;0;0;1;0;0;0;0;0;0
100 e oltre;0;0;0;1;0;0;0;0;0;0;0;0;1;1;1;0;0;0
Totale;8763;10208;12827;15306;16375;17703;20301;23044;24012;24770;25626;26835;26533;26055;24891;24125;24150;25107
Età/Anno;2002;2003;2004;2005;2006;2007;2008;2009;2010;2011;2012;2013;2014;2015;2016;2017;2018;2019
Età;Femmine
0;203;244;217;369;357;412;503;550;555;546;543;509;502;464;413;367;360;405
1;169;227;247;228;373;376;426;512;546;539;536;564;498;478;434;365;346;343
2;190;192;239;257;256;385;405;458;503;541;527;535;535;461;439;408;340;338
3;136;207;208;249;268;276;386;415;480;479;518;525;527;499;416;388;378;348
4;120;152;211;233;261;274;300;390;416;465;462;514;504;489;450;373;374;360
5;116;138;166;212;256;286;306;311;399;417;473;464;473;471;438;392;348;379
6;114;130;138;182;225;267;301;310;324;390;425;468;427;428;415;376;350;349
7;122;116;131;149;194;233;300;311;312;304;389;407;417;387;373;370;356;331
8;89;132;127;135;159;203;253;308;327;308;296;377;372;360;349;319;331;325
9;97;107;137;136;153;174;236;267;318;320;307;310;320;329;313;290;299;323
10;92;108;115;152;147;152;201;258;277;322;329;304;272;287;286;270;265;281
11;85;108;116;135;155;175;163;238;275;282;336;321;262;257;258;256;247;263
12;78;99;120;130;152;171;186;192;261;274;293;328;271;226;224;224;245;266
13;99;85;105;141;141;168;193;204;200;265;283;296;303;243;207;204;220;245
14;73;114;94;122;156;149;191;213;219;204;274;292;279;288;219;185;193;226
15;76;81;117;113;122;174;177;203;240;220;213;281;269;254;258;201;176;203
16;64;83;83;133;125;149;205;206;215;244;235;221;260;258;238;245;193;182
17;79;73;97;106;158;151;172;223;227;222;265;235;221;234;235;227;232;198
18;66;86;104;127;130;171;176;210;252;247;227;249;195;192;202;197;203;198
19;85;81;103;121;148;177;215;245;253;285;270;248;251;190;198;198;193;203
20;105;85;112;123;141;171;252;281;279;293;311;299;262;258;193;203;210;245
21;117;130;132;139;154;185;266;324;355;311;323;355;318;279;253;207;219;243
22;136;151;170;168;178;202;277;347;391;403;363;380;388;344;289;261;237;253
23;167;150;198;229;210;243;315;376;408;427;465;408;418;413;347;298;274;292
24;170;198;205;243;291;280;355;415;441;478;473;496;443;433;397;353;307;322
25;195;218;285;277;306;356;380;421;477;490;524;543;543;478;430;401;379;345
26;220;243;312;384;340;355;444;486;485;532;554;575;575;558;494;441;419;429
27;207;271;343;392;449;414;455;563;534;527;550;588;612;589;551;511;461;423
28;216;293;368;460;484;509;536;560;627;613;592;610;601;609;588;550;493;485
29;217;290;379;471;516;556;620;637;597;637;642;625;627;592;597;579;557;492
30;232;294;398;488;531;583;629;709;673;636;639;658;638;644;587;613;587;580
31;223;282;369;451;545;568;659;679;731;684;656;649;648;640;636;590;603;602
32;200;261;353;430;492;585;649;681;682;717;668;677;636;674;631;633;586;585
33;221;215;313;389;437;520;623;658;669;639;649;664;691;628;659;619;630;555
34;207;264;270;364;407;452;550;635;657;676;610;648;656;668;606;638;615;619
35;158;205;275;286;336;409;470;560;602;639;619;604;637;654;664;589;614;594
36;162;167;245;319;282;363;445;491;545;605;607;611;586;620;622;655;583;620
37;173;165;213;287;325;324;416;482;493;546;606;610;591;572;598;597;633;573
38;159;174;196;249;309;371;358;447;497;521;534;609;586;566;551;576;589;618
39;133;164;216;226;252;326;414;403;455;502;521;534;592;563;550;514;571;580
40;113;144;201;255;230;270;380;457;426;487;515;526;514;567;549;536;522;539
41;111;120;197;240;264;248;299;409;464;455;492;516;524;499;533;514;520;507
42;83;111;155;213;235;271;285;314;412;499;461;500;494;506;477;512;499;521
43;103;81;141;182;212;246;301;294;333;417;502;472;490;480;473;453;481;497
44;69;101;111;173;181;235;272;326;297;350;437;507;465;466;434;466;427;471
45;58;77;141;133;182;199;264;270;312;340;365;450;491;445;423;419;463;418
46;47;65;125;164;143;195;228;278;285;336;349;367;452;476;419;404;399;457
47;57;51;97;137;162;166;204;229;287;293;337;351;345;432;466;398;398;392
48;40;57;85;126;143;163;188;229;234;321;281;344;340;335;413;437;381;389
49;42;49;84;113;132;155;184;209;231;266;324;276;346;334;314;398;419;378
50;26;43;79;101;114;138;186;211;216;250;266;320;284;343;318;306;389;414
51;33;28;73;116;107;127;156;200;210;245;259;260;313;283;331;307;301;392
52;30;35;55;102;122;116;151;181;198;233;247;261;258;292;274;322;300;294
53;27;30;60;72;97;133;134;168;188;213;245;247;263;258;286;268;307;289
54;25;33;51;85;78;98;132;158;174;209;231;247;241;264;255;278;274;311
55;30;31;54;79;90;75;107;143;163;181;222;237;258;241;260;253;275;284
56;22;35;45;64;76;86;82;121;148;183;187;236;247;260;231;264;253;265
57;17;28;46;54;59;85;88;86;122;156;191;200;230;235;263;237;272;244
58;14;24;38;48;54;65;84;92;94;134;156;194;204;231;233;257;237;272
59;19;20;30;42;52;59;76;106;96;111;130;162;203;202;217;227;261;244
60;16;28;22;37;43;50;58;91;109;110;115;135;174;198;192;222;225;262
61;24;16;32;27;29;41;47;64;94;115;116;116;150;174;187;186;210;223
62;19;26;27;36;28;32;40;55;70;86;120;114;118;150;178;185;187;215
63;21;26;28;28;36;26;33;50;55;81;89;126;119;125;150;178;190;180
64;18;23;27;36;27;30;29;41;64;58;76;88;130;124;123;155;170;188
65;13;21;24;31;36;26;29;35;49;63;61;76;93;118;127;122;148;164
66;25;13;28;29;29;34;27;38;36;55;70;65;83;93;119;131;119;158
67;8;22;20;33;27;32;35;35;48;38;58;71;69;81;101;120;134;122
68;5;10;22;25;28;27;33;43;38;45;41;56;75;65;84;101;119;132
69;7;6;9;23;26;25;32;40;51;37;45;44;53;72;62;80;100;121
70;2;8;7;11;24;28;26;44;41;50;41;46;47;54;72;63;80;99
71;9;5;6;8;10;22;28;31;40;42;51;37;46;47;54;74;63;82
72;12;12;3;7;7;10;28;27;30;43;45;53;42;46;44;57;66;67
73;10;9;13;5;7;6;12;31;28;36;40;46;55;42;51;48;59;70
74;5;11;9;12;5;8;3;18;35;25;34;40;48;49;42;50;52;60
75;4;6;12;9;11;4;8;4;20;35;27;31;37;51;50;38;47;56
76;8;4;6;11;10;14;2;11;3;21;36;29;26;38;50;49;33;43
77;3;7;3;6;11;9;12;3;13;6;22;36;30;26;40;45;51;34
78;2;3;10;3;4;12;8;18;5;13;6;22;37;30;24;37;39;48
79;3;4;4;9;3;4;8;8;22;7;14;9;24;39;27;27;37;39
80;1;2;3;4;8;4;3;9;7;22;9;13;9;25;34;26;24;38
81;1;1;5;4;4;8;4;4;10;8;20;9;12;10;21;34;23;24
82;3;1;4;6;4;3;8;4;3;7;6;24;8;13;9;19;30;22
83;2;2;2;2;6;3;2;7;3;3;8;6;18;11;12;7;21;28
84;1;3;2;1;2;7;3;2;3;4;3;8;6;17;10;10;7;20
85;1;2;5;3;1;2;6;3;2;2;3;3;8;5;15;9;12;6
86;1;2;2;3;2;2;2;3;2;1;2;3;2;6;5;12;8;13
87;0;1;3;2;2;1;4;2;4;1;1;2;3;3;4;4;11;7
88;0;0;0;8;1;2;0;3;1;3;1;1;2;3;3;2;2;10
89;0;0;0;2;8;1;2;0;2;0;3;1;1;2;3;3;3;2
90;0;0;0;0;2;5;1;3;0;1;0;3;1;1;2;3;2;3
91;0;0;0;0;0;1;3;0;2;0;1;0;0;1;1;2;2;2
92;0;0;0;1;0;0;1;0;0;1;0;1;0;0;1;1;2;2
93;0;0;0;0;0;0;0;1;0;0;1;0;0;0;0;2;1;2
94;0;0;0;0;0;0;0;0;1;0;0;1;0;0;0;0;2;1
95;0;0;0;0;0;0;0;0;0;1;0;0;1;0;0;0;0;1
96;0;0;0;1;0;0;0;0;0;0;1;0;0;1;0;0;0;0
97;0;0;0;0;1;0;0;0;0;0;0;1;0;0;0;0;0;0
98;0;0;0;0;0;1;0;0;0;0;0;0;0;0;0;0;0;0
99;0;0;0;0;0;0;1;0;0;0;0;0;0;0;0;0;0;0
100 e oltre;0;0;0;0;0;0;0;1;0;0;0;0;0;0;0;0;0;0
Totale;6961;8220;10433;12727;14096;15905;18747;21389;22978;24449;25470;26580;26695;26446;25674;25041;24873;25343
