"Popolazione per età, vista per singola area - Provincia: Verona"

"Ricostruzione della popolazione intercensuaria - Popolazione al 1° gennaio per età"
"Tutte le cittadinanze - Provincia: Verona"
Età/Anno;2002;2003;2004;2005;2006;2007;2008;2009;2010;2011;2012;2013;2014;2015;2016;2017;2018;2019
Età;Totale
0;8052;8225;8043;9091;8832;8990;9178;9455;9228;9149;8794;8594;8167;8174;7959;7762;7529;7291
1;8101;8122;8258;8156;9080;8907;9105;9224;9454;9181;9129;8811;8578;8165;8161;7976;7817;7592
2;8165;8192;8168;8306;8282;9083;8998;9178;9153;9397;9122;9177;8826;8534;8169;8147;7996;7872
3;7909;8226;8272;8238;8381;8342;9191;9092;9168;9134;9345;9124;9191;8799;8522;8138;8168;8043
4;7785;7965;8295;8340;8359;8421;8476;9241;9112;9136;9083;9385;9176;9167;8756;8490;8125;8216
5;7706;7871;8019;8339;8423;8399;8543;8595;9182;9086;9127;9130;9397;9164;9144;8704;8479;8182
6;7734;7802;7944;8121;8455;8512;8530;8628;8615;9087;9063;9148;9156;9333;9161;9099;8710;8538
7;7500;7808;7844;8020;8227;8537;8645;8635;8649;8630;9067;9099;9155;9132;9307;9108;9081;8737
8;7492;7582;7869;7897;8130;8309;8677;8729;8649;8643;8620;9100;9101;9120;9126;9273;9117;9103
9;7669;7554;7647;7934;8004;8200;8448;8780;8793;8648;8653;8659;9101;9064;9107;9087;9238;9129
10;7660;7721;7623;7731;8011;8082;8317;8549;8807;8803;8665;8692;8674;9069;9026;9071;9080;9261
11;7707;7707;7739;7673;7874;8095;8202;8438;8592;8841;8827;8678;8705;8670;9029;8987;9054;9122
12;7476;7783;7765;7806;7810;7966;8238;8316;8502;8627;8846;8859;8690;8714;8649;9020;9003;9081
13;7588;7519;7823;7823;7901;7876;8109;8357;8345;8521;8641;8909;8883;8704;8704;8632;9002;9045
14;7090;7635;7559;7856;7877;7939;8016;8235;8424;8399;8572;8674;8907;8885;8698;8711;8654;9040
15;7380;7144;7671;7600;7941;7929;8070;8136;8288;8498;8428;8612;8692;8925;8868;8647;8721;8688
16;7785;7419;7201;7704;7715;8017;8023;8206;8227;8344;8538;8467;8626;8702;8910;8854;8647;8773
17;7639;7828;7414;7258;7810;7834;8142;8131;8311;8281;8389;8564;8467;8647;8716;8911;8868;8699
18;7915;7692;7857;7476;7435;7943;7993;8336;8257;8387;8352;8457;8580;8504;8642;8739;8966;8931
19;8249;7970;7808;7914;7566;7635;8256;8250;8492;8358;8488;8444;8516;8636;8543;8672;8832;9088
20;8717;8319;8083;7921;8032;7724;8015;8576;8424;8600;8483;8628;8507;8568;8678;8628;8828;9021
21;8638;8800;8471;8200;8031;8221;8148;8360;8749;8554;8722;8645;8698;8565;8575;8730;8762;9011
22;9287;8731;9096;8681;8362;8248;8727;8513;8560;8954;8742;8858;8746;8783;8612;8639;8823;8961
23;9707;9406;9116;9342;8890;8613;8799;9157;8704;8805;9169;8964;9001;8862;8879;8696;8776;9016
24;10425;9917;9860;9443;9558;9157;9173;9242;9369;8894;8994;9429;9145;9128;8958;9000;8850;9028
25;11012;10659;10419;10195;9704;9845;9695;9617;9451;9657;9066;9231;9575;9257;9219;9084;9181;9095
26;11892;11252;11163;10760;10545;10004;10448;10122;9838;9692;9876;9304;9413;9688;9359;9376;9213;9447
27;12841;12160;11846;11541;11022;10876;10656;10804;10260;10032;9894;10139;9482;9509;9816;9516;9580;9522
28;12955;13159;12734;12354;11872;11397;11518;11064;10958;10441;10203;10149;10276;9645;9596;9963;9683;9861
29;13423;13214;13705;13178;12644;12182;12049;11841;11213;11074;10625;10408;10296;10375;9805;9696;10145;9954
30;13682;13702;13719;14120;13518;12905;12737;12410;11928;11357;11223;10828;10519;10315;10479;9895;9833;10338
31;13735;13880;14102;14011;14404;13706;13368;12967;12448;11970;11369;11393;10963;10615;10378;10540;9985;10063
32;14242;13961;14232;14339;14164;14601;14147;13586;12969;12519;11993;11524;11472;11052;10651;10476;10632;10132
33;13976;14464;14307;14418;14509;14273;15045;14314;13526;12932;12510;12096;11631;11485;11060;10694;10535;10766
34;14129;14144;14728;14453;14604;14658;14570;15184;14312;13535;12925;12647;12161;11679;11536;11072;10807;10654
35;14652;14306;14424;14876;14632;14720;14930;14698;15173;14271;13547;13012;12720;12162;11661;11559;11109;10905
36;14791;14810;14572;14634;15106;14752;15076;15080;14696;15147;14310;13611;13034;12684;12194;11709;11578;11278
37;14796;14922;15014;14777;14714;15252;15039;15232;15090;14717;15126;14376;13681;13008;12695;12169;11737;11653
38;13986;14932;15130;15071;14941;14856;15535;15190;15230;15107;14710;15205;14435;13668;13037;12676;12209;11826
39;13292;14105;15105;15249;15131;15087;15141;15665;15178;15211;15114;14783;15240;14403;13675;13082;12684;12283
40;12992;13377;14256;15223;15331;15237;15365;15225;15640;15188;15198;15179;14788;15275;14405;13628;13090;12753
41;12347;13092;13502;14306;15320;15389;15444;15483;15199;15612;15137;15241;15185;14761;15213;14399;13652;13107
42;12199;12420;13208;13612;14328;15432;15547;15538;15477;15179;15577;15180;15240;15167;14732;15189;14430;13690
43;11584;12277;12558;13272;13667;14403;15615;15601;15551;15494;15203;15608;15180;15258;15144;14724;15205;14472
44;11533;11631;12414;12648;13329;13701;14525;15670;15562;15543;15457;15232;15616;15193;15210;15099;14729;15244
45;11558;11595;11766;12493;12677;13398;13819;14583;15651;15513;15495;15496;15248;15605;15163;15189;15083;14788
46;11130;11588;11716;11847;12513;12686;13494;13877;14595;15615;15473;15514;15472;15283;15558;15118;15169;15131
47;10914;11175;11726;11763;11890;12525;12775;13539;13824;14585;15548;15519;15505;15455;15234;15556;15080;15193
48;10565;10948;11248;11748;11790;11948;12645;12840;13570;13778;14557;15555;15497;15474;15399;15216;15562;15061
49;10561;10597;11037;11312;11762;11782;12062;12707;12828;13577;13754;14569;15553;15461;15455;15371;15197;15561
50;10542;10556;10630;11063;11333;11782;11884;12087;12747;12828;13512;13752;14544;15514;15421;15413;15326;15189
51;11002;10548;10582;10649;11080;11355;11831;11923;12092;12717;12781;13514;13747;14530;15475;15326;15413;15302
52;10792;10999;10542;10593;10642;11084;11414;11836;11924;12090;12663;12792;13482;13679;14495;15435;15278;15375
53;11472;10795;11019;10529;10571;10625;11116;11433;11789;11916;12057;12647;12763;13455;13660;14431;15421;15251
54;11422;11465;10817;11015;10532;10546;10650;11096;11430;11765;11873;12033;12619;12711;13391;13595;14388;15371
55;12524;11413;11465;10807;11011;10525;10559;10645;11055;11418;11711;11876;12000;12582;12664;13346;13562;14399
56;8145;12524;11425;11440;10814;10981;10535;10565;10589;11025;11359;11699;11851;11942;12514;12628;13331;13502
57;9571;8126;12492;11400;11443;10775;10970;10524;10513;10567;10989;11354;11668;11798;11872;12459;12586;13282
58;10068;9563;8119;12469;11383;11393;10748;10942;10497;10466;10512;10981;11328;11646;11727;11845;12423;12529
59;9914;10036;9534;8102;12408;11350;11369;10731;10876;10438;10392;10499;10933;11276;11569;11662;11827;12383
60;9733;9894;9995;9518;8059;12364;11301;11331;10682;10804;10369;10364;10469;10882;11216;11513;11605;11762
61;10337;9684;9825;9974;9470;8009;12339;11210;11269;10637;10736;10329;10322;10409;10826;11167;11451;11562
62;10473;10291;9628;9779;9921;9405;7968;12274;11155;11227;10577;10690;10275;10265;10356;10747;11073;11388
63;10158;10413;10245;9567;9721;9874;9346;7930;12209;11101;11173;10527;10642;10231;10199;10277;10707;10994
64;9293;10087;10341;10174;9481;9675;9790;9299;7887;12152;11036;11103;10466;10576;10141;10116;10225;10649
65;8777;9263;10011;10255;10122;9408;9622;9707;9217;7828;12100;10955;11010;10427;10488;10065;10037;10122
66;8945;8693;9201;9939;10145;10034;9366;9564;9653;9156;7769;11989;10854;10944;10351;10412;10010;9938
67;8676;8854;8635;9107;9869;10070;9943;9301;9458;9594;9087;7704;11903;10757;10834;10258;10330;9899
68;8199;8594;8751;8542;9037;9760;9993;9845;9217;9329;9503;8992;7640;11801;10640;10738;10129;10255
69;8207;8112;8490;8653;8445;8943;9656;9902;9765;9096;9236;9422;8915;7581;11692;10547;10634;10035
70;8030;8104;8015;8376;8532;8323;8826;9572;9777;9643;9014;9120;9304;8829;7487;11558;10410;10548
71;8180;7915;7961;7911;8242;8443;8230;8749;9464;9676;9521;8899;9019;9204;8729;7392;11398;10279
72;7572;8054;7778;7827;7769;8121;8323;8101;8621;9355;9541;9405;8777;8903;9088;8629;7271;11232
73;7433;7428;7887;7637;7659;7626;7980;8170;7956;8487;9218;9402;9260;8646;8776;8959;8471;7177
74;7476;7280;7234;7747;7493;7510;7445;7829;8032;7803;8361;9078;9250;9109;8472;8624;8785;8339
75;7106;7275;7079;7057;7555;7307;7355;7304;7645;7857;7671;8202;8883;9074;8916;8331;8440;8617
76;6927;6926;7085;6871;6867;7340;7106;7218;7155;7473;7696;7496;8045;8682;8885;8724;8150;8258
77;6661;6707;6703;6941;6671;6680;7146;6917;7028;6969;7299;7513;7319;7868;8473;8684;8517;7968
78;6331;6434;6491;6489;6732;6470;6455;6944;6705;6831;6786;7085;7328;7152;7646;8262;8449;8323
79;5980;6066;6191;6261;6233;6529;6244;6219;6723;6488;6623;6568;6844;7150;6891;7395;8020;8202
80;5669;5754;5766;5938;5992;5974;6255;6011;5984;6437;6263;6399;6364;6608;6877;6666;7166;7727
81;5034;5397;5452;5464;5655;5765;5671;5948;5761;5695;6148;6024;6162;6113;6367;6562;6395;6922
82;3418;4733;5085;5180;5130;5340;5456;5407;5655;5455;5455;5867;5736;5858;5809;6056;6239;6128
83;2213;3194;4418;4800;4842;4823;5032;5092;5067;5313;5161;5172;5563;5480;5546;5494;5763;5958
84;2019;2075;2942;4097;4486;4542;4478;4695;4764;4705;4966;4807;4848;5259;5167;5248;5199;5466
85;2406;1845;1888;2736;3782;4148;4222;4167;4336;4421;4360;4608;4485;4573;4904;4818;4902;4846
86;2784;2151;1636;1720;2485;3478;3785;3868;3803;4009;4047;4019;4234;4148;4193;4556;4399;4548
87;2673;2490;1899;1483;1568;2267;3141;3462;3515;3487;3640;3644;3656;3860;3728;3828;4146;4067
88;2342;2361;2159;1681;1332;1389;2035;2792;3030;3090;3130;3261;3259;3280;3451;3364;3477;3743
89;2039;2007;1978;1846;1469;1201;1236;1776;2497;2671;2683;2726;2878;2896;2888;3088;2986;3094
90;1675;1733;1674;1694;1598;1273;1047;1093;1548;2155;2341;2285;2386;2514;2498;2515;2673;2618
91;1298;1399;1453;1410;1465;1351;1090;875;932;1304;1833;1951;1968;2054;2124;2127;2154;2304
92;928;1085;1160;1207;1173;1230;1126;910;713;774;1093;1510;1626;1636;1705;1808;1759;1815
93;712;739;839;932;1017;966;996;935;710;579;623;872;1298;1343;1318;1419;1464;1425
94;519;556;581;640;733;836;773;794;747;570;455;515;689;1040;1063;1046;1144;1154
95;362;392;425;469;492;562;653;581;623;580;438;360;406;536;785;821;808;905
96;237;256;269;314;343;377;417;490;448;496;458;329;273;301;395;618;614;607
97;163;171;177;193;209;243;282;310;367;324;383;333;222;209;217;280;451;459
98;115;125;118;127;130;148;169;196;207;247;237;287;244;165;150;167;192;337
99;83;76;79;81;83;84;104;107;147;147;176;161;192;174;100;99;126;143
100 e oltre;92;124;123;123;131;132;148;158;162;196;241;265;265;289;298;234;221;216
Totale;826890;834070;844368;853897;862458;871030;886890;898031;902367;906094;909045;914291;917081;918450;918050;918069;919179;922857
Età/Anno;2002;2003;2004;2005;2006;2007;2008;2009;2010;2011;2012;2013;2014;2015;2016;2017;2018;2019
Età;Maschi
0;4099;4300;4086;4663;4546;4591;4698;4873;4798;4715;4509;4428;4155;4190;4084;4036;3859;3755
1;4106;4123;4321;4148;4677;4586;4656;4742;4879;4765;4697;4526;4417;4157;4211;4096;4051;3889
2;4199;4145;4158;4352;4222;4683;4644;4692;4684;4841;4717;4733;4522;4401;4160;4193;4111;4080
3;3988;4229;4169;4196;4397;4251;4735;4688;4702;4689;4810;4735;4727;4523;4392;4152;4194;4159
4;3933;4028;4254;4192;4264;4405;4310;4757;4699;4692;4667;4833;4759;4716;4493;4391;4158;4212
5;4039;3972;4073;4271;4245;4276;4464;4380;4727;4677;4682;4700;4823;4757;4710;4477;4373;4182
6;4031;4089;4025;4128;4338;4289;4360;4525;4389;4682;4679;4711;4703;4761;4748;4667;4478;4420
7;3805;4058;4105;4073;4199;4387;4377;4393;4524;4406;4669;4708;4719;4684;4736;4735;4643;4494
8;3828;3847;4091;4126;4124;4255;4464;4433;4414;4503;4388;4677;4707;4701;4686;4729;4736;4671
9;3970;3867;3887;4131;4166;4147;4326;4519;4463;4423;4509;4409;4665;4692;4696;4662;4699;4744
10;3892;3998;3901;3921;4184;4207;4219;4373;4539;4475;4434;4531;4400;4649;4674;4672;4673;4711
11;3913;3912;4005;3934;3991;4226;4278;4280;4390;4548;4483;4434;4521;4393;4632;4635;4659;4685
12;3868;3946;3944;4043;3995;4034;4290;4338;4318;4408;4557;4494;4428;4523;4381;4627;4634;4667
13;3975;3897;3974;3975;4087;4023;4090;4357;4351;4333;4432;4581;4518;4439;4528;4378;4624;4665
14;3642;4017;3916;3994;4001;4111;4092;4167;4395;4386;4363;4450;4593;4512;4434;4530;4385;4644
15;3723;3667;4044;3919;4042;4035;4183;4133;4192;4426;4404;4397;4468;4617;4500;4395;4542;4412
16;4055;3754;3702;4048;3984;4082;4091;4265;4193;4230;4461;4435;4411;4480;4602;4499;4387;4577
17;3812;4066;3755;3725;4114;4045;4139;4137;4328;4217;4255;4475;4444;4423;4484;4612;4523;4426
18;4042;3837;4076;3783;3804;4166;4131;4235;4210;4360;4264;4288;4490;4483;4420;4514;4654;4568
19;4181;4072;3906;4108;3824;3903;4320;4251;4320;4247;4407;4300;4316;4512;4478;4456;4576;4735
20;4427;4212;4141;3953;4144;3886;4097;4470;4336;4371;4310;4469;4333;4331;4536;4515;4541;4705
21;4458;4454;4287;4202;3977;4215;4101;4255;4524;4408;4437;4392;4488;4358;4331;4579;4574;4665
22;4673;4493;4641;4394;4242;4060;4489;4266;4331;4610;4499;4508;4434;4522;4374;4373;4627;4696
23;4866;4727;4722;4789;4480;4334;4340;4706;4332;4425;4713;4589;4547;4453;4555;4426;4444;4741
24;5334;4957;4989;4898;4878;4584;4608;4547;4783;4380;4492;4841;4667;4597;4496;4605;4493;4585
25;5551;5453;5255;5194;5000;4991;4845;4836;4652;4896;4439;4613;4895;4720;4638;4545;4688;4628
26;6008;5664;5738;5437;5326;5098;5293;5036;4938;4735;5015;4562;4684;4942;4738;4707;4609;4846
27;6479;6132;6018;5964;5533;5453;5456;5441;5094;4996;4819;5156;4679;4704;4997;4824;4794;4790
28;6594;6644;6446;6308;6111;5692;5789;5629;5533;5189;5054;4969;5233;4759;4751;5057;4893;4951
29;6865;6722;6970;6697;6448;6222;6020;5945;5682;5603;5271;5196;5058;5274;4852;4812;5128;5052
30;7072;7023;7027;7221;6828;6554;6498;6212;5973;5754;5677;5381;5236;5096;5307;4891;4895;5280
31;7047;7182;7287;7208;7343;6915;6802;6618;6203;5960;5764;5767;5469;5295;5119;5320;4941;5006
32;7316;7194;7415;7473;7271;7446;7175;6902;6599;6217;5936;5874;5822;5518;5307;5169;5349;5045
33;7228;7442;7421;7540;7555;7313;7688;7259;6866;6556;6194;6019;5925;5820;5476;5347;5214;5443
34;7277;7270;7548;7471;7594;7590;7433;7733;7236;6822;6512;6266;6060;5947;5855;5506;5390;5291
35;7427;7359;7453;7640;7579;7630;7739;7483;7706;7179;6807;6571;6307;6066;5949;5855;5508;5460
36;7581;7502;7522;7596;7777;7657;7824;7790;7493;7668;7152;6835;6587;6285;6078;5976;5846;5616
37;7552;7665;7606;7673;7616;7833;7804;7884;7782;7494;7628;7189;6864;6571;6317;6067;6006;5903
38;7269;7614;7765;7672;7728;7666;7979;7880;7870;7768;7446;7685;7245;6856;6581;6315;6113;6057
39;6860;7340;7716;7844;7687;7784;7788;8022;7842;7789;7769;7487;7687;7219;6873;6611;6307;6140
40;6648;6913;7410;7781;7868;7770;7912;7797;7994;7805;7750;7806;7484;7715;7223;6838;6616;6371
41;6294;6708;6986;7431;7812;7907;7865;7972;7754;7952;7761;7767;7798;7486;7709;7224;6851;6628
42;6220;6333;6770;7034;7431;7849;7970;7902;7928;7738;7921;7784;7742;7785;7472;7717;7225;6878
43;5887;6275;6402;6807;7057;7458;7917;7990;7891;7902;7744;7910;7799;7747;7773;7465;7711;7280
44;5817;5906;6334;6437;6825;7047;7500;7928;7943;7841;7864;7750;7906;7798;7723;7735;7462;7730
45;5880;5846;5969;6380;6460;6843;7099;7510;7893;7881;7808;7872;7747;7883;7793;7724;7730;7487
46;5633;5895;5909;6003;6389;6454;6878;7111;7489;7830;7831;7792;7851;7763;7833;7746;7713;7767
47;5536;5653;5960;5928;6009;6379;6503;6878;7064;7449;7775;7846;7780;7829;7729;7821;7742;7725
48;5401;5555;5674;5961;5933;6029;6419;6510;6873;7004;7408;7770;7842;7770;7801;7723;7829;7747
49;5350;5422;5574;5700;5950;5915;6076;6431;6484;6850;6965;7393;7770;7812;7749;7796;7721;7838
50;5244;5344;5425;5572;5703;5951;5946;6064;6427;6452;6797;6961;7371;7742;7768;7715;7780;7700
51;5502;5244;5338;5434;5570;5699;5945;5946;6036;6386;6404;6778;6939;7356;7708;7700;7703;7766
52;5259;5497;5237;5334;5417;5569;5730;5938;5910;6002;6339;6393;6745;6886;7333;7680;7675;7688
53;5715;5258;5494;5224;5319;5409;5576;5720;5895;5891;5959;6324;6372;6710;6851;7292;7679;7654
54;5644;5701;5261;5484;5228;5301;5421;5548;5696;5864;5840;5922;6296;6339;6664;6820;7273;7668
55;6176;5622;5693;5238;5472;5209;5309;5421;5504;5667;5809;5835;5894;6272;6294;6660;6787;7272
56;4078;6162;5621;5669;5238;5446;5214;5299;5359;5471;5630;5788;5821;5874;6222;6269;6640;6753
57;4689;4058;6149;5609;5661;5202;5433;5191;5245;5319;5438;5612;5767;5776;5833;6185;6246;6604
58;4908;4674;4039;6132;5598;5628;5187;5397;5154;5198;5277;5424;5587;5764;5733;5805;6153;6216
59;4853;4881;4643;4010;6093;5565;5590;5172;5343;5120;5152;5257;5397;5537;5710;5682;5776;6117
60;4748;4835;4850;4631;3975;6051;5526;5545;5127;5298;5075;5128;5238;5356;5496;5676;5636;5741
61;5061;4700;4781;4827;4593;3933;6021;5454;5503;5084;5245;5036;5091;5206;5317;5466;5624;5616
62;5092;5025;4673;4753;4787;4560;3904;5961;5428;5453;5038;5206;4998;5051;5172;5274;5416;5594
63;4900;5038;4998;4633;4712;4738;4519;3876;5914;5397;5407;5002;5177;4957;5010;5125;5240;5364
64;4542;4856;4990;4947;4569;4685;4679;4474;3841;5878;5337;5364;4963;5134;4899;4972;5091;5197
65;4228;4503;4797;4919;4915;4518;4646;4624;4417;3826;5837;5286;5287;4925;5073;4863;4920;5016
66;4231;4177;4459;4737;4850;4849;4484;4590;4577;4362;3785;5756;5222;5243;4886;5019;4826;4847
67;4024;4166;4125;4390;4683;4800;4780;4435;4527;4529;4319;3730;5684;5173;5166;4822;4958;4762
68;3808;3965;4098;4053;4346;4605;4753;4708;4370;4430;4465;4252;3678;5630;5091;5107;4747;4914
69;3644;3742;3899;4021;3995;4271;4531;4688;4643;4290;4369;4410;4201;3639;5551;5037;5045;4694
70;3495;3558;3663;3839;3950;3919;4187;4467;4590;4575;4245;4296;4323;4140;3575;5465;4941;4982
71;3505;3411;3477;3601;3734;3898;3855;4131;4383;4520;4497;4165;4218;4259;4086;3508;5360;4852
72;3292;3417;3328;3391;3500;3650;3828;3762;4046;4305;4433;4418;4092;4134;4195;4019;3430;5270
73;3180;3190;3319;3251;3280;3415;3568;3726;3651;3956;4221;4355;4329;4012;4052;4112;3914;3370
74;3114;3091;3067;3229;3146;3189;3294;3463;3639;3562;3879;4134;4243;4226;3914;3949;4008;3824
75;2826;3000;2965;2959;3099;3039;3105;3195;3350;3525;3466;3776;4015;4138;4107;3820;3837;3891
76;2829;2720;2889;2835;2845;2976;2928;3014;3100;3259;3432;3360;3670;3875;4011;3997;3710;3716
77;2550;2702;2599;2782;2697;2734;2859;2813;2889;2989;3154;3318;3261;3556;3766;3889;3868;3606
78;2376;2415;2582;2494;2661;2569;2596;2732;2672;2786;2887;3035;3206;3148;3414;3634;3765;3750
79;2158;2221;2265;2452;2339;2542;2454;2462;2588;2563;2667;2756;2911;3093;2999;3283;3491;3631
80;1930;2017;2060;2122;2304;2201;2401;2318;2316;2445;2440;2535;2650;2774;2945;2869;3148;3309
81;1735;1778;1859;1879;1968;2177;2051;2230;2177;2149;2292;2317;2386;2506;2628;2768;2702;2996
82;1203;1535;1602;1727;1699;1783;2030;1938;2087;2009;2017;2164;2161;2222;2360;2469;2583;2552
83;739;1094;1390;1454;1555;1557;1627;1831;1754;1918;1858;1859;2007;2029;2063;2206;2317;2416
84;676;675;979;1245;1334;1417;1388;1471;1662;1585;1705;1682;1706;1844;1884;1913;2068;2180
85;752;595;589;872;1141;1211;1280;1274;1329;1509;1434;1544;1539;1578;1693;1728;1751;1892
86;847;633;502;517;769;1026;1092;1144;1131;1200;1345;1288;1369;1387;1407;1538;1532;1592
87;768;720;536;435;460;690;887;969;1004;1027;1065;1184;1132;1209;1232;1262;1362;1386
88;693;655;602;449;376;390;592;765;829;846;894;910;1010;991;1053;1074;1116;1195
89;565;584;538;498;374;328;336;513;655;712;728;753;768;861;850;907;922;962
90;467;451;476;435;428;304;278;290;431;541;625;589;629;630;709;725;759;786
91;312;367;357;393;368;357;253;216;235;348;440;493;473;527;515;581;599;633
92;236;257;301;261;307;295;283;205;182;182;294;351;383;385;421;427;457;496
93;155;171;198;217;202;240;226;219;152;136;146;222;302;306;297;342;321;353
94;99;128;133;141;170;163;186;176;159;118;101;115;156;226;243;226;259;238
95;88;67;94;98;106;124;117;133;124;117;88;76;89;112;167;161;162;203
96;33;65;41;65;69;83;94;73;95;92;88;64;59;61;81;119;112;100
97;28;18;42;32;34;46;55;69;52;62;72;59;42;41;38;47;88;81
98;23;20;10;24;23;20;25;36;44;36;43;45;44;30;25;28;27;60
99;15;15;15;4;13;12;13;10;26;25;24;28;31;29;19;16;21;22
100 e oltre;17;25;22;26;16;12;14;20;15;23;37;40;40;38;30;24;24;22
Totale;402703;406422;412417;417710;421746;425632;433870;439197;440886;442132;443287;446299;447697;448471;448540;449020;449788;452596
Età/Anno;2002;2003;2004;2005;2006;2007;2008;2009;2010;2011;2012;2013;2014;2015;2016;2017;2018;2019
Età;Femmine
0;3953;3925;3957;4428;4286;4399;4480;4582;4430;4434;4285;4166;4012;3984;3875;3726;3670;3536
1;3995;3999;3937;4008;4403;4321;4449;4482;4575;4416;4432;4285;4161;4008;3950;3880;3766;3703
2;3966;4047;4010;3954;4060;4400;4354;4486;4469;4556;4405;4444;4304;4133;4009;3954;3885;3792
3;3921;3997;4103;4042;3984;4091;4456;4404;4466;4445;4535;4389;4464;4276;4130;3986;3974;3884
4;3852;3937;4041;4148;4095;4016;4166;4484;4413;4444;4416;4552;4417;4451;4263;4099;3967;4004
5;3667;3899;3946;4068;4178;4123;4079;4215;4455;4409;4445;4430;4574;4407;4434;4227;4106;4000
6;3703;3713;3919;3993;4117;4223;4170;4103;4226;4405;4384;4437;4453;4572;4413;4432;4232;4118
7;3695;3750;3739;3947;4028;4150;4268;4242;4125;4224;4398;4391;4436;4448;4571;4373;4438;4243
8;3664;3735;3778;3771;4006;4054;4213;4296;4235;4140;4232;4423;4394;4419;4440;4544;4381;4432
9;3699;3687;3760;3803;3838;4053;4122;4261;4330;4225;4144;4250;4436;4372;4411;4425;4539;4385
10;3768;3723;3722;3810;3827;3875;4098;4176;4268;4328;4231;4161;4274;4420;4352;4399;4407;4550
11;3794;3795;3734;3739;3883;3869;3924;4158;4202;4293;4344;4244;4184;4277;4397;4352;4395;4437
12;3608;3837;3821;3763;3815;3932;3948;3978;4184;4219;4289;4365;4262;4191;4268;4393;4369;4414
13;3613;3622;3849;3848;3814;3853;4019;4000;3994;4188;4209;4328;4365;4265;4176;4254;4378;4380
14;3448;3618;3643;3862;3876;3828;3924;4068;4029;4013;4209;4224;4314;4373;4264;4181;4269;4396
15;3657;3477;3627;3681;3899;3894;3887;4003;4096;4072;4024;4215;4224;4308;4368;4252;4179;4276
16;3730;3665;3499;3656;3731;3935;3932;3941;4034;4114;4077;4032;4215;4222;4308;4355;4260;4196
17;3827;3762;3659;3533;3696;3789;4003;3994;3983;4064;4134;4089;4023;4224;4232;4299;4345;4273
18;3873;3855;3781;3693;3631;3777;3862;4101;4047;4027;4088;4169;4090;4021;4222;4225;4312;4363
19;4068;3898;3902;3806;3742;3732;3936;3999;4172;4111;4081;4144;4200;4124;4065;4216;4256;4353
20;4290;4107;3942;3968;3888;3838;3918;4106;4088;4229;4173;4159;4174;4237;4142;4113;4287;4316
21;4180;4346;4184;3998;4054;4006;4047;4105;4225;4146;4285;4253;4210;4207;4244;4151;4188;4346
22;4614;4238;4455;4287;4120;4188;4238;4247;4229;4344;4243;4350;4312;4261;4238;4266;4196;4265
23;4841;4679;4394;4553;4410;4279;4459;4451;4372;4380;4456;4375;4454;4409;4324;4270;4332;4275
24;5091;4960;4871;4545;4680;4573;4565;4695;4586;4514;4502;4588;4478;4531;4462;4395;4357;4443
25;5461;5206;5164;5001;4704;4854;4850;4781;4799;4761;4627;4618;4680;4537;4581;4539;4493;4467
26;5884;5588;5425;5323;5219;4906;5155;5086;4900;4957;4861;4742;4729;4746;4621;4669;4604;4601
27;6362;6028;5828;5577;5489;5423;5200;5363;5166;5036;5075;4983;4803;4805;4819;4692;4786;4732
28;6361;6515;6288;6046;5761;5705;5729;5435;5425;5252;5149;5180;5043;4886;4845;4906;4790;4910
29;6558;6492;6735;6481;6196;5960;6029;5896;5531;5471;5354;5212;5238;5101;4953;4884;5017;4902
30;6610;6679;6692;6899;6690;6351;6239;6198;5955;5603;5546;5447;5283;5219;5172;5004;4938;5058
31;6688;6698;6815;6803;7061;6791;6566;6349;6245;6010;5605;5626;5494;5320;5259;5220;5044;5057
32;6926;6767;6817;6866;6893;7155;6972;6684;6370;6302;6057;5650;5650;5534;5344;5307;5283;5087
33;6748;7022;6886;6878;6954;6960;7357;7055;6660;6376;6316;6077;5706;5665;5584;5347;5321;5323
34;6852;6874;7180;6982;7010;7068;7137;7451;7076;6713;6413;6381;6101;5732;5681;5566;5417;5363
35;7225;6947;6971;7236;7053;7090;7191;7215;7467;7092;6740;6441;6413;6096;5712;5704;5601;5445
36;7210;7308;7050;7038;7329;7095;7252;7290;7203;7479;7158;6776;6447;6399;6116;5733;5732;5662
37;7244;7257;7408;7104;7098;7419;7235;7348;7308;7223;7498;7187;6817;6437;6378;6102;5731;5750
38;6717;7318;7365;7399;7213;7190;7556;7310;7360;7339;7264;7520;7190;6812;6456;6361;6096;5769
39;6432;6765;7389;7405;7444;7303;7353;7643;7336;7422;7345;7296;7553;7184;6802;6471;6377;6143
40;6344;6464;6846;7442;7463;7467;7453;7428;7646;7383;7448;7373;7304;7560;7182;6790;6474;6382
41;6053;6384;6516;6875;7508;7482;7579;7511;7445;7660;7376;7474;7387;7275;7504;7175;6801;6479
42;5979;6087;6438;6578;6897;7583;7577;7636;7549;7441;7656;7396;7498;7382;7260;7472;7205;6812
43;5697;6002;6156;6465;6610;6945;7698;7611;7660;7592;7459;7698;7381;7511;7371;7259;7494;7192
44;5716;5725;6080;6211;6504;6654;7025;7742;7619;7702;7593;7482;7710;7395;7487;7364;7267;7514
45;5678;5749;5797;6113;6217;6555;6720;7073;7758;7632;7687;7624;7501;7722;7370;7465;7353;7301
46;5497;5693;5807;5844;6124;6232;6616;6766;7106;7785;7642;7722;7621;7520;7725;7372;7456;7364
47;5378;5522;5766;5835;5881;6146;6272;6661;6760;7136;7773;7673;7725;7626;7505;7735;7338;7468
48;5164;5393;5574;5787;5857;5919;6226;6330;6697;6774;7149;7785;7655;7704;7598;7493;7733;7314
49;5211;5175;5463;5612;5812;5867;5986;6276;6344;6727;6789;7176;7783;7649;7706;7575;7476;7723
50;5298;5212;5205;5491;5630;5831;5938;6023;6320;6376;6715;6791;7173;7772;7653;7698;7546;7489
51;5500;5304;5244;5215;5510;5656;5886;5977;6056;6331;6377;6736;6808;7174;7767;7626;7710;7536
52;5533;5502;5305;5259;5225;5515;5684;5898;6014;6088;6324;6399;6737;6793;7162;7755;7603;7687
53;5757;5537;5525;5305;5252;5216;5540;5713;5894;6025;6098;6323;6391;6745;6809;7139;7742;7597
54;5778;5764;5556;5531;5304;5245;5229;5548;5734;5901;6033;6111;6323;6372;6727;6775;7115;7703
55;6348;5791;5772;5569;5539;5316;5250;5224;5551;5751;5902;6041;6106;6310;6370;6686;6775;7127
56;4067;6362;5804;5771;5576;5535;5321;5266;5230;5554;5729;5911;6030;6068;6292;6359;6691;6749
57;4882;4068;6343;5791;5782;5573;5537;5333;5268;5248;5551;5742;5901;6022;6039;6274;6340;6678
58;5160;4889;4080;6337;5785;5765;5561;5545;5343;5268;5235;5557;5741;5882;5994;6040;6270;6313
59;5061;5155;4891;4092;6315;5785;5779;5559;5533;5318;5240;5242;5536;5739;5859;5980;6051;6266
60;4985;5059;5145;4887;4084;6313;5775;5786;5555;5506;5294;5236;5231;5526;5720;5837;5969;6021
61;5276;4984;5044;5147;4877;4076;6318;5756;5766;5553;5491;5293;5231;5203;5509;5701;5827;5946
62;5381;5266;4955;5026;5134;4845;4064;6313;5727;5774;5539;5484;5277;5214;5184;5473;5657;5794
63;5258;5375;5247;4934;5009;5136;4827;4054;6295;5704;5766;5525;5465;5274;5189;5152;5467;5630
64;4751;5231;5351;5227;4912;4990;5111;4825;4046;6274;5699;5739;5503;5442;5242;5144;5134;5452
65;4549;4760;5214;5336;5207;4890;4976;5083;4800;4002;6263;5669;5723;5502;5415;5202;5117;5106
66;4714;4516;4742;5202;5295;5185;4882;4974;5076;4794;3984;6233;5632;5701;5465;5393;5184;5091
67;4652;4688;4510;4717;5186;5270;5163;4866;4931;5065;4768;3974;6219;5584;5668;5436;5372;5137
68;4391;4629;4653;4489;4691;5155;5240;5137;4847;4899;5038;4740;3962;6171;5549;5631;5382;5341
69;4563;4370;4591;4632;4450;4672;5125;5214;5122;4806;4867;5012;4714;3942;6141;5510;5589;5341
70;4535;4546;4352;4537;4582;4404;4639;5105;5187;5068;4769;4824;4981;4689;3912;6093;5469;5566
71;4675;4504;4484;4310;4508;4545;4375;4618;5081;5156;5024;4734;4801;4945;4643;3884;6038;5427
72;4280;4637;4450;4436;4269;4471;4495;4339;4575;5050;5108;4987;4685;4769;4893;4610;3841;5962
73;4253;4238;4568;4386;4379;4211;4412;4444;4305;4531;4997;5047;4931;4634;4724;4847;4557;3807
74;4362;4189;4167;4518;4347;4321;4151;4366;4393;4241;4482;4944;5007;4883;4558;4675;4777;4515
75;4280;4275;4114;4098;4456;4268;4250;4109;4295;4332;4205;4426;4868;4936;4809;4511;4603;4726
76;4098;4206;4196;4036;4022;4364;4178;4204;4055;4214;4264;4136;4375;4807;4874;4727;4440;4542
77;4111;4005;4104;4159;3974;3946;4287;4104;4139;3980;4145;4195;4058;4312;4707;4795;4649;4362
78;3955;4019;3909;3995;4071;3901;3859;4212;4033;4045;3899;4050;4122;4004;4232;4628;4684;4573
79;3822;3845;3926;3809;3894;3987;3790;3757;4135;3925;3956;3812;3933;4057;3892;4112;4529;4571
80;3739;3737;3706;3816;3688;3773;3854;3693;3668;3992;3823;3864;3714;3834;3932;3797;4018;4418
81;3299;3619;3593;3585;3687;3588;3620;3718;3584;3546;3856;3707;3776;3607;3739;3794;3693;3926
82;2215;3198;3483;3453;3431;3557;3426;3469;3568;3446;3438;3703;3575;3636;3449;3587;3656;3576
83;1474;2100;3028;3346;3287;3266;3405;3261;3313;3395;3303;3313;3556;3451;3483;3288;3446;3542
84;1343;1400;1963;2852;3152;3125;3090;3224;3102;3120;3261;3125;3142;3415;3283;3335;3131;3286
85;1654;1250;1299;1864;2641;2937;2942;2893;3007;2912;2926;3064;2946;2995;3211;3090;3151;2954
86;1937;1518;1134;1203;1716;2452;2693;2724;2672;2809;2702;2731;2865;2761;2786;3018;2867;2956
87;1905;1770;1363;1048;1108;1577;2254;2493;2511;2460;2575;2460;2524;2651;2496;2566;2784;2681
88;1649;1706;1557;1232;956;999;1443;2027;2201;2244;2236;2351;2249;2289;2398;2290;2361;2548
89;1474;1423;1440;1348;1095;873;900;1263;1842;1959;1955;1973;2110;2035;2038;2181;2064;2132
90;1208;1282;1198;1259;1170;969;769;803;1117;1614;1716;1696;1757;1884;1789;1790;1914;1832
91;986;1032;1096;1017;1097;994;837;659;697;956;1393;1458;1495;1527;1609;1546;1555;1671
92;692;828;859;946;866;935;843;705;531;592;799;1159;1243;1251;1284;1381;1302;1319
93;557;568;641;715;815;726;770;716;558;443;477;650;996;1037;1021;1077;1143;1072
94;420;428;448;499;563;673;587;618;588;452;354;400;533;814;820;820;885;916
95;274;325;331;371;386;438;536;448;499;463;350;284;317;424;618;660;646;702
96;204;191;228;249;274;294;323;417;353;404;370;265;214;240;314;499;502;507
97;135;153;135;161;175;197;227;241;315;262;311;274;180;168;179;233;363;378
98;92;105;108;103;107;128;144;160;163;211;194;242;200;135;125;139;165;277
99;68;61;64;77;70;72;91;97;121;122;152;133;161;145;81;83;105;121
100 e oltre;75;99;101;97;115;120;134;138;147;173;204;225;225;251;268;210;197;194
Totale;424187;427648;431951;436187;440712;445398;453020;458834;461481;463962;465758;467992;469384;469979;469510;469049;469391;470261

"Ricostruzione della popolazione intercensuaria - Popolazione al 1° gennaio per età"
"Cittadinanza italiana - Provincia: Verona"
Età/Anno;2002;2003;2004;2005;2006;2007;2008;2009;2010;2011;2012;2013;2014;2015;2016;2017;2018;2019
Età;Totale
0;7154;7214;7221;7484;7344;7372;7376;7339;7172;7081;6847;6561;6212;6171;6088;6082;5746;5670
1;7350;7199;7248;7258;7526;7407;7420;7414;7371;7166;7102;6799;6544;6243;6288;6189;6224;5856
2;7434;7413;7254;7290;7293;7571;7425;7443;7402;7366;7164;7108;6831;6596;6398;6420;6282;6277
3;7316;7499;7464;7314;7334;7304;7620;7452;7462;7408;7361;7142;7141;6884;6733;6496;6520;6335
4;7230;7363;7566;7502;7358;7361;7332;7659;7473;7472;7398;7366;7190;7214;7009;6833;6587;6568
5;7237;7293;7402;7586;7525;7397;7416;7375;7664;7481;7492;7413;7419;7289;7333;7127;6916;6630
6;7246;7291;7333;7444;7622;7578;7428;7454;7391;7652;7477;7499;7468;7505;7454;7459;7216;6977
7;7085;7300;7335;7380;7488;7657;7601;7448;7470;7428;7667;7505;7570;7574;7662;7600;7571;7258
8;7090;7138;7356;7343;7421;7533;7693;7636;7457;7481;7418;7686;7579;7669;7707;7802;7689;7621
9;7308;7119;7179;7379;7379;7438;7574;7721;7658;7490;7478;7450;7770;7680;7811;7814;7884;7726
10;7336;7331;7163;7225;7392;7414;7474;7615;7736;7677;7500;7513;7524;7861;7809;7921;7877;7919
11;7382;7348;7343;7170;7264;7424;7446;7516;7643;7749;7691;7537;7572;7623;7953;7906;7965;7899
12;7112;7411;7378;7360;7196;7306;7475;7465;7539;7669;7738;7720;7612;7672;7723;8021;7956;7984
13;7273;7125;7421;7384;7370;7220;7346;7509;7464;7556;7661;7781;7788;7709;7742;7797;8045;7957
14;6731;7296;7139;7421;7358;7359;7247;7381;7524;7486;7562;7659;7837;7863;7804;7830;7826;8061
15;7010;6763;7326;7160;7409;7354;7387;7271;7406;7556;7482;7582;7692;7911;7922;7840;7850;7814
16;7449;7023;6795;7322;7167;7406;7350;7402;7292;7436;7551;7472;7616;7751;7960;7970;7843;7859
17;7302;7468;7023;6815;7344;7182;7413;7359;7414;7308;7433;7556;7485;7680;7809;8012;8007;7846
18;7526;7306;7484;7059;6851;7367;7213;7462;7409;7457;7364;7513;7649;7630;7788;7928;8138;8127
19;7845;7567;7341;7502;7074;6911;7426;7235;7465;7433;7471;7410;7539;7709;7656;7818;7988;8198
20;8298;7891;7604;7386;7537;7111;6982;7458;7253;7463;7424;7496;7394;7551;7714;7667;7843;7999
21;8158;8340;7912;7632;7410;7566;7139;7011;7470;7247;7478;7452;7492;7390;7545;7701;7707;7844
22;8758;8196;8375;7960;7674;7445;7611;7170;7027;7510;7279;7497;7462;7488;7419;7575;7725;7735
23;9106;8822;8240;8413;8016;7727;7488;7665;7195;7050;7547;7319;7516;7501;7563;7478;7621;7756
24;9706;9198;8887;8290;8449;8052;7790;7528;7673;7202;7102;7608;7362;7572;7559;7618;7529;7684
25;10197;9746;9306;8946;8315;8538;8099;7832;7553;7725;7253;7139;7637;7395;7629;7638;7678;7573
26;10996;10298;9808;9337;9032;8402;8567;8155;7898;7630;7782;7315;7180;7665;7472;7710;7687;7729
27;11847;11064;10375;9870;9399;9127;8493;8607;8177;7945;7691;7847;7355;7224;7757;7564;7811;7807
28;11916;11968;11108;10484;9946;9485;9220;8533;8675;8196;8027;7770;7846;7404;7296;7839;7691;7925
29;12241;12001;12052;11185;10553;10034;9557;9257;8564;8699;8265;8081;7801;7901;7515;7349;7940;7792
30;12520;12316;12035;12122;11259;10618;10103;9647;9273;8614;8793;8320;8125;7811;7997;7579;7452;7989
31;12544;12579;12345;12075;12207;11295;10677;10172;9672;9326;8648;8839;8337;8158;7899;8048;7647;7563
32;13008;12612;12584;12373;12087;12277;11378;10693;10146;9724;9342;8712;8842;8406;8210;7986;8136;7711
33;12693;13110;12679;12608;12429;12153;12394;11440;10716;10171;9780;9379;8760;8853;8466;8292;8081;8195
34;12898;12784;13099;12690;12691;12500;12207;12419;11465;10736;10236;9818;9402;8798;8933;8501;8377;8142
35;13630;13025;12862;13134;12784;12762;12560;12309;12462;11532;10844;10265;9846;9465;8847;9009;8573;8446
36;13737;13742;13058;12920;13252;12855;12866;12673;12348;12521;11636;10889;10308;9895;9526;8956;9103;8672
37;13767;13804;13748;13100;12949;13324;12894;12937;12712;12404;12552;11683;10957;10343;10003;9604;9070;9179
38;13073;13822;13821;13707;13138;13018;13353;12937;12927;12755;12405;12614;11733;10992;10445;10117;9664;9123
39;12414;13113;13844;13820;13708;13218;13046;13366;12960;12943;12779;12491;12668;11785;11102;10570;10198;9730
40;12264;12459;13108;13853;13820;13757;13238;13065;13362;13006;12972;12834;12553;12770;11919;11193;10673;10243
41;11618;12305;12459;13080;13902;13846;13780;13303;13088;13387;13017;13019;12875;12605;12832;12031;11295;10724
42;11598;11641;12293;12480;13085;13972;13891;13838;13346;13128;13407;13056;13065;12954;12681;12921;12127;11341
43;10997;11659;11656;12320;12514;13143;14064;13925;13877;13425;13210;13468;13101;13153;13047;12763;12999;12158
44;10999;11035;11691;11694;12367;12568;13174;14124;13963;13924;13489;13243;13521;13178;13239;13104;12820;13032
45;11074;11041;11058;11734;11700;12421;12586;13198;14134;13983;13944;13532;13311;13590;13258;13291;13178;12865
46;10711;11097;11093;11094;11761;11707;12428;12621;13237;14166;13994;13964;13558;13413;13648;13297;13335;13207
47;10499;10741;11103;11106;11122;11771;11709;12449;12594;13257;14143;14013;13988;13621;13462;13730;13330;13357
48;10255;10522;10733;11104;11107;11161;11784;11709;12443;12584;13246;14145;14034;14047;13698;13510;13764;13306
49;10247;10266;10538;10756;11109;11100;11186;11787;11692;12445;12553;13245;14161;14064;14104;13719;13549;13747
50;10294;10247;10245;10540;10762;11117;11123;11172;11798;11692;12406;12540;13239;14191;14087;14141;13743;13532
51;10734;10282;10229;10232;10542;10754;11105;11121;11172;11780;11677;12403;12547;13277;14229;14067;14170;13716
52;10610;10720;10249;10202;10201;10560;10761;11087;11110;11152;11740;11693;12370;12552;13319;14236;14069;14115
53;11285;10611;10702;10218;10167;10192;10537;10744;11055;11099;11139;11728;11685;12382;12567;13320;14252;14054
54;11251;11279;10601;10688;10205;10149;10174;10519;10741;11033;11051;11116;11715;11672;12388;12548;13317;14214
55;12409;11232;11256;10573;10665;10193;10138;10158;10500;10724;10998;11035;11082;11709;11663;12388;12546;13309
56;8015;12400;11220;11213;10560;10624;10172;10130;10100;10466;10698;10961;11019;11071;11680;11664;12387;12517
57;9459;7983;12353;11185;11210;10532;10594;10134;10084;10077;10428;10676;10934;10991;11052;11669;11658;12337
58;9943;9441;7967;12318;11166;11173;10499;10550;10105;10043;10032;10405;10643;10931;10967;11052;11648;11598
59;9813;9909;9401;7948;12255;11142;11141;10469;10499;10071;9994;10007;10363;10597;10885;10925;11035;11611
60;9624;9786;9864;9376;7899;12207;11090;11095;10431;10440;10016;9952;9971;10323;10574;10844;10881;10990
61;10232;9574;9714;9840;9331;7851;12167;10998;11049;10391;10380;9969;9911;9924;10272;10551;10801;10856
62;10394;10181;9528;9671;9793;9272;7802;12092;10942;11009;10336;10330;9919;9856;9883;10216;10483;10751
63;10073;10324;10130;9463;9616;9743;9215;7757;12023;10885;10956;10271;10281;9874;9807;9832;10198;10413
64;9223;9998;10253;10056;9374;9566;9665;9164;7716;11964;10815;10887;10194;10222;9813;9741;9786;10135
65;8700;9186;9927;10176;10003;9308;9512;9583;9083;7661;11901;10738;10780;10157;10151;9748;9677;9704
66;8886;8623;9121;9851;10061;9912;9263;9436;9530;9019;7598;11790;10635;10713;10089;10073;9692;9565
67;8615;8786;8556;9020;9779;9988;9813;9193;9329;9467;8935;7531;11701;10544;10596;10002;9990;9585
68;8140;8528;8683;8456;8952;9671;9907;9712;9110;9194;9373;8837;7463;11598;10440;10506;9881;9919
69;8155;8050;8423;8585;8360;8862;9568;9810;9629;8985;9101;9281;8754;7406;11481;10352;10408;9793
70;7986;8046;7949;8305;8471;8240;8745;9477;9686;9517;8900;8989;9155;8669;7317;11351;10220;10312
71;8137;7870;7908;7837;8174;8381;8152;8655;9365;9587;9387;8778;8879;9063;8573;7219;11203;10090
72;7537;8010;7731;7771;7702;8057;8263;8016;8524;9252;9451;9263;8655;8760;8951;8467;7105;11033
73;7389;7390;7840;7595;7605;7564;7916;8104;7871;8402;9113;9307;9108;8527;8634;8820;8317;7013
74;7448;7240;7197;7699;7457;7460;7390;7768;7962;7718;8277;8974;9157;8956;8364;8485;8651;8183
75;7087;7243;7040;7026;7507;7272;7308;7247;7580;7790;7583;8116;8783;8983;8765;8223;8302;8481
76;6891;6904;7053;6834;6838;7295;7071;7173;7101;7418;7620;7404;7956;8579;8798;8572;8050;8123
77;6644;6675;6682;6905;6634;6655;7107;6882;6983;6918;7240;7433;7234;7783;8376;8596;8372;7870
78;6318;6416;6460;6463;6698;6433;6433;6904;6670;6790;6736;7023;7247;7064;7571;8164;8368;8177
79;5962;6052;6174;6227;6204;6495;6211;6195;6689;6457;6586;6518;6788;7076;6807;7323;7926;8122
80;5654;5735;5754;5919;5961;5948;6222;5980;5961;6408;6232;6360;6319;6562;6808;6589;7101;7632
81;5014;5378;5434;5452;5638;5733;5649;5916;5729;5673;6121;5991;6124;6067;6317;6494;6328;6858
82;3407;4713;5067;5164;5121;5324;5427;5385;5624;5427;5432;5838;5707;5824;5770;6008;6174;6062
83;2202;3184;4401;4784;4828;4814;5019;5067;5046;5289;5131;5150;5536;5449;5512;5455;5722;5893
84;2006;2065;2930;4081;4474;4531;4468;4685;4739;4686;4945;4778;4830;5233;5138;5214;5159;5429
85;2395;1834;1880;2723;3767;4136;4212;4160;4330;4398;4344;4587;4462;4553;4883;4793;4871;4808
86;2776;2142;1629;1711;2474;3466;3776;3859;3796;4002;4025;4002;4212;4125;4178;4536;4378;4519
87;2661;2483;1891;1476;1560;2257;3132;3452;3505;3480;3634;3622;3639;3838;3707;3816;4128;4046
88;2330;2349;2154;1673;1325;1382;2027;2784;3019;3086;3123;3256;3241;3260;3432;3344;3467;3724
89;2036;1998;1969;1843;1462;1195;1229;1769;2490;2661;2680;2720;2873;2882;2871;3071;2970;3086
90;1669;1730;1668;1687;1595;1269;1041;1087;1541;2150;2330;2282;2380;2510;2487;2500;2660;2602
91;1292;1393;1451;1405;1459;1347;1087;871;928;1299;1828;1943;1965;2048;2121;2117;2141;2293
92;927;1080;1155;1205;1168;1225;1122;907;709;771;1086;1505;1622;1633;1700;1805;1750;1804
93;710;738;836;927;1015;961;990;932;709;577;620;868;1293;1339;1315;1414;1462;1415
94;519;554;580;638;728;834;767;790;744;569;454;512;685;1037;1060;1043;1139;1153
95;361;392;425;467;489;558;652;579;620;577;437;359;403;532;783;819;805;904
96;236;255;269;313;341;374;413;489;446;493;455;329;272;298;393;616;613;606
97;161;171;177;190;208;241;281;306;366;323;380;331;221;209;214;278;449;459
98;115;123;118;127;128;147;168;195;206;247;236;284;242;165;150;165;190;335
99;83;76;77;81;82;82;103;106;146;147;176;160;190;172;100;99;124;141
100 e oltre;92;123;121;121;129;130;146;157;161;196;241;265;264;288;296;233;219;214
Totale;791085;794166;795687;797931;800180;803136;805699;807805;808566;809510;810072;810422;810876;812700;814768;816729;817719;817257
Età/Anno;2002;2003;2004;2005;2006;2007;2008;2009;2010;2011;2012;2013;2014;2015;2016;2017;2018;2019
Età;Maschi
0;3624;3779;3668;3844;3770;3766;3757;3774;3719;3658;3505;3390;3172;3183;3134;3149;2960;2911
1;3724;3634;3800;3694;3877;3805;3799;3798;3806;3718;3661;3477;3375;3202;3265;3194;3211;3019
2;3811;3750;3671;3826;3713;3905;3822;3804;3783;3800;3709;3667;3493;3398;3282;3324;3245;3243
3;3692;3846;3776;3704;3849;3720;3928;3835;3826;3796;3800;3713;3682;3531;3459;3339;3366;3291
4;3629;3731;3872;3788;3730;3845;3734;3944;3845;3838;3786;3803;3736;3718;3587;3512;3385;3387
5;3807;3651;3767;3877;3799;3741;3871;3754;3944;3842;3842;3796;3821;3791;3780;3655;3547;3401
6;3785;3834;3678;3791;3905;3826;3763;3894;3761;3947;3849;3858;3815;3842;3888;3838;3704;3587
7;3577;3808;3852;3710;3826;3934;3841;3775;3900;3772;3960;3878;3896;3878;3908;3965;3879;3727
8;3625;3605;3838;3848;3735;3862;3954;3863;3793;3902;3766;3971;3914;3953;3942;3974;4003;3916
9;3776;3638;3632;3853;3864;3743;3891;3963;3876;3813;3902;3791;4007;3971;4022;3992;4019;4020
10;3717;3787;3655;3659;3861;3886;3769;3920;3976;3887;3813;3918;3819;4052;4037;4073;4035;4044
11;3760;3716;3793;3665;3682;3875;3905;3795;3934;3975;3893;3835;3946;3864;4092;4068;4096;4049
12;3675;3772;3727;3807;3673;3698;3899;3914;3818;3953;3969;3910;3871;4000;3906;4126;4090;4103
13;3813;3687;3783;3729;3806;3684;3715;3917;3913;3831;3952;3990;3958;3920;4034;3950;4139;4091
14;3451;3837;3693;3786;3715;3804;3692;3740;3927;3922;3834;3951;4029;3996;3965;4074;3964;4149
15;3542;3462;3851;3696;3778;3722;3820;3695;3749;3941;3915;3853;3970;4074;4021;3973;4084;3959
16;3882;3555;3477;3844;3698;3774;3722;3831;3709;3769;3944;3906;3870;3997;4106;4044;3974;4092
17;3643;3889;3561;3493;3864;3705;3778;3718;3836;3713;3767;3944;3915;3910;4024;4135;4073;3982
18;3848;3644;3895;3589;3512;3875;3725;3806;3747;3867;3757;3806;3995;3999;3969;4083;4198;4136
19;3970;3875;3661;3916;3605;3546;3911;3737;3825;3761;3874;3777;3818;4023;4005;3988;4108;4225
20;4220;3997;3903;3685;3935;3623;3580;3924;3750;3831;3754;3883;3778;3829;4030;4017;3989;4098
21;4227;4238;4012;3924;3702;3948;3642;3597;3928;3765;3847;3781;3879;3780;3825;4036;4026;3994
22;4431;4248;4261;4039;3937;3734;3975;3657;3609;3961;3783;3863;3795;3885;3791;3850;4046;4040
23;4612;4462;4271;4294;4084;3967;3760;4007;3661;3627;3988;3799;3867;3810;3934;3827;3873;4067
24;5013;4658;4493;4297;4320;4100;4001;3794;4016;3652;3653;4022;3810;3894;3843;3964;3850;3904
25;5208;5032;4729;4546;4320;4373;4127;4032;3830;4039;3678;3688;4042;3834;3913;3880;3988;3870
26;5625;5277;5081;4742;4599;4356;4390;4151;4066;3868;4079;3719;3702;4047;3853;3948;3912;4009
27;6046;5691;5331;5108;4774;4651;4420;4406;4162;4067;3906;4114;3766;3719;4095;3896;3996;3974
28;6134;6124;5715;5415;5162;4817;4701;4442;4444;4187;4099;3940;4123;3796;3745;4137;3961;4043
29;6284;6175;6185;5761;5469;5197;4842;4718;4445;4474;4234;4138;3951;4142;3837;3775;4169;4011
30;6466;6323;6200;6237;5781;5480;5239;4891;4727;4459;4528;4263;4144;3969;4161;3869;3828;4198
31;6429;6512;6360;6218;6270;5810;5515;5267;4897;4721;4499;4526;4262;4162;3994;4177;3884;3856
32;6631;6491;6535;6407;6232;6318;5849;5506;5240;4903;4722;4520;4519;4290;4178;4034;4206;3898
33;6514;6672;6537;6550;6437;6262;6368;5858;5507;5241;4909;4743;4532;4516;4283;4218;4073;4229
34;6573;6519;6628;6508;6574;6439;6259;6345;5839;5467;5249;4900;4744;4534;4555;4303;4253;4091
35;6845;6610;6551;6623;6538;6585;6435;6283;6339;5839;5488;5243;4901;4776;4557;4571;4326;4275
36;6969;6885;6618;6572;6686;6574;6624;6472;6298;6356;5855;5479;5249;4931;4792;4620;4605;4353
37;6961;6997;6870;6649;6574;6708;6577;6635;6491;6327;6361;5853;5493;5274;4993;4834;4679;4644
38;6744;6957;6992;6856;6654;6585;6725;6583;6631;6518;6309;6386;5867;5498;5306;5057;4879;4696
39;6352;6753;6958;6981;6847;6681;6588;6711;6589;6621;6533;6355;6394;5882;5555;5380;5086;4902
40;6215;6364;6732;6957;6961;6873;6668;6589;6716;6608;6639;6548;6375;6447;5958;5603;5423;5109
41;5850;6233;6357;6698;6963;6975;6878;6723;6605;6750;6624;6649;6558;6416;6495;6026;5658;5451
42;5854;5846;6238;6364;6695;7001;6991;6919;6755;6661;6793;6655;6654;6606;6446;6565;6073;5684
43;5533;5896;5871;6263;6393;6733;7056;7021;6964;6827;6742;6801;6683;6704;6665;6498;6604;6105
44;5520;5538;5921;5896;6291;6406;6754;7093;7043;7001;6892;6771;6825;6736;6739;6701;6527;6622
45;5598;5534;5553;5953;5904;6320;6408;6759;7100;7063;7035;6916;6805;6853;6798;6786;6752;6542
46;5384;5601;5568;5565;5975;5905;6307;6425;6786;7106;7083;7042;6931;6872;6870;6816;6811;6771
47;5280;5393;5606;5575;5571;5986;5907;6306;6411;6799;7094;7100;7060;6967;6896;6903;6835;6816
48;5227;5292;5386;5605;5572;5587;5981;5903;6310;6400;6789;7100;7121;7107;7012;6923;6933;6827
49;5172;5228;5288;5392;5596;5563;5596;5972;5893;6317;6383;6771;7117;7147;7135;7032;6939;6925
50;5102;5170;5213;5281;5397;5594;5573;5585;5977;5884;6291;6375;6763;7143;7154;7151;7041;6908
51;5347;5097;5147;5209;5277;5387;5572;5567;5581;5961;5862;6286;6382;6797;7163;7135;7158;7017
52;5159;5332;5081;5128;5194;5284;5395;5558;5557;5567;5928;5863;6258;6389;6823;7162;7129;7127
53;5622;5159;5329;5068;5109;5191;5269;5382;5546;5546;5551;5916;5868;6258;6389;6821;7176;7116
54;5554;5605;5151;5324;5068;5095;5181;5255;5375;5538;5508;5535;5906;5868;6260;6380;6818;7162
55;6112;5531;5591;5127;5304;5052;5092;5173;5233;5364;5509;5500;5513;5906;5861;6275;6358;6807
56;4020;6094;5516;5556;5111;5275;5045;5086;5130;5211;5354;5489;5493;5517;5885;5859;6259;6341
57;4640;3991;6075;5505;5545;5083;5253;5019;5050;5111;5186;5337;5475;5470;5508;5876;5851;6221
58;4869;4622;3972;6052;5485;5517;5067;5216;4998;5014;5078;5175;5313;5482;5455;5502;5854;5815
59;4806;4836;4589;3943;6013;5458;5485;5050;5179;4979;4977;5058;5160;5274;5450;5423;5487;5823
60;4706;4786;4801;4574;3911;5979;5426;5441;5016;5145;4939;4953;5038;5133;5256;5426;5391;5459
61;5009;4656;4728;4781;4534;3868;5944;5362;5405;4982;5100;4900;4925;5014;5099;5240;5390;5375
62;5061;4973;4627;4701;4739;4504;3839;5891;5335;5365;4947;5063;4866;4887;4991;5061;5196;5363
63;4862;5005;4941;4587;4664;4692;4464;3810;5847;5306;5322;4909;5037;4828;4854;4952;5043;5152
64;4504;4812;4953;4890;4523;4632;4634;4418;3782;5807;5246;5285;4864;4999;4783;4822;4927;5001
65;4187;4464;4757;4888;4859;4471;4594;4581;4360;3766;5767;5195;5208;4834;4947;4752;4777;4865
66;4201;4140;4420;4697;4813;4797;4437;4535;4538;4314;3725;5688;5127;5161;4798;4893;4717;4701
67;4004;4132;4085;4350;4642;4762;4719;4390;4472;4486;4263;3673;5621;5086;5086;4737;4833;4657
68;3777;3944;4060;4014;4305;4567;4712;4650;4323;4378;4421;4195;3624;5559;5014;5027;4663;4795
69;3625;3712;3875;3983;3958;4232;4494;4646;4587;4243;4320;4363;4143;3587;5477;4959;4967;4610
70;3481;3535;3630;3811;3913;3884;4149;4425;4551;4521;4196;4246;4276;4083;3525;5389;4871;4900
71;3486;3395;3457;3568;3708;3863;3822;4093;4341;4485;4441;4109;4163;4214;4032;3456;5290;4785
72;3276;3399;3311;3369;3469;3626;3794;3727;4007;4260;4397;4363;4035;4082;4155;3962;3385;5196
73;3161;3174;3301;3235;3260;3386;3542;3689;3617;3925;4176;4315;4267;3958;4000;4072;3863;3326
74;3100;3070;3051;3210;3131;3171;3271;3440;3600;3527;3849;4090;4203;4164;3864;3900;3968;3773
75;2819;2982;2946;2945;3081;3024;3088;3174;3325;3490;3432;3747;3972;4101;4046;3770;3789;3851
76;2818;2712;2870;2818;2830;2961;2913;2993;3079;3240;3395;3324;3642;3832;3976;3934;3663;3670
77;2547;2692;2593;2763;2680;2720;2847;2799;2869;2969;3134;3280;3226;3527;3725;3857;3807;3563
78;2372;2409;2572;2487;2642;2553;2584;2720;2657;2768;2867;3012;3168;3110;3388;3594;3736;3694
79;2147;2217;2259;2443;2331;2522;2442;2450;2579;2549;2650;2736;2890;3061;2963;3256;3452;3601
80;1923;2007;2056;2116;2294;2193;2382;2307;2305;2439;2426;2518;2635;2759;2920;2834;3123;3268
81;1725;1771;1851;1875;1963;2166;2043;2212;2166;2138;2287;2301;2368;2490;2613;2744;2672;2973
82;1196;1526;1595;1717;1696;1779;2020;1930;2068;1999;2006;2159;2146;2206;2346;2455;2560;2522
83;732;1087;1384;1450;1546;1554;1624;1822;1747;1901;1847;1850;2003;2014;2048;2192;2304;2392
84;669;668;971;1239;1331;1409;1385;1471;1652;1580;1691;1670;1698;1841;1873;1897;2053;2168
85;748;589;583;865;1135;1208;1274;1274;1328;1500;1431;1530;1529;1568;1690;1718;1736;1879
86;846;630;498;512;763;1021;1089;1138;1131;1198;1336;1285;1356;1379;1399;1532;1527;1579
87;764;719;533;431;455;686;883;966;999;1026;1064;1174;1129;1198;1226;1255;1357;1380
88;688;651;601;446;372;386;588;761;826;844;893;909;1004;988;1044;1068;1111;1191
89;564;579;535;498;372;325;332;510;653;709;726;752;767;856;848;901;917;958
90;466;450;472;431;428;303;275;286;428;540;622;587;627;630;705;722;753;780
91;310;366;356;389;364;357;252;214;232;347;439;491;471;524;515;578;596;629
92;235;255;300;260;303;292;283;204;179;180;292;350;382;383;418;427;455;493
93;155;170;197;216;201;236;223;219;152;135;144;220;301;305;295;339;321;351
94;99;128;132;140;169;162;182;175;159;118;100;113;154;225;242;224;256;238
95;88;67;94;97;105;123;117;131;123;117;88;75;87;110;166;161;160;203
96;32;65;41;65;68;82;93;73;93;91;88;64;58;59;80;118;112;99
97;28;18;42;32;34;45;55;68;52;61;71;59;42;41;36;46;87;81
98;23;20;10;24;23;20;25;36;44;36;42;44;44;30;25;27;26;59
99;15;15;15;4;13;12;13;10;26;25;24;27;30;29;19;16;20;21
100 e oltre;17;24;20;24;14;11;14;20;15;23;37;40;39;38;30;24;23;21
Totale;383965;385497;386587;387937;389223;390793;392258;393418;394033;394868;395531;396000;396345;397722;399145;400623;401292;401295
Età/Anno;2002;2003;2004;2005;2006;2007;2008;2009;2010;2011;2012;2013;2014;2015;2016;2017;2018;2019
Età;Femmine
0;3530;3435;3553;3640;3574;3606;3619;3565;3453;3423;3342;3171;3040;2988;2954;2933;2786;2759
1;3626;3565;3448;3564;3649;3602;3621;3616;3565;3448;3441;3322;3169;3041;3023;2995;3013;2837
2;3623;3663;3583;3464;3580;3666;3603;3639;3619;3566;3455;3441;3338;3198;3116;3096;3037;3034
3;3624;3653;3688;3610;3485;3584;3692;3617;3636;3612;3561;3429;3459;3353;3274;3157;3154;3044
4;3601;3632;3694;3714;3628;3516;3598;3715;3628;3634;3612;3563;3454;3496;3422;3321;3202;3181
5;3430;3642;3635;3709;3726;3656;3545;3621;3720;3639;3650;3617;3598;3498;3553;3472;3369;3229
6;3461;3457;3655;3653;3717;3752;3665;3560;3630;3705;3628;3641;3653;3663;3566;3621;3512;3390
7;3508;3492;3483;3670;3662;3723;3760;3673;3570;3656;3707;3627;3674;3696;3754;3635;3692;3531
8;3465;3533;3518;3495;3686;3671;3739;3773;3664;3579;3652;3715;3665;3716;3765;3828;3686;3705
9;3532;3481;3547;3526;3515;3695;3683;3758;3782;3677;3576;3659;3763;3709;3789;3822;3865;3706
10;3619;3544;3508;3566;3531;3528;3705;3695;3760;3790;3687;3595;3705;3809;3772;3848;3842;3875
11;3622;3632;3550;3505;3582;3549;3541;3721;3709;3774;3798;3702;3626;3759;3861;3838;3869;3850
12;3437;3639;3651;3553;3523;3608;3576;3551;3721;3716;3769;3810;3741;3672;3817;3895;3866;3881
13;3460;3438;3638;3655;3564;3536;3631;3592;3551;3725;3709;3791;3830;3789;3708;3847;3906;3866
14;3280;3459;3446;3635;3643;3555;3555;3641;3597;3564;3728;3708;3808;3867;3839;3756;3862;3912
15;3468;3301;3475;3464;3631;3632;3567;3576;3657;3615;3567;3729;3722;3837;3901;3867;3766;3855
16;3567;3468;3318;3478;3469;3632;3628;3571;3583;3667;3607;3566;3746;3754;3854;3926;3869;3767
17;3659;3579;3462;3322;3480;3477;3635;3641;3578;3595;3666;3612;3570;3770;3785;3877;3934;3864
18;3678;3662;3589;3470;3339;3492;3488;3656;3662;3590;3607;3707;3654;3631;3819;3845;3940;3991
19;3875;3692;3680;3586;3469;3365;3515;3498;3640;3672;3597;3633;3721;3686;3651;3830;3880;3973
20;4078;3894;3701;3701;3602;3488;3402;3534;3503;3632;3670;3613;3616;3722;3684;3650;3854;3901
21;3931;4102;3900;3708;3708;3618;3497;3414;3542;3482;3631;3671;3613;3610;3720;3665;3681;3850
22;4327;3948;4114;3921;3737;3711;3636;3513;3418;3549;3496;3634;3667;3603;3628;3725;3679;3695
23;4494;4360;3969;4119;3932;3760;3728;3658;3534;3423;3559;3520;3649;3691;3629;3651;3748;3689
24;4693;4540;4394;3993;4129;3952;3789;3734;3657;3550;3449;3586;3552;3678;3716;3654;3679;3780
25;4989;4714;4577;4400;3995;4165;3972;3800;3723;3686;3575;3451;3595;3561;3716;3758;3690;3703
26;5371;5021;4727;4595;4433;4046;4177;4004;3832;3762;3703;3596;3478;3618;3619;3762;3775;3720
27;5801;5373;5044;4762;4625;4476;4073;4201;4015;3878;3785;3733;3589;3505;3662;3668;3815;3833
28;5782;5844;5393;5069;4784;4668;4519;4091;4231;4009;3928;3830;3723;3608;3551;3702;3730;3882
29;5957;5826;5867;5424;5084;4837;4715;4539;4119;4225;4031;3943;3850;3759;3678;3574;3771;3781
30;6054;5993;5835;5885;5478;5138;4864;4756;4546;4155;4265;4057;3981;3842;3836;3710;3624;3791
31;6115;6067;5985;5857;5937;5485;5162;4905;4775;4605;4149;4313;4075;3996;3905;3871;3763;3707
32;6377;6121;6049;5966;5855;5959;5529;5187;4906;4821;4620;4192;4323;4116;4032;3952;3930;3813
33;6179;6438;6142;6058;5992;5891;6026;5582;5209;4930;4871;4636;4228;4337;4183;4074;4008;3966
34;6325;6265;6471;6182;6117;6061;5948;6074;5626;5269;4987;4918;4658;4264;4378;4198;4124;4051
35;6785;6415;6311;6511;6246;6177;6125;6026;6123;5693;5356;5022;4945;4689;4290;4438;4247;4171
36;6768;6857;6440;6348;6566;6281;6242;6201;6050;6165;5781;5410;5059;4964;4734;4336;4498;4319
37;6806;6807;6878;6451;6375;6616;6317;6302;6221;6077;6191;5830;5464;5069;5010;4770;4391;4535
38;6329;6865;6829;6851;6484;6433;6628;6354;6296;6237;6096;6228;5866;5494;5139;5060;4785;4427
39;6062;6360;6886;6839;6861;6537;6458;6655;6371;6322;6246;6136;6274;5903;5547;5190;5112;4828
40;6049;6095;6376;6896;6859;6884;6570;6476;6646;6398;6333;6286;6178;6323;5961;5590;5250;5134
41;5768;6072;6102;6382;6939;6871;6902;6580;6483;6637;6393;6370;6317;6189;6337;6005;5637;5273
42;5744;5795;6055;6116;6390;6971;6900;6919;6591;6467;6614;6401;6411;6348;6235;6356;6054;5657
43;5464;5763;5785;6057;6121;6410;7008;6904;6913;6598;6468;6667;6418;6449;6382;6265;6395;6053
44;5479;5497;5770;5798;6076;6162;6420;7031;6920;6923;6597;6472;6696;6442;6500;6403;6293;6410
45;5476;5507;5505;5781;5796;6101;6178;6439;7034;6920;6909;6616;6506;6737;6460;6505;6426;6323
46;5327;5496;5525;5529;5786;5802;6121;6196;6451;7060;6911;6922;6627;6541;6778;6481;6524;6436
47;5219;5348;5497;5531;5551;5785;5802;6143;6183;6458;7049;6913;6928;6654;6566;6827;6495;6541
48;5028;5230;5347;5499;5535;5574;5803;5806;6133;6184;6457;7045;6913;6940;6686;6587;6831;6479
49;5075;5038;5250;5364;5513;5537;5590;5815;5799;6128;6170;6474;7044;6917;6969;6687;6610;6822
50;5192;5077;5032;5259;5365;5523;5550;5587;5821;5808;6115;6165;6476;7048;6933;6990;6702;6624
51;5387;5185;5082;5023;5265;5367;5533;5554;5591;5819;5815;6117;6165;6480;7066;6932;7012;6699
52;5451;5388;5168;5074;5007;5276;5366;5529;5553;5585;5812;5830;6112;6163;6496;7074;6940;6988
53;5663;5452;5373;5150;5058;5001;5268;5362;5509;5553;5588;5812;5817;6124;6178;6499;7076;6938
54;5697;5674;5450;5364;5137;5054;4993;5264;5366;5495;5543;5581;5809;5804;6128;6168;6499;7052
55;6297;5701;5665;5446;5361;5141;5046;4985;5267;5360;5489;5535;5569;5803;5802;6113;6188;6502
56;3995;6306;5704;5657;5449;5349;5127;5044;4970;5255;5344;5472;5526;5554;5795;5805;6128;6176
57;4819;3992;6278;5680;5665;5449;5341;5115;5034;4966;5242;5339;5459;5521;5544;5793;5807;6116
58;5074;4819;3995;6266;5681;5656;5432;5334;5107;5029;4954;5230;5330;5449;5512;5550;5794;5783
59;5007;5073;4812;4005;6242;5684;5656;5419;5320;5092;5017;4949;5203;5323;5435;5502;5548;5788
60;4918;5000;5063;4802;3988;6228;5664;5654;5415;5295;5077;4999;4933;5190;5318;5418;5490;5531
61;5223;4918;4986;5059;4797;3983;6223;5636;5644;5409;5280;5069;4986;4910;5173;5311;5411;5481
62;5333;5208;4901;4970;5054;4768;3963;6201;5607;5644;5389;5267;5053;4969;4892;5155;5287;5388
63;5211;5319;5189;4876;4952;5051;4751;3947;6176;5579;5634;5362;5244;5046;4953;4880;5155;5261
64;4719;5186;5300;5166;4851;4934;5031;4746;3934;6157;5569;5602;5330;5223;5030;4919;4859;5134
65;4513;4722;5170;5288;5144;4837;4918;5002;4723;3895;6134;5543;5572;5323;5204;4996;4900;4839
66;4685;4483;4701;5154;5248;5115;4826;4901;4992;4705;3873;6102;5508;5552;5291;5180;4975;4864
67;4611;4654;4471;4670;5137;5226;5094;4803;4857;4981;4672;3858;6080;5458;5510;5265;5157;4928
68;4363;4584;4623;4442;4647;5104;5195;5062;4787;4816;4952;4642;3839;6039;5426;5479;5218;5124
69;4530;4338;4548;4602;4402;4630;5074;5164;5042;4742;4781;4918;4611;3819;6004;5393;5441;5183
70;4505;4511;4319;4494;4558;4356;4596;5052;5135;4996;4704;4743;4879;4586;3792;5962;5349;5412
71;4651;4475;4451;4269;4466;4518;4330;4562;5024;5102;4946;4669;4716;4849;4541;3763;5913;5305
72;4261;4611;4420;4402;4233;4431;4469;4289;4517;4992;5054;4900;4620;4678;4796;4505;3720;5837
73;4228;4216;4539;4360;4345;4178;4374;4415;4254;4477;4937;4992;4841;4569;4634;4748;4454;3687
74;4348;4170;4146;4489;4326;4289;4119;4328;4362;4191;4428;4884;4954;4792;4500;4585;4683;4410
75;4268;4261;4094;4081;4426;4248;4220;4073;4255;4300;4151;4369;4811;4882;4719;4453;4513;4630
76;4073;4192;4183;4016;4008;4334;4158;4180;4022;4178;4225;4080;4314;4747;4822;4638;4387;4453
77;4097;3983;4089;4142;3954;3935;4260;4083;4114;3949;4106;4153;4008;4256;4651;4739;4565;4307
78;3946;4007;3888;3976;4056;3880;3849;4184;4013;4022;3869;4011;4079;3954;4183;4570;4632;4483
79;3815;3835;3915;3784;3873;3973;3769;3745;4110;3908;3936;3782;3898;4015;3844;4067;4474;4521
80;3731;3728;3698;3803;3667;3755;3840;3673;3656;3969;3806;3842;3684;3803;3888;3755;3978;4364
81;3289;3607;3583;3577;3675;3567;3606;3704;3563;3535;3834;3690;3756;3577;3704;3750;3656;3885
82;2211;3187;3472;3447;3425;3545;3407;3455;3556;3428;3426;3679;3561;3618;3424;3553;3614;3540
83;1470;2097;3017;3334;3282;3260;3395;3245;3299;3388;3284;3300;3533;3435;3464;3263;3418;3501
84;1337;1397;1959;2842;3143;3122;3083;3214;3087;3106;3254;3108;3132;3392;3265;3317;3106;3261
85;1647;1245;1297;1858;2632;2928;2938;2886;3002;2898;2913;3057;2933;2985;3193;3075;3135;2929
86;1930;1512;1131;1199;1711;2445;2687;2721;2665;2804;2689;2717;2856;2746;2779;3004;2851;2940
87;1897;1764;1358;1045;1105;1571;2249;2486;2506;2454;2570;2448;2510;2640;2481;2561;2771;2666
88;1642;1698;1553;1227;953;996;1439;2023;2193;2242;2230;2347;2237;2272;2388;2276;2356;2533
89;1472;1419;1434;1345;1090;870;897;1259;1837;1952;1954;1968;2106;2026;2023;2170;2053;2128
90;1203;1280;1196;1256;1167;966;766;801;1113;1610;1708;1695;1753;1880;1782;1778;1907;1822
91;982;1027;1095;1016;1095;990;835;657;696;952;1389;1452;1494;1524;1606;1539;1545;1664
92;692;825;855;945;865;933;839;703;530;591;794;1155;1240;1250;1282;1378;1295;1311
93;555;568;639;711;814;725;767;713;557;442;476;648;992;1034;1020;1075;1141;1064
94;420;426;448;498;559;672;585;615;585;451;354;399;531;812;818;819;883;915
95;273;325;331;370;384;435;535;448;497;460;349;284;316;422;617;658;645;701
96;204;190;228;248;273;292;320;416;353;402;367;265;214;239;313;498;501;507
97;133;153;135;158;174;196;226;238;314;262;309;272;179;168;178;232;362;378
98;92;103;108;103;105;127;143;159;162;211;194;240;198;135;125;138;164;276
99;68;61;62;77;69;70;90;96;120;122;152;133;160;143;81;83;104;120
100 e oltre;75;99;101;97;115;119;132;137;146;173;204;225;225;250;266;209;196;193
Totale;407120;408669;409100;409994;410957;412343;413441;414387;414533;414642;414541;414422;414531;414978;415623;416106;416427;415962

"Ricostruzione della popolazione intercensuaria - Popolazione al 1° gennaio per età"
"Cittadinanza straniera - Provincia: Verona"
Età/Anno;2002;2003;2004;2005;2006;2007;2008;2009;2010;2011;2012;2013;2014;2015;2016;2017;2018;2019
Età;Totale
0;898;1011;822;1607;1488;1618;1802;2116;2056;2068;1947;2033;1955;2003;1871;1680;1783;1621
1;751;923;1010;898;1554;1500;1685;1810;2083;2015;2027;2012;2034;1922;1873;1787;1593;1736
2;731;779;914;1016;989;1512;1573;1735;1751;2031;1958;2069;1995;1938;1771;1727;1714;1595
3;593;727;808;924;1047;1038;1571;1640;1706;1726;1984;1982;2050;1915;1789;1642;1648;1708
4;555;602;729;838;1001;1060;1144;1582;1639;1664;1685;2019;1986;1953;1747;1657;1538;1648
5;469;578;617;753;898;1002;1127;1220;1518;1605;1635;1717;1978;1875;1811;1577;1563;1552
6;488;511;611;677;833;934;1102;1174;1224;1435;1586;1649;1688;1828;1707;1640;1494;1561
7;415;508;509;640;739;880;1044;1187;1179;1202;1400;1594;1585;1558;1645;1508;1510;1479
8;402;444;513;554;709;776;984;1093;1192;1162;1202;1414;1522;1451;1419;1471;1428;1482
9;361;435;468;555;625;762;874;1059;1135;1158;1175;1209;1331;1384;1296;1273;1354;1403
10;324;390;460;506;619;668;843;934;1071;1126;1165;1179;1150;1208;1217;1150;1203;1342
11;325;359;396;503;610;671;756;922;949;1092;1136;1141;1133;1047;1076;1081;1089;1223
12;364;372;387;446;614;660;763;851;963;958;1108;1139;1078;1042;926;999;1047;1097
13;315;394;402;439;531;656;763;848;881;965;980;1128;1095;995;962;835;957;1088
14;359;339;420;435;519;580;769;854;900;913;1010;1015;1070;1022;894;881;828;979
15;370;381;345;440;532;575;683;865;882;942;946;1030;1000;1014;946;807;871;874
16;336;396;406;382;548;611;673;804;935;908;987;995;1010;951;950;884;804;914
17;337;360;391;443;466;652;729;772;897;973;956;1008;982;967;907;899;861;853
18;389;386;373;417;584;576;780;874;848;930;988;944;931;874;854;811;828;804
19;404;403;467;412;492;724;830;1015;1027;925;1017;1034;977;927;887;854;844;890
20;419;428;479;535;495;613;1033;1118;1171;1137;1059;1132;1113;1017;964;961;985;1022
21;480;460;559;568;621;655;1009;1349;1279;1307;1244;1193;1206;1175;1030;1029;1055;1167
22;529;535;721;721;688;803;1116;1343;1533;1444;1463;1361;1284;1295;1193;1064;1098;1226
23;601;584;876;929;874;886;1311;1492;1509;1755;1622;1645;1485;1361;1316;1218;1155;1260
24;719;719;973;1153;1109;1105;1383;1714;1696;1692;1892;1821;1783;1556;1399;1382;1321;1344
25;815;913;1113;1249;1389;1307;1596;1785;1898;1932;1813;2092;1938;1862;1590;1446;1503;1522
26;896;954;1355;1423;1513;1602;1881;1967;1940;2062;2094;1989;2233;2023;1887;1666;1526;1718
27;994;1096;1471;1671;1623;1749;2163;2197;2083;2087;2203;2292;2127;2285;2059;1952;1769;1715
28;1039;1191;1626;1870;1926;1912;2298;2531;2283;2245;2176;2379;2430;2241;2300;2124;1992;1936
29;1182;1213;1653;1993;2091;2148;2492;2584;2649;2375;2360;2327;2495;2474;2290;2347;2205;2162
30;1162;1386;1684;1998;2259;2287;2634;2763;2655;2743;2430;2508;2394;2504;2482;2316;2381;2349
31;1191;1301;1757;1936;2197;2411;2691;2795;2776;2644;2721;2554;2626;2457;2479;2492;2338;2500
32;1234;1349;1648;1966;2077;2324;2769;2893;2823;2795;2651;2812;2630;2646;2441;2490;2496;2421
33;1283;1354;1628;1810;2080;2120;2651;2874;2810;2761;2730;2717;2871;2632;2594;2402;2454;2571
34;1231;1360;1629;1763;1913;2158;2363;2765;2847;2799;2689;2829;2759;2881;2603;2571;2430;2512
35;1022;1281;1562;1742;1848;1958;2370;2389;2711;2739;2703;2747;2874;2697;2814;2550;2536;2459
36;1054;1068;1514;1714;1854;1897;2210;2407;2348;2626;2674;2722;2726;2789;2668;2753;2475;2606
37;1029;1118;1266;1677;1765;1928;2145;2295;2378;2313;2574;2693;2724;2665;2692;2565;2667;2474
38;913;1110;1309;1364;1803;1838;2182;2253;2303;2352;2305;2591;2702;2676;2592;2559;2545;2703
39;878;992;1261;1429;1423;1869;2095;2299;2218;2268;2335;2292;2572;2618;2573;2512;2486;2553
40;728;918;1148;1370;1511;1480;2127;2160;2278;2182;2226;2345;2235;2505;2486;2435;2417;2510
41;729;787;1043;1226;1418;1543;1664;2180;2111;2225;2120;2222;2310;2156;2381;2368;2357;2383
42;601;779;915;1132;1243;1460;1656;1700;2131;2051;2170;2124;2175;2213;2051;2268;2303;2349
43;587;618;902;952;1153;1260;1551;1676;1674;2069;1993;2140;2079;2105;2097;1961;2206;2314
44;534;596;723;954;962;1133;1351;1546;1599;1619;1968;1989;2095;2015;1971;1995;1909;2212
45;484;554;708;759;977;977;1233;1385;1517;1530;1551;1964;1937;2015;1905;1898;1905;1923
46;419;491;623;753;752;979;1066;1256;1358;1449;1479;1550;1914;1870;1910;1821;1834;1924
47;415;434;623;657;768;754;1066;1090;1230;1328;1405;1506;1517;1834;1772;1826;1750;1836
48;310;426;515;644;683;787;861;1131;1127;1194;1311;1410;1463;1427;1701;1706;1798;1755
49;314;331;499;556;653;682;876;920;1136;1132;1201;1324;1392;1397;1351;1652;1648;1814
50;248;309;385;523;571;665;761;915;949;1136;1106;1212;1305;1323;1334;1272;1583;1657
51;268;266;353;417;538;601;726;802;920;937;1104;1111;1200;1253;1246;1259;1243;1586
52;182;279;293;391;441;524;653;749;814;938;923;1099;1112;1127;1176;1199;1209;1260
53;187;184;317;311;404;433;579;689;734;817;918;919;1078;1073;1093;1111;1169;1197
54;171;186;216;327;327;397;476;577;689;732;822;917;904;1039;1003;1047;1071;1157
55;115;181;209;234;346;332;421;487;555;694;713;841;918;873;1001;958;1016;1090
56;130;124;205;227;254;357;363;435;489;559;661;738;832;871;834;964;944;985
57;112;143;139;215;233;243;376;390;429;490;561;678;734;807;820;790;928;945
58;125;122;152;151;217;220;249;392;392;423;480;576;685;715;760;793;775;931
59;101;127;133;154;153;208;228;262;377;367;398;492;570;679;684;737;792;772
60;109;108;131;142;160;157;211;236;251;364;353;412;498;559;642;669;724;772
61;105;110;111;134;139;158;172;212;220;246;356;360;411;485;554;616;650;706
62;79;110;100;108;128;133;166;182;213;218;241;360;356;409;473;531;590;637
63;85;89;115;104;105;131;131;173;186;216;217;256;361;357;392;445;509;581
64;70;89;88;118;107;109;125;135;171;188;221;216;272;354;328;375;439;514
65;77;77;84;79;119;100;110;124;134;167;199;217;230;270;337;317;360;418
66;59;70;80;88;84;122;103;128;123;137;171;199;219;231;262;339;318;373
67;61;68;79;87;90;82;130;108;129;127;152;173;202;213;238;256;340;314
68;59;66;68;86;85;89;86;133;107;135;130;155;177;203;200;232;248;336
69;52;62;67;68;85;81;88;92;136;111;135;141;161;175;211;195;226;242
70;44;58;66;71;61;83;81;95;91;126;114;131;149;160;170;207;190;236
71;43;45;53;74;68;62;78;94;99;89;134;121;140;141;156;173;195;189
72;35;44;47;56;67;64;60;85;97;103;90;142;122;143;137;162;166;199
73;44;38;47;42;54;62;64;66;85;85;105;95;152;119;142;139;154;164
74;28;40;37;48;36;50;55;61;70;85;84;104;93;153;108;139;134;156
75;19;32;39;31;48;35;47;57;65;67;88;86;100;91;151;108;138;136
76;36;22;32;37;29;45;35;45;54;55;76;92;89;103;87;152;100;135
77;17;32;21;36;37;25;39;35;45;51;59;80;85;85;97;88;145;98
78;13;18;31;26;34;37;22;40;35;41;50;62;81;88;75;98;81;146
79;18;14;17;34;29;34;33;24;34;31;37;50;56;74;84;72;94;80
80;15;19;12;19;31;26;33;31;23;29;31;39;45;46;69;77;65;95
81;20;19;18;12;17;32;22;32;32;22;27;33;38;46;50;68;67;64
82;11;20;18;16;9;16;29;22;31;28;23;29;29;34;39;48;65;66
83;11;10;17;16;14;9;13;25;21;24;30;22;27;31;34;39;41;65
84;13;10;12;16;12;11;10;10;25;19;21;29;18;26;29;34;40;37
85;11;11;8;13;15;12;10;7;6;23;16;21;23;20;21;25;31;38
86;8;9;7;9;11;12;9;9;7;7;22;17;22;23;15;20;21;29
87;12;7;8;7;8;10;9;10;10;7;6;22;17;22;21;12;18;21
88;12;12;5;8;7;7;8;8;11;4;7;5;18;20;19;20;10;19
89;3;9;9;3;7;6;7;7;7;10;3;6;5;14;17;17;16;8
90;6;3;6;7;3;4;6;6;7;5;11;3;6;4;11;15;13;16
91;6;6;2;5;6;4;3;4;4;5;5;8;3;6;3;10;13;11
92;1;5;5;2;5;5;4;3;4;3;7;5;4;3;5;3;9;11
93;2;1;3;5;2;5;6;3;1;2;3;4;5;4;3;5;2;10
94;0;2;1;2;5;2;6;4;3;1;1;3;4;3;3;3;5;1
95;1;0;0;2;3;4;1;2;3;3;1;1;3;4;2;2;3;1
96;1;1;0;1;2;3;4;1;2;3;3;0;1;3;2;2;1;1
97;2;0;0;3;1;2;1;4;1;1;3;2;1;0;3;2;2;0
98;0;2;0;0;2;1;1;1;1;0;1;3;2;0;0;2;2;2
99;0;0;2;0;1;2;1;1;1;0;0;1;2;2;0;0;2;2
100 e oltre;0;1;2;2;2;2;2;1;1;0;0;0;1;1;2;1;2;2
Totale;35805;39904;48681;55966;62278;67894;81191;90226;93801;96584;98973;103869;106205;105750;103282;101340;101460;105600
Età/Anno;2002;2003;2004;2005;2006;2007;2008;2009;2010;2011;2012;2013;2014;2015;2016;2017;2018;2019
Età;Maschi
0;475;521;418;819;776;825;941;1099;1079;1057;1004;1038;983;1007;950;887;899;844
1;382;489;521;454;800;781;857;944;1073;1047;1036;1049;1042;955;946;902;840;870
2;388;395;487;526;509;778;822;888;901;1041;1008;1066;1029;1003;878;869;866;837
3;296;383;393;492;548;531;807;853;876;893;1010;1022;1045;992;933;813;828;868
4;304;297;382;404;534;560;576;813;854;854;881;1030;1023;998;906;879;773;825
5;232;321;306;394;446;535;593;626;783;835;840;904;1002;966;930;822;826;781
6;246;255;347;337;433;463;597;631;628;735;830;853;888;919;860;829;774;833
7;228;250;253;363;373;453;536;618;624;634;709;830;823;806;828;770;764;767
8;203;242;253;278;389;393;510;570;621;601;622;706;793;748;744;755;733;755
9;194;229;255;278;302;404;435;556;587;610;607;618;658;721;674;670;680;724
10;175;211;246;262;323;321;450;453;563;588;621;613;581;597;637;599;638;667
11;153;196;212;269;309;351;373;485;456;573;590;599;575;529;540;567;563;636
12;193;174;217;236;322;336;391;424;500;455;588;584;557;523;475;501;544;564
13;162;210;191;246;281;339;375;440;438;502;480;591;560;519;494;428;485;574
14;191;180;223;208;286;307;400;427;468;464;529;499;564;516;469;456;421;495
15;181;205;193;223;264;313;363;438;443;485;489;544;498;543;479;422;458;453
16;173;199;225;204;286;308;369;434;484;461;517;529;541;483;496;455;413;485
17;169;177;194;232;250;340;361;419;492;504;488;531;529;513;460;477;450;444
18;194;193;181;194;292;291;406;429;463;493;507;482;495;484;451;431;456;432
19;211;197;245;192;219;357;409;514;495;486;533;523;498;489;473;468;468;510
20;207;215;238;268;209;263;517;546;586;540;556;586;555;502;506;498;552;607
21;231;216;275;278;275;267;459;658;596;643;590;611;609;578;506;543;548;671
22;242;245;380;355;305;326;514;609;722;649;716;645;639;637;583;523;581;656
23;254;265;451;495;396;367;580;699;671;798;725;790;680;643;621;599;571;674
24;321;299;496;601;558;484;607;753;767;728;839;819;857;703;653;641;643;681
25;343;421;526;648;680;618;718;804;822;857;761;925;853;886;725;665;700;758
26;383;387;657;695;727;742;903;885;872;867;936;843;982;895;885;759;697;837
27;433;441;687;856;759;802;1036;1035;932;929;913;1042;913;985;902;928;798;816
28;460;520;731;893;949;875;1088;1187;1089;1002;955;1029;1110;963;1006;920;932;908
29;581;547;785;936;979;1025;1178;1227;1237;1129;1037;1058;1107;1132;1015;1037;959;1041
30;606;700;827;984;1047;1074;1259;1321;1246;1295;1149;1118;1092;1127;1146;1022;1067;1082
31;618;670;927;990;1073;1105;1287;1351;1306;1239;1265;1241;1207;1133;1125;1143;1057;1150
32;685;703;880;1066;1039;1128;1326;1396;1359;1314;1214;1354;1303;1228;1129;1135;1143;1147
33;714;770;884;990;1118;1051;1320;1401;1359;1315;1285;1276;1393;1304;1193;1129;1141;1214
34;704;751;920;963;1020;1151;1174;1388;1397;1355;1263;1366;1316;1413;1300;1203;1137;1200
35;582;749;902;1017;1041;1045;1304;1200;1367;1340;1319;1328;1406;1290;1392;1284;1182;1185
36;612;617;904;1024;1091;1083;1200;1318;1195;1312;1297;1356;1338;1354;1286;1356;1241;1263
37;591;668;736;1024;1042;1125;1227;1249;1291;1167;1267;1336;1371;1297;1324;1233;1327;1259
38;525;657;773;816;1074;1081;1254;1297;1239;1250;1137;1299;1378;1358;1275;1258;1234;1361
39;508;587;758;863;840;1103;1200;1311;1253;1168;1236;1132;1293;1337;1318;1231;1221;1238
40;433;549;678;824;907;897;1244;1208;1278;1197;1111;1258;1109;1268;1265;1235;1193;1262
41;444;475;629;733;849;932;987;1249;1149;1202;1137;1118;1240;1070;1214;1198;1193;1177
42;366;487;532;670;736;848;979;983;1173;1077;1128;1129;1088;1179;1026;1152;1152;1194
43;354;379;531;544;664;725;861;969;927;1075;1002;1109;1116;1043;1108;967;1107;1175
44;297;368;413;541;534;641;746;835;900;840;972;979;1081;1062;984;1034;935;1108
45;282;312;416;427;556;523;691;751;793;818;773;956;942;1030;995;938;978;945
46;249;294;341;438;414;549;571;686;703;724;748;750;920;891;963;930;902;996
47;256;260;354;353;438;393;596;572;653;650;681;746;720;862;833;918;907;909
48;174;263;288;356;361;442;438;607;563;604;619;670;721;663;789;800;896;920
49;178;194;286;308;354;352;480;459;591;533;582;622;653;665;614;764;782;913
50;142;174;212;291;306;357;373;479;450;568;506;586;608;599;614;564;739;792
51;155;147;191;225;293;312;373;379;455;425;542;492;557;559;545;565;545;749
52;100;165;156;206;223;285;335;380;353;435;411;530;487;497;510;518;546;561
53;93;99;165;156;210;218;307;338;349;345;408;408;504;452;462;471;503;538
54;90;96;110;160;160;206;240;293;321;326;332;387;390;471;404;440;455;506
55;64;91;102;111;168;157;217;248;271;303;300;335;381;366;433;385;429;465
56;58;68;105;113;127;171;169;213;229;260;276;299;328;357;337;410;381;412
57;49;67;74;104;116;119;180;172;195;208;252;275;292;306;325;309;395;383
58;39;52;67;80;113;111;120;181;156;184;199;249;274;282;278;303;299;401
59;47;45;54;67;80;107;105;122;164;141;175;199;237;263;260;259;289;294
60;42;49;49;57;64;72;100;104;111;153;136;175;200;223;240;250;245;282
61;52;44;53;46;59;65;77;92;98;102;145;136;166;192;218;226;234;241
62;31;52;46;52;48;56;65;70;93;88;91;143;132;164;181;213;220;231
63;38;33;57;46;48;46;55;66;67;91;85;93;140;129;156;173;197;212
64;38;44;37;57;46;53;45;56;59;71;91;79;99;135;116;150;164;196
65;41;39;40;31;56;47;52;43;57;60;70;91;79;91;126;111;143;151
66;30;37;39;40;37;52;47;55;39;48;60;68;95;82;88;126;109;146
67;20;34;40;40;41;38;61;45;55;43;56;57;63;87;80;85;125;105
68;31;21;38;39;41;38;41;58;47;52;44;57;54;71;77;80;84;119
69;19;30;24;38;37;39;37;42;56;47;49;47;58;52;74;78;78;84
70;14;23;33;28;37;35;38;42;39;54;49;50;47;57;50;76;70;82
71;19;16;20;33;26;35;33;38;42;35;56;56;55;45;54;52;70;67
72;16;18;17;22;31;24;34;35;39;45;36;55;57;52;40;57;45;74
73;19;16;18;16;20;29;26;37;34;31;45;40;62;54;52;40;51;44
74;14;21;16;19;15;18;23;23;39;35;30;44;40;62;50;49;40;51
75;7;18;19;14;18;15;17;21;25;35;34;29;43;37;61;50;48;40
76;11;8;19;17;15;15;15;21;21;19;37;36;28;43;35;63;47;46
77;3;10;6;19;17;14;12;14;20;20;20;38;35;29;41;32;61;43
78;4;6;10;7;19;16;12;12;15;18;20;23;38;38;26;40;29;56
79;11;4;6;9;8;20;12;12;9;14;17;20;21;32;36;27;39;30
80;7;10;4;6;10;8;19;11;11;6;14;17;15;15;25;35;25;41
81;10;7;8;4;5;11;8;18;11;11;5;16;18;16;15;24;30;23
82;7;9;7;10;3;4;10;8;19;10;11;5;15;16;14;14;23;30
83;7;7;6;4;9;3;3;9;7;17;11;9;4;15;15;14;13;24
84;7;7;8;6;3;8;3;0;10;5;14;12;8;3;11;16;15;12
85;4;6;6;7;6;3;6;0;1;9;3;14;10;10;3;10;15;13
86;1;3;4;5;6;5;3;6;0;2;9;3;13;8;8;6;5;13
87;4;1;3;4;5;4;4;3;5;1;1;10;3;11;6;7;5;6
88;5;4;1;3;4;4;4;4;3;2;1;1;6;3;9;6;5;4
89;1;5;3;0;2;3;4;3;2;3;2;1;1;5;2;6;5;4
90;1;1;4;4;0;1;3;4;3;1;3;2;2;0;4;3;6;6
91;2;1;1;4;4;0;1;2;3;1;1;2;2;3;0;3;3;4
92;1;2;1;1;4;3;0;1;3;2;2;1;1;2;3;0;2;3
93;0;1;1;1;1;4;3;0;0;1;2;2;1;1;2;3;0;2
94;0;0;1;1;1;1;4;1;0;0;1;2;2;1;1;2;3;0
95;0;0;0;1;1;1;0;2;1;0;0;1;2;2;1;0;2;0
96;1;0;0;0;1;1;1;0;2;1;0;0;1;2;1;1;0;1
97;0;0;0;0;0;1;0;1;0;1;1;0;0;0;2;1;1;0
98;0;0;0;0;0;0;0;0;0;0;1;1;0;0;0;1;1;1
99;0;0;0;0;0;0;0;0;0;0;0;1;1;0;0;0;1;1
100 e oltre;0;1;2;2;2;1;0;0;0;0;0;0;1;0;0;0;1;1
Totale;18738;20925;25830;29773;32523;34839;41612;45779;46853;47264;47756;50299;51352;50749;49395;48397;48496;51301
Età/Anno;2002;2003;2004;2005;2006;2007;2008;2009;2010;2011;2012;2013;2014;2015;2016;2017;2018;2019
Età;Femmine
0;423;490;404;788;712;793;861;1017;977;1011;943;995;972;996;921;793;884;777
1;369;434;489;444;754;719;828;866;1010;968;991;963;992;967;927;885;753;866
2;343;384;427;490;480;734;751;847;850;990;950;1003;966;935;893;858;848;758
3;297;344;415;432;499;507;764;787;830;833;974;960;1005;923;856;829;820;840
4;251;305;347;434;467;500;568;769;785;810;804;989;963;955;841;778;765;823
5;237;257;311;359;452;467;534;594;735;770;795;813;976;909;881;755;737;771
6;242;256;264;340;400;471;505;543;596;700;756;796;800;909;847;811;720;728
7;187;258;256;277;366;427;508;569;555;568;691;764;762;752;817;738;746;712
8;199;202;260;276;320;383;474;523;571;561;580;708;729;703;675;716;695;727
9;167;206;213;277;323;358;439;503;548;548;568;591;673;663;622;603;674;679
10;149;179;214;244;296;347;393;481;508;538;544;566;569;611;580;551;565;675
11;172;163;184;234;301;320;383;437;493;519;546;542;558;518;536;514;526;587
12;171;198;170;210;292;324;372;427;463;503;520;555;521;519;451;498;503;533
13;153;184;211;193;250;317;388;408;443;463;500;537;535;476;468;407;472;514
14;168;159;197;227;233;273;369;427;432;449;481;516;506;506;425;425;407;484
15;189;176;152;217;268;262;320;427;439;457;457;486;502;471;467;385;413;421
16;163;197;181;178;262;303;304;370;451;447;470;466;469;468;454;429;391;429
17;168;183;197;211;216;312;368;353;405;469;468;477;453;454;447;422;411;409
18;195;193;192;223;292;285;374;445;385;437;481;462;436;390;403;380;372;372
19;193;206;222;220;273;367;421;501;532;439;484;511;479;438;414;386;376;380
20;212;213;241;267;286;350;516;572;585;597;503;546;558;515;458;463;433;415
21;249;244;284;290;346;388;550;691;683;664;654;582;597;597;524;486;507;496
22;287;290;341;366;383;477;602;734;811;795;747;716;645;658;610;541;517;570
23;347;319;425;434;478;519;731;793;838;957;897;855;805;718;695;619;584;586
24;398;420;477;552;551;621;776;961;929;964;1053;1002;926;853;746;741;678;663
25;472;492;587;601;709;689;878;981;1076;1075;1052;1167;1085;976;865;781;803;764
26;513;567;698;728;786;860;978;1082;1068;1195;1158;1146;1251;1128;1002;907;829;881
27;561;655;784;815;864;947;1127;1162;1151;1158;1290;1250;1214;1300;1157;1024;971;899
28;579;671;895;977;977;1037;1210;1344;1194;1243;1221;1350;1320;1278;1294;1204;1060;1028
29;601;666;868;1057;1112;1123;1314;1357;1412;1246;1323;1269;1388;1342;1275;1310;1246;1121
30;556;686;857;1014;1212;1213;1375;1442;1409;1448;1281;1390;1302;1377;1336;1294;1314;1267
31;573;631;830;946;1124;1306;1404;1444;1470;1405;1456;1313;1419;1324;1354;1349;1281;1350
32;549;646;768;900;1038;1196;1443;1497;1464;1481;1437;1458;1327;1418;1312;1355;1353;1274
33;569;584;744;820;962;1069;1331;1473;1451;1446;1445;1441;1478;1328;1401;1273;1313;1357
34;527;609;709;800;893;1007;1189;1377;1450;1444;1426;1463;1443;1468;1303;1368;1293;1312
35;440;532;660;725;807;913;1066;1189;1344;1399;1384;1419;1468;1407;1422;1266;1354;1274
36;442;451;610;690;763;814;1010;1089;1153;1314;1377;1366;1388;1435;1382;1397;1234;1343
37;438;450;530;653;723;803;918;1046;1087;1146;1307;1357;1353;1368;1368;1332;1340;1215
38;388;453;536;548;729;757;928;956;1064;1102;1168;1292;1324;1318;1317;1301;1311;1342
39;370;405;503;566;583;766;895;988;965;1100;1099;1160;1279;1281;1255;1281;1265;1315
40;295;369;470;546;604;583;883;952;1000;985;1115;1087;1126;1237;1221;1200;1224;1248
41;285;312;414;493;569;611;677;931;962;1023;983;1104;1070;1086;1167;1170;1164;1206
42;235;292;383;462;507;612;677;717;958;974;1042;995;1087;1034;1025;1116;1151;1155
43;233;239;371;408;489;535;690;707;747;994;991;1031;963;1062;989;994;1099;1139
44;237;228;310;413;428;492;605;711;699;779;996;1010;1014;953;987;961;974;1104
45;202;242;292;332;421;454;542;634;724;712;778;1008;995;985;910;960;927;978
46;170;197;282;315;338;430;495;570;655;725;731;800;994;979;947;891;932;928
47;159;174;269;304;330;361;470;518;577;678;724;760;797;972;939;908;843;927
48;136;163;227;288;322;345;423;524;564;590;692;740;742;764;912;906;902;835
49;136;137;213;248;299;330;396;461;545;599;619;702;739;732;737;888;866;901
50;106;135;173;232;265;308;388;436;499;568;600;626;697;724;720;708;844;865
51;113;119;162;192;245;289;353;423;465;512;562;619;643;694;701;694;698;837
52;82;114;137;185;218;239;318;369;461;503;512;569;625;630;666;681;663;699
53;94;85;152;155;194;215;272;351;385;472;510;511;574;621;631;640;666;659
54;81;90;106;167;167;191;236;284;368;406;490;530;514;568;599;607;616;651
55;51;90;107;123;178;175;204;239;284;391;413;506;537;507;568;573;587;625
56;72;56;100;114;127;186;194;222;260;299;385;439;504;514;497;554;563;573
57;63;76;65;111;117;124;196;218;234;282;309;403;442;501;495;481;533;562
58;86;70;85;71;104;109;129;211;236;239;281;327;411;433;482;490;476;530
59;54;82;79;87;73;101;123;140;213;226;223;293;333;416;424;478;503;478
60;67;59;82;85;96;85;111;132;140;211;217;237;298;336;402;419;479;490
61;53;66;58;88;80;93;95;120;122;144;211;224;245;293;336;390;416;465
62;48;58;54;56;80;77;101;112;120;130;150;217;224;245;292;318;370;406
63;47;56;58;58;57;85;76;107;119;125;132;163;221;228;236;272;312;369
64;32;45;51;61;61;56;80;79;112;117;130;137;173;219;212;225;275;318
65;36;38;44;48;63;53;58;81;77;107;129;126;151;179;211;206;217;267
66;29;33;41;48;47;70;56;73;84;89;111;131;124;149;174;213;209;227
67;41;34;39;47;49;44;69;63;74;84;96;116;139;126;158;171;215;209
68;28;45;30;47;44;51;45;75;60;83;86;98;123;132;123;152;164;217
69;33;32;43;30;48;42;51;50;80;64;86;94;103;123;137;117;148;158
70;30;35;33;43;24;48;43;53;52;72;65;81;102;103;120;131;120;154
71;24;29;33;41;42;27;45;56;57;54;78;65;85;96;102;121;125;122
72;19;26;30;34;36;40;26;50;58;58;54;87;65;91;97;105;121;125
73;25;22;29;26;34;33;38;29;51;54;60;55;90;65;90;99;103;120
74;14;19;21;29;21;32;32;38;31;50;54;60;53;91;58;90;94;105
75;12;14;20;17;30;20;30;36;40;32;54;57;57;54;90;58;90;96
76;25;14;13;20;14;30;20;24;33;36;39;56;61;60;52;89;53;89
77;14;22;15;17;20;11;27;21;25;31;39;42;50;56;56;56;84;55
78;9;12;21;19;15;21;10;28;20;23;30;39;43;50;49;58;52;90
79;7;10;11;25;21;14;21;12;25;17;20;30;35;42;48;45;55;50
80;8;9;8;13;21;18;14;20;12;23;17;22;30;31;44;42;40;54
81;10;12;10;8;12;21;14;14;21;11;22;17;20;30;35;44;37;41
82;4;11;11;6;6;12;19;14;12;18;12;24;14;18;25;34;42;36
83;4;3;11;12;5;6;10;16;14;7;19;13;23;16;19;25;28;41
84;6;3;4;10;9;3;7;10;15;14;7;17;10;23;18;18;25;25
85;7;5;2;6;9;9;4;7;5;14;13;7;13;10;18;15;16;25
86;7;6;3;4;5;7;6;3;7;5;13;14;9;15;7;14;16;16
87;8;6;5;3;3;6;5;7;5;6;5;12;14;11;15;5;13;15
88;7;8;4;5;3;3;4;4;8;2;6;4;12;17;10;14;5;15
89;2;4;6;3;5;3;3;4;5;7;1;5;4;9;15;11;11;4
90;5;2;2;3;3;3;3;2;4;4;8;1;4;4;7;12;7;10
91;4;5;1;1;2;4;2;2;1;4;4;6;1;3;3;7;10;7
92;0;3;4;1;1;2;4;2;1;1;5;4;3;1;2;3;7;8
93;2;0;2;4;1;1;3;3;1;1;1;2;4;3;1;2;2;8
94;0;2;0;1;4;1;2;3;3;1;0;1;2;2;2;1;2;1
95;1;0;0;1;2;3;1;0;2;3;1;0;1;2;1;2;1;1
96;0;1;0;1;1;2;3;1;0;2;3;0;0;1;1;1;1;0
97;2;0;0;3;1;1;1;3;1;0;2;2;1;0;1;1;1;0
98;0;2;0;0;2;1;1;1;1;0;0;2;2;0;0;1;1;1
99;0;0;2;0;1;2;1;1;1;0;0;0;1;2;0;0;1;1
100 e oltre;0;0;0;0;0;1;2;1;1;0;0;0;0;1;2;1;1;1
Totale;17067;18979;22851;26193;29755;33055;39579;44447;46948;49320;51217;53570;54853;55001;53887;52943;52964;54299
