"Popolazione per età, vista per singola area - Provincia: Ravenna"

"Ricostruzione della popolazione intercensuaria - Popolazione al 1° gennaio per età"
"Tutte le cittadinanze - Provincia: Ravenna"
Età/Anno;2002;2003;2004;2005;2006;2007;2008;2009;2010;2011;2012;2013;2014;2015;2016;2017;2018;2019
Età;Totale
0;2785;2919;3000;3105;3160;3382;3474;3618;3613;3503;3415;3339;3137;3061;2906;2817;2749;2654
1;2699;2839;2984;3062;3155;3216;3463;3513;3656;3612;3520;3410;3344;3119;3073;2905;2822;2776
2;2595;2760;2888;3039;3116;3192;3281;3556;3510;3665;3611;3544;3422;3326;3091;3073;2954;2821
3;2490;2648;2823;2940;3095;3193;3238;3310;3582;3523;3649;3637;3570;3393;3330;3096;3080;2968
4;2512;2542;2703;2884;3037;3131;3250;3284;3350;3589;3536;3678;3630;3550;3383;3331;3116;3074
5;2522;2588;2606;2759;2951;3107;3183;3292;3286;3374;3612;3567;3682;3622;3539;3375;3316;3114
6;2450;2573;2655;2660;2824;3010;3166;3232;3318;3301;3379;3630;3582;3656;3635;3533;3377;3303
7;2455;2525;2635;2711;2740;2880;3095;3231;3283;3342;3321;3394;3629;3558;3656;3616;3516;3367
8;2366;2515;2582;2699;2780;2792;2977;3166;3253;3300;3348;3338;3423;3648;3559;3651;3609;3528
9;2473;2432;2569;2633;2757;2835;2852;3041;3195;3283;3307;3354;3358;3431;3661;3544;3635;3606
10;2502;2536;2490;2626;2693;2809;2895;2920;3076;3232;3312;3322;3365;3355;3434;3653;3540;3630
11;2495;2565;2585;2567;2698;2743;2883;2956;2969;3097;3257;3342;3340;3365;3360;3422;3653;3553
12;2428;2540;2627;2639;2625;2762;2797;2935;3010;2993;3114;3292;3352;3348;3382;3369;3415;3646
13;2390;2463;2575;2682;2682;2691;2824;2850;2978;3057;3023;3110;3304;3344;3358;3393;3363;3423
14;2310;2418;2472;2631;2735;2728;2742;2897;2907;3030;3096;3045;3122;3314;3357;3341;3395;3390
15;2449;2339;2461;2511;2690;2787;2812;2784;2942;2936;3043;3114;3056;3119;3322;3348;3349;3403
16;2466;2477;2371;2502;2567;2719;2854;2875;2836;2972;2974;3085;3113;3071;3130;3325;3369;3366
17;2460;2502;2513;2412;2543;2616;2786;2939;2910;2870;3016;3016;3124;3126;3092;3160;3347;3377
18;2611;2510;2537;2597;2473;2612;2681;2880;3031;2982;2936;3061;3033;3132;3147;3190;3255;3370
19;2802;2669;2561;2579;2651;2535;2709;2816;2982;3096;3044;2993;3097;3054;3177;3270;3353;3293
20;2825;2848;2707;2645;2640;2703;2661;2861;2935;3073;3168;3114;3033;3127;3105;3274;3403;3379
21;2934;2884;2925;2784;2716;2715;2861;2842;2954;3012;3167;3236;3151;3068;3186;3205;3404;3434
22;3288;3002;2974;3021;2877;2808;2852;3016;2966;3058;3116;3226;3285;3218;3098;3268;3319;3438
23;3592;3397;3144;3111;3140;2967;2985;3037;3166;3074;3160;3181;3280;3306;3268;3181;3386;3349
24;3815;3710;3532;3288;3194;3268;3190;3171;3191;3275;3185;3267;3271;3312;3356;3372;3280;3416
25;4165;3969;3902;3663;3432;3313;3494;3390;3319;3293;3423;3308;3378;3307;3369;3441;3484;3348
26;4606;4273;4209;4082;3798;3567;3523;3708;3529;3436;3400;3489;3404;3412;3359;3469;3492;3510
27;4898;4742;4461;4451;4229;3939;3825;3767;3821;3643;3561;3493;3563;3423;3476;3459;3545;3524
28;5035;5065;4982;4660;4657;4368;4182;4042;3898;3957;3749;3635;3566;3625;3459;3584;3525;3528
29;5252;5146;5290;5163;4814;4813;4600;4422;4149;4021;4097;3847;3682;3600;3663;3532;3642;3563
30;5294;5377;5342;5468;5354;5002;5059;4791;4550;4245;4066;4137;3898;3686;3675;3761;3612;3635
31;5364;5445;5604;5499;5662;5487;5255;5241;4902;4613;4354;4146;4180;3910;3729;3733;3846;3672
32;5415;5484;5597;5764;5666;5778;5656;5444;5339;4915;4693;4417;4203;4188;3935;3777;3789;3911
33;5535;5547;5630;5756;5921;5753;5905;5884;5504;5391;4969;4731;4475;4229;4227;4024;3836;3845
34;5598;5649;5714;5781;5846;6050;5954;6072;5974;5560;5461;5056;4757;4497;4273;4230;4062;3853
35;5768;5716;5792;5849;5890;5950;6223;6089;6150;6015;5625;5484;5090;4749;4526;4259;4277;4099
36;5654;5888;5862;5924;5943;6015;6087;6347;6160;6209;6059;5664;5529;5076;4816;4551;4295;4316
37;6042;5771;6004;5958;6012;6013;6186;6212;6405;6232;6256;6153;5720;5523;5107;4813;4579;4333
38;5529;6148;5905;6087;6049;6111;6215;6327;6273;6459;6292;6332;6213;5701;5566;5113;4832;4571
39;5404;5588;6276;5998;6169;6130;6273;6347;6369;6318;6496;6336;6381;6224;5707;5586;5135;4856
40;5390;5475;5682;6362;6093;6248;6296;6362;6401;6427;6372;6559;6387;6381;6247;5725;5608;5146
41;5224;5451;5556;5757;6439;6147;6382;6398;6430;6449;6473;6414;6582;6376;6380;6220;5705;5605
42;4986;5278;5534;5624;5821;6505;6268;6438;6440;6501;6460;6508;6429;6586;6383;6383;6193;5694
43;4841;5030;5353;5592;5667;5877;6599;6330;6493;6480;6518;6483;6552;6437;6554;6389;6363;6193
44;4795;4889;5085;5437;5640;5712;5989;6677;6378;6542;6525;6541;6505;6528;6455;6529;6411;6376
45;4923;4842;4951;5146;5507;5678;5798;6065;6730;6419;6560;6568;6563;6525;6527;6468;6548;6392
46;4564;4947;4908;5016;5221;5564;5769;5860;6082;6767;6448;6589;6584;6556;6572;6529;6449;6540
47;4455;4578;5004;4966;5062;5246;5631;5848;5923;6122;6786;6468;6589;6575;6570;6572;6522;6452
48;4364;4488;4613;5056;5001;5092;5359;5709;5878;5936;6139;6814;6453;6605;6556;6558;6564;6521
49;4457;4386;4532;4664;5097;5040;5185;5460;5761;5936;5953;6157;6809;6447;6596;6559;6572;6556
50;4447;4473;4411;4586;4721;5125;5115;5258;5526;5779;5959;5984;6193;6819;6433;6598;6536;6570
51;4765;4446;4525;4458;4605;4766;5177;5178;5298;5549;5793;5967;5973;6173;6802;6437;6575;6518
52;4835;4762;4476;4552;4485;4622;4827;5247;5223;5307;5576;5815;5963;5957;6158;6794;6423;6582
53;5108;4833;4796;4499;4578;4497;4669;4883;5285;5260;5330;5588;5811;5961;5979;6167;6780;6404
54;5057;5137;4869;4817;4515;4584;4530;4717;4947;5316;5266;5365;5575;5759;5961;5971;6154;6789
55;5278;5082;5155;4890;4830;4532;4619;4573;4743;4980;5333;5291;5357;5558;5733;5952;5949;6147
56;3743;5272;5102;5182;4915;4840;4542;4652;4581;4755;4994;5334;5289;5318;5542;5692;5950;5917
57;4282;3742;5301;5112;5211;4936;4844;4580;4669;4585;4762;4999;5339;5274;5319;5515;5676;5930
58;4183;4272;3753;5317;5118;5224;4966;4860;4620;4672;4598;4762;4992;5320;5265;5290;5502;5649
59;4157;4174;4272;3758;5316;5116;5219;4979;4867;4613;4679;4595;4754;4961;5298;5225;5267;5456
60;4230;4157;4158;4271;3746;5311;5095;5241;4990;4877;4614;4674;4571;4729;4950;5269;5207;5255
61;4894;4233;4157;4150;4259;3764;5290;5106;5271;4962;4864;4600;4657;4543;4712;4943;5251;5172
62;5060;4881;4225;4168;4138;4247;3759;5281;5094;5270;4955;4846;4588;4628;4526;4720;4928;5211
63;5107;5066;4869;4215;4156;4123;4232;3768;5278;5091;5248;4946;4813;4543;4611;4539;4682;4911
64;4722;5079;5053;4863;4194;4138;4113;4229;3759;5264;5065;5222;4923;4783;4514;4586;4504;4639
65;4413;4710;5050;5035;4830;4177;4120;4101;4226;3741;5229;5045;5186;4870;4765;4481;4569;4476
66;4721;4381;4682;5018;4995;4802;4162;4112;4100;4219;3717;5187;5010;5161;4832;4732;4460;4531
67;4756;4697;4340;4647;4978;4952;4782;4167;4101;4072;4198;3688;5135;4963;5116;4781;4680;4417
68;4506;4718;4663;4303;4638;4948;4910;4770;4133;4059;4044;4169;3664;5080;4952;5060;4746;4649
69;4200;4464;4661;4613;4273;4599;4890;4883;4743;4097;4014;3991;4124;3617;5023;4886;4984;4695
70;4215;4159;4416;4611;4576;4223;4561;4847;4849;4696;4062;3974;3954;4072;3582;4964;4819;4926
71;4401;4139;4106;4360;4572;4532;4177;4506;4823;4814;4634;4011;3918;3914;4037;3538;4921;4756
72;4070;4340;4082;4061;4311;4495;4481;4131;4444;4767;4747;4570;3963;3875;3858;3967;3483;4863
73;4122;4021;4271;4024;3995;4238;4439;4405;4079;4378;4691;4684;4511;3906;3812;3803;3905;3434
74;3990;4058;3957;4208;3936;3925;4173;4387;4354;4004;4318;4591;4596;4441;3847;3743;3745;3816
75;3750;3908;3972;3885;4116;3865;3859;4089;4309;4265;3924;4241;4514;4518;4364;3778;3681;3668
76;3844;3633;3825;3874;3781;4009;3767;3774;3992;4231;4182;3849;4135;4408;4414;4284;3709;3597
77;3539;3724;3536;3738;3760;3684;3917;3709;3673;3889;4144;4078;3783;4035;4311;4314;4189;3611
78;3529;3422;3593;3426;3614;3664;3565;3807;3596;3563;3772;4049;3949;3678;3933;4201;4217;4076
79;3348;3416;3308;3482;3336;3473;3547;3452;3684;3487;3451;3643;3936;3820;3553;3784;4100;4106
80;3243;3209;3265;3191;3360;3218;3357;3404;3330;3563;3351;3317;3545;3826;3700;3434;3666;3996
81;2965;3108;3066;3138;3081;3220;3109;3212;3259;3191;3398;3224;3195;3401;3677;3578;3306;3514
82;1865;2829;2945;2917;2985;2931;3066;2956;3046;3095;3065;3248;3098;3075;3241;3521;3430;3173
83;1336;1767;2624;2807;2754;2829;2774;2890;2772;2867;2940;2901;3077;2948;2907;3082;3361;3283
84;1195;1246;1648;2424;2631;2585;2658;2592;2717;2622;2646;2762;2750;2919;2756;2760;2913;3170
85;1508;1099;1142;1550;2244;2442;2420;2471;2409;2526;2433;2479;2601;2580;2734;2580;2581;2725
86;1727;1363;998;1063;1440;2053;2243;2215;2284;2208;2357;2210;2274;2423;2381;2543;2379;2394
87;1649;1527;1230;902;959;1317;1857;2045;2010;2090;1991;2122;2027;2079;2195;2188;2296;2188
88;1436;1469;1325;1107;804;891;1177;1645;1842;1801;1848;1788;1891;1815;1865;1989;1973;2095
89;1317;1262;1272;1163;996;733;784;1057;1451;1648;1579;1630;1589;1714;1616;1676;1784;1753
90;1123;1147;1058;1113;1003;868;637;673;922;1285;1402;1372;1418;1396;1459;1417;1461;1582
91;836;947;947;878;941;858;722;551;565;813;1101;1217;1176;1206;1180;1276;1220;1261
92;646;686;741;790;721;788;713;595;464;475;678;891;1022;986;1008;994;1073;1071
93;468;527;538;588;631;611;627;590;481;400;401;554;727;852;800;828;835;898
94;350;355;400;439;480;502;505;498;475;400;332;317;455;604;665;663;653;673
95;257;253;248;309;331;360;396;396;380;390;324;262;241;359;485;504;510;531
96;176;197;183;188;220;268;268;303;284;293;306;252;206;176;269;352;379;391
97;113;138;135;132;117;184;192;219;223;221;230;220;170;162;121;204;268;279
98;78;86;83;88;95;69;137;133;156;164;157;169;150;122;114;95;151;204
99;56;58;60;60;67;63;48;107;94;114;124;108;114;107;87;83;66;108
100 e oltre;84;91;86;91;96;100;106;92;127;169;202;206;198;201;202;167;151;136
Totale;347972;351136;355285;359871;363983;367900;374367;380588;384305;387032;389072;390631;391295;390424;389996;389924;389939;388913
Età/Anno;2002;2003;2004;2005;2006;2007;2008;2009;2010;2011;2012;2013;2014;2015;2016;2017;2018;2019
Età;Maschi
0;1430;1466;1571;1605;1624;1758;1801;1850;1891;1791;1773;1788;1584;1581;1508;1471;1434;1401
1;1417;1454;1502;1606;1634;1661;1802;1818;1857;1892;1798;1781;1788;1578;1587;1516;1479;1449
2;1344;1441;1489;1535;1632;1652;1696;1830;1820;1848;1892;1813;1783;1779;1567;1582;1546;1467
3;1284;1374;1483;1513;1563;1675;1677;1702;1832;1829;1843;1906;1836;1776;1776;1561;1597;1544
4;1282;1308;1409;1511;1551;1576;1708;1697;1722;1838;1832;1862;1905;1831;1776;1779;1593;1589
5;1287;1316;1336;1444;1543;1582;1606;1732;1697;1736;1849;1850;1858;1894;1820;1781;1766;1586
6;1271;1319;1357;1369;1480;1565;1614;1636;1754;1700;1737;1864;1850;1846;1894;1810;1784;1749
7;1235;1303;1340;1388;1407;1510;1615;1651;1665;1773;1712;1747;1873;1836;1847;1878;1803;1768
8;1194;1263;1333;1371;1432;1428;1554;1663;1657;1673;1779;1714;1756;1882;1843;1860;1873;1812
9;1239;1215;1291;1364;1394;1464;1458;1587;1680;1676;1676;1773;1732;1759;1896;1830;1860;1865
10;1253;1276;1243;1334;1393;1427;1490;1508;1604;1699;1698;1686;1780;1737;1755;1893;1827;1862
11;1275;1281;1307;1288;1373;1424;1475;1516;1541;1622;1704;1714;1693;1773;1733;1754;1889;1838
12;1234;1304;1315;1342;1311;1405;1459;1507;1541;1555;1625;1718;1719;1694;1774;1725;1758;1877
13;1237;1262;1327;1349;1363;1346;1443;1479;1529;1560;1571;1627;1722;1716;1700;1786;1723;1768
14;1165;1246;1265;1354;1379;1392;1383;1492;1505;1567;1583;1582;1629;1733;1730;1694;1782;1733
15;1258;1197;1272;1280;1396;1407;1431;1403;1524;1524;1577;1595;1591;1634;1738;1722;1703;1794
16;1245;1275;1214;1290;1314;1404;1446;1460;1438;1540;1553;1591;1599;1600;1641;1747;1737;1721
17;1289;1265;1293;1238;1312;1346;1447;1494;1488;1459;1568;1575;1613;1607;1612;1668;1766;1748
18;1314;1324;1285;1341;1263;1357;1381;1510;1556;1540;1500;1584;1588;1620;1621;1696;1751;1784
19;1457;1347;1347;1307;1367;1289;1413;1452;1571;1595;1568;1522;1590;1585;1645;1718;1831;1779
20;1422;1477;1360;1396;1338;1394;1358;1483;1499;1596;1618;1595;1533;1610;1621;1715;1818;1843
21;1509;1434;1501;1392;1415;1349;1464;1422;1502;1530;1637;1652;1612;1546;1653;1696;1806;1827
22;1663;1540;1476;1554;1413;1455;1415;1519;1483;1539;1574;1655;1667;1625;1559;1718;1763;1805
23;1797;1715;1604;1545;1608;1466;1519;1493;1575;1528;1592;1608;1675;1678;1659;1608;1791;1772
24;1900;1844;1782;1676;1571;1670;1570;1606;1551;1628;1569;1645;1651;1676;1702;1730;1671;1781
25;2151;1972;1955;1842;1748;1605;1749;1657;1669;1606;1697;1613;1698;1669;1710;1766;1806;1699
26;2355;2194;2089;2036;1891;1812;1703;1808;1718;1693;1644;1740;1662;1727;1700;1772;1815;1808
27;2471;2417;2276;2215;2125;1950;1922;1814;1847;1767;1758;1703;1762;1670;1754;1755;1834;1832
28;2505;2550;2549;2382;2304;2188;2068;2043;1860;1912;1820;1797;1742;1790;1704;1843;1783;1817
29;2663;2553;2674;2639;2455;2380;2304;2186;2086;1923;1984;1882;1823;1743;1815;1769;1880;1806
30;2693;2716;2657;2782;2725;2536;2482;2396;2249;2126;1952;1993;1916;1818;1792;1866;1810;1886
31;2651;2788;2829;2748;2870;2781;2654;2562;2457;2282;2178;2003;2013;1920;1839;1833;1918;1845
32;2726;2712;2875;2931;2839;2920;2871;2746;2589;2453;2309;2207;2056;2024;1924;1864;1876;1947
33;2859;2787;2808;2963;3005;2884;2989;2997;2775;2619;2470;2338;2227;2068;2045;1974;1892;1902
34;2895;2899;2868;2904;2984;3066;2987;3064;3033;2801;2637;2511;2344;2235;2088;2054;1999;1914
35;2936;2950;2990;2953;2948;3023;3142;3048;3091;3032;2820;2650;2513;2335;2255;2084;2094;2024
36;2831;2997;3030;3086;2991;3011;3076;3216;3082;3118;3056;2862;2679;2509;2378;2281;2100;2118
37;3120;2905;3063;3095;3139;3047;3081;3147;3251;3100;3131;3100;2893;2676;2535;2391;2303;2119
38;2881;3183;2978;3089;3148;3184;3126;3147;3186;3258;3115;3178;3142;2878;2706;2527;2406;2291
39;2734;2913;3250;3019;3130;3179;3263;3195;3149;3202;3275;3130;3218;3154;2871;2709;2521;2410
40;2725;2779;2965;3302;3086;3176;3256;3298;3217;3153;3227;3301;3156;3211;3180;2889;2728;2550
41;2681;2755;2825;3010;3339;3106;3229;3292;3327;3229;3170;3243;3305;3142;3203;3172;2869;2735
42;2525;2717;2791;2866;3037;3385;3162;3249;3303;3334;3207;3196;3260;3303;3140;3203;3146;2870
43;2459;2550;2750;2825;2883;3053;3419;3190;3272;3313;3334;3216;3225;3252;3291;3139;3175;3135
44;2373;2491;2576;2787;2844;2906;3097;3444;3198;3278;3324;3343;3224;3204;3256;3272;3138;3189
45;2524;2401;2529;2612;2829;2866;2942;3124;3443;3205;3272;3341;3348;3228;3208;3253;3282;3130
46;2288;2533;2423;2558;2646;2848;2918;2954;3130;3440;3217;3281;3350;3347;3250;3193;3251;3270
47;2212;2290;2555;2457;2583;2671;2871;2938;2977;3133;3428;3221;3271;3346;3346;3243;3196;3234
48;2183;2233;2298;2576;2483;2597;2712;2891;2945;2976;3121;3443;3202;3289;3338;3341;3233;3190
49;2189;2197;2244;2319;2598;2501;2636;2732;2911;2963;2973;3131;3442;3197;3281;3340;3347;3223
50;2198;2193;2205;2260;2345;2605;2530;2645;2749;2897;2963;2985;3148;3441;3184;3273;3325;3359
51;2343;2193;2206;2214;2274;2369;2617;2541;2645;2753;2897;2964;2973;3133;3421;3178;3263;3319
52;2304;2334;2204;2218;2229;2275;2389;2638;2543;2648;2752;2904;2963;2957;3122;3419;3168;3278
53;2450;2302;2337;2221;2225;2236;2283;2414;2635;2555;2646;2751;2890;2944;2965;3120;3411;3152
54;2540;2461;2311;2344;2235;2221;2243;2289;2432;2643;2556;2649;2736;2855;2950;2952;3110;3404
55;2533;2557;2459;2316;2353;2241;2239;2256;2290;2439;2640;2561;2643;2725;2841;2935;2930;3113
56;1794;2523;2561;2475;2333;2359;2255;2242;2247;2282;2451;2630;2565;2624;2722;2826;2927;2913
57;2082;1781;2536;2566;2485;2351;2352;2261;2245;2239;2284;2455;2621;2537;2618;2700;2817;2901
58;1999;2074;1782;2529;2563;2486;2368;2349;2278;2245;2246;2274;2452;2597;2522;2603;2698;2801
59;2018;1992;2066;1771;2526;2556;2475;2370;2336;2263;2242;2238;2277;2425;2583;2494;2591;2676
60;2058;2007;1979;2058;1759;2520;2533;2484;2362;2332;2252;2230;2227;2262;2408;2576;2473;2573
61;2305;2056;2005;1975;2050;1765;2508;2528;2493;2340;2323;2239;2220;2211;2254;2399;2575;2454
62;2384;2298;2051;2008;1969;2039;1771;2496;2521;2490;2331;2308;2224;2201;2201;2253;2385;2550
63;2427;2385;2277;2041;2002;1953;2025;1765;2482;2510;2479;2326;2289;2195;2195;2206;2233;2372
64;2256;2414;2373;2272;2030;1996;1941;2016;1756;2478;2493;2455;2321;2268;2175;2184;2180;2205
65;2040;2246;2396;2352;2247;2022;1976;1920;2014;1743;2461;2475;2427;2282;2252;2154;2163;2165
66;2228;2016;2227;2378;2335;2233;2012;1974;1906;2010;1729;2428;2454;2409;2256;2225;2135;2140
67;2207;2212;1991;2208;2352;2312;2224;2000;1964;1897;1989;1708;2400;2426;2387;2227;2191;2110
68;2156;2180;2192;1962;2200;2328;2275;2202;1983;1934;1871;1969;1698;2369;2422;2355;2207;2166
69;1927;2119;2133;2159;1937;2182;2301;2249;2183;1953;1900;1844;1934;1671;2333;2385;2309;2176
70;1954;1898;2080;2107;2140;1909;2159;2269;2218;2157;1939;1867;1825;1907;1649;2299;2334;2278
71;1991;1907;1859;2046;2087;2111;1877;2120;2256;2191;2111;1900;1835;1805;1882;1619;2274;2295
72;1908;1947;1874;1828;2018;2044;2069;1855;2076;2226;2151;2063;1863;1816;1764;1837;1586;2241
73;1879;1861;1897;1841;1796;1969;1999;2026;1806;2035;2185;2107;2033;1823;1788;1729;1800;1558
74;1779;1836;1816;1862;1780;1745;1926;1957;1990;1765;1997;2117;2055;1988;1783;1746;1693;1747
75;1609;1732;1786;1777;1810;1733;1713;1865;1913;1941;1721;1949;2069;2011;1945;1750;1714;1646
76;1688;1532;1685;1721;1710;1748;1674;1661;1811;1858;1898;1675;1885;2012;1959;1893;1704;1667
77;1462;1613;1475;1637;1655;1658;1681;1617;1595;1739;1820;1833;1635;1824;1963;1905;1839;1648
78;1440;1392;1540;1409;1572;1586;1584;1621;1558;1529;1668;1773;1752;1583;1782;1901;1857;1781
79;1381;1378;1339;1481;1353;1494;1516;1512;1548;1499;1474;1593;1701;1671;1510;1687;1837;1801
80;1276;1299;1293;1260;1404;1293;1431;1434;1437;1474;1426;1397;1536;1632;1611;1444;1626;1784
81;1128;1196;1215;1219;1181;1326;1239;1349;1354;1368;1390;1355;1327;1462;1547;1547;1366;1539
82;710;1054;1098;1132;1134;1102;1247;1154;1261;1263;1288;1303;1294;1270;1370;1464;1457;1299
83;472;652;963;1030;1053;1045;1006;1150;1062;1171;1175;1213;1218;1218;1182;1285;1385;1372
84;445;429;593;862;935;978;955;923;1054;989;1051;1073;1127;1136;1111;1112;1191;1278
85;557;396;377;559;780;839;891;863;844;964;896;967;995;1021;1054;1027;1014;1087
86;608;488;340;348;500;704;744;793;795;750;893;788;878;912;921;968;937;930
87;569;528;438;297;299;442;633;675;690;721;648;787;699;786;813;830;867;854
88;497;506;443;385;254;271;391;544;602;610;620;566;688;611;684;720;734;770
89;427;426;424;385;327;228;232;346;472;535;529;539;492;621;522;604;633;651
90;356;368;350;370;321;265;194;187;290;402;429;441;450;420;501;441;513;555
91;253;287;288;283;297;259;216;160;162;249;329;356;361;371;343;413;370;419
92;168;200;209;230;231;239;208;171;123;130;195;259;290;288;300;282;327;308
93;131;129;152;163;173;186;187;162;137;102;108;155;210;224;232;232;228;252
94;78;100;100;122;124;136;146;141;117;107;86;78;118;174;157;181;169;185
95;51;49;60;66;97;87;106;108;106;97;81;68;54;82;133;110;135;127
96;49;33;32;47;41;72;63;82;74;71;73;56;51;44;54;90;77;97
97;30;36;18;18;23;35;48;47;62;56;53;53;36;37;24;37;74;55
98;19;24;22;11;12;11;26;33;31;46;41;37;36;20;27;18;26;50
99;12;13;16;14;6;5;7;23;16;23;33;26;22;19;15;18;12;16
100 e oltre;14;14;17;19;19;19;10;10;25;31;40;48;46;39;38;32;26;23
Totale;167821;169394;171639;174244;176287;178265;181379;184145;185796;186904;187800;188705;189141;188690;188741;189156;189649;189246
Età/Anno;2002;2003;2004;2005;2006;2007;2008;2009;2010;2011;2012;2013;2014;2015;2016;2017;2018;2019
Età;Femmine
0;1355;1453;1429;1500;1536;1624;1673;1768;1722;1712;1642;1551;1553;1480;1398;1346;1315;1253
1;1282;1385;1482;1456;1521;1555;1661;1695;1799;1720;1722;1629;1556;1541;1486;1389;1343;1327
2;1251;1319;1399;1504;1484;1540;1585;1726;1690;1817;1719;1731;1639;1547;1524;1491;1408;1354
3;1206;1274;1340;1427;1532;1518;1561;1608;1750;1694;1806;1731;1734;1617;1554;1535;1483;1424
4;1230;1234;1294;1373;1486;1555;1542;1587;1628;1751;1704;1816;1725;1719;1607;1552;1523;1485
5;1235;1272;1270;1315;1408;1525;1577;1560;1589;1638;1763;1717;1824;1728;1719;1594;1550;1528
6;1179;1254;1298;1291;1344;1445;1552;1596;1564;1601;1642;1766;1732;1810;1741;1723;1593;1554
7;1220;1222;1295;1323;1333;1370;1480;1580;1618;1569;1609;1647;1756;1722;1809;1738;1713;1599
8;1172;1252;1249;1328;1348;1364;1423;1503;1596;1627;1569;1624;1667;1766;1716;1791;1736;1716
9;1234;1217;1278;1269;1363;1371;1394;1454;1515;1607;1631;1581;1626;1672;1765;1714;1775;1741
10;1249;1260;1247;1292;1300;1382;1405;1412;1472;1533;1614;1636;1585;1618;1679;1760;1713;1768
11;1220;1284;1278;1279;1325;1319;1408;1440;1428;1475;1553;1628;1647;1592;1627;1668;1764;1715
12;1194;1236;1312;1297;1314;1357;1338;1428;1469;1438;1489;1574;1633;1654;1608;1644;1657;1769
13;1153;1201;1248;1333;1319;1345;1381;1371;1449;1497;1452;1483;1582;1628;1658;1607;1640;1655
14;1145;1172;1207;1277;1356;1336;1359;1405;1402;1463;1513;1463;1493;1581;1627;1647;1613;1657
15;1191;1142;1189;1231;1294;1380;1381;1381;1418;1412;1466;1519;1465;1485;1584;1626;1646;1609
16;1221;1202;1157;1212;1253;1315;1408;1415;1398;1432;1421;1494;1514;1471;1489;1578;1632;1645
17;1171;1237;1220;1174;1231;1270;1339;1445;1422;1411;1448;1441;1511;1519;1480;1492;1581;1629
18;1297;1186;1252;1256;1210;1255;1300;1370;1475;1442;1436;1477;1445;1512;1526;1494;1504;1586
19;1345;1322;1214;1272;1284;1246;1296;1364;1411;1501;1476;1471;1507;1469;1532;1552;1522;1514
20;1403;1371;1347;1249;1302;1309;1303;1378;1436;1477;1550;1519;1500;1517;1484;1559;1585;1536
21;1425;1450;1424;1392;1301;1366;1397;1420;1452;1482;1530;1584;1539;1522;1533;1509;1598;1607
22;1625;1462;1498;1467;1464;1353;1437;1497;1483;1519;1542;1571;1618;1593;1539;1550;1556;1633
23;1795;1682;1540;1566;1532;1501;1466;1544;1591;1546;1568;1573;1605;1628;1609;1573;1595;1577
24;1915;1866;1750;1612;1623;1598;1620;1565;1640;1647;1616;1622;1620;1636;1654;1642;1609;1635
25;2014;1997;1947;1821;1684;1708;1745;1733;1650;1687;1726;1695;1680;1638;1659;1675;1678;1649
26;2251;2079;2120;2046;1907;1755;1820;1900;1811;1743;1756;1749;1742;1685;1659;1697;1677;1702
27;2427;2325;2185;2236;2104;1989;1903;1953;1974;1876;1803;1790;1801;1753;1722;1704;1711;1692
28;2530;2515;2433;2278;2353;2180;2114;1999;2038;2045;1929;1838;1824;1835;1755;1741;1742;1711
29;2589;2593;2616;2524;2359;2433;2296;2236;2063;2098;2113;1965;1859;1857;1848;1763;1762;1757
30;2601;2661;2685;2686;2629;2466;2577;2395;2301;2119;2114;2144;1982;1868;1883;1895;1802;1749
31;2713;2657;2775;2751;2792;2706;2601;2679;2445;2331;2176;2143;2167;1990;1890;1900;1928;1827
32;2689;2772;2722;2833;2827;2858;2785;2698;2750;2462;2384;2210;2147;2164;2011;1913;1913;1964
33;2676;2760;2822;2793;2916;2869;2916;2887;2729;2772;2499;2393;2248;2161;2182;2050;1944;1943
34;2703;2750;2846;2877;2862;2984;2967;3008;2941;2759;2824;2545;2413;2262;2185;2176;2063;1939
35;2832;2766;2802;2896;2942;2927;3081;3041;3059;2983;2805;2834;2577;2414;2271;2175;2183;2075
36;2823;2891;2832;2838;2952;3004;3011;3131;3078;3091;3003;2802;2850;2567;2438;2270;2195;2198
37;2922;2866;2941;2863;2873;2966;3105;3065;3154;3132;3125;3053;2827;2847;2572;2422;2276;2214
38;2648;2965;2927;2998;2901;2927;3089;3180;3087;3201;3177;3154;3071;2823;2860;2586;2426;2280
39;2670;2675;3026;2979;3039;2951;3010;3152;3220;3116;3221;3206;3163;3070;2836;2877;2614;2446
40;2665;2696;2717;3060;3007;3072;3040;3064;3184;3274;3145;3258;3231;3170;3067;2836;2880;2596
41;2543;2696;2731;2747;3100;3041;3153;3106;3103;3220;3303;3171;3277;3234;3177;3048;2836;2870
42;2461;2561;2743;2758;2784;3120;3106;3189;3137;3167;3253;3312;3169;3283;3243;3180;3047;2824
43;2382;2480;2603;2767;2784;2824;3180;3140;3221;3167;3184;3267;3327;3185;3263;3250;3188;3058
44;2422;2398;2509;2650;2796;2806;2892;3233;3180;3264;3201;3198;3281;3324;3199;3257;3273;3187
45;2399;2441;2422;2534;2678;2812;2856;2941;3287;3214;3288;3227;3215;3297;3319;3215;3266;3262
46;2276;2414;2485;2458;2575;2716;2851;2906;2952;3327;3231;3308;3234;3209;3322;3336;3198;3270
47;2243;2288;2449;2509;2479;2575;2760;2910;2946;2989;3358;3247;3318;3229;3224;3329;3326;3218
48;2181;2255;2315;2480;2518;2495;2647;2818;2933;2960;3018;3371;3251;3316;3218;3217;3331;3331
49;2268;2189;2288;2345;2499;2539;2549;2728;2850;2973;2980;3026;3367;3250;3315;3219;3225;3333
50;2249;2280;2206;2326;2376;2520;2585;2613;2777;2882;2996;2999;3045;3378;3249;3325;3211;3211
51;2422;2253;2319;2244;2331;2397;2560;2637;2653;2796;2896;3003;3000;3040;3381;3259;3312;3199
52;2531;2428;2272;2334;2256;2347;2438;2609;2680;2659;2824;2911;3000;3000;3036;3375;3255;3304
53;2658;2531;2459;2278;2353;2261;2386;2469;2650;2705;2684;2837;2921;3017;3014;3047;3369;3252
54;2517;2676;2558;2473;2280;2363;2287;2428;2515;2673;2710;2716;2839;2904;3011;3019;3044;3385
55;2745;2525;2696;2574;2477;2291;2380;2317;2453;2541;2693;2730;2714;2833;2892;3017;3019;3034
56;1949;2749;2541;2707;2582;2481;2287;2410;2334;2473;2543;2704;2724;2694;2820;2866;3023;3004
57;2200;1961;2765;2546;2726;2585;2492;2319;2424;2346;2478;2544;2718;2737;2701;2815;2859;3029
58;2184;2198;1971;2788;2555;2738;2598;2511;2342;2427;2352;2488;2540;2723;2743;2687;2804;2848
59;2139;2182;2206;1987;2790;2560;2744;2609;2531;2350;2437;2357;2477;2536;2715;2731;2676;2780
60;2172;2150;2179;2213;1987;2791;2562;2757;2628;2545;2362;2444;2344;2467;2542;2693;2734;2682
61;2589;2177;2152;2175;2209;1999;2782;2578;2778;2622;2541;2361;2437;2332;2458;2544;2676;2718
62;2676;2583;2174;2160;2169;2208;1988;2785;2573;2780;2624;2538;2364;2427;2325;2467;2543;2661
63;2680;2681;2592;2174;2154;2170;2207;2003;2796;2581;2769;2620;2524;2348;2416;2333;2449;2539
64;2466;2665;2680;2591;2164;2142;2172;2213;2003;2786;2572;2767;2602;2515;2339;2402;2324;2434
65;2373;2464;2654;2683;2583;2155;2144;2181;2212;1998;2768;2570;2759;2588;2513;2327;2406;2311
66;2493;2365;2455;2640;2660;2569;2150;2138;2194;2209;1988;2759;2556;2752;2576;2507;2325;2391
67;2549;2485;2349;2439;2626;2640;2558;2167;2137;2175;2209;1980;2735;2537;2729;2554;2489;2307
68;2350;2538;2471;2341;2438;2620;2635;2568;2150;2125;2173;2200;1966;2711;2530;2705;2539;2483
69;2273;2345;2528;2454;2336;2417;2589;2634;2560;2144;2114;2147;2190;1946;2690;2501;2675;2519
70;2261;2261;2336;2504;2436;2314;2402;2578;2631;2539;2123;2107;2129;2165;1933;2665;2485;2648
71;2410;2232;2247;2314;2485;2421;2300;2386;2567;2623;2523;2111;2083;2109;2155;1919;2647;2461
72;2162;2393;2208;2233;2293;2451;2412;2276;2368;2541;2596;2507;2100;2059;2094;2130;1897;2622
73;2243;2160;2374;2183;2199;2269;2440;2379;2273;2343;2506;2577;2478;2083;2024;2074;2105;1876
74;2211;2222;2141;2346;2156;2180;2247;2430;2364;2239;2321;2474;2541;2453;2064;1997;2052;2069
75;2141;2176;2186;2108;2306;2132;2146;2224;2396;2324;2203;2292;2445;2507;2419;2028;1967;2022
76;2156;2101;2140;2153;2071;2261;2093;2113;2181;2373;2284;2174;2250;2396;2455;2391;2005;1930
77;2077;2111;2061;2101;2105;2026;2236;2092;2078;2150;2324;2245;2148;2211;2348;2409;2350;1963
78;2089;2030;2053;2017;2042;2078;1981;2186;2038;2034;2104;2276;2197;2095;2151;2300;2360;2295
79;1967;2038;1969;2001;1983;1979;2031;1940;2136;1988;1977;2050;2235;2149;2043;2097;2263;2305
80;1967;1910;1972;1931;1956;1925;1926;1970;1893;2089;1925;1920;2009;2194;2089;1990;2040;2212
81;1837;1912;1851;1919;1900;1894;1870;1863;1905;1823;2008;1869;1868;1939;2130;2031;1940;1975
82;1155;1775;1847;1785;1851;1829;1819;1802;1785;1832;1777;1945;1804;1805;1871;2057;1973;1874
83;864;1115;1661;1777;1701;1784;1768;1740;1710;1696;1765;1688;1859;1730;1725;1797;1976;1911
84;750;817;1055;1562;1696;1607;1703;1669;1663;1633;1595;1689;1623;1783;1645;1648;1722;1892
85;951;703;765;991;1464;1603;1529;1608;1565;1562;1537;1512;1606;1559;1680;1553;1567;1638
86;1119;875;658;715;940;1349;1499;1422;1489;1458;1464;1422;1396;1511;1460;1575;1442;1464
87;1080;999;792;605;660;875;1224;1370;1320;1369;1343;1335;1328;1293;1382;1358;1429;1334
88;939;963;882;722;550;620;786;1101;1240;1191;1228;1222;1203;1204;1181;1269;1239;1325
89;890;836;848;778;669;505;552;711;979;1113;1050;1091;1097;1093;1094;1072;1151;1102
90;767;779;708;743;682;603;443;486;632;883;973;931;968;976;958;976;948;1027
91;583;660;659;595;644;599;506;391;403;564;772;861;815;835;837;863;850;842
92;478;486;532;560;490;549;505;424;341;345;483;632;732;698;708;712;746;763
93;337;398;386;425;458;425;440;428;344;298;293;399;517;628;568;596;607;646
94;272;255;300;317;356;366;359;357;358;293;246;239;337;430;508;482;484;488
95;206;204;188;243;234;273;290;288;274;293;243;194;187;277;352;394;375;404
96;127;164;151;141;179;196;205;221;210;222;233;196;155;132;215;262;302;294
97;83;102;117;114;94;149;144;172;161;165;177;167;134;125;97;167;194;224
98;59;62;61;77;83;58;111;100;125;118;116;132;114;102;87;77;125;154
99;44;45;44;46;61;58;41;84;78;91;91;82;92;88;72;65;54;92
100 e oltre;70;77;69;72;77;81;96;82;102;138;162;158;152;162;164;135;125;113
Totale;180151;181742;183646;185627;187696;189635;192988;196443;198509;200128;201272;201926;202154;201734;201255;200768;200290;199667

"Ricostruzione della popolazione intercensuaria - Popolazione al 1° gennaio per età"
"Cittadinanza italiana - Provincia: Ravenna"
Età/Anno;2002;2003;2004;2005;2006;2007;2008;2009;2010;2011;2012;2013;2014;2015;2016;2017;2018;2019
Età;Totale
0;2611;2708;2720;2734;2728;2858;2875;2914;2852;2719;2654;2501;2397;2322;2186;2086;2058;1969
1;2545;2641;2745;2754;2775;2757;2906;2894;2941;2860;2746;2630;2509;2390;2363;2216;2138;2105
2;2468;2582;2674;2774;2788;2798;2791;2963;2884;2959;2867;2751;2650;2534;2413;2389;2295;2160
3;2377;2495;2629;2696;2807;2839;2816;2797;2970;2897;2957;2861;2779;2676;2582;2452;2421;2318
4;2412;2409;2530;2672;2756;2829;2877;2820;2817;2987;2903;2954;2866;2801;2719;2640;2519;2429
5;2420;2453;2446;2562;2710;2802;2852;2895;2813;2842;2990;2909;2967;2895;2841;2757;2687;2534
6;2334;2441;2492;2487;2595;2745;2831;2865;2903;2831;2841;2993;2943;2986;2959;2885;2799;2706
7;2364;2378;2480;2532;2526;2623;2795;2847;2891;2928;2849;2838;3013;2961;3036;2991;2928;2811
8;2261;2386;2403;2525;2566;2551;2661;2829;2853;2914;2925;2856;2879;3066;3017;3084;3036;2965
9;2377;2307;2414;2434;2550;2594;2584;2685;2830;2873;2921;2931;2891;2914;3118;3053;3115;3050
10;2405;2407;2329;2436;2458;2578;2615;2612;2686;2859;2883;2934;2952;2922;2959;3144;3085;3136
11;2400;2433;2427;2371;2476;2485;2621;2625;2619;2700;2873;2894;2962;2973;2960;2981;3176;3104
12;2346;2414;2458;2451;2388;2510;2498;2635;2644;2635;2706;2883;2910;2986;3015;2991;3003;3191
13;2301;2362;2422;2483;2466;2420;2528;2506;2637;2671;2647;2701;2893;2935;3014;3043;3009;3017
14;2236;2314;2365;2443;2504;2496;2431;2548;2526;2660;2684;2648;2715;2919;2969;3027;3060;3023
15;2374;2255;2344;2380;2463;2520;2526;2439;2552;2526;2659;2695;2661;2727;2937;2979;3044;3063
16;2391;2375;2264;2352;2394;2469;2535;2536;2448;2562;2535;2669;2703;2682;2755;2944;2991;3064
17;2374;2403;2399;2282;2352;2411;2476;2543;2544;2449;2577;2536;2685;2722;2707;2783;2964;2997
18;2523;2391;2411;2431;2294;2377;2421;2479;2545;2565;2475;2596;2562;2720;2759;2760;2836;3008
19;2700;2551;2411;2435;2456;2320;2402;2451;2495;2559;2582;2498;2611;2574;2741;2772;2794;2858
20;2722;2734;2563;2454;2457;2473;2350;2435;2468;2517;2571;2579;2493;2615;2572;2745;2794;2803
21;2815;2743;2755;2593;2491;2491;2516;2382;2451;2473;2527;2586;2581;2504;2629;2592;2768;2808
22;3140;2836;2766;2775;2639;2527;2515;2533;2401;2451;2500;2536;2606;2613;2507;2645;2634;2792
23;3437;3180;2877;2814;2829;2675;2543;2556;2556;2417;2478;2507;2549;2610;2636;2521;2672;2668
24;3640;3490;3216;2903;2853;2872;2705;2571;2577;2572;2451;2512;2526;2564;2636;2654;2553;2685
25;3956;3702;3556;3251;2967;2906;2907;2751;2600;2558;2607;2468;2556;2554;2585;2661;2695;2602
26;4355;4014;3790;3613;3323;3024;2942;2981;2776;2616;2577;2606;2498;2568;2565;2613;2676;2706
27;4673;4409;4051;3886;3677;3370;3088;3025;2994;2798;2652;2599;2633;2511;2593;2606;2646;2708
28;4774;4752;4492;4127;3971;3740;3426;3148;3062;3033;2832;2662;2634;2664;2538;2622;2644;2650
29;4958;4814;4810;4554;4162;4044;3812;3492;3204;3134;3104;2859;2691;2659;2683;2566;2658;2680
30;4990;5021;4873;4874;4627;4246;4134;3872;3523;3233;3130;3115;2874;2719;2705;2738;2622;2660
31;5073;5034;5097;4921;4985;4677;4334;4181;3930;3561;3310;3157;3128;2888;2755;2740;2794;2656
32;5099;5127;5102;5164;4992;5049;4741;4380;4252;3933;3638;3319;3188;3150;2910;2779;2781;2855
33;5167;5178;5162;5163;5251;5050;5077;4846;4417;4291;3998;3657;3353;3220;3179;2983;2821;2824
34;5281;5232;5225;5217;5225;5315;5141;5152;4900;4453;4363;4031;3662;3356;3263;3191;3014;2840
35;5473;5348;5275;5300;5256;5317;5379;5198;5191;4936;4507;4363;4027;3666;3392;3267;3247;3065
36;5394;5542;5411;5344;5352;5350;5367;5426;5237;5236;4989;4516;4381;4028;3739;3424;3325;3286
37;5760;5459;5588;5462;5389;5394;5421;5419;5454;5284;5268;5026;4564;4394;4079;3777;3486;3366
38;5294;5836;5514;5624;5496;5456;5462;5487;5458;5491;5337;5298;5045;4602;4462;4109;3830;3512
39;5217;5311;5880;5568;5682;5550;5508;5507;5504;5500;5526;5337;5344;5095;4652;4523;4157;3859
40;5186;5245;5351;5927;5622;5722;5605;5523;5541;5539;5533;5551;5394;5369;5155;4705;4577;4201
41;4983;5224;5264;5380;5971;5653;5779;5641;5552;5568;5575;5553;5579;5408;5410;5182;4727;4605
42;4803;5006;5247;5287;5411;6016;5713;5797;5670;5596;5587;5593;5578;5610;5447;5461;5216;4730
43;4660;4846;5027;5277;5320;5448;6064;5746;5824;5710;5610;5595;5620;5602;5629;5480;5497;5249
44;4650;4692;4862;5068;5308;5353;5493;6100;5760;5858;5746;5619;5621;5639;5631;5644;5521;5534
45;4773;4682;4726;4889;5105;5322;5367;5516;6110;5783;5878;5748;5644;5651;5688;5682;5691;5527
46;4439;4793;4700;4758;4925;5145;5351;5364;5514;6123;5809;5877;5754;5676;5716;5717;5701;5702
47;4333;4442;4804;4725;4774;4949;5156;5382;5382;5520;6139;5808;5870;5768;5712;5743;5739;5722
48;4256;4357;4457;4830;4744;4790;4990;5170;5379;5380;5515;6154;5809;5905;5786;5727;5779;5757
49;4372;4271;4376;4492;4849;4764;4826;5015;5175;5404;5383;5515;6143;5823;5930;5816;5760;5785
50;4363;4380;4277;4405;4511;4868;4786;4836;5045;5166;5413;5405;5540;6174;5844;5953;5825;5783
51;4676;4364;4405;4311;4424;4536;4872;4795;4846;5062;5167;5406;5388;5549;6188;5848;5957;5815
52;4768;4680;4378;4419;4331;4422;4552;4894;4803;4839;5070;5173;5401;5394;5565;6195;5861;5969
53;5041;4756;4686;4393;4438;4331;4430;4564;4896;4815;4858;5059;5174;5411;5411;5589;6193;5852
54;5011;5067;4766;4693;4404;4435;4339;4444;4575;4898;4819;4870;5042;5137;5438;5412;5591;6196
55;5233;5026;5068;4766;4695;4414;4456;4335;4441;4584;4907;4819;4870;5031;5140;5452;5408;5590
56;3705;5228;5031;5087;4789;4703;4415;4449;4327;4434;4596;4895;4825;4848;5032;5143;5449;5397
57;4242;3696;5246;5032;5101;4810;4692;4418;4444;4313;4434;4599;4894;4819;4847;5011;5147;5433
58;4143;4230;3704;5258;5034;5107;4823;4674;4424;4441;4320;4428;4594;4888;4814;4843;5006;5138
59;4124;4136;4226;3708;5257;5035;5102;4809;4654;4407;4449;4302;4425;4576;4882;4787;4834;4979
60;4205;4116;4119;4223;3697;5248;5009;5112;4807;4662;4391;4434;4286;4408;4575;4876;4771;4828
61;4863;4204;4116;4110;4208;3713;5224;5007;5117;4774;4648;4365;4420;4265;4395;4578;4876;4752
62;5034;4847;4190;4121;4099;4198;3706;5201;4982;5106;4759;4621;4349;4395;4256;4401;4571;4841
63;5067;5033;4832;4175;4107;4083;4181;3695;5187;4973;5084;4742;4591;4313;4393;4265;4372;4554
64;4700;5036;5017;4820;4154;4088;4073;4158;3679;5172;4945;5047;4736;4559;4288;4373;4234;4337
65;4387;4680;5005;4999;4785;4136;4069;4046;4151;3654;5133;4919;5012;4688;4543;4260;4358;4214
66;4696;4356;4651;4971;4957;4757;4120;4040;4033;4142;3625;5082;4885;4981;4653;4507;4240;4322
67;4729;4670;4318;4614;4928;4907;4732;4116;4017;4004;4117;3596;5031;4846;4935;4608;4460;4204
68;4484;4688;4630;4278;4599;4902;4860;4702;4078;3970;3974;4086;3572;4979;4832;4885;4576;4434
69;4189;4440;4636;4579;4246;4561;4844;4816;4668;4041;3921;3922;4040;3531;4925;4765;4812;4533
70;4197;4145;4391;4584;4539;4193;4523;4792;4778;4626;4000;3884;3887;3987;3497;4870;4699;4757
71;4378;4122;4090;4332;4542;4494;4145;4460;4762;4738;4567;3950;3825;3849;3951;3451;4821;4639
72;4058;4316;4064;4043;4280;4469;4441;4094;4392;4708;4667;4500;3901;3782;3791;3882;3402;4768
73;4108;4006;4246;4008;3976;4212;4407;4359;4039;4326;4632;4604;4440;3851;3723;3735;3824;3352
74;3981;4042;3942;4181;3920;3906;4142;4346;4310;3966;4265;4530;4519;4375;3789;3653;3677;3740
75;3739;3898;3954;3870;4086;3847;3842;4054;4268;4219;3884;4183;4449;4447;4304;3722;3594;3598
76;3835;3620;3814;3858;3765;3982;3751;3754;3955;4189;4137;3812;4081;4349;4344;4221;3651;3513
77;3532;3715;3523;3727;3744;3668;3892;3693;3653;3852;4103;4036;3740;3983;4256;4244;4125;3558
78;3518;3414;3582;3415;3603;3646;3552;3776;3579;3539;3738;4010;3909;3632;3887;4146;4153;4013
79;3341;3404;3297;3468;3324;3462;3528;3436;3648;3471;3424;3610;3895;3783;3510;3742;4051;4046
80;3236;3202;3254;3178;3347;3206;3345;3384;3313;3527;3333;3291;3512;3782;3664;3394;3629;3948
81;2957;3100;3057;3124;3067;3203;3096;3199;3239;3176;3362;3206;3172;3370;3633;3542;3272;3479
82;1860;2821;2936;2906;2971;2918;3048;2941;3036;3074;3050;3217;3076;3050;3212;3481;3396;3138
83;1334;1762;2615;2796;2742;2815;2760;2873;2760;2858;2920;2887;3050;2926;2883;3052;3325;3254
84;1189;1246;1642;2414;2622;2573;2644;2576;2703;2611;2638;2743;2739;2893;2738;2739;2889;3136
85;1506;1094;1141;1544;2237;2433;2410;2459;2395;2516;2422;2471;2583;2570;2709;2564;2560;2704
86;1723;1362;993;1060;1432;2046;2232;2205;2272;2197;2346;2198;2266;2409;2372;2520;2366;2375
87;1646;1523;1229;899;956;1311;1851;2034;2000;2078;1981;2112;2016;2072;2185;2178;2274;2178
88;1433;1466;1321;1105;801;888;1172;1640;1834;1792;1836;1778;1882;1804;1858;1984;1965;2074
89;1317;1261;1268;1161;994;730;781;1053;1447;1641;1572;1621;1581;1706;1605;1671;1781;1748
90;1121;1147;1057;1110;1002;867;634;672;918;1283;1397;1366;1407;1391;1451;1407;1456;1578
91;836;945;947;877;940;858;721;548;564;809;1098;1213;1170;1196;1176;1269;1212;1256
92;646;686;739;790;720;787;713;594;461;475;674;889;1018;981;1001;991;1067;1064
93;468;527;537;586;631;611;625;590;480;397;401;551;725;848;797;821;833;892
94;349;355;400;439;479;502;505;494;475;399;330;317;452;603;663;660;647;671
95;257;253;248;308;331;359;396;396;377;390;323;260;241;356;483;502;506;527
96;176;197;183;187;219;268;268;303;284;289;306;251;206;176;266;351;379;389
97;113;138;134;131;117;183;192;219;223;221;227;220;169;162;121;202;267;279
98;78;86;83;88;94;69;136;133;156;164;157;167;149;122;114;95;149;204
99;55;58;59;60;67;63;48;106;94;114;124;108;112;106;87;83;66;107
100 e oltre;84;90;85;90;95;100;106;92;127;169;202;206;198;200;201;166;150;135
Totale;338623;339659;340312;341775;343112;344593;345944;346865;347028;347235;347160;345985;345338;344689;344461;343979;343710;342636
Età/Anno;2002;2003;2004;2005;2006;2007;2008;2009;2010;2011;2012;2013;2014;2015;2016;2017;2018;2019
Età;Maschi
0;1342;1349;1421;1410;1396;1456;1468;1495;1480;1418;1392;1326;1198;1203;1131;1079;1065;1032
1;1337;1350;1370;1438;1434;1415;1483;1474;1501;1488;1431;1390;1336;1195;1221;1154;1119;1094
2;1277;1353;1374;1388;1453;1444;1436;1503;1476;1510;1488;1434;1393;1352;1208;1235;1200;1125
3;1228;1296;1384;1382;1410;1487;1463;1434;1507;1489;1511;1479;1451;1403;1373;1224;1261;1208
4;1233;1238;1317;1407;1404;1418;1507;1456;1445;1521;1492;1503;1481;1461;1428;1399;1272;1264
5;1234;1246;1252;1335;1424;1416;1431;1513;1447;1465;1521;1496;1505;1496;1476;1453;1428;1282
6;1212;1243;1266;1274;1355;1439;1430;1439;1525;1450;1468;1523;1511;1509;1527;1492;1474;1431
7;1195;1226;1258;1290;1289;1373;1470;1444;1449;1541;1460;1467;1540;1521;1531;1544;1510;1478
8;1147;1205;1240;1283;1310;1297;1394;1494;1444;1468;1546;1461;1486;1564;1551;1558;1568;1527
9;1194;1157;1223;1260;1290;1323;1317;1405;1499;1459;1474;1545;1485;1505;1596;1571;1581;1578
10;1211;1211;1165;1242;1270;1306;1330;1343;1410;1516;1470;1490;1554;1501;1520;1614;1585;1595
11;1223;1221;1218;1191;1264;1284;1330;1332;1354;1420;1519;1471;1503;1563;1519;1534;1629;1598
12;1180;1230;1233;1235;1196;1282;1292;1336;1334;1363;1420;1521;1477;1514;1578;1529;1553;1629
13;1192;1193;1236;1250;1244;1215;1293;1294;1342;1348;1371;1416;1526;1494;1521;1593;1538;1558
14;1129;1192;1194;1250;1259;1260;1218;1309;1301;1357;1361;1369;1418;1540;1513;1531;1600;1540
15;1217;1148;1213;1204;1268;1266;1268;1218;1312;1302;1359;1365;1380;1429;1539;1520;1542;1608
16;1202;1219;1152;1216;1213;1266;1274;1276;1219;1315;1307;1362;1372;1387;1443;1547;1526;1551
17;1235;1209;1231;1160;1216;1225;1269;1277;1282;1223;1323;1306;1376;1378;1398;1455;1557;1533
18;1262;1251;1212;1247;1162;1233;1230;1276;1282;1293;1239;1336;1321;1398;1396;1423;1486;1577
19;1406;1277;1258;1229;1260;1164;1241;1245;1288;1291;1301;1252;1335;1328;1408;1400;1441;1495
20;1368;1425;1280;1292;1243;1270;1187;1255;1256;1297;1292;1299;1245;1341;1328;1408;1417;1456
21;1454;1379;1430;1295;1311;1256;1289;1198;1252;1262;1300;1299;1299;1256;1347;1343;1423;1426
22;1603;1471;1382;1444;1311;1329;1269;1295;1210;1258;1269;1300;1312;1304;1251;1355;1361;1435
23;1746;1630;1489;1405;1470;1338;1338;1297;1302;1226;1277;1276;1303;1322;1315;1258;1368;1378
24;1833;1771;1644;1504;1420;1491;1352;1351;1307;1319;1231;1294;1282;1304;1331;1323;1270;1371
25;2054;1859;1808;1666;1537;1439;1492;1375;1359;1301;1335;1233;1308;1290;1314;1347;1349;1288
26;2244;2075;1898;1836;1705;1574;1452;1501;1382;1351;1311;1338;1252;1332;1300;1317;1365;1356
27;2375;2279;2082;1945;1873;1723;1596;1486;1498;1388;1369;1322;1345;1265;1336;1322;1347;1389
28;2391;2412;2333;2115;1985;1902;1762;1639;1496;1519;1403;1367;1340;1355;1285;1361;1339;1345
29;2527;2407;2448;2367;2138;2017;1936;1783;1660;1534;1550;1420;1381;1346;1359;1299;1379;1359
30;2552;2549;2448;2495;2407;2181;2035;1957;1795;1663;1534;1542;1428;1391;1364;1380;1334;1390
31;2517;2586;2576;2480;2542;2431;2218;2055;1986;1816;1699;1549;1543;1424;1412;1380;1400;1339
32;2552;2541;2624;2632;2519;2569;2456;2225;2072;1977;1833;1698;1580;1550;1418;1422;1395;1431
33;2664;2590;2559;2656;2667;2549;2582;2500;2236;2090;2003;1841;1704;1604;1569;1455;1431;1413
34;2720;2678;2606;2593;2675;2693;2594;2611;2522;2244;2106;2007;1835;1708;1625;1571;1462;1443
35;2757;2740;2693;2651;2597;2709;2717;2617;2621;2520;2254;2098;1990;1833;1720;1622;1601;1491
36;2685;2789;2770;2741;2673;2643;2725;2745;2638;2635;2546;2261;2111;1987;1861;1743;1654;1619
37;2943;2722;2806;2794;2767;2703;2674;2751;2761;2653;2643;2556;2285;2121;2019;1881;1773;1668
38;2732;2985;2755;2815;2815;2796;2727;2703;2778;2771;2670;2662;2560;2312;2159;2031;1916;1779
39;2617;2738;3009;2772;2846;2836;2814;2751;2705;2796;2799;2664;2681;2592;2328;2196;2040;1917
40;2606;2632;2759;3035;2816;2871;2863;2823;2777;2711;2809;2802;2692;2694;2631;2366;2232;2076
41;2530;2621;2646;2778;3057;2826;2888;2875;2850;2793;2733;2817;2815;2697;2706;2650;2380;2248
42;2415;2542;2626;2662;2793;3091;2861;2900;2888;2872;2809;2744;2839;2839;2712;2733;2665;2383
43;2351;2437;2559;2646;2682;2813;3118;2879;2931;2921;2886;2804;2758;2851;2844;2730;2748;2675
44;2288;2366;2450;2577;2666;2701;2840;3130;2881;2951;2946;2888;2810;2769;2862;2848;2746;2771
45;2430;2308;2385;2468;2608;2677;2707;2854;3125;2893;2968;2941;2896;2824;2804;2883;2876;2752
46;2208;2435;2313;2403;2482;2619;2694;2704;2856;3135;2909;2973;2943;2927;2858;2812;2900;2874
47;2140;2204;2438;2328;2413;2501;2631;2700;2714;2852;3132;2905;2968;2956;2945;2867;2833;2900
48;2119;2153;2207;2447;2342;2422;2516;2639;2699;2716;2844;3142;2908;2997;2972;2966;2887;2837
49;2140;2131;2160;2226;2467;2355;2434;2522;2638;2718;2716;2846;3144;2917;3007;2999;2984;2882
50;2160;2139;2130;2173;2236;2473;2369;2428;2541;2628;2721;2723;2864;3160;2928;3012;3002;3002
51;2289;2154;2149;2139;2185;2249;2473;2366;2427;2550;2628;2717;2718;2867;3167;2936;3021;3002
52;2272;2284;2159;2155;2153;2180;2252;2480;2367;2428;2550;2637;2720;2717;2871;3177;2940;3029
53;2415;2266;2281;2174;2161;2160;2181;2259;2471;2372;2441;2550;2637;2722;2729;2884;3177;2931
54;2521;2427;2274;2286;2184;2153;2165;2185;2264;2472;2377;2443;2544;2615;2745;2729;2884;3176
55;2510;2533;2423;2274;2289;2187;2167;2163;2185;2270;2471;2377;2445;2538;2623;2742;2722;2885
56;1773;2500;2530;2434;2290;2292;2199;2164;2154;2172;2278;2465;2387;2435;2543;2624;2743;2714
57;2066;1759;2511;2530;2437;2305;2282;2200;2158;2146;2174;2284;2461;2371;2433;2524;2625;2727
58;1980;2054;1760;2503;2522;2436;2319;2266;2212;2161;2153;2166;2282;2453;2359;2432;2527;2618
59;2003;1973;2044;1751;2502;2521;2425;2315;2250;2200;2163;2141;2169;2270;2444;2342;2431;2513
60;2048;1990;1961;2036;1740;2491;2498;2430;2307;2247;2186;2148;2129;2162;2267;2441;2326;2416
61;2294;2044;1990;1958;2026;1744;2481;2492;2433;2286;2240;2168;2140;2116;2155;2270;2442;2316
62;2375;2286;2037;1987;1952;2015;1749;2468;2479;2425;2276;2222;2154;2124;2111;2155;2265;2422
63;2414;2369;2264;2026;1979;1935;2002;1738;2452;2468;2413;2269;2208;2130;2122;2118;2138;2257
64;2251;2399;2356;2255;2015;1973;1923;1983;1729;2445;2449;2388;2267;2187;2111;2114;2096;2116
65;2034;2235;2378;2337;2232;2005;1955;1899;1978;1715;2428;2429;2365;2236;2176;2093;2101;2083
66;2216;2009;2215;2359;2322;2217;1996;1945;1882;1974;1698;2393;2410;2345;2213;2152;2074;2078
67;2195;2199;1984;2195;2331;2295;2203;1981;1933;1872;1953;1678;2367;2384;2324;2184;2116;2050
68;2148;2166;2177;1953;2184;2310;2258;2173;1961;1899;1845;1933;1668;2338;2379;2295;2167;2095
69;1921;2110;2122;2144;1927;2168;2280;2225;2154;1932;1863;1819;1898;1641;2303;2339;2251;2138
70;1948;1890;2070;2094;2123;1898;2144;2245;2193;2132;1915;1834;1802;1872;1620;2269;2290;2220
71;1985;1901;1851;2035;2073;2094;1866;2103;2231;2165;2089;1876;1800;1780;1848;1589;2243;2253
72;1903;1938;1868;1820;2006;2033;2053;1841;2056;2202;2123;2041;1840;1782;1740;1803;1557;2212
73;1876;1855;1888;1834;1787;1960;1985;2006;1792;2015;2162;2082;2010;1803;1754;1705;1769;1527
74;1775;1831;1810;1850;1774;1735;1917;1937;1972;1751;1974;2093;2032;1967;1760;1711;1672;1716
75;1606;1727;1780;1771;1796;1727;1704;1854;1894;1922;1705;1926;2046;1992;1927;1728;1682;1624
76;1683;1528;1679;1715;1702;1734;1667;1651;1799;1838;1879;1660;1864;1991;1942;1876;1681;1636
77;1461;1609;1471;1630;1648;1649;1670;1610;1584;1727;1802;1815;1619;1806;1943;1886;1821;1626
78;1435;1391;1534;1405;1565;1578;1579;1608;1553;1517;1658;1757;1734;1566;1765;1881;1840;1762
79;1379;1371;1335;1474;1349;1487;1508;1506;1532;1495;1461;1583;1684;1654;1495;1671;1821;1782
80;1274;1298;1286;1258;1399;1289;1424;1425;1428;1459;1421;1383;1524;1615;1594;1430;1612;1767
81;1124;1194;1215;1212;1179;1319;1235;1340;1344;1361;1375;1351;1317;1452;1530;1530;1356;1527
82;707;1050;1095;1132;1127;1100;1239;1148;1255;1253;1280;1292;1290;1258;1361;1450;1439;1290
83;470;649;959;1026;1053;1037;1003;1144;1057;1166;1165;1206;1207;1213;1170;1276;1370;1358
84;441;429;589;859;932;977;947;918;1050;984;1047;1065;1122;1126;1107;1103;1185;1264
85;556;393;377;556;778;836;891;856;839;962;891;963;989;1016;1043;1024;1005;1082
86;606;488;337;346;495;702;740;793;788;747;890;783;874;906;916;959;934;923
87;568;526;438;296;297;438;631;671;689;712;645;785;694;782;809;825;859;851
88;495;504;441;384;253;269;388;543;599;609;611;564;686;606;680;718;730;762
89;427;425;421;384;326;227;230;344;471;533;528;533;491;619;518;602;632;650
90;354;368;349;367;320;265;193;187;288;401;428;440;444;419;499;437;511;554
91;253;285;288;282;296;259;216;159;162;247;328;356;360;366;342;411;366;417
92;168;200;207;230;230;238;208;171;122;130;193;259;289;287;296;281;325;304
93;131;129;152;161;173;186;186;162;137;101;108;154;210;223;231;228;227;250
94;77;100;100;122;123;136;146;140;117;107;86;78;117;174;157;180;166;184
95;51;49;60;66;97;86;106;108;105;97;81;68;54;81;133;110;134;125
96;49;33;32;47;41;72;63;82;74;70;73;56;51;44;53;90;77;97
97;30;36;18;17;23;35;48;47;62;56;52;53;36;37;24;36;74;55
98;19;24;22;11;11;11;26;33;31;46;41;36;36;20;27;18;25;50
99;11;13;16;14;6;5;7;23;16;23;33;26;21;19;15;18;12;15
100 e oltre;14;13;17;19;19;19;10;10;25;31;40;48;46;39;38;32;26;23
Totale;162978;163412;163850;164845;165612;166404;167118;167509;167694;167940;168020;167516;167327;167175;167199;167163;167299;166868
Età/Anno;2002;2003;2004;2005;2006;2007;2008;2009;2010;2011;2012;2013;2014;2015;2016;2017;2018;2019
Età;Femmine
0;1269;1359;1299;1324;1332;1402;1407;1419;1372;1301;1262;1175;1199;1119;1055;1007;993;937
1;1208;1291;1375;1316;1341;1342;1423;1420;1440;1372;1315;1240;1173;1195;1142;1062;1019;1011
2;1191;1229;1300;1386;1335;1354;1355;1460;1408;1449;1379;1317;1257;1182;1205;1154;1095;1035
3;1149;1199;1245;1314;1397;1352;1353;1363;1463;1408;1446;1382;1328;1273;1209;1228;1160;1110
4;1179;1171;1213;1265;1352;1411;1370;1364;1372;1466;1411;1451;1385;1340;1291;1241;1247;1165
5;1186;1207;1194;1227;1286;1386;1421;1382;1366;1377;1469;1413;1462;1399;1365;1304;1259;1252
6;1122;1198;1226;1213;1240;1306;1401;1426;1378;1381;1373;1470;1432;1477;1432;1393;1325;1275
7;1169;1152;1222;1242;1237;1250;1325;1403;1442;1387;1389;1371;1473;1440;1505;1447;1418;1333
8;1114;1181;1163;1242;1256;1254;1267;1335;1409;1446;1379;1395;1393;1502;1466;1526;1468;1438
9;1183;1150;1191;1174;1260;1271;1267;1280;1331;1414;1447;1386;1406;1409;1522;1482;1534;1472
10;1194;1196;1164;1194;1188;1272;1285;1269;1276;1343;1413;1444;1398;1421;1439;1530;1500;1541
11;1177;1212;1209;1180;1212;1201;1291;1293;1265;1280;1354;1423;1459;1410;1441;1447;1547;1506
12;1166;1184;1225;1216;1192;1228;1206;1299;1310;1272;1286;1362;1433;1472;1437;1462;1450;1562
13;1109;1169;1186;1233;1222;1205;1235;1212;1295;1323;1276;1285;1367;1441;1493;1450;1471;1459
14;1107;1122;1171;1193;1245;1236;1213;1239;1225;1303;1323;1279;1297;1379;1456;1496;1460;1483
15;1157;1107;1131;1176;1195;1254;1258;1221;1240;1224;1300;1330;1281;1298;1398;1459;1502;1455
16;1189;1156;1112;1136;1181;1203;1261;1260;1229;1247;1228;1307;1331;1295;1312;1397;1465;1513
17;1139;1194;1168;1122;1136;1186;1207;1266;1262;1226;1254;1230;1309;1344;1309;1328;1407;1464
18;1261;1140;1199;1184;1132;1144;1191;1203;1263;1272;1236;1260;1241;1322;1363;1337;1350;1431
19;1294;1274;1153;1206;1196;1156;1161;1206;1207;1268;1281;1246;1276;1246;1333;1372;1353;1363
20;1354;1309;1283;1162;1214;1203;1163;1180;1212;1220;1279;1280;1248;1274;1244;1337;1377;1347
21;1361;1364;1325;1298;1180;1235;1227;1184;1199;1211;1227;1287;1282;1248;1282;1249;1345;1382
22;1537;1365;1384;1331;1328;1198;1246;1238;1191;1193;1231;1236;1294;1309;1256;1290;1273;1357
23;1691;1550;1388;1409;1359;1337;1205;1259;1254;1191;1201;1231;1246;1288;1321;1263;1304;1290
24;1807;1719;1572;1399;1433;1381;1353;1220;1270;1253;1220;1218;1244;1260;1305;1331;1283;1314
25;1902;1843;1748;1585;1430;1467;1415;1376;1241;1257;1272;1235;1248;1264;1271;1314;1346;1314
26;2111;1939;1892;1777;1618;1450;1490;1480;1394;1265;1266;1268;1246;1236;1265;1296;1311;1350
27;2298;2130;1969;1941;1804;1647;1492;1539;1496;1410;1283;1277;1288;1246;1257;1284;1299;1319
28;2383;2340;2159;2012;1986;1838;1664;1509;1566;1514;1429;1295;1294;1309;1253;1261;1305;1305
29;2431;2407;2362;2187;2024;2027;1876;1709;1544;1600;1554;1439;1310;1313;1324;1267;1279;1321
30;2438;2472;2425;2379;2220;2065;2099;1915;1728;1570;1596;1573;1446;1328;1341;1358;1288;1270
31;2556;2448;2521;2441;2443;2246;2116;2126;1944;1745;1611;1608;1585;1464;1343;1360;1394;1317
32;2547;2586;2478;2532;2473;2480;2285;2155;2180;1956;1805;1621;1608;1600;1492;1357;1386;1424
33;2503;2588;2603;2507;2584;2501;2495;2346;2181;2201;1995;1816;1649;1616;1610;1528;1390;1411
34;2561;2554;2619;2624;2550;2622;2547;2541;2378;2209;2257;2024;1827;1648;1638;1620;1552;1397
35;2716;2608;2582;2649;2659;2608;2662;2581;2570;2416;2253;2265;2037;1833;1672;1645;1646;1574
36;2709;2753;2641;2603;2679;2707;2642;2681;2599;2601;2443;2255;2270;2041;1878;1681;1671;1667
37;2817;2737;2782;2668;2622;2691;2747;2668;2693;2631;2625;2470;2279;2273;2060;1896;1713;1698
38;2562;2851;2759;2809;2681;2660;2735;2784;2680;2720;2667;2636;2485;2290;2303;2078;1914;1733
39;2600;2573;2871;2796;2836;2714;2694;2756;2799;2704;2727;2673;2663;2503;2324;2327;2117;1942
40;2580;2613;2592;2892;2806;2851;2742;2700;2764;2828;2724;2749;2702;2675;2524;2339;2345;2125
41;2453;2603;2618;2602;2914;2827;2891;2766;2702;2775;2842;2736;2764;2711;2704;2532;2347;2357
42;2388;2464;2621;2625;2618;2925;2852;2897;2782;2724;2778;2849;2739;2771;2735;2728;2551;2347
43;2309;2409;2468;2631;2638;2635;2946;2867;2893;2789;2724;2791;2862;2751;2785;2750;2749;2574
44;2362;2326;2412;2491;2642;2652;2653;2970;2879;2907;2800;2731;2811;2870;2769;2796;2775;2763
45;2343;2374;2341;2421;2497;2645;2660;2662;2985;2890;2910;2807;2748;2827;2884;2799;2815;2775
46;2231;2358;2387;2355;2443;2526;2657;2660;2658;2988;2900;2904;2811;2749;2858;2905;2801;2828
47;2193;2238;2366;2397;2361;2448;2525;2682;2668;2668;3007;2903;2902;2812;2767;2876;2906;2822
48;2137;2204;2250;2383;2402;2368;2474;2531;2680;2664;2671;3012;2901;2908;2814;2761;2892;2920
49;2232;2140;2216;2266;2382;2409;2392;2493;2537;2686;2667;2669;2999;2906;2923;2817;2776;2903
50;2203;2241;2147;2232;2275;2395;2417;2408;2504;2538;2692;2682;2676;3014;2916;2941;2823;2781
51;2387;2210;2256;2172;2239;2287;2399;2429;2419;2512;2539;2689;2670;2682;3021;2912;2936;2813
52;2496;2396;2219;2264;2178;2242;2300;2414;2436;2411;2520;2536;2681;2677;2694;3018;2921;2940
53;2626;2490;2405;2219;2277;2171;2249;2305;2425;2443;2417;2509;2537;2689;2682;2705;3016;2921
54;2490;2640;2492;2407;2220;2282;2174;2259;2311;2426;2442;2427;2498;2522;2693;2683;2707;3020
55;2723;2493;2645;2492;2406;2227;2289;2172;2256;2314;2436;2442;2425;2493;2517;2710;2686;2705
56;1932;2728;2501;2653;2499;2411;2216;2285;2173;2262;2318;2430;2438;2413;2489;2519;2706;2683
57;2176;1937;2735;2502;2664;2505;2410;2218;2286;2167;2260;2315;2433;2448;2414;2487;2522;2706
58;2163;2176;1944;2755;2512;2671;2504;2408;2212;2280;2167;2262;2312;2435;2455;2411;2479;2520
59;2121;2163;2182;1957;2755;2514;2677;2494;2404;2207;2286;2161;2256;2306;2438;2445;2403;2466
60;2157;2126;2158;2187;1957;2757;2511;2682;2500;2415;2205;2286;2157;2246;2308;2435;2445;2412
61;2569;2160;2126;2152;2182;1969;2743;2515;2684;2488;2408;2197;2280;2149;2240;2308;2434;2436
62;2659;2561;2153;2134;2147;2183;1957;2733;2503;2681;2483;2399;2195;2271;2145;2246;2306;2419
63;2653;2664;2568;2149;2128;2148;2179;1957;2735;2505;2671;2473;2383;2183;2271;2147;2234;2297
64;2449;2637;2661;2565;2139;2115;2150;2175;1950;2727;2496;2659;2469;2372;2177;2259;2138;2221
65;2353;2445;2627;2662;2553;2131;2114;2147;2173;1939;2705;2490;2647;2452;2367;2167;2257;2131
66;2480;2347;2436;2612;2635;2540;2124;2095;2151;2168;1927;2689;2475;2636;2440;2355;2166;2244
67;2534;2471;2334;2419;2597;2612;2529;2135;2084;2132;2164;1918;2664;2462;2611;2424;2344;2154
68;2336;2522;2453;2325;2415;2592;2602;2529;2117;2071;2129;2153;1904;2641;2453;2590;2409;2339
69;2268;2330;2514;2435;2319;2393;2564;2591;2514;2109;2058;2103;2142;1890;2622;2426;2561;2395
70;2249;2255;2321;2490;2416;2295;2379;2547;2585;2494;2085;2050;2085;2115;1877;2601;2409;2537
71;2393;2221;2239;2297;2469;2400;2279;2357;2531;2573;2478;2074;2025;2069;2103;1862;2578;2386
72;2155;2378;2196;2223;2274;2436;2388;2253;2336;2506;2544;2459;2061;2000;2051;2079;1845;2556
73;2232;2151;2358;2174;2189;2252;2422;2353;2247;2311;2470;2522;2430;2048;1969;2030;2055;1825
74;2206;2211;2132;2331;2146;2171;2225;2409;2338;2215;2291;2437;2487;2408;2029;1942;2005;2024
75;2133;2171;2174;2099;2290;2120;2138;2200;2374;2297;2179;2257;2403;2455;2377;1994;1912;1974
76;2152;2092;2135;2143;2063;2248;2084;2103;2156;2351;2258;2152;2217;2358;2402;2345;1970;1877
77;2071;2106;2052;2097;2096;2019;2222;2083;2069;2125;2301;2221;2121;2177;2313;2358;2304;1932
78;2083;2023;2048;2010;2038;2068;1973;2168;2026;2022;2080;2253;2175;2066;2122;2265;2313;2251
79;1962;2033;1962;1994;1975;1975;2020;1930;2116;1976;1963;2027;2211;2129;2015;2071;2230;2264
80;1962;1904;1968;1920;1948;1917;1921;1959;1885;2068;1912;1908;1988;2167;2070;1964;2017;2181
81;1833;1906;1842;1912;1888;1884;1861;1859;1895;1815;1987;1855;1855;1918;2103;2012;1916;1952
82;1153;1771;1841;1774;1844;1818;1809;1793;1781;1821;1770;1925;1786;1792;1851;2031;1957;1848
83;864;1113;1656;1770;1689;1778;1757;1729;1703;1692;1755;1681;1843;1713;1713;1776;1955;1896
84;748;817;1053;1555;1690;1596;1697;1658;1653;1627;1591;1678;1617;1767;1631;1636;1704;1872
85;950;701;764;988;1459;1597;1519;1603;1556;1554;1531;1508;1594;1554;1666;1540;1555;1622
86;1117;874;656;714;937;1344;1492;1412;1484;1450;1456;1415;1392;1503;1456;1561;1432;1452
87;1078;997;791;603;659;873;1220;1363;1311;1366;1336;1327;1322;1290;1376;1353;1415;1327
88;938;962;880;721;548;619;784;1097;1235;1183;1225;1214;1196;1198;1178;1266;1235;1312
89;890;836;847;777;668;503;551;709;976;1108;1044;1088;1090;1087;1087;1069;1149;1098
90;767;779;708;743;682;602;441;485;630;882;969;926;963;972;952;970;945;1024
91;583;660;659;595;644;599;505;389;402;562;770;857;810;830;834;858;846;839
92;478;486;532;560;490;549;505;423;339;345;481;630;729;694;705;710;742;760
93;337;398;385;425;458;425;439;428;343;296;293;397;515;625;566;593;606;642
94;272;255;300;317;356;366;359;354;358;292;244;239;335;429;506;480;481;487
95;206;204;188;242;234;273;290;288;272;293;242;192;187;275;350;392;372;402
96;127;164;151;140;178;196;205;221;210;219;233;195;155;132;213;261;302;292
97;83;102;116;114;94;148;144;172;161;165;175;167;133;125;97;166;193;224
98;59;62;61;77;83;58;110;100;125;118;116;131;113;102;87;77;124;154
99;44;45;43;46;61;58;41;83;78;91;91;82;91;87;72;65;54;92
100 e oltre;70;77;68;71;76;81;96;82;102;138;162;158;152;161;163;134;124;112
Totale;175645;176247;176462;176930;177500;178189;178826;179356;179334;179295;179140;178469;178011;177514;177262;176816;176411;175768

"Ricostruzione della popolazione intercensuaria - Popolazione al 1° gennaio per età"
"Cittadinanza straniera - Provincia: Ravenna"
Età/Anno;2002;2003;2004;2005;2006;2007;2008;2009;2010;2011;2012;2013;2014;2015;2016;2017;2018;2019
Età;Totale
0;174;211;280;371;432;524;599;704;761;784;761;838;740;739;720;731;691;685
1;154;198;239;308;380;459;557;619;715;752;774;780;835;729;710;689;684;671
2;127;178;214;265;328;394;490;593;626;706;744;793;772;792;678;684;659;661
3;113;153;194;244;288;354;422;513;612;626;692;776;791;717;748;644;659;650
4;100;133;173;212;281;302;373;464;533;602;633;724;764;749;664;691;597;645
5;102;135;160;197;241;305;331;397;473;532;622;658;715;727;698;618;629;580
6;116;132;163;173;229;265;335;367;415;470;538;637;639;670;676;648;578;597
7;91;147;155;179;214;257;300;384;392;414;472;556;616;597;620;625;588;556
8;105;129;179;174;214;241;316;337;400;386;423;482;544;582;542;567;573;563
9;96;125;155;199;207;241;268;356;365;410;386;423;467;517;543;491;520;556
10;97;129;161;190;235;231;280;308;390;373;429;388;413;433;475;509;455;494
11;95;132;158;196;222;258;262;331;350;397;384;448;378;392;400;441;477;449
12;82;126;169;188;237;252;299;300;366;358;408;409;442;362;367;378;412;455
13;89;101;153;199;216;271;296;344;341;386;376;409;411;409;344;350;354;406
14;74;104;107;188;231;232;311;349;381;370;412;397;407;395;388;314;335;367
15;75;84;117;131;227;267;286;345;390;410;384;419;395;392;385;369;305;340
16;75;102;107;150;173;250;319;339;388;410;439;416;410;389;375;381;378;302
17;86;99;114;130;191;205;310;396;366;421;439;480;439;404;385;377;383;380
18;88;119;126;166;179;235;260;401;486;417;461;465;471;412;388;430;419;362
19;102;118;150;144;195;215;307;365;487;537;462;495;486;480;436;498;559;435
20;103;114;144;191;183;230;311;426;467;556;597;535;540;512;533;529;609;576
21;119;141;170;191;225;224;345;460;503;539;640;650;570;564;557;613;636;626
22;148;166;208;246;238;281;337;483;565;607;616;690;679;605;591;623;685;646
23;155;217;267;297;311;292;442;481;610;657;682;674;731;696;632;660;714;681
24;175;220;316;385;341;396;485;600;614;703;734;755;745;748;720;718;727;731
25;209;267;346;412;465;407;587;639;719;735;816;840;822;753;784;780;789;746
26;251;259;419;469;475;543;581;727;753;820;823;883;906;844;794;856;816;804
27;225;333;410;565;552;569;737;742;827;845;909;894;930;912;883;853;899;816
28;261;313;490;533;686;628;756;894;836;924;917;973;932;961;921;962;881;878
29;294;332;480;609;652;769;788;930;945;887;993;988;991;941;980;966;984;883
30;304;356;469;594;727;756;925;919;1027;1012;936;1022;1024;967;970;1023;990;975
31;291;411;507;578;677;810;921;1060;972;1052;1044;989;1052;1022;974;993;1052;1016
32;316;357;495;600;674;729;915;1064;1087;982;1055;1098;1015;1038;1025;998;1008;1056
33;368;369;468;593;670;703;828;1038;1087;1100;971;1074;1122;1009;1048;1041;1015;1021
34;317;417;489;564;621;735;813;920;1074;1107;1098;1025;1095;1141;1010;1039;1048;1013
35;295;368;517;549;634;633;844;891;959;1079;1118;1121;1063;1083;1134;992;1030;1034
36;260;346;451;580;591;665;720;921;923;973;1070;1148;1148;1048;1077;1127;970;1030
37;282;312;416;496;623;619;765;793;951;948;988;1127;1156;1129;1028;1036;1093;967
38;235;312;391;463;553;655;753;840;815;968;955;1034;1168;1099;1104;1004;1002;1059
39;187;277;396;430;487;580;765;840;865;818;970;999;1037;1129;1055;1063;978;997
40;204;230;331;435;471;526;691;839;860;888;839;1008;993;1012;1092;1020;1031;945
41;241;227;292;377;468;494;603;757;878;881;898;861;1003;968;970;1038;978;1000
42;183;272;287;337;410;489;555;641;770;905;873;915;851;976;936;922;977;964
43;181;184;326;315;347;429;535;584;669;770;908;888;932;835;925;909;866;944
44;145;197;223;369;332;359;496;577;618;684;779;922;884;889;824;885;890;842
45;150;160;225;257;402;356;431;549;620;636;682;820;919;874;839;786;857;865
46;125;154;208;258;296;419;418;496;568;644;639;712;830;880;856;812;748;838
47;122;136;200;241;288;297;475;466;541;602;647;660;719;807;858;829;783;730
48;108;131;156;226;257;302;369;539;499;556;624;660;644;700;770;831;785;764
49;85;115;156;172;248;276;359;445;586;532;570;642;666;624;666;743;812;771
50;84;93;134;181;210;257;329;422;481;613;546;579;653;645;589;645;711;787
51;89;82;120;147;181;230;305;383;452;487;626;561;585;624;614;589;618;703
52;67;82;98;133;154;200;275;353;420;468;506;642;562;563;593;599;562;613
53;67;77;110;106;140;166;239;319;389;445;472;529;637;550;568;578;587;552
54;46;70;103;124;111;149;191;273;372;418;447;495;533;622;523;559;563;593
55;45;56;87;124;135;118;163;238;302;396;426;472;487;527;593;500;541;557
56;38;44;71;95;126;137;127;203;254;321;398;439;464;470;510;549;501;520
57;40;46;55;80;110;126;152;162;225;272;328;400;445;455;472;504;529;497
58;40;42;49;59;84;117;143;186;196;231;278;334;398;432;451;447;496;511
59;33;38;46;50;59;81;117;170;213;206;230;293;329;385;416;438;433;477
60;25;41;39;48;49;63;86;129;183;215;223;240;285;321;375;393;436;427
61;31;29;41;40;51;51;66;99;154;188;216;235;237;278;317;365;375;420
62;26;34;35;47;39;49;53;80;112;164;196;225;239;233;270;319;357;370
63;40;33;37;40;49;40;51;73;91;118;164;204;222;230;218;274;310;357
64;22;43;36;43;40;50;40;71;80;92;120;175;187;224;226;213;270;302
65;26;30;45;36;45;41;51;55;75;87;96;126;174;182;222;221;211;262
66;25;25;31;47;38;45;42;72;67;77;92;105;125;180;179;225;220;209
67;27;27;22;33;50;45;50;51;84;68;81;92;104;117;181;173;220;213
68;22;30;33;25;39;46;50;68;55;89;70;83;92;101;120;175;170;215
69;11;24;25;34;27;38;46;67;75;56;93;69;84;86;98;121;172;162
70;18;14;25;27;37;30;38;55;71;70;62;90;67;85;85;94;120;169
71;23;17;16;28;30;38;32;46;61;76;67;61;93;65;86;87;100;117
72;12;24;18;18;31;26;40;37;52;59;80;70;62;93;67;85;81;95
73;14;15;25;16;19;26;32;46;40;52;59;80;71;55;89;68;81;82
74;9;16;15;27;16;19;31;41;44;38;53;61;77;66;58;90;68;76
75;11;10;18;15;30;18;17;35;41;46;40;58;65;71;60;56;87;70
76;9;13;11;16;16;27;16;20;37;42;45;37;54;59;70;63;58;84
77;7;9;13;11;16;16;25;16;20;37;41;42;43;52;55;70;64;53
78;11;8;11;11;11;18;13;31;17;24;34;39;40;46;46;55;64;63
79;7;12;11;14;12;11;19;16;36;16;27;33;41;37;43;42;49;60
80;7;7;11;13;13;12;12;20;17;36;18;26;33;44;36;40;37;48
81;8;8;9;14;14;17;13;13;20;15;36;18;23;31;44;36;34;35
82;5;8;9;11;14;13;18;15;10;21;15;31;22;25;29;40;34;35
83;2;5;9;11;12;14;14;17;12;9;20;14;27;22;24;30;36;29
84;6;0;6;10;9;12;14;16;14;11;8;19;11;26;18;21;24;34
85;2;5;1;6;7;9;10;12;14;10;11;8;18;10;25;16;21;21
86;4;1;5;3;8;7;11;10;12;11;11;12;8;14;9;23;13;19
87;3;4;1;3;3;6;6;11;10;12;10;10;11;7;10;10;22;10
88;3;3;4;2;3;3;5;5;8;9;12;10;9;11;7;5;8;21
89;0;1;4;2;2;3;3;4;4;7;7;9;8;8;11;5;3;5
90;2;0;1;3;1;1;3;1;4;2;5;6;11;5;8;10;5;4
91;0;2;0;1;1;0;1;3;1;4;3;4;6;10;4;7;8;5
92;0;0;2;0;1;1;0;1;3;0;4;2;4;5;7;3;6;7
93;0;0;1;2;0;0;2;0;1;3;0;3;2;4;3;7;2;6
94;1;0;0;0;1;0;0;4;0;1;2;0;3;1;2;3;6;2
95;0;0;0;1;0;1;0;0;3;0;1;2;0;3;2;2;4;4
96;0;0;0;1;1;0;0;0;0;4;0;1;0;0;3;1;0;2
97;0;0;1;1;0;1;0;0;0;0;3;0;1;0;0;2;1;0
98;0;0;0;0;1;0;1;0;0;0;0;2;1;0;0;0;2;0
99;1;0;1;0;0;0;0;1;0;0;0;0;2;1;0;0;0;1
100 e oltre;0;1;1;1;1;0;0;0;0;0;0;0;0;1;1;1;1;1
Totale;9349;11477;14973;18096;20871;23307;28423;33723;37277;39797;41912;44646;45957;45735;45535;45945;46229;46277
Età/Anno;2002;2003;2004;2005;2006;2007;2008;2009;2010;2011;2012;2013;2014;2015;2016;2017;2018;2019
Età;Maschi
0;88;117;150;195;228;302;333;355;411;373;381;462;386;378;377;392;369;369
1;80;104;132;168;200;246;319;344;356;404;367;391;452;383;366;362;360;355
2;67;88;115;147;179;208;260;327;344;338;404;379;390;427;359;347;346;342
3;56;78;99;131;153;188;214;268;325;340;332;427;385;373;403;337;336;336
4;49;70;92;104;147;158;201;241;277;317;340;359;424;370;348;380;321;325
5;53;70;84;109;119;166;175;219;250;271;328;354;353;398;344;328;338;304
6;59;76;91;95;125;126;184;197;229;250;269;341;339;337;367;318;310;318
7;40;77;82;98;118;137;145;207;216;232;252;280;333;315;316;334;293;290
8;47;58;93;88;122;131;160;169;213;205;233;253;270;318;292;302;305;285
9;45;58;68;104;104;141;141;182;181;217;202;228;247;254;300;259;279;287
10;42;65;78;92;123;121;160;165;194;183;228;196;226;236;235;279;242;267
11;52;60;89;97;109;140;145;184;187;202;185;243;190;210;214;220;260;240
12;54;74;82;107;115;123;167;171;207;192;205;197;242;180;196;196;205;248
13;45;69;91;99;119;131;150;185;187;212;200;211;196;222;179;193;185;210
14;36;54;71;104;120;132;165;183;204;210;222;213;211;193;217;163;182;193
15;41;49;59;76;128;141;163;185;212;222;218;230;211;205;199;202;161;186
16;43;56;62;74;101;138;172;184;219;225;246;229;227;213;198;200;211;170
17;54;56;62;78;96;121;178;217;206;236;245;269;237;229;214;213;209;215
18;52;73;73;94;101;124;151;234;274;247;261;248;267;222;225;273;265;207
19;51;70;89;78;107;125;172;207;283;304;267;270;255;257;237;318;390;284
20;54;52;80;104;95;124;171;228;243;299;326;296;288;269;293;307;401;387
21;55;55;71;97;104;93;175;224;250;268;337;353;313;290;306;353;383;401
22;60;69;94;110;102;126;146;224;273;281;305;355;355;321;308;363;402;370
23;51;85;115;140;138;128;181;196;273;302;315;332;372;356;344;350;423;394
24;67;73;138;172;151;179;218;255;244;309;338;351;369;372;371;407;401;410
25;97;113;147;176;211;166;257;282;310;305;362;380;390;379;396;419;457;411
26;111;119;191;200;186;238;251;307;336;342;333;402;410;395;400;455;450;452
27;96;138;194;270;252;227;326;328;349;379;389;381;417;405;418;433;487;443
28;114;138;216;267;319;286;306;404;364;393;417;430;402;435;419;482;444;472
29;136;146;226;272;317;363;368;403;426;389;434;462;442;397;456;470;501;447
30;141;167;209;287;318;355;447;439;454;463;418;451;488;427;428;486;476;496
31;134;202;253;268;328;350;436;507;471;466;479;454;470;496;427;453;518;506
32;174;171;251;299;320;351;415;521;517;476;476;509;476;474;506;442;481;516
33;195;197;249;307;338;335;407;497;539;529;467;497;523;464;476;519;461;489
34;175;221;262;311;309;373;393;453;511;557;531;504;509;527;463;483;537;471
35;179;210;297;302;351;314;425;431;470;512;566;552;523;502;535;462;493;533
36;146;208;260;345;318;368;351;471;444;483;510;601;568;522;517;538;446;499
37;177;183;257;301;372;344;407;396;490;447;488;544;608;555;516;510;530;451
38;149;198;223;274;333;388;399;444;408;487;445;516;582;566;547;496;490;512
39;117;175;241;247;284;343;449;444;444;406;476;466;537;562;543;513;481;493
40;119;147;206;267;270;305;393;475;440;442;418;499;464;517;549;523;496;474
41;151;134;179;232;282;280;341;417;477;436;437;426;490;445;497;522;489;487
42;110;175;165;204;244;294;301;349;415;462;398;452;421;464;428;470;481;487
43;108;113;191;179;201;240;301;311;341;392;448;412;467;401;447;409;427;460
44;85;125;126;210;178;205;257;314;317;327;378;455;414;435;394;424;392;418
45;94;93;144;144;221;189;235;270;318;312;304;400;452;404;404;370;406;378
46;80;98;110;155;164;229;224;250;274;305;308;308;407;420;392;381;351;396
47;72;86;117;129;170;170;240;238;263;281;296;316;303;390;401;376;363;334
48;64;80;91;129;141;175;196;252;246;260;277;301;294;292;366;375;346;353
49;49;66;84;93;131;146;202;210;273;245;257;285;298;280;274;341;363;341
50;38;54;75;87;109;132;161;217;208;269;242;262;284;281;256;261;323;357
51;54;39;57;75;89;120;144;175;218;203;269;247;255;266;254;242;242;317
52;32;50;45;63;76;95;137;158;176;220;202;267;243;240;251;242;228;249
53;35;36;56;47;64;76;102;155;164;183;205;201;253;222;236;236;234;221
54;19;34;37;58;51;68;78;104;168;171;179;206;192;240;205;223;226;228
55;23;24;36;42;64;54;72;93;105;169;169;184;198;187;218;193;208;228
56;21;23;31;41;43;67;56;78;93;110;173;165;178;189;179;202;184;199
57;16;22;25;36;48;46;70;61;87;93;110;171;160;166;185;176;192;174
58;19;20;22;26;41;50;49;83;66;84;93;108;170;144;163;171;171;183
59;15;19;22;20;24;35;50;55;86;63;79;97;108;155;139;152;160;163
60;10;17;18;22;19;29;35;54;55;85;66;82;98;100;141;135;147;157
61;11;12;15;17;24;21;27;36;60;54;83;71;80;95;99;129;133;138
62;9;12;14;21;17;24;22;28;42;65;55;86;70;77;90;98;120;128
63;13;16;13;15;23;18;23;27;30;42;66;57;81;65;73;88;95;115
64;5;15;17;17;15;23;18;33;27;33;44;67;54;81;64;70;84;89
65;6;11;18;15;15;17;21;21;36;28;33;46;62;46;76;61;62;82
66;12;7;12;19;13;16;16;29;24;36;31;35;44;64;43;73;61;62
67;12;13;7;13;21;17;21;19;31;25;36;30;33;42;63;43;75;60
68;8;14;15;9;16;18;17;29;22;35;26;36;30;31;43;60;40;71
69;6;9;11;15;10;14;21;24;29;21;37;25;36;30;30;46;58;38
70;6;8;10;13;17;11;15;24;25;25;24;33;23;35;29;30;44;58
71;6;6;8;11;14;17;11;17;25;26;22;24;35;25;34;30;31;42
72;5;9;6;8;12;11;16;14;20;24;28;22;23;34;24;34;29;29
73;3;6;9;7;9;9;14;20;14;20;23;25;23;20;34;24;31;31
74;4;5;6;12;6;10;9;20;18;14;23;24;23;21;23;35;21;31
75;3;5;6;6;14;6;9;11;19;19;16;23;23;19;18;22;32;22
76;5;4;6;6;8;14;7;10;12;20;19;15;21;21;17;17;23;31
77;1;4;4;7;7;9;11;7;11;12;18;18;16;18;20;19;18;22
78;5;1;6;4;7;8;5;13;5;12;10;16;18;17;17;20;17;19
79;2;7;4;7;4;7;8;6;16;4;13;10;17;17;15;16;16;19
80;2;1;7;2;5;4;7;9;9;15;5;14;12;17;17;14;14;17
81;4;2;0;7;2;7;4;9;10;7;15;4;10;10;17;17;10;12
82;3;4;3;0;7;2;8;6;6;10;8;11;4;12;9;14;18;9
83;2;3;4;4;0;8;3;6;5;5;10;7;11;5;12;9;15;14
84;4;0;4;3;3;1;8;5;4;5;4;8;5;10;4;9;6;14
85;1;3;0;3;2;3;0;7;5;2;5;4;6;5;11;3;9;5
86;2;0;3;2;5;2;4;0;7;3;3;5;4;6;5;9;3;7
87;1;2;0;1;2;4;2;4;1;9;3;2;5;4;4;5;8;3
88;2;2;2;1;1;2;3;1;3;1;9;2;2;5;4;2;4;8
89;0;1;3;1;1;1;2;2;1;2;1;6;1;2;4;2;1;1
90;2;0;1;3;1;0;1;0;2;1;1;1;6;1;2;4;2;1
91;0;2;0;1;1;0;0;1;0;2;1;0;1;5;1;2;4;2
92;0;0;2;0;1;1;0;0;1;0;2;0;1;1;4;1;2;4
93;0;0;0;2;0;0;1;0;0;1;0;1;0;1;1;4;1;2
94;1;0;0;0;1;0;0;1;0;0;0;0;1;0;0;1;3;1
95;0;0;0;0;0;1;0;0;1;0;0;0;0;1;0;0;1;2
96;0;0;0;0;0;0;0;0;0;1;0;0;0;0;1;0;0;0
97;0;0;0;1;0;0;0;0;0;0;1;0;0;0;0;1;0;0
98;0;0;0;0;1;0;0;0;0;0;0;1;0;0;0;0;1;0
99;1;0;0;0;0;0;0;0;0;0;0;0;1;0;0;0;0;1
100 e oltre;0;1;0;0;0;0;0;0;0;0;0;0;0;0;0;0;0;0
Totale;4843;5982;7789;9399;10675;11861;14261;16636;18102;18964;19780;21189;21814;21515;21542;21993;22350;22378
Età/Anno;2002;2003;2004;2005;2006;2007;2008;2009;2010;2011;2012;2013;2014;2015;2016;2017;2018;2019
Età;Femmine
0;86;94;130;176;204;222;266;349;350;411;380;376;354;361;343;339;322;316
1;74;94;107;140;180;213;238;275;359;348;407;389;383;346;344;327;324;316
2;60;90;99;118;149;186;230;266;282;368;340;414;382;365;319;337;313;319
3;57;75;95;113;135;166;208;245;287;286;360;349;406;344;345;307;323;314
4;51;63;81;108;134;144;172;223;256;285;293;365;340;379;316;311;276;320
5;49;65;76;88;122;139;156;178;223;261;294;304;362;329;354;290;291;276
6;57;56;72;78;104;139;151;170;186;220;269;296;300;333;309;330;268;279
7;51;70;73;81;96;120;155;177;176;182;220;276;283;282;304;291;295;266
8;58;71;86;86;92;110;156;168;187;181;190;229;274;264;250;265;268;278
9;51;67;87;95;103;100;127;174;184;193;184;195;220;263;243;232;241;269
10;55;64;83;98;112;110;120;143;196;190;201;192;187;197;240;230;213;227
11;43;72;69;99;113;118;117;147;163;195;199;205;188;182;186;221;217;209
12;28;52;87;81;122;129;132;129;159;166;203;212;200;182;171;182;207;207
13;44;32;62;100;97;140;146;159;154;174;176;198;215;187;165;157;169;196
14;38;50;36;84;111;100;146;166;177;160;190;184;196;202;171;151;153;174
15;34;35;58;55;99;126;123;160;178;188;166;189;184;187;186;167;144;154
16;32;46;45;76;72;112;147;155;169;185;193;187;183;176;177;181;167;132
17;32;43;52;52;95;84;132;179;160;185;194;211;202;175;171;164;174;165
18;36;46;53;72;78;111;109;167;212;170;200;217;204;190;163;157;154;155
19;51;48;61;66;88;90;135;158;204;233;195;225;231;223;199;180;169;151
20;49;62;64;87;88;106;140;198;224;257;271;239;252;243;240;222;208;189
21;64;86;99;94;121;131;170;236;253;271;303;297;257;274;251;260;253;225
22;88;97;114;136;136;155;191;259;292;326;311;335;324;284;283;260;283;276
23;104;132;152;157;173;164;261;285;337;355;367;342;359;340;288;310;291;287
24;108;147;178;213;190;217;267;345;370;394;396;404;376;376;349;311;326;321
25;112;154;199;236;254;241;330;357;409;430;454;460;432;374;388;361;332;335
26;140;140;228;269;289;305;330;420;417;478;490;481;496;449;394;401;366;352
27;129;195;216;295;300;342;411;414;478;466;520;513;513;507;465;420;412;373
28;147;175;274;266;367;342;450;490;472;531;500;543;530;526;502;480;437;406
29;158;186;254;337;335;406;420;527;519;498;559;526;549;544;524;496;483;436
30;163;189;260;307;409;401;478;480;573;549;518;571;536;540;542;537;514;479
31;157;209;254;310;349;460;485;553;501;586;565;535;582;526;547;540;534;510
32;142;186;244;301;354;378;500;543;570;506;579;589;539;564;519;556;527;540
33;173;172;219;286;332;368;421;541;548;571;504;577;599;545;572;522;554;532
34;142;196;227;253;312;362;420;467;563;550;567;521;586;614;547;556;511;542
35;116;158;220;247;283;319;419;460;489;567;552;569;540;581;599;530;537;501
36;114;138;191;235;273;297;369;450;479;490;560;547;580;526;560;589;524;531
37;105;129;159;195;251;275;358;397;461;501;500;583;548;574;512;526;563;516
38;86;114;168;189;220;267;354;396;407;481;510;518;586;533;557;508;512;547
39;70;102;155;183;203;237;316;396;421;412;494;533;500;567;512;550;497;504
40;85;83;125;168;201;221;298;364;420;446;421;509;529;495;543;497;535;471
41;90;93;113;145;186;214;262;340;401;445;461;435;513;523;473;516;489;513
42;73;97;122;133;166;195;254;292;355;443;475;463;430;512;508;452;496;477
43;73;71;135;136;146;189;234;273;328;378;460;476;465;434;478;500;439;484
44;60;72;97;159;154;154;239;263;301;357;401;467;470;454;430;461;498;424
45;56;67;81;113;181;167;196;279;302;324;378;420;467;470;435;416;451;487
46;45;56;98;103;132;190;194;246;294;339;331;404;423;460;464;431;397;442
47;50;50;83;112;118;127;235;228;278;321;351;344;416;417;457;453;420;396
48;44;51;65;97;116;127;173;287;253;296;347;359;350;408;404;456;439;411
49;36;49;72;79;117;130;157;235;313;287;313;357;368;344;392;402;449;430
50;46;39;59;94;101;125;168;205;273;344;304;317;369;364;333;384;388;430
51;35;43;63;72;92;110;161;208;234;284;357;314;330;358;360;347;376;386
52;35;32;53;70;78;105;138;195;244;248;304;375;319;323;342;357;334;364
53;32;41;54;59;76;90;137;164;225;262;267;328;384;328;332;342;353;331
54;27;36;66;66;60;81;113;169;204;247;268;289;341;382;318;336;337;365
55;22;32;51;82;71;64;91;145;197;227;257;288;289;340;375;307;333;329
56;17;21;40;54;83;70;71;125;161;211;225;274;286;281;331;347;317;321
57;24;24;30;44;62;80;82;101;138;179;218;229;285;289;287;328;337;323
58;21;22;27;33;43;67;94;103;130;147;185;226;228;288;288;276;325;328
59;18;19;24;30;35;46;67;115;127;143;151;196;221;230;277;286;273;314
60;15;24;21;26;30;34;51;75;128;130;157;158;187;221;234;258;289;270
61;20;17;26;23;27;30;39;63;94;134;133;164;157;183;218;236;242;282
62;17;22;21;26;22;25;31;52;70;99;141;139;169;156;180;221;237;242
63;27;17;24;25;26;22;28;46;61;76;98;147;141;165;145;186;215;242
64;17;28;19;26;25;27;22;38;53;59;76;108;133;143;162;143;186;213
65;20;19;27;21;30;24;30;34;39;59;63;80;112;136;146;160;149;180
66;13;18;19;28;25;29;26;43;43;41;61;70;81;116;136;152;159;147
67;15;14;15;20;29;28;29;32;53;43;45;62;71;75;118;130;145;153
68;14;16;18;16;23;28;33;39;33;54;44;47;62;70;77;115;130;144
69;5;15;14;19;17;24;25;43;46;35;56;44;48;56;68;75;114;124
70;12;6;15;14;20;19;23;31;46;45;38;57;44;50;56;64;76;111
71;17;11;8;17;16;21;21;29;36;50;45;37;58;40;52;57;69;75
72;7;15;12;10;19;15;24;23;32;35;52;48;39;59;43;51;52;66
73;11;9;16;9;10;17;18;26;26;32;36;55;48;35;55;44;50;51
74;5;11;9;15;10;9;22;21;26;24;30;37;54;45;35;55;47;45
75;8;5;12;9;16;12;8;24;22;27;24;35;42;52;42;34;55;48
76;4;9;5;10;8;13;9;10;25;22;26;22;33;38;53;46;35;53
77;6;5;9;4;9;7;14;9;9;25;23;24;27;34;35;51;46;31
78;6;7;5;7;4;10;8;18;12;12;24;23;22;29;29;35;47;44
79;5;5;7;7;8;4;11;10;20;12;14;23;24;20;28;26;33;41
80;5;6;4;11;8;8;5;11;8;21;13;12;21;27;19;26;23;31
81;4;6;9;7;12;10;9;4;10;8;21;14;13;21;27;19;24;23
82;2;4;6;11;7;11;10;9;4;11;7;20;18;13;20;26;16;26
83;0;2;5;7;12;6;11;11;7;4;10;7;16;17;12;21;21;15
84;2;0;2;7;6;11;6;11;10;6;4;11;6;16;14;12;18;20
85;1;2;1;3;5;6;10;5;9;8;6;4;12;5;14;13;12;16
86;2;1;2;1;3;5;7;10;5;8;8;7;4;8;4;14;10;12
87;2;2;1;2;1;2;4;7;9;3;7;8;6;3;6;5;14;7
88;1;1;2;1;2;1;2;4;5;8;3;8;7;6;3;3;4;13
89;0;0;1;1;1;2;1;2;3;5;6;3;7;6;7;3;2;4
90;0;0;0;0;0;1;2;1;2;1;4;5;5;4;6;6;3;3
91;0;0;0;0;0;0;1;2;1;2;2;4;5;5;3;5;4;3
92;0;0;0;0;0;0;0;1;2;0;2;2;3;4;3;2;4;3
93;0;0;1;0;0;0;1;0;1;2;0;2;2;3;2;3;1;4
94;0;0;0;0;0;0;0;3;0;1;2;0;2;1;2;2;3;1
95;0;0;0;1;0;0;0;0;2;0;1;2;0;2;2;2;3;2
96;0;0;0;1;1;0;0;0;0;3;0;1;0;0;2;1;0;2
97;0;0;1;0;0;1;0;0;0;0;2;0;1;0;0;1;1;0
98;0;0;0;0;0;0;1;0;0;0;0;1;1;0;0;0;1;0
99;0;0;1;0;0;0;0;1;0;0;0;0;1;1;0;0;0;0
100 e oltre;0;0;1;1;1;0;0;0;0;0;0;0;0;1;1;1;1;1
Totale;4506;5495;7184;8697;10196;11446;14162;17087;19175;20833;22132;23457;24143;24220;23993;23952;23879;23899
