"Popolazione per età, vista per singola area - Provincia: Salerno"

"Ricostruzione della popolazione intercensuaria - Popolazione al 1° gennaio per età"
"Tutte le cittadinanze - Provincia: Salerno"
Età/Anno;2002;2003;2004;2005;2006;2007;2008;2009;2010;2011;2012;2013;2014;2015;2016;2017;2018;2019
Età;Totale
0;10873;10554;10669;10568;10414;10250;10193;10201;10130;9816;9630;9694;9188;9184;8949;8814;8676;8323
1;11037;10872;10545;10706;10605;10403;10276;10180;10195;10160;9773;9632;9647;9160;9168;8917;8842;8705
2;11225;11096;10893;10594;10750;10597;10420;10311;10197;10228;10166;9788;9670;9634;9128;9187;8885;8847
3;10927;11215;11126;10911;10607;10752;10655;10429;10318;10200;10224;10169;9808;9679;9635;9142;9195;8899
4;10893;10918;11216;11165;10957;10620;10847;10733;10484;10357;10243;10247;10161;9811;9711;9652;9154;9209
5;11571;10907;10974;11311;11213;10976;10695;10894;10755;10531;10387;10278;10258;10158;9821;9745;9660;9164
6;11658;11583;10962;11056;11353;11248;11032;10769;10940;10811;10585;10374;10283;10268;10161;9829;9751;9660
7;11600;11679;11617;11004;11091;11353;11332;11132;10821;10992;10850;10605;10379;10296;10290;10189;9852;9760
8;12564;11583;11699;11677;11069;11117;11426;11411;11194;10889;11048;10893;10648;10404;10301;10273;10172;9850
9;13241;12605;11620;11725;11733;11117;11198;11504;11499;11262;10929;11063;10926;10657;10411;10315;10279;10167
10;13316;13244;12659;11679;11783;11755;11215;11276;11562;11562;11296;10946;11068;10950;10668;10414;10323;10295
11;13694;13303;13251;12728;11754;11772;11832;11310;11369;11638;11606;11323;10936;11059;10950;10675;10421;10353
12;13393;13703;13352;13299;12776;11803;11847;11909;11366;11438;11690;11637;11320;10960;11058;10942;10664;10418
13;13789;13388;13718;13365;13350;12817;11892;11895;11966;11420;11485;11692;11635;11339;10966;11058;10946;10664
14;13233;13794;13409;13742;13398;13393;12882;11981;11933;12047;11489;11510;11688;11645;11344;10972;11061;10943
15;13717;13260;13838;13431;13752;13406;13475;12941;12044;12007;12102;11515;11522;11710;11652;11355;10978;11085
16;13987;13696;13306;13909;13496;13769;13440;13542;12993;12145;12069;12117;11524;11543;11734;11654;11342;11000
17;14398;13978;13715;13386;13964;13520;13828;13479;13617;13064;12196;12078;12115;11563;11560;11759;11737;11383
18;14323;14387;13988;13748;13463;14004;13618;13903;13548;13712;13113;12256;12107;12137;11628;11636;11887;11819
19;14751;14279;14353;14001;13724;13470;14134;13684;13991;13654;13772;13166;12272;12152;12214;11737;11832;11996
20;14940;14654;14233;14309;13956;13684;13547;14235;13708;14037;13668;13796;13161;12306;12208;12259;11826;11832
21;14770;14814;14621;14240;14260;13912;13767;13684;14335;13796;14094;13705;13782;13163;12333;12259;12333;11859
22;14644;14620;14778;14643;14226;14224;13981;13833;13775;14477;13865;14080;13710;13816;13174;12337;12246;12316
23;15048;14527;14603;14753;14624;14139;14308;14056;13888;13941;14530;13906;14069;13710;13759;13175;12360;12237
24;15027;14953;14529;14605;14625;14480;14249;14391;14045;13981;14021;14512;13934;14079;13656;13719;13123;12265
25;15444;14910;14979;14593;14470;14430;14536;14254;14380;14089;13982;13969;14476;13922;14038;13586;13718;13003
26;16021;15348;15022;15075;14423;14306;14399;14504;14219;14402;14069;13940;13886;14422;13873;13910;13461;13555
27;16238;15871;15448;15129;14975;14232;14365;14380;14442;14249;14405;13982;13844;13794;14285;13721;13776;13324
28;16313;16147;15993;15632;15077;14807;14322;14340;14259;14350;14220;14306;13823;13764;13668;14159;13562;13616
29;16119;16189;16220;16102;15543;14942;14840;14347;14219;14193;14336;14050;14138;13726;13621;13595;13986;13411
30;16594;16076;16301;16417;16020;15448;15047;14840;14288;14147;14158;14335;13960;14082;13649;13498;13460;13816
31;16231;16483;16154;16459;16392;15866;15488;15037;14739;14262;14068;14074;14207;13890;13968;13513;13339;13290
32;16474;16147;16544;16217;16308;16196;15918;15443;14906;14685;14217;14042;14041;14105;13811;13851;13370;13188
33;16354;16373;16245;16624;16098;16187;16282;15884;15439;14872;14706;14167;13974;13978;14016;13710;13752;13272
34;16301;16312;16471;16277;16545;15956;16267;16219;15821;15467;14896;14696;14123;13967;13967;13935;13683;13679
35;16833;16278;16391;16559;16214;16397;16077;16277;16138;15825;15466;14838;14661;14145;13954;13985;13881;13611
36;16965;16861;16414;16561;16637;16156;16573;16175;16352;16254;15915;15492;14766;14639;14106;13875;13955;13833
37;17238;16977;16976;16571;16623;16590;16271;16686;16241;16381;16310;15933;15451;14765;14599;14113;13832;13916
38;16429;17235;17101;17141;16620;16570;16753;16371;16705;16337;16411;16339;15891;15499;14748;14528;14068;13821
39;16442;16356;17356;17195;17136;16623;16737;16896;16402;16768;16360;16466;16353;15905;15481;14769;14494;14045
40;16290;16437;16446;17508;17228;17088;16770;16878;16925;16442;16803;16342;16486;16384;15932;15486;14784;14488
41;15827;16256;16517;16577;17555;17189;17180;16933;17019;17028;16459;16803;16366;16515;16365;15879;15465;14763
42;15646;15836;16329;16619;16601;17544;17300;17280;17002;17084;17073;16481;16818;16378;16504;16354;15796;15435
43;14841;15647;15972;16453;16623;16560;17661;17419;17343;17096;17117;17083;16494;16843;16367;16484;16302;15748
44;14620;14851;15725;16087;16450;16603;16667;17744;17469;17414;17168;17129;17068;16479;16822;16318;16407;16274
45;14182;14620;14946;15854;16123;16410;16687;16742;17798;17519;17419;17213;17129;17096;16452;16822;16276;16372
46;14305;14173;14738;15069;15870;16102;16498;16752;16787;17856;17558;17404;17182;17144;17104;16397;16747;16227
47;14181;14323;14237;14854;15069;15843;16193;16565;16778;16836;17901;17576;17388;17153;17116;17086;16338;16722
48;13245;14165;14411;14324;14874;15047;15921;16308;16638;16867;16865;17914;17542;17391;17120;17049;17085;16320
49;12674;13246;14210;14465;14352;14882;15113;16000;16346;16649;16902;16835;17887;17578;17336;17091;17004;17034
50;13226;12631;13276;14265;14439;14315;14942;15128;16000;16389;16650;16860;16804;17830;17555;17304;17047;16953
51;13307;13163;12652;13358;14238;14388;14366;15035;15151;16015;16425;16633;16834;16769;17767;17514;17247;17003
52;13242;13244;13173;12678;13325;14191;14432;14441;15036;15213;15997;16385;16613;16789;16739;17710;17474;17215
53;13824;13221;13272;13211;12664;13287;14184;14461;14448;15082;15195;15970;16322;16567;16764;16697;17641;17399
54;13155;13808;13243;13304;13184;12599;13315;14198;14458;14502;15095;15171;15925;16291;16501;16711;16636;17574
55;12911;13132;13837;13299;13243;13128;12600;13338;14160;14439;14484;15051;15102;15894;16188;16433;16657;16566
56;10036;12894;13163;13851;13274;13172;13094;12588;13318;14142;14391;14431;14996;15036;15833;16124;16378;16578
57;9282;10013;12885;13155;13824;13262;13165;13095;12548;13281;14136;14358;14361;14936;14977;15775;16027;16285
58;10313;9258;9972;12867;13144;13773;13241;13118;13016;12545;13270;14086;14279;14289;14861;14893;15696;15939
59;10400;10288;9215;9950;12852;13105;13766;13209;13074;12990;12497;13207;14024;14194;14196;14750;14824;15607
60;9909;10364;10252;9193;9885;12842;13082;13748;13166;13008;12906;12399;13140;13940;14096;14131;14627;14748
61;11463;9851;10316;10206;9142;9834;12815;13033;13668;13125;12971;12835;12336;13078;13842;14014;14023;14545
62;12006;11410;9820;10259;10133;9101;9773;12791;12976;13618;13069;12889;12732;12258;12960;13763;13921;13915
63;10988;11943;11353;9773;10198;10061;9068;9680;12763;12923;13554;13001;12792;12645;12189;12867;13646;13816
64;10730;10941;11872;11273;9703;10134;9989;9042;9622;12685;12847;13469;12924;12702;12545;12081;12752;13522
65;10464;10663;10862;11810;11228;9603;10031;9943;8968;9532;12596;12718;13360;12835;12569;12449;11996;12662
66;11142;10377;10572;10808;11706;11148;9522;9970;9871;8901;9445;12509;12600;13243;12690;12448;12335;11905
67;10634;11022;10291;10525;10683;11615;11066;9432;9851;9809;8824;9332;12374;12476;13097;12560;12323;12184
68;10954;10529;10914;10151;10423;10560;11473;10934;9292;9737;9702;8709;9214;12231;12303;12947;12421;12191
69;10416;10807;10379;10751;10017;10322;10426;11321;10775;9162;9581;9559;8554;9083;12045;12129;12770;12226
70;10596;10246;10679;10220;10589;9873;10178;10278;11159;10635;9013;9441;9398;8406;8895;11866;11970;12591
71;11020;10410;10068;10470;10051;10428;9742;10060;10122;10994;10469;8823;9269;9229;8272;8763;11677;11756
72;9953;10824;10172;9904;10248;9877;10193;9552;9871;9951;10831;10262;8669;9101;9036;8130;8606;11495
73;9406;9762;10584;9910;9689;10017;9685;9961;9346;9678;9770;10595;10026;8500;8892;8860;7955;8444
74;8831;9188;9525;10340;9677;9463;9785;9434;9726;9114;9436;9524;10359;9819;8294;8738;8658;7803
75;8407;8622;8928;9264;10088;9418;9224;9534;9155;9482;8871;9221;9292;10081;9585;8129;8514;8428
76;8281;8182;8347;8664;8957;9808;9121;8919;9246;8889;9252;8602;8960;9056;9809;9310;7893;8274
77;7719;7971;7869;8124;8354;8650;9464;8783;8606;8967;8587;8944;8288;8699;8764;9523;9033;7658
78;7187;7443;7648;7569;7781;8049;8332;9102;8440;8299;8655;8301;8607;8007;8370;8451;9167;8722
79;6446;6842;7106;7322;7252;7475;7743;7958;8684;8047;7966;8309;7964;8240;7670;8055;8088;8801
80;5889;6132;6512;6769;6940;6920;7147;7391;7608;8278;7694;7577;7897;7639;7883;7328;7702;7765
81;5165;5569;5773;6146;6369;6598;6560;6747;6976;7207;7852;7286;7194;7468;7231;7536;6956;7348
82;3275;4807;5198;5446;5725;5940;6178;6111;6338;6567;6781;7431;6803;6826;7017;6810;7103;6590
83;2333;3024;4408;4869;5045;5334;5426;5720;5618;5864;6099;6349;6932;6400;6355;6611;6366;6687
84;2223;2137;2781;4006;4481;4645;4934;4995;5266;5132;5383;5657;5863;6457;5890;5900;6134;5956
85;2548;2006;1952;2549;3637;4136;4260;4563;4563;4840;4701;4939;5152;5398;5864;5424;5412;5701
86;2747;2280;1787;1728;2309;3311;3739;3859;4166;4159;4373;4288;4457;4700;4848;5295;4906;4945
87;2373;2420;2021;1578;1557;2035;2922;3340;3464;3742;3720;3878;3834;4041;4191;4371;4708;4380
88;2247;2075;2075;1777;1402;1380;1773;2537;2884;3062;3345;3250;3425;3403;3581;3761;3867;4154
89;1831;1918;1695;1773;1535;1203;1198;1514;2265;2537;2610;2900;2838;2992;2923;3130;3220;3361
90;1405;1531;1579;1451;1451;1341;1010;1030;1289;1935;2164;2195;2451;2455;2497;2505;2638;2776
91;1244;1152;1262;1306;1222;1209;1123;835;839;1099;1640;1844;1862;2070;2058;2104;2061;2213
92;877;1000;944;1003;1067;998;993;924;683;667;932;1344;1556;1560;1651;1678;1701;1714
93;624;706;803;737;790;877;815;810;744;552;549;724;1076;1257;1223;1349;1358;1369
94;463;483;504;635;554;619;643;652;651;567;439;432;577;865;974;982;1076;1079
95;342;342;366;376;472;419;464;506;503;529;452;341;330;428;662;765;755;804
96;231;249;246;282;280;342;307;345;397;390;421;345;252;254;296;517;564;580
97;160;155;178;189;182;194;242;228;269;318;290;307;241;184;177;211;366;433
98;108;111;111;127;132;137;139;173;165;208;249;217;215;178;137;139;142;283
99;71;77;72;70;89;81;95;92;115;116;158;174;148;157;114;91;97;103
100 e oltre;97;125;141;138;132;152;166;163;175;209;230;239;268;285;272;254;214;197
Totale;1072927;1074077;1079473;1086346;1088131;1087924;1093905;1098578;1100822;1104369;1106182;1105702;1103254;1102188;1098529;1095614;1091434;1087055
Età/Anno;2002;2003;2004;2005;2006;2007;2008;2009;2010;2011;2012;2013;2014;2015;2016;2017;2018;2019
Età;Maschi
0;5640;5392;5418;5449;5271;5264;5187;5160;5228;5097;4964;5014;4592;4824;4632;4541;4541;4364
1;5800;5633;5392;5433;5459;5255;5276;5188;5143;5245;5058;4961;4962;4577;4800;4612;4556;4565
2;5840;5823;5651;5436;5474;5464;5249;5297;5209;5151;5255;5056;4970;4965;4573;4809;4586;4549
3;5651;5838;5851;5653;5445;5471;5473;5277;5298;5216;5148;5249;5090;4979;4976;4585;4824;4583
4;5632;5649;5835;5858;5678;5454;5514;5526;5321;5306;5255;5169;5258;5088;5001;4996;4592;4824
5;5902;5644;5665;5894;5895;5694;5492;5524;5538;5357;5333;5270;5180;5248;5101;5022;5006;4604
6;5920;5919;5664;5701;5908;5900;5711;5536;5550;5562;5373;5338;5285;5202;5251;5097;5020;5017
7;6008;5940;5934;5690;5718;5921;5948;5761;5569;5581;5571;5397;5343;5295;5201;5258;5109;5027
8;6433;5996;5959;5971;5726;5732;5969;5992;5789;5612;5607;5599;5405;5366;5295;5192;5254;5093
9;6768;6459;6008;5979;6012;5768;5776;6009;6040;5831;5623;5630;5607;5418;5369;5302;5191;5244
10;6889;6769;6479;6037;6009;6021;5816;5809;6055;6069;5853;5626;5631;5609;5425;5373;5288;5215
11;7023;6873;6770;6512;6068;6015;6066;5874;5876;6095;6092;5862;5625;5624;5614;5431;5379;5302
12;6908;7015;6881;6798;6556;6094;6045;6100;5904;5921;6121;6109;5852;5643;5624;5607;5418;5379
13;6995;6914;7012;6888;6830;6563;6144;6073;6136;5938;5929;6119;6109;5858;5657;5627;5603;5417
14;6775;7005;6942;7024;6895;6865;6604;6182;6090;6174;5971;5940;6105;6117;5851;5661;5622;5601
15;6974;6798;7017;6958;7031;6900;6920;6637;6222;6123;6199;5986;5942;6129;6115;5858;5662;5634
16;7183;6973;6824;7064;6999;7041;6910;6970;6679;6283;6147;6201;5991;5954;6150;6121;5861;5680
17;7370;7176;6988;6871;7089;7005;7075;6931;7007;6715;6300;6145;6199;6021;5974;6163;6195;5902
18;7359;7372;7188;7012;6923;7113;7066;7114;6959;7076;6736;6330;6182;6222;6087;6043;6283;6250
19;7589;7334;7343;7195;6995;6922;7178;7105;7151;7007;7098;6762;6341;6210;6284;6186;6216;6356
20;7689;7523;7316;7330;7177;6971;6954;7206;7105;7172;6997;7089;6732;6355;6250;6334;6265;6216
21;7569;7624;7518;7329;7280;7136;6993;7016;7239;7140;7191;7003;7075;6732;6372;6278;6401;6279
22;7413;7487;7595;7544;7301;7263;7144;7026;7039;7293;7155;7157;6994;7099;6741;6383;6296;6386
23;7681;7350;7473;7574;7511;7226;7288;7176;7055;7117;7321;7140;7141;6998;7080;6746;6396;6293
24;7556;7609;7358;7463;7480;7389;7258;7339;7160;7104;7139;7269;7149;7153;6958;7032;6751;6338
25;7758;7494;7609;7386;7378;7344;7388;7249;7309;7169;7084;7086;7233;7140;7133;6909;7037;6685
26;8043;7700;7553;7641;7292;7243;7283;7331;7210;7307;7132;7043;7026;7222;7114;7077;6850;6955
27;8109;7973;7740;7618;7595;7166;7242;7258;7287;7231;7311;7058;6983;6979;7194;7036;7010;6769
28;8171;8068;8015;7818;7566;7503;7134;7227;7154;7217;7209;7263;6993;6953;6943;7130;6962;6934
29;7970;8122;8113;8080;7765;7499;7510;7129;7143;7132;7229;7107;7171;6969;6912;6927;7033;6892
30;8314;7951;8189;8233;8020;7710;7530;7511;7125;7124;7124;7213;7033;7175;6948;6873;6847;6950
31;8020;8256;7983;8292;8228;7933;7687;7540;7456;7133;7095;7076;7177;7012;7124;6888;6761;6747
32;8129;8000;8280;8012;8231;8168;7971;7676;7485;7464;7128;7085;7067;7158;7017;7045;6823;6677
33;8091;8068;8019;8303;7933;8170;8195;7951;7689;7466;7459;7099;7057;7062;7094;6979;6962;6777
34;8042;8019;8066;8005;8200;7800;8143;8067;7862;7701;7457;7434;7079;7084;7085;7070;6964;6924
35;8218;8020;8056;8106;7955;8096;7829;8109;7991;7865;7731;7457;7425;7102;7096;7110;7044;6914
36;8347;8250;8072;8129;8150;7934;8170;7863;8132;8045;7915;7758;7440;7404;7095;7060;7095;7015
37;8509;8360;8299;8145;8166;8136;7969;8222;7878;8150;8094;7915;7732;7472;7394;7108;7028;7076
38;8024;8508;8402;8360;8158;8145;8179;8011;8228;7936;8146;8123;7901;7742;7476;7359;7059;7016
39;7938;7974;8540;8430;8355;8165;8215;8237;7998;8269;7971;8178;8136;7920;7750;7487;7354;7043
40;8030;7932;7993;8610;8452;8328;8227;8258;8232;8013;8285;7942;8203;8160;7934;7758;7495;7372
41;7811;8016;7930;8053;8630;8421;8369;8308;8308;8281;8011;8299;7957;8225;8109;7890;7730;7477
42;7869;7811;8023;7952;8073;8617;8436;8411;8337;8336;8286;8037;8307;7971;8206;8097;7851;7721
43;7430;7849;7858;8057;7946;8047;8665;8470;8420;8379;8340;8305;8047;8304;7976;8185;8053;7836
44;7254;7435;7845;7878;8041;7938;8073;8682;8477;8449;8409;8341;8304;8044;8295;7962;8164;8030
45;7010;7253;7465;7879;7868;8020;7963;8101;8710;8492;8445;8429;8338;8315;8036;8294;7921;8134
46;7204;7010;7279;7489;7875;7850;8035;7963;8112;8723;8516;8444;8416;8341;8311;8011;8252;7893
47;6947;7220;7012;7296;7470;7864;7880;8056;7971;8118;8745;8515;8438;8384;8337;8294;7971;8235
48;6588;6941;7236;7017;7308;7456;7900;7934;8083;7998;8115;8748;8480;8437;8378;8287;8310;7960
49;6320;6576;6953;7231;7030;7305;7450;7913;7937;8086;8006;8084;8746;8520;8418;8349;8250;8262
50;6614;6309;6565;6953;7210;7014;7331;7427;7908;7934;8083;7984;8072;8730;8508;8406;8322;8222
51;6680;6583;6291;6604;6936;7179;7023;7356;7423;7891;7952;8071;7969;8050;8695;8480;8386;8297
52;6559;6653;6553;6261;6582;6918;7181;7042;7345;7442;7868;7934;8058;7939;8042;8670;8448;8367
53;6837;6548;6643;6549;6259;6554;6912;7180;7025;7365;7417;7855;7897;8025;7926;8028;8624;8409
54;6576;6815;6528;6636;6528;6234;6570;6906;7178;7016;7355;7405;7819;7872;7975;7898;7988;8582
55;6482;6551;6802;6529;6609;6493;6234;6569;6872;7147;7003;7328;7367;7803;7807;7935;7870;7961
56;5039;6494;6544;6789;6507;6569;6475;6223;6555;6856;7099;6966;7292;7328;7783;7782;7901;7820
57;4543;5015;6470;6504;6757;6480;6559;6471;6200;6524;6849;7080;6943;7257;7304;7760;7739;7838
58;5006;4522;4975;6445;6493;6725;6459;6519;6434;6194;6500;6806;7028;6896;7201;7253;7718;7702
59;4990;4981;4488;4960;6416;6457;6705;6421;6499;6396;6166;6467;6769;6986;6846;7130;7206;7671
60;4808;4966;4951;4454;4922;6401;6428;6679;6404;6446;6351;6110;6426;6713;6926;6816;7056;7165
61;5529;4775;4945;4910;4408;4896;6378;6387;6630;6365;6421;6314;6051;6391;6665;6881;6763;7008
62;5773;5489;4757;4900;4869;4379;4857;6347;6335;6583;6329;6375;6247;5999;6317;6608;6826;6705
63;5225;5727;5443;4738;4863;4819;4332;4800;6332;6307;6534;6283;6322;6195;5949;6268;6539;6763
64;5054;5192;5671;5377;4693;4836;4780;4315;4764;6284;6260;6477;6223;6262;6132;5893;6198;6470
65;4875;5001;5150;5630;5346;4633;4773;4751;4270;4709;6220;6190;6408;6176;6188;6082;5824;6142
66;5324;4804;4942;5124;5578;5291;4592;4731;4701;4226;4647;6147;6117;6337;6087;6113;6007;5773
67;4915;5230;4748;4890;5047;5520;5250;4526;4665;4669;4174;4578;6064;6036;6237;6011;6056;5907
68;5078;4844;5160;4656;4835;4955;5421;5173;4442;4604;4610;4103;4502;5969;5919;6143;5917;5970
69;4751;4965;4764;5048;4567;4758;4867;5323;5072;4362;4507;4533;4008;4418;5850;5816;6023;5798
70;4902;4641;4900;4658;4945;4492;4666;4765;5220;4982;4265;4424;4421;3937;4312;5753;5723;5921
71;4970;4782;4521;4770;4534;4848;4406;4580;4655;5107;4878;4136;4308;4325;3855;4229;5639;5615
72;4471;4852;4620;4413;4609;4423;4697;4283;4478;4550;5011;4754;4043;4218;4211;3770;4138;5528
73;4009;4344;4690;4461;4281;4453;4292;4554;4145;4360;4437;4856;4607;3928;4099;4106;3687;4044
74;3865;3878;4184;4536;4329;4159;4336;4138;4410;4000;4220;4286;4714;4467;3816;3999;3982;3608
75;3648;3752;3735;4024;4384;4174;4008;4199;3969;4281;3858;4109;4145;4561;4336;3728;3866;3848
76;3446;3496;3598;3571;3844;4219;4006;3836;4035;3828;4141;3701;3962;4003;4409;4182;3591;3732
77;3223;3282;3327;3483;3399;3661;4035;3805;3678;3875;3654;3974;3524;3799;3851;4253;4020;3440
78;2865;3071;3106;3151;3293;3223;3476;3841;3625;3523;3698;3490;3767;3380;3615;3670;4043;3854
79;2518;2653;2893;2935;2980;3138;3050;3269;3600;3410;3356;3527;3295;3547;3197;3441;3469;3838
80;2171;2362;2475;2704;2736;2804;2966;2870;3078;3389;3228;3140;3312;3113;3362;3024;3250;3296
81;1913;2020;2185;2273;2482;2553;2617;2764;2672;2858;3138;3023;2935;3071;2894;3170;2836;3075
82;1262;1718;1831;2029;2060;2244;2354;2397;2553;2449;2652;2932;2787;2749;2838;2685;2960;2652
83;843;1142;1497;1674;1817;1845;1986;2086;2140;2274;2220;2442;2686;2589;2527;2635;2476;2744
84;796;759;1038;1328;1498;1629;1666;1758;1858;1911;2001;2030;2204;2454;2350;2311;2404;2278
85;930;703;674;932;1183;1363;1462;1518;1594;1678;1709;1781;1819;1995;2178;2122;2104;2228
86;937;819;611;566;820;1052;1199;1279;1374;1449;1488;1523;1570;1618;1750;1914;1884;1884
87;803;801;708;532;478;685;921;1042;1130;1233;1255;1308;1326;1395;1413;1538;1668;1652
88;788;684;677;609;460;400;586;780;891;988;1082;1074;1105;1149;1202;1235;1334;1441
89;610;667;555;554;512;388;345;499;675;763;851;910;911;936;947;1029;1054;1143
90;446;491;537;451;439;423;314;296;414;582;632;705;745;766;751;776;856;883
91;390;347;390;420;378;355;342;251;234;350;481;509;579;614;625;603;611;713
92;259;287;279;291;333;284;283;276;199;188;293;369;416;484;470;491;481;492
93;173;203;227;197;220;271;220;221;214;148;150;220;283;315;363;385;366;368
94;133;136;141;170;154;169;189;167;165;147;112;117;169;216;228;277;297;280
95;106;96;107;104;128;113;120;141;119;133;124;91;94;119;167;173;199;222
96;62;72;58;71;75;82;87;86;116;86;106;86;74;71;76;124;114;144
97;40;36;47;43;43;50;49;57;65;85;65;69;54;52;44;51;92;76
98;26;30;32;34;26;33;34;38;31;48;66;47;44;36;40;35;31;75
99;15;20;21;24;26;18;28;25;25;25;34;48;28;29;22;24;27;23
100 e oltre;17;24;27;35;35;41;45;50;47;49;49;52;68;68;61;58;50;47
Totale;524008;524553;526692;529683;530341;530008;532411;534322;535359;537338;538278;538199;537026;537167;536122;535206;533804;532126
Età/Anno;2002;2003;2004;2005;2006;2007;2008;2009;2010;2011;2012;2013;2014;2015;2016;2017;2018;2019
Età;Femmine
0;5233;5162;5251;5119;5143;4986;5006;5041;4902;4719;4666;4680;4596;4360;4317;4273;4135;3959
1;5237;5239;5153;5273;5146;5148;5000;4992;5052;4915;4715;4671;4685;4583;4368;4305;4286;4140
2;5385;5273;5242;5158;5276;5133;5171;5014;4988;5077;4911;4732;4700;4669;4555;4378;4299;4298
3;5276;5377;5275;5258;5162;5281;5182;5152;5020;4984;5076;4920;4718;4700;4659;4557;4371;4316
4;5261;5269;5381;5307;5279;5166;5333;5207;5163;5051;4988;5078;4903;4723;4710;4656;4562;4385
5;5669;5263;5309;5417;5318;5282;5203;5370;5217;5174;5054;5008;5078;4910;4720;4723;4654;4560
6;5738;5664;5298;5355;5445;5348;5321;5233;5390;5249;5212;5036;4998;5066;4910;4732;4731;4643
7;5592;5739;5683;5314;5373;5432;5384;5371;5252;5411;5279;5208;5036;5001;5089;4931;4743;4733
8;6131;5587;5740;5706;5343;5385;5457;5419;5405;5277;5441;5294;5243;5038;5006;5081;4918;4757
9;6473;6146;5612;5746;5721;5349;5422;5495;5459;5431;5306;5433;5319;5239;5042;5013;5088;4923
10;6427;6475;6180;5642;5774;5734;5399;5467;5507;5493;5443;5320;5437;5341;5243;5041;5035;5080
11;6671;6430;6481;6216;5686;5757;5766;5436;5493;5543;5514;5461;5311;5435;5336;5244;5042;5051
12;6485;6688;6471;6501;6220;5709;5802;5809;5462;5517;5569;5528;5468;5317;5434;5335;5246;5039
13;6794;6474;6706;6477;6520;6254;5748;5822;5830;5482;5556;5573;5526;5481;5309;5431;5343;5247
14;6458;6789;6467;6718;6503;6528;6278;5799;5843;5873;5518;5570;5583;5528;5493;5311;5439;5342
15;6743;6462;6821;6473;6721;6506;6555;6304;5822;5884;5903;5529;5580;5581;5537;5497;5316;5451
16;6804;6723;6482;6845;6497;6728;6530;6572;6314;5862;5922;5916;5533;5589;5584;5533;5481;5320
17;7028;6802;6727;6515;6875;6515;6753;6548;6610;6349;5896;5933;5916;5542;5586;5596;5542;5481
18;6964;7015;6800;6736;6540;6891;6552;6789;6589;6636;6377;5926;5925;5915;5541;5593;5604;5569
19;7162;6945;7010;6806;6729;6548;6956;6579;6840;6647;6674;6404;5931;5942;5930;5551;5616;5640
20;7251;7131;6917;6979;6779;6713;6593;7029;6603;6865;6671;6707;6429;5951;5958;5925;5561;5616
21;7201;7190;7103;6911;6980;6776;6774;6668;7096;6656;6903;6702;6707;6431;5961;5981;5932;5580
22;7231;7133;7183;7099;6925;6961;6837;6807;6736;7184;6710;6923;6716;6717;6433;5954;5950;5930
23;7367;7177;7130;7179;7113;6913;7020;6880;6833;6824;7209;6766;6928;6712;6679;6429;5964;5944
24;7471;7344;7171;7142;7145;7091;6991;7052;6885;6877;6882;7243;6785;6926;6698;6687;6372;5927
25;7686;7416;7370;7207;7092;7086;7148;7005;7071;6920;6898;6883;7243;6782;6905;6677;6681;6318
26;7978;7648;7469;7434;7131;7063;7116;7173;7009;7095;6937;6897;6860;7200;6759;6833;6611;6600
27;8129;7898;7708;7511;7380;7066;7123;7122;7155;7018;7094;6924;6861;6815;7091;6685;6766;6555
28;8142;8079;7978;7814;7511;7304;7188;7113;7105;7133;7011;7043;6830;6811;6725;7029;6600;6682
29;8149;8067;8107;8022;7778;7443;7330;7218;7076;7061;7107;6943;6967;6757;6709;6668;6953;6519
30;8280;8125;8112;8184;8000;7738;7517;7329;7163;7023;7034;7122;6927;6907;6701;6625;6613;6866
31;8211;8227;8171;8167;8164;7933;7801;7497;7283;7129;6973;6998;7030;6878;6844;6625;6578;6543
32;8345;8147;8264;8205;8077;8028;7947;7767;7421;7221;7089;6957;6974;6947;6794;6806;6547;6511
33;8263;8305;8226;8321;8165;8017;8087;7933;7750;7406;7247;7068;6917;6916;6922;6731;6790;6495
34;8259;8293;8405;8272;8345;8156;8124;8152;7959;7766;7439;7262;7044;6883;6882;6865;6719;6755
35;8615;8258;8335;8453;8259;8301;8248;8168;8147;7960;7735;7381;7236;7043;6858;6875;6837;6697
36;8618;8611;8342;8432;8487;8222;8403;8312;8220;8209;8000;7734;7326;7235;7011;6815;6860;6818
37;8729;8617;8677;8426;8457;8454;8302;8464;8363;8231;8216;8018;7719;7293;7205;7005;6804;6840
38;8405;8727;8699;8781;8462;8425;8574;8360;8477;8401;8265;8216;7990;7757;7272;7169;7009;6805
39;8504;8382;8816;8765;8781;8458;8522;8659;8404;8499;8389;8288;8217;7985;7731;7282;7140;7002
40;8260;8505;8453;8898;8776;8760;8543;8620;8693;8429;8518;8400;8283;8224;7998;7728;7289;7116
41;8016;8240;8587;8524;8925;8768;8811;8625;8711;8747;8448;8504;8409;8290;8256;7989;7735;7286
42;7777;8025;8306;8667;8528;8927;8864;8869;8665;8748;8787;8444;8511;8407;8298;8257;7945;7714
43;7411;7798;8114;8396;8677;8513;8996;8949;8923;8717;8777;8778;8447;8539;8391;8299;8249;7912
44;7366;7416;7880;8209;8409;8665;8594;9062;8992;8965;8759;8788;8764;8435;8527;8356;8243;8244
45;7172;7367;7481;7975;8255;8390;8724;8641;9088;9027;8974;8784;8791;8781;8416;8528;8355;8238
46;7101;7163;7459;7580;7995;8252;8463;8789;8675;9133;9042;8960;8766;8803;8793;8386;8495;8334
47;7234;7103;7225;7558;7599;7979;8313;8509;8807;8718;9156;9061;8950;8769;8779;8792;8367;8487
48;6657;7224;7175;7307;7566;7591;8021;8374;8555;8869;8750;9166;9062;8954;8742;8762;8775;8360
49;6354;6670;7257;7234;7322;7577;7663;8087;8409;8563;8896;8751;9141;9058;8918;8742;8754;8772
50;6612;6322;6711;7312;7229;7301;7611;7701;8092;8455;8567;8876;8732;9100;9047;8898;8725;8731
51;6627;6580;6361;6754;7302;7209;7343;7679;7728;8124;8473;8562;8865;8719;9072;9034;8861;8706
52;6683;6591;6620;6417;6743;7273;7251;7399;7691;7771;8129;8451;8555;8850;8697;9040;9026;8848
53;6987;6673;6629;6662;6405;6733;7272;7281;7423;7717;7778;8115;8425;8542;8838;8669;9017;8990
54;6579;6993;6715;6668;6656;6365;6745;7292;7280;7486;7740;7766;8106;8419;8526;8813;8648;8992
55;6429;6581;7035;6770;6634;6635;6366;6769;7288;7292;7481;7723;7735;8091;8381;8498;8787;8605
56;4997;6400;6619;7062;6767;6603;6619;6365;6763;7286;7292;7465;7704;7708;8050;8342;8477;8758
57;4739;4998;6415;6651;7067;6782;6606;6624;6348;6757;7287;7278;7418;7679;7673;8015;8288;8447
58;5307;4736;4997;6422;6651;7048;6782;6599;6582;6351;6770;7280;7251;7393;7660;7640;7978;8237
59;5410;5307;4727;4990;6436;6648;7061;6788;6575;6594;6331;6740;7255;7208;7350;7620;7618;7936
60;5101;5398;5301;4739;4963;6441;6654;7069;6762;6562;6555;6289;6714;7227;7170;7315;7571;7583
61;5934;5076;5371;5296;4734;4938;6437;6646;7038;6760;6550;6521;6285;6687;7177;7133;7260;7537
62;6233;5921;5063;5359;5264;4722;4916;6444;6641;7035;6740;6514;6485;6259;6643;7155;7095;7210
63;5763;6216;5910;5035;5335;5242;4736;4880;6431;6616;7020;6718;6470;6450;6240;6599;7107;7053
64;5676;5749;6201;5896;5010;5298;5209;4727;4858;6401;6587;6992;6701;6440;6413;6188;6554;7052
65;5589;5662;5712;6180;5882;4970;5258;5192;4698;4823;6376;6528;6952;6659;6381;6367;6172;6520
66;5818;5573;5630;5684;6128;5857;4930;5239;5170;4675;4798;6362;6483;6906;6603;6335;6328;6132
67;5719;5792;5543;5635;5636;6095;5816;4906;5186;5140;4650;4754;6310;6440;6860;6549;6267;6277
68;5876;5685;5754;5495;5588;5605;6052;5761;4850;5133;5092;4606;4712;6262;6384;6804;6504;6221
69;5665;5842;5615;5703;5450;5564;5559;5998;5703;4800;5074;5026;4546;4665;6195;6313;6747;6428
70;5694;5605;5779;5562;5644;5381;5512;5513;5939;5653;4748;5017;4977;4469;4583;6113;6247;6670
71;6050;5628;5547;5700;5517;5580;5336;5480;5467;5887;5591;4687;4961;4904;4417;4534;6038;6141
72;5482;5972;5552;5491;5639;5454;5496;5269;5393;5401;5820;5508;4626;4883;4825;4360;4468;5967
73;5397;5418;5894;5449;5408;5564;5393;5407;5201;5318;5333;5739;5419;4572;4793;4754;4268;4400
74;4966;5310;5341;5804;5348;5304;5449;5296;5316;5114;5216;5238;5645;5352;4478;4739;4676;4195
75;4759;4870;5193;5240;5704;5244;5216;5335;5186;5201;5013;5112;5147;5520;5249;4401;4648;4580
76;4835;4686;4749;5093;5113;5589;5115;5083;5211;5061;5111;4901;4998;5053;5400;5128;4302;4542
77;4496;4689;4542;4641;4955;4989;5429;4978;4928;5092;4933;4970;4764;4900;4913;5270;5013;4218
78;4322;4372;4542;4418;4488;4826;4856;5261;4815;4776;4957;4811;4840;4627;4755;4781;5124;4868
79;3928;4189;4213;4387;4272;4337;4693;4689;5084;4637;4610;4782;4669;4693;4473;4614;4619;4963
80;3718;3770;4037;4065;4204;4116;4181;4521;4530;4889;4466;4437;4585;4526;4521;4304;4452;4469
81;3252;3549;3588;3873;3887;4045;3943;3983;4304;4349;4714;4263;4259;4397;4337;4366;4120;4273
82;2013;3089;3367;3417;3665;3696;3824;3714;3785;4118;4129;4499;4016;4077;4179;4125;4143;3938
83;1490;1882;2911;3195;3228;3489;3440;3634;3478;3590;3879;3907;4246;3811;3828;3976;3890;3943
84;1427;1378;1743;2678;2983;3016;3268;3237;3408;3221;3382;3627;3659;4003;3540;3589;3730;3678
85;1618;1303;1278;1617;2454;2773;2798;3045;2969;3162;2992;3158;3333;3403;3686;3302;3308;3473
86;1810;1461;1176;1162;1489;2259;2540;2580;2792;2710;2885;2765;2887;3082;3098;3381;3022;3061
87;1570;1619;1313;1046;1079;1350;2001;2298;2334;2509;2465;2570;2508;2646;2778;2833;3040;2728
88;1459;1391;1398;1168;942;980;1187;1757;1993;2074;2263;2176;2320;2254;2379;2526;2533;2713
89;1221;1251;1140;1219;1023;815;853;1015;1590;1774;1759;1990;1927;2056;1976;2101;2166;2218
90;959;1040;1042;1000;1012;918;696;734;875;1353;1532;1490;1706;1689;1746;1729;1782;1893
91;854;805;872;886;844;854;781;584;605;749;1159;1335;1283;1456;1433;1501;1450;1500
92;618;713;665;712;734;714;710;648;484;479;639;975;1140;1076;1181;1187;1220;1222
93;451;503;576;540;570;606;595;589;530;404;399;504;793;942;860;964;992;1001
94;330;347;363;465;400;450;454;485;486;420;327;315;408;649;746;705;779;799
95;236;246;259;272;344;306;344;365;384;396;328;250;236;309;495;592;556;582
96;169;177;188;211;205;260;220;259;281;304;315;259;178;183;220;393;450;436
97;120;119;131;146;139;144;193;171;204;233;225;238;187;132;133;160;274;357
98;82;81;79;93;106;104;105;135;134;160;183;170;171;142;97;104;111;208
99;56;57;51;46;63;63;67;67;90;91;124;126;120;128;92;67;70;80
100 e oltre;80;101;114;103;97;111;121;113;128;160;181;187;200;217;211;196;164;150
Totale;548919;549524;552781;556663;557790;557916;561494;564256;565463;567031;567904;567503;566228;565021;562407;560408;557630;554929

"Ricostruzione della popolazione intercensuaria - Popolazione al 1° gennaio per età"
"Cittadinanza italiana - Provincia: Salerno"
Età/Anno;2002;2003;2004;2005;2006;2007;2008;2009;2010;2011;2012;2013;2014;2015;2016;2017;2018;2019
Età;Totale
0;10791;10471;10558;10425;10224;10058;9939;9878;9749;9436;9124;9086;8627;8608;8375;8255;8057;7744
1;10987;10777;10437;10570;10446;10190;10044;9878;9848;9730;9362;9092;9058;8586;8564;8345;8258;8052
2;11172;11031;10779;10466;10603;10432;10178;10059;9890;9846;9700;9338;9096;9026;8568;8580;8316;8219
3;10880;11146;11044;10779;10463;10595;10449;10148;10057;9863;9818;9670;9326;9106;9024;8594;8589;8309
4;10859;10865;11138;11060;10810;10477;10625;10493;10172;10075;9858;9786;9644;9328;9136;9058;8595;8582
5;11527;10858;10902;11213;11097;10815;10530;10656;10493;10189;10078;9861;9770;9618;9329;9178;9065;8592
6;11610;11521;10896;10955;11245;11116;10850;10559;10689;10516;10207;10034;9851;9771;9608;9340;9190;9063
7;11556;11617;11547;10918;10979;11243;11148;10910;10573;10702;10529;10195;10027;9862;9789;9633;9359;9187
8;12518;11526;11613;11588;10967;10992;11266;11187;10953;10609;10727;10533;10210;10040;9868;9788;9631;9357
9;13195;12547;11553;11614;11618;11001;11037;11306;11232;10996;10618;10718;10538;10214;10039;9881;9803;9613
10;13271;13192;12571;11576;11642;11628;11053;11074;11328;11261;11011;10608;10710;10547;10237;10031;9884;9807
11;13639;13249;13188;12612;11623;11625;11660;11108;11125;11364;11277;10997;10606;10708;10547;10259;10030;9900
12;13336;13625;13273;13220;12632;11651;11660;11705;11135;11166;11379;11269;10997;10635;10712;10544;10245;10021
13;13748;13323;13610;13267;13243;12657;11709;11673;11726;11159;11174;11341;11247;11008;10643;10711;10536;10226
14;13178;13749;13325;13604;13270;13271;12688;11753;11681;11769;11195;11166;11318;11233;10998;10647;10706;10528
15;13685;13199;13769;13328;13598;13261;13316;12709;11772;11716;11794;11193;11166;11313;11225;10996;10628;10714
16;13946;13658;13222;13811;13351;13613;13263;13348;12739;11824;11733;11787;11184;11158;11317;11209;10973;10615
17;14352;13930;13654;13279;13839;13356;13645;13269;13381;12774;11840;11714;11780;11203;11146;11320;11199;10973
18;14277;14332;13913;13641;13306;13862;13394;13653;13285;13429;12802;11842;11740;11792;11233;11172;11336;11270
19;14681;14223;14275;13885;13595;13289;13885;13373;13661;13314;13438;12805;11830;11722;11763;11197;11176;11356
20;14882;14599;14139;14198;13832;13534;13250;13882;13330;13620;13275;13370;12766;11794;11710;11712;11178;11112
21;14688;14760;14519;14103;14146;13779;13491;13282;13880;13322;13589;13221;13312;12699;11758;11676;11677;11116
22;14556;14542;14646;14450;14061;14094;13702;13423;13268;13885;13275;13489;13151;13263;12635;11697;11618;11592
23;14957;14436;14423;14518;14418;13953;13997;13621;13366;13275;13821;13208;13406;13090;13172;12579;11614;11511
24;14887;14856;14313;14279;14377;14261;13870;13916;13485;13307;13202;13699;13108;13297;12976;13064;12472;11471
25;15293;14760;14731;14215;14131;14193;14116;13746;13797;13382;13168;13057;13555;12993;13141;12839;12974;12284
26;15869;15179;14664;14648;14038;13957;13975;13945;13620;13635;13198;13025;12864;13402;12861;12948;12639;12754
27;16073;15711;15067;14575;14531;13840;13813;13793;13754;13488;13460;12993;12812;12668;13173;12664;12734;12434
28;16134;15947;15625;14981;14461;14350;13697;13629;13551;13525;13260;13254;12765;12623;12475;12965;12490;12547
29;15897;15993;15822;15490;14875;14323;14217;13574;13441;13344;13343;13018;13003;12555;12422;12314;12728;12298
30;16363;15805;15867;15767;15358;14758;14218;14094;13411;13222;13129;13229;12818;12825;12390;12257;12125;12518
31;16043;16229;15672;15804;15709;15215;14660;14087;13935;13249;13043;12926;13031;12652;12653;12200;12068;11952
32;16260;15941;16103;15525;15659;15530;15107;14530;13918;13794;13017;12881;12788;12841;12522;12513;12072;11917
33;16139;16131;15874;16012;15425;15566;15466;14984;14456;13804;13694;12886;12744;12655;12686;12406;12415;11970
34;16080;16104;16071;15758;15938;15341;15541;15349;14891;14433;13755;13580;12764;12624;12613;12579;12349;12344
35;16656;16076;16070;16043;15691;15838;15368;15533;15288;14880;14393;13634;13470;12696;12559;12588;12501;12278
36;16776;16668;16103;16085;16115;15655;15896;15436;15573;15339;14900;14329;13512;13382;12649;12457;12553;12455
37;17046;16775;16656;16124;16110;16092;15662;15933;15456;15550;15340;14828;14226;13458;13328;12656;12423;12543
38;16253;17027;16777;16678;16147;16079;16108;15659;15880;15478;15520;15310;14735;14204;13431;13289;12643;12440
39;16269;16182;17037;16749;16684;16160;16093;16163;15636;15887;15440;15521;15279;14690;14170;13433;13268;12648
40;16127;16243;16168;17059;16786;16659;16195;16138;16149;15614;15867;15372;15459;15277;14696;14175;13467;13256
41;15654;16090;16211;16158;17096;16763;16685;16254;16216;16184;15583;15827;15330;15452;15247;14662;14170;13461
42;15513;15658;16068;16191;16182;17097;16783;16731;16293;16238;16198;15550;15788;15300;15437;15231;14596;14152
43;14715;15516;15670;16071;16183;16174;17145;16840;16764;16338;16235;16177;15535;15784;15286;15417;15200;14556
44;14499;14727;15482;15650;16073;16188;16194;17170;16862;16790;16371;16202;16134;15493;15774;15264;15378;15159
45;14073;14492;14720;15489;15678;16043;16207;16201;17190;16881;16776;16365;16176;16133;15466;15773;15231;15346
46;14217;14062;14521;14720;15495;15667;16046;16200;16220;17205;16880;16739;16312;16167;16138;15441;15726;15201
47;14082;14218;14060;14535;14723;15478;15678;16037;16194;16234;17223;16858;16702;16250;16144;16116;15407;15703
48;13166;14055;14229;14041;14556;14725;15506;15692;16068;16223;16223;17186;16796;16694;16225;16086;16102;15383
49;12592;13165;14015;14200;14051;14568;14717;15520;15689;16040;16238;16188;17155;16807;16646;16197;16046;16059
50;13161;12548;13136;13992;14168;14024;14567;14703;15497;15680;16020;16184;16144;17095;16783;16618;16168;16009
51;13226;13095;12506;13149;13978;14141;14030;14613;14706;15474;15670;15994;16132;16113;17047;16771;16567;16122
52;13191;13161;13051;12470;13108;13936;14141;14027;14608;14734;15436;15639;15961;16076;16080;17000;16739;16532
53;13774;13161;13143;13013;12456;13085;13905;14137;14013;14625;14693;15394;15573;15912;16052;16052;16933;16666
54;13123;13767;13139;13113;12980;12401;13084;13900;14125;14027;14624;14651;15329;15542;15839;16008;16000;16877
55;12874;13088;13753;13153;13054;12938;12376;13088;13859;14094;13998;14562;14566;15285;15456;15778;15969;15941
56;10015;12851;13095;13733;13116;12989;12902;12348;13053;13821;14032;13939;14487;14501;15243;15400;15739;15878
57;9254;9983;12835;13046;13702;13110;12970;12884;12307;13001;13800;13979;13864;14424;14445;15177;15304;15655
58;10280;9221;9928;12798;13028;13654;13086;12908;12814;12293;12975;13737;13892;13789;14362;14368;15103;15245
59;10377;10253;9160;9900;12779;12999;13645;13056;12860;12774;12249;12906;13665;13812;13713;14262;14303;15038
60;9887;10336;10203;9121;9835;12773;12980;13614;13021;12794;12688;12141;12848;13580;13711;13649;14148;14234
61;11442;9824;10285;10143;9064;9785;12742;12936;13542;12973;12760;12619;12068;12785;13488;13635;13550;14066
62;11985;11384;9787;10222;10076;9027;9716;12714;12879;13485;12900;12681;12508;11982;12676;13415;13553;13451
63;10957;11922;11317;9731;10158;10011;8992;9630;12686;12825;13415;12829;12580;12416;11913;12590;13301;13434
64;10712;10916;11840;11230;9660;10090;9931;8960;9568;12603;12747;13322;12744;12478;12320;11818;12483;13181
65;10447;10641;10842;11778;11182;9569;9987;9883;8889;9475;12506;12620;13214;12652;12356;12225;11724;12395
66;11125;10357;10543;10785;11677;11097;9488;9922;9816;8820;9383;12412;12494;13090;12508;12246;12110;11632
67;10620;11000;10271;10488;10659;11581;11010;9398;9804;9754;8735;9269;12280;12368;12943;12379;12129;11951
68;10942;10511;10895;10133;10382;10537;11443;10881;9257;9691;9648;8618;9147;12132;12193;12792;12243;12000
69;10396;10789;10358;10729;9998;10286;10403;11287;10719;9128;9534;9506;8470;9018;11955;12022;12611;12057
70;10586;10226;10658;10198;10567;9849;10145;10254;11126;10576;8975;9392;9347;8329;8830;11781;11864;12443
71;11000;10400;10047;10448;10031;10404;9717;10027;10100;10959;10411;8784;9217;9178;8193;8696;11589;11657
72;9940;10805;10160;9880;10225;9855;10172;9530;9836;9930;10793;10203;8627;9052;8981;8056;8546;11406
73;9393;9748;10567;9900;9669;9993;9662;9943;9325;9650;9749;10560;9969;8455;8844;8805;7883;8384
74;8821;9172;9514;10318;9666;9448;9763;9410;9706;9095;9410;9502;10325;9767;8252;8686;8605;7732
75;8398;8613;8914;9252;10066;9405;9210;9513;9134;9464;8849;9195;9269;10046;9536;8086;8463;8374
76;8275;8173;8339;8651;8945;9787;9111;8903;9233;8871;9233;8580;8928;9035;9774;9260;7850;8225
77;7708;7967;7860;8116;8343;8636;9441;8771;8589;8957;8570;8924;8268;8668;8743;9487;8983;7613
78;7176;7433;7644;7563;7777;8040;8320;9080;8430;8283;8647;8286;8590;7986;8338;8430;9129;8674
79;6437;6833;7096;7318;7248;7470;7736;7945;8665;8039;7950;8298;7951;8223;7652;8023;8068;8760
80;5882;6123;6504;6757;6936;6913;7142;7382;7596;8263;7684;7562;7888;7627;7870;7314;7671;7746
81;5161;5564;5765;6139;6359;6594;6552;6743;6967;7196;7837;7278;7180;7457;7220;7522;6942;7318
82;3274;4803;5194;5437;5719;5930;6174;6103;6334;6559;6771;7417;6795;6813;7003;6800;7090;6575
83;2329;3022;4404;4865;5040;5328;5419;5714;5612;5860;6090;6340;6923;6393;6344;6599;6357;6673
84;2221;2132;2780;4001;4478;4641;4929;4988;5261;5128;5379;5649;5855;6447;5882;5889;6125;5945
85;2544;2004;1945;2548;3632;4133;4257;4557;4555;4835;4696;4935;5144;5390;5853;5416;5401;5693
86;2743;2274;1784;1721;2308;3307;3737;3855;4160;4150;4368;4281;4455;4692;4841;5284;4898;4935
87;2368;2416;2014;1575;1552;2032;2919;3338;3462;3740;3711;3872;3829;4039;4183;4363;4697;4374
88;2243;2069;2070;1769;1400;1375;1770;2534;2882;3061;3343;3241;3421;3398;3579;3755;3859;4143
89;1829;1914;1690;1768;1529;1201;1194;1511;2263;2535;2609;2898;2831;2988;2918;3128;3213;3354
90;1403;1529;1576;1445;1446;1334;1009;1026;1286;1933;2162;2194;2449;2448;2494;2502;2636;2772
91;1241;1150;1261;1303;1217;1206;1117;834;838;1096;1638;1843;1862;2068;2053;2101;2060;2211
92;875;998;942;1002;1065;993;990;919;682;666;929;1343;1555;1560;1650;1673;1699;1713
93;622;704;802;735;789;875;810;808;741;552;548;721;1075;1256;1223;1348;1355;1367
94;462;481;502;634;552;618;642;647;649;564;439;431;575;864;973;982;1075;1076
95;342;341;364;375;471;418;464;505;499;527;448;341;329;427;661;764;755;803
96;230;249;245;280;279;342;306;345;397;388;419;341;252;254;295;516;563;580
97;159;154;178;189;180;193;242;227;269;318;288;305;237;184;177;210;366;433
98;108;110;111;127;132;135;139;173;164;208;249;216;214;174;137;139;141;283
99;71;77;72;70;89;81;94;92;115;115;158;174;147;156;111;91;97;102
100 e oltre;96;124;140;137;131;151;165;161;173;209;229;238;267;283;270;250;210;193
Totale;1066692;1067202;1067819;1069175;1069981;1069732;1070488;1070828;1070142;1069702;1067475;1063303;1057961;1053953;1048467;1044097;1038307;1032509
Età/Anno;2002;2003;2004;2005;2006;2007;2008;2009;2010;2011;2012;2013;2014;2015;2016;2017;2018;2019
Età;Maschi
0;5602;5346;5363;5378;5165;5160;5065;4996;5029;4903;4684;4683;4317;4522;4334;4264;4229;4048
1;5770;5588;5329;5362;5382;5136;5150;5045;4975;5015;4855;4668;4664;4288;4485;4318;4269;4233
2;5813;5786;5596;5359;5391;5379;5118;5159;5055;4966;5009;4832;4667;4660;4291;4492;4293;4243
3;5628;5806;5805;5587;5358;5383;5370;5120;5155;5039;4957;4992;4846;4684;4664;4308;4510;4279
4;5615;5625;5795;5799;5606;5368;5398;5401;5137;5161;5048;4949;4984;4842;4700;4685;4307;4497
5;5881;5614;5632;5842;5826;5617;5392;5400;5402;5153;5167;5048;4949;4967;4851;4725;4701;4311
6;5902;5887;5627;5650;5851;5824;5625;5419;5420;5403;5154;5153;5058;4959;4959;4848;4730;4712
7;5986;5916;5895;5640;5659;5858;5841;5651;5427;5430;5399;5156;5158;5060;4959;4962;4861;4736
8;6411;5970;5926;5920;5667;5666;5883;5857;5663;5453;5440;5409;5155;5172;5057;4954;4968;4852
9;6745;6429;5979;5930;5950;5698;5690;5900;5880;5686;5448;5445;5412;5164;5167;5058;4965;4951
10;6867;6744;6431;5991;5939;5953;5726;5708;5922;5889;5697;5437;5439;5413;5180;5172;5052;4974
11;6990;6848;6740;6448;6012;5939;5973;5767;5748;5933;5901;5688;5436;5439;5409;5189;5176;5063
12;6874;6975;6844;6762;6472;6023;5956;5996;5782;5775;5942;5902;5687;5459;5443;5404;5182;5173
13;6972;6876;6957;6836;6780;6472;6054;5968;6013;5798;5770;5923;5893;5690;5467;5443;5397;5170
14;6744;6980;6890;6955;6833;6798;6491;6070;5976;6040;5814;5762;5906;5893;5675;5469;5432;5390
15;6950;6763;6976;6895;6953;6827;6831;6502;6086;5983;6054;5813;5758;5907;5883;5673;5460;5432
16;7159;6947;6771;7004;6911;6962;6818;6852;6531;6111;5989;6049;5806;5750;5915;5874;5663;5450
17;7344;7148;6946;6797;7017;6907;6975;6824;6868;6545;6112;5967;6044;5821;5748;5913;5866;5671
18;7333;7338;7141;6942;6821;7032;6935;6977;6825;6907;6557;6114;5992;6051;5846;5763;5918;5896
19;7553;7305;7290;7119;6916;6812;7044;6932;6977;6836;6909;6563;6109;5984;6040;5828;5773;5931
20;7661;7497;7260;7257;7100;6884;6792;7042;6909;6961;6805;6872;6538;6083;5974;6016;5824;5738
21;7536;7596;7458;7245;7209;7065;6854;6815;7029;6902;6941;6774;6843;6501;6057;5954;6005;5781
22;7376;7454;7519;7433;7212;7193;7011;6814;6803;7020;6874;6874;6731;6820;6458;6018;5937;5952
23;7654;7308;7373;7434;7406;7144;7133;6965;6786;6798;6988;6814;6820;6695;6768;6424;5980;5888
24;7501;7582;7225;7285;7341;7295;7089;7110;6893;6752;6748;6896;6757;6754;6614;6686;6383;5896
25;7704;7431;7497;7160;7205;7229;7214;7023;7038;6838;6677;6655;6827;6701;6672;6523;6616;6284
26;7995;7649;7381;7436;7085;7078;7085;7096;6947;6944;6738;6581;6542;6751;6615;6572;6431;6502
27;8047;7925;7571;7332;7387;6964;7001;6995;6984;6892;6844;6593;6468;6426;6634;6501;6469;6309
28;8095;8000;7882;7512;7271;7305;6858;6914;6856;6853;6747;6735;6469;6375;6322;6523;6428;6359
29;7872;8052;7925;7812;7474;7224;7236;6784;6797;6745;6746;6605;6586;6370;6277;6250;6394;6326
30;8214;7833;7985;7903;7731;7410;7157;7180;6733;6692;6612;6668;6474;6506;6280;6191;6139;6289
31;7937;8143;7747;7961;7894;7667;7334;7101;7089;6663;6597;6481;6567;6387;6420;6190;6082;6045
32;8019;7914;8092;7676;7922;7863;7629;7288;7030;7041;6554;6507;6405;6479;6337;6332;6131;5998
33;7981;7941;7858;8029;7619;7886;7830;7564;7259;6960;6964;6476;6436;6331;6381;6279;6262;6075
34;7925;7913;7868;7764;7937;7530;7818;7688;7469;7240;6884;6873;6417;6378;6326;6322;6247;6226
35;8140;7913;7890;7838;7704;7850;7517;7771;7617;7459;7218;6843;6807;6387;6342;6326;6282;6217
36;8251;8156;7912;7883;7881;7695;7872;7537;7771;7634;7466;7196;6788;6750;6359;6288;6314;6257
37;8421;8256;8146;7934;7904;7883;7695;7900;7543;7772;7649;7426;7130;6772;6718;6368;6270;6309
38;7931;8410;8251;8148;7933;7888;7882;7699;7880;7577;7743;7627;7366;7100;6759;6688;6352;6276
39;7865;7880;8401;8220;8152;7943;7893;7925;7685;7891;7575;7743;7592;7348;7097;6763;6693;6344
40;7951;7844;7867;8412;8238;8133;7970;7914;7921;7670;7886;7523;7709;7602;7347;7106;6791;6698
41;7715;7933;7807;7877;8436;8213;8152;8014;7943;7940;7645;7874;7494;7709;7563;7317;7102;6782
42;7804;7713;7921;7790;7897;8430;8203;8181;8051;7963;7940;7641;7859;7482;7682;7557;7294;7093
43;7367;7786;7733;7921;7778;7897;8464;8240;8199;8093;7976;7937;7629;7854;7483;7663;7536;7275
44;7199;7367;7764;7719;7916;7789;7900;8482;8256;8225;8113;7955;7922;7610;7847;7477;7665;7511
45;6962;7190;7375;7762;7714;7893;7800;7909;8499;8251;8211;8101;7947;7920;7600;7840;7451;7641
46;7158;6962;7192;7369;7756;7705;7879;7787;7915;8495;8263;8193;8077;7943;7911;7594;7818;7429
47;6891;7159;6951;7190;7355;7755;7715;7888;7781;7906;8504;8255;8178;8033;7932;7896;7571;7811
48;6553;6879;7162;6928;7202;7348;7778;7735;7909;7799;7891;8489;8214;8169;8028;7884;7905;7564
49;6281;6538;6872;7145;6939;7201;7324;7773;7729;7896;7805;7861;8486;8244;8156;8005;7858;7859
50;6589;6264;6512;6850;7121;6919;7206;7301;7757;7720;7889;7778;7847;8464;8230;8149;7988;7838
51;6643;6555;6234;6536;6841;7097;6903;7224;7302;7740;7717;7870;7752;7836;8431;8214;8131;7953
52;6537;6615;6521;6201;6512;6821;7089;6898;7213;7312;7718;7706;7851;7726;7826;8418;8192;8109
53;6815;6522;6593;6502;6199;6484;6810;7082;6875;7233;7285;7700;7672;7828;7715;7813;8374;8154
54;6558;6795;6494;6576;6479;6177;6492;6800;7078;6859;7222;7268;7660;7653;7783;7691;7775;8334
55;6459;6529;6775;6489;6549;6450;6172;6487;6769;7046;6841;7185;7229;7644;7600;7740;7664;7746
56;5029;6464;6519;6756;6465;6506;6430;6161;6467;6749;6995;6811;7144;7195;7625;7578;7721;7610
57;4531;5001;6442;6471;6726;6439;6494;6422;6140;6429;6737;6970;6784;7111;7172;7597;7535;7660
58;4987;4504;4957;6412;6453;6689;6417;6454;6383;6133;6400;6693;6920;6741;7055;7122;7553;7501
59;4979;4963;4466;4942;6381;6419;6667;6381;6432;6345;6107;6364;6658;6881;6699;6988;7078;7514
60;4799;4948;4931;4431;4906;6369;6393;6635;6364;6378;6298;6051;6329;6611;6815;6672;6924;7037
61;5517;4763;4928;4888;4382;4879;6343;6355;6588;6324;6352;6263;5996;6299;6567;6772;6625;6874
62;5764;5474;4741;4882;4847;4351;4834;6312;6307;6542;6284;6306;6194;5943;6227;6516;6726;6570
63;5212;5719;5422;4719;4842;4799;4304;4779;6299;6280;6494;6238;6252;6144;5893;6179;6448;6659
64;5047;5179;5661;5358;4674;4815;4759;4288;4742;6248;6233;6434;6176;6187;6083;5842;6117;6378
65;4871;4993;5140;5621;5323;4617;4751;4725;4242;4683;6182;6162;6369;6127;6121;6033;5771;6066
66;5316;4796;4933;5112;5569;5267;4576;4708;4677;4199;4622;6108;6085;6299;6040;6051;5959;5716
67;4909;5218;4738;4879;5033;5506;5223;4511;4642;4645;4146;4554;6028;6005;6202;5967;5997;5854
68;5072;4834;5148;4645;4820;4941;5411;5149;4424;4581;4588;4075;4477;5934;5887;6106;5875;5915
69;4741;4957;4753;5034;4555;4742;4854;5310;5047;4345;4483;4511;3982;4394;5820;5785;5986;5758
70;4898;4632;4890;4646;4929;4479;4652;4753;5210;4955;4249;4399;4401;3910;4288;5723;5692;5888
71;4965;4777;4512;4761;4525;4831;4393;4566;4644;5098;4853;4119;4283;4305;3828;4206;5611;5588
72;4468;4846;4615;4403;4597;4411;4682;4272;4464;4539;5001;4730;4024;4195;4189;3744;4115;5503
73;4001;4339;4685;4457;4273;4440;4280;4541;4135;4349;4426;4847;4585;3908;4077;4083;3662;4021
74;3862;3870;4179;4528;4325;4153;4324;4125;4395;3992;4210;4274;4704;4446;3798;3976;3960;3582
75;3644;3750;3728;4018;4375;4169;4002;4191;3959;4266;3849;4099;4134;4551;4317;3710;3845;3825
76;3443;3493;3596;3565;3838;4210;4002;3830;4031;3819;4126;3693;3950;3994;4397;4162;3572;3712
77;3217;3280;3324;3481;3394;3653;4025;3799;3672;3872;3644;3958;3517;3789;3842;4239;3998;3419
78;2859;3067;3103;3148;3292;3219;3469;3831;3620;3517;3695;3482;3755;3372;3604;3661;4028;3831
79;2516;2649;2889;2932;2978;3137;3047;3260;3590;3406;3350;3523;3289;3535;3191;3431;3461;3824
80;2166;2359;2471;2699;2733;2801;2965;2867;3070;3382;3223;3134;3308;3107;3353;3018;3239;3287
81;1913;2016;2182;2269;2478;2550;2614;2763;2669;2851;3131;3019;2929;3066;2889;3162;2830;3065
82;1261;1718;1829;2024;2057;2240;2352;2394;2552;2446;2645;2925;2783;2744;2831;2681;2952;2646
83;842;1140;1497;1672;1815;1841;1983;2083;2138;2273;2216;2436;2683;2586;2523;2630;2473;2736
84;796;758;1037;1327;1497;1628;1663;1755;1855;1909;2000;2027;2199;2452;2347;2306;2401;2275
85;927;703;673;931;1182;1362;1461;1514;1590;1675;1707;1780;1816;1990;2175;2119;2099;2225
86;935;816;610;565;819;1051;1198;1278;1369;1444;1485;1519;1569;1616;1745;1911;1881;1879
87;802;799;705;531;477;682;920;1041;1130;1232;1250;1305;1323;1394;1411;1533;1665;1649
88;786;684;674;605;459;399;583;779;890;988;1081;1069;1104;1146;1201;1234;1330;1438
89;609;665;554;552;509;387;344;496;675;762;851;909;907;935;944;1028;1052;1139
90;445;490;535;450;436;419;314;296;411;582;632;705;744;762;750;774;855;882
91;388;346;389;418;377;352;339;251;234;347;481;509;579;613;622;602;611;712
92;258;286;278;290;331;283;280;273;199;188;290;369;416;484;470;488;480;492
93;172;202;227;196;219;269;219;219;213;148;150;217;283;315;363;385;364;367
94;133;135;140;170;153;168;188;166;163;146;112;117;167;216;228;277;297;278
95;106;96;106;103;128;113;120;140;118;131;122;91;94;118;167;173;199;222
96;62;72;58;70;74;82;87;86;116;85;104;84;74;71;75;124;114;144
97;39;36;47;43;42;49;49;57;65;85;64;67;52;52;44;50;92;76
98;26;29;32;34;26;32;34;38;31;48;66;46;43;34;40;35;30;75
99;15;20;21;24;26;18;27;25;25;25;34;48;27;28;20;24;27;22
100 e oltre;17;24;27;35;35;41;45;49;46;49;49;52;68;67;59;55;47;44
Totale;521091;521305;521339;521842;522183;521930;522209;522398;522219;522298;521199;519220;516573;515028;512611;510672;508403;505838
Età/Anno;2002;2003;2004;2005;2006;2007;2008;2009;2010;2011;2012;2013;2014;2015;2016;2017;2018;2019
Età;Femmine
0;5189;5125;5195;5047;5059;4898;4874;4882;4720;4533;4440;4403;4310;4086;4041;3991;3828;3696
1;5217;5189;5108;5208;5064;5054;4894;4833;4873;4715;4507;4424;4394;4298;4079;4027;3989;3819
2;5359;5245;5183;5107;5212;5053;5060;4900;4835;4880;4691;4506;4429;4366;4277;4088;4023;3976
3;5252;5340;5239;5192;5105;5212;5079;5028;4902;4824;4861;4678;4480;4422;4360;4286;4079;4030
4;5244;5240;5343;5261;5204;5109;5227;5092;5035;4914;4810;4837;4660;4486;4436;4373;4288;4085
5;5646;5244;5270;5371;5271;5198;5138;5256;5091;5036;4911;4813;4821;4651;4478;4453;4364;4281
6;5708;5634;5269;5305;5394;5292;5225;5140;5269;5113;5053;4881;4793;4812;4649;4492;4460;4351
7;5570;5701;5652;5278;5320;5385;5307;5259;5146;5272;5130;5039;4869;4802;4830;4671;4498;4451
8;6107;5556;5687;5668;5300;5326;5383;5330;5290;5156;5287;5124;5055;4868;4811;4834;4663;4505
9;6450;6118;5574;5684;5668;5303;5347;5406;5352;5310;5170;5273;5126;5050;4872;4823;4838;4662
10;6404;6448;6140;5585;5703;5675;5327;5366;5406;5372;5314;5171;5271;5134;5057;4859;4832;4833
11;6649;6401;6448;6164;5611;5686;5687;5341;5377;5431;5376;5309;5170;5269;5138;5070;4854;4837
12;6462;6650;6429;6458;6160;5628;5704;5709;5353;5391;5437;5367;5310;5176;5269;5140;5063;4848
13;6776;6447;6653;6431;6463;6185;5655;5705;5713;5361;5404;5418;5354;5318;5176;5268;5139;5056
14;6434;6769;6435;6649;6437;6473;6197;5683;5705;5729;5381;5404;5412;5340;5323;5178;5274;5138
15;6735;6436;6793;6433;6645;6434;6485;6207;5686;5733;5740;5380;5408;5406;5342;5323;5168;5282
16;6787;6711;6451;6807;6440;6651;6445;6496;6208;5713;5744;5738;5378;5408;5402;5335;5310;5165
17;7008;6782;6708;6482;6822;6449;6670;6445;6513;6229;5728;5747;5736;5382;5398;5407;5333;5302
18;6944;6994;6772;6699;6485;6830;6459;6676;6460;6522;6245;5728;5748;5741;5387;5409;5418;5374
19;7128;6918;6985;6766;6679;6477;6841;6441;6684;6478;6529;6242;5721;5738;5723;5369;5403;5425
20;7221;7102;6879;6941;6732;6650;6458;6840;6421;6659;6470;6498;6228;5711;5736;5696;5354;5374
21;7152;7164;7061;6858;6937;6714;6637;6467;6851;6420;6648;6447;6469;6198;5701;5722;5672;5335
22;7180;7088;7127;7017;6849;6901;6691;6609;6465;6865;6401;6615;6420;6443;6177;5679;5681;5640
23;7303;7128;7050;7084;7012;6809;6864;6656;6580;6477;6833;6394;6586;6395;6404;6155;5634;5623
24;7386;7274;7088;6994;7036;6966;6781;6806;6592;6555;6454;6803;6351;6543;6362;6378;6089;5575
25;7589;7329;7234;7055;6926;6964;6902;6723;6759;6544;6491;6402;6728;6292;6469;6316;6358;6000
26;7874;7530;7283;7212;6953;6879;6890;6849;6673;6691;6460;6444;6322;6651;6246;6376;6208;6252
27;8026;7786;7496;7243;7144;6876;6812;6798;6770;6596;6616;6400;6344;6242;6539;6163;6265;6125
28;8039;7947;7743;7469;7190;7045;6839;6715;6695;6672;6513;6519;6296;6248;6153;6442;6062;6188
29;8025;7941;7897;7678;7401;7099;6981;6790;6644;6599;6597;6413;6417;6185;6145;6064;6334;5972
30;8149;7972;7882;7864;7627;7348;7061;6914;6678;6530;6517;6561;6344;6319;6110;6066;5986;6229
31;8106;8086;7925;7843;7815;7548;7326;6986;6846;6586;6446;6445;6464;6265;6233;6010;5986;5907
32;8241;8027;8011;7849;7737;7667;7478;7242;6888;6753;6463;6374;6383;6362;6185;6181;5941;5919
33;8158;8190;8016;7983;7806;7680;7636;7420;7197;6844;6730;6410;6308;6324;6305;6127;6153;5895
34;8155;8191;8203;7994;8001;7811;7723;7661;7422;7193;6871;6707;6347;6246;6287;6257;6102;6118
35;8516;8163;8180;8205;7987;7988;7851;7762;7671;7421;7175;6791;6663;6309;6217;6262;6219;6061
36;8525;8512;8191;8202;8234;7960;8024;7899;7802;7705;7434;7133;6724;6632;6290;6169;6239;6198
37;8625;8519;8510;8190;8206;8209;7967;8033;7913;7778;7691;7402;7096;6686;6610;6288;6153;6234
38;8322;8617;8526;8530;8214;8191;8226;7960;8000;7901;7777;7683;7369;7104;6672;6601;6291;6164
39;8404;8302;8636;8529;8532;8217;8200;8238;7951;7996;7865;7778;7687;7342;7073;6670;6575;6304
40;8176;8399;8301;8647;8548;8526;8225;8224;8228;7944;7981;7849;7750;7675;7349;7069;6676;6558
41;7939;8157;8404;8281;8660;8550;8533;8240;8273;8244;7938;7953;7836;7743;7684;7345;7068;6679
42;7709;7945;8147;8401;8285;8667;8580;8550;8242;8275;8258;7909;7929;7818;7755;7674;7302;7059
43;7348;7730;7937;8150;8405;8277;8681;8600;8565;8245;8259;8240;7906;7930;7803;7754;7664;7281
44;7300;7360;7718;7931;8157;8399;8294;8688;8606;8565;8258;8247;8212;7883;7927;7787;7713;7648
45;7111;7302;7345;7727;7964;8150;8407;8292;8691;8630;8565;8264;8229;8213;7866;7933;7780;7705
46;7059;7100;7329;7351;7739;7962;8167;8413;8305;8710;8617;8546;8235;8224;8227;7847;7908;7772
47;7191;7059;7109;7345;7368;7723;7963;8149;8413;8328;8719;8603;8524;8217;8212;8220;7836;7892
48;6613;7176;7067;7113;7354;7377;7728;7957;8159;8424;8332;8697;8582;8525;8197;8202;8197;7819
49;6311;6627;7143;7055;7112;7367;7393;7747;7960;8144;8433;8327;8669;8563;8490;8192;8188;8200
50;6572;6284;6624;7142;7047;7105;7361;7402;7740;7960;8131;8406;8297;8631;8553;8469;8180;8171
51;6583;6540;6272;6613;7137;7044;7127;7389;7404;7734;7953;8124;8380;8277;8616;8557;8436;8169
52;6654;6546;6530;6269;6596;7115;7052;7129;7395;7422;7718;7933;8110;8350;8254;8582;8547;8423
53;6959;6639;6550;6511;6257;6601;7095;7055;7138;7392;7408;7694;7901;8084;8337;8239;8559;8512
54;6565;6972;6645;6537;6501;6224;6592;7100;7047;7168;7402;7383;7669;7889;8056;8317;8225;8543
55;6415;6559;6978;6664;6505;6488;6204;6601;7090;7048;7157;7377;7337;7641;7856;8038;8305;8195
56;4986;6387;6576;6977;6651;6483;6472;6187;6586;7072;7037;7128;7343;7306;7618;7822;8018;8268
57;4723;4982;6393;6575;6976;6671;6476;6462;6167;6572;7063;7009;7080;7313;7273;7580;7769;7995
58;5293;4717;4971;6386;6575;6965;6669;6454;6431;6160;6575;7044;6972;7048;7307;7246;7550;7744
59;5398;5290;4694;4958;6398;6580;6978;6675;6428;6429;6142;6542;7007;6931;7014;7274;7225;7524
60;5088;5388;5272;4690;4929;6404;6587;6979;6657;6416;6390;6090;6519;6969;6896;6977;7224;7197
61;5925;5061;5357;5255;4682;4906;6399;6581;6954;6649;6408;6356;6072;6486;6921;6863;6925;7192
62;6221;5910;5046;5340;5229;4676;4882;6402;6572;6943;6616;6375;6314;6039;6449;6899;6827;6881
63;5745;6203;5895;5012;5316;5212;4688;4851;6387;6545;6921;6591;6328;6272;6020;6411;6853;6775
64;5665;5737;6179;5872;4986;5275;5172;4672;4826;6355;6514;6888;6568;6291;6237;5976;6366;6803
65;5576;5648;5702;6157;5859;4952;5236;5158;4647;4792;6324;6458;6845;6525;6235;6192;5953;6329
66;5809;5561;5610;5673;6108;5830;4912;5214;5139;4621;4761;6304;6409;6791;6468;6195;6151;5916
67;5711;5782;5533;5609;5626;6075;5787;4887;5162;5109;4589;4715;6252;6363;6741;6412;6132;6097
68;5870;5677;5747;5488;5562;5596;6032;5732;4833;5110;5060;4543;4670;6198;6306;6686;6368;6085
69;5655;5832;5605;5695;5443;5544;5549;5977;5672;4783;5051;4995;4488;4624;6135;6237;6625;6299
70;5688;5594;5768;5552;5638;5370;5493;5501;5916;5621;4726;4993;4946;4419;4542;6058;6172;6555
71;6035;5623;5535;5687;5506;5573;5324;5461;5456;5861;5558;4665;4934;4873;4365;4490;5978;6069
72;5472;5959;5545;5477;5628;5444;5490;5258;5372;5391;5792;5473;4603;4857;4792;4312;4431;5903
73;5392;5409;5882;5443;5396;5553;5382;5402;5190;5301;5323;5713;5384;4547;4767;4722;4221;4363
74;4959;5302;5335;5790;5341;5295;5439;5285;5311;5103;5200;5228;5621;5321;4454;4710;4645;4150
75;4754;4863;5186;5234;5691;5236;5208;5322;5175;5198;5000;5096;5135;5495;5219;4376;4618;4549
76;4832;4680;4743;5086;5107;5577;5109;5073;5202;5052;5107;4887;4978;5041;5377;5098;4278;4513
77;4491;4687;4536;4635;4949;4983;5416;4972;4917;5085;4926;4966;4751;4879;4901;5248;4985;4194
78;4317;4366;4541;4415;4485;4821;4851;5249;4810;4766;4952;4804;4835;4614;4734;4769;5101;4843
79;3921;4184;4207;4386;4270;4333;4689;4685;5075;4633;4600;4775;4662;4688;4461;4592;4607;4936
80;3716;3764;4033;4058;4203;4112;4177;4515;4526;4881;4461;4428;4580;4520;4517;4296;4432;4459
81;3248;3548;3583;3870;3881;4044;3938;3980;4298;4345;4706;4259;4251;4391;4331;4360;4112;4253
82;2013;3085;3365;3413;3662;3690;3822;3709;3782;4113;4126;4492;4012;4069;4172;4119;4138;3929
83;1487;1882;2907;3193;3225;3487;3436;3631;3474;3587;3874;3904;4240;3807;3821;3969;3884;3937
84;1425;1374;1743;2674;2981;3013;3266;3233;3406;3219;3379;3622;3656;3995;3535;3583;3724;3670
85;1617;1301;1272;1617;2450;2771;2796;3043;2965;3160;2989;3155;3328;3400;3678;3297;3302;3468
86;1808;1458;1174;1156;1489;2256;2539;2577;2791;2706;2883;2762;2886;3076;3096;3373;3017;3056
87;1566;1617;1309;1044;1075;1350;1999;2297;2332;2508;2461;2567;2506;2645;2772;2830;3032;2725
88;1457;1385;1396;1164;941;976;1187;1755;1992;2073;2262;2172;2317;2252;2378;2521;2529;2705
89;1220;1249;1136;1216;1020;814;850;1015;1588;1773;1758;1989;1924;2053;1974;2100;2161;2215
90;958;1039;1041;995;1010;915;695;730;875;1351;1530;1489;1705;1686;1744;1728;1781;1890
91;853;804;872;885;840;854;778;583;604;749;1157;1334;1283;1455;1431;1499;1449;1499
92;617;712;664;712;734;710;710;646;483;478;639;974;1139;1076;1180;1185;1219;1221
93;450;502;575;539;570;606;591;589;528;404;398;504;792;941;860;963;991;1000
94;329;346;362;464;399;450;454;481;486;418;327;314;408;648;745;705;778;798
95;236;245;258;272;343;305;344;365;381;396;326;250;235;309;494;591;556;581
96;168;177;187;210;205;260;219;259;281;303;315;257;178;183;220;392;449;436
97;120;118;131;146;138;144;193;170;204;233;224;238;185;132;133;160;274;357
98;82;81;79;93;106;103;105;135;133;160;183;170;171;140;97;104;111;208
99;56;57;51;46;63;63;67;67;90;90;124;126;120;128;91;67;70;80
100 e oltre;79;100;113;102;96;110;120;112;127;160;180;186;199;216;211;195;163;149
Totale;545601;545897;546480;547333;547798;547802;548279;548430;547923;547404;546276;544083;541388;538925;535856;533425;529904;526671

"Ricostruzione della popolazione intercensuaria - Popolazione al 1° gennaio per età"
"Cittadinanza straniera - Provincia: Salerno"
Età/Anno;2002;2003;2004;2005;2006;2007;2008;2009;2010;2011;2012;2013;2014;2015;2016;2017;2018;2019
Età;Totale
0;82;83;111;143;190;192;254;323;381;380;506;608;561;576;574;559;619;579
1;50;95;108;136;159;213;232;302;347;430;411;540;589;574;604;572;584;653
2;53;65;114;128;147;165;242;252;307;382;466;450;574;608;560;607;569;628
3;47;69;82;132;144;157;206;281;261;337;406;499;482;573;611;548;606;590
4;34;53;78;105;147;143;222;240;312;282;385;461;517;483;575;594;559;627
5;44;49;72;98;116;161;165;238;262;342;309;417;488;540;492;567;595;572
6;48;62;66;101;108;132;182;210;251;295;378;340;432;497;553;489;561;597
7;44;62;70;86;112;110;184;222;248;290;321;410;352;434;501;556;493;573
8;46;57;86;89;102;125;160;224;241;280;321;360;438;364;433;485;541;493
9;46;58;67;111;115;116;161;198;267;266;311;345;388;443;372;434;476;554
10;45;52;88;103;141;127;162;202;234;301;285;338;358;403;431;383;439;488
11;55;54;63;116;131;147;172;202;244;274;329;326;330;351;403;416;391;453
12;57;78;79;79;144;152;187;204;231;272;311;368;323;325;346;398;419;397
13;41;65;108;98;107;160;183;222;240;261;311;351;388;331;323;347;410;438
14;55;45;84;138;128;122;194;228;252;278;294;344;370;412;346;325;355;415
15;32;61;69;103;154;145;159;232;272;291;308;322;356;397;427;359;350;371
16;41;38;84;98;145;156;177;194;254;321;336;330;340;385;417;445;369;385
17;46;48;61;107;125;164;183;210;236;290;356;364;335;360;414;439;538;410
18;46;55;75;107;157;142;224;250;263;283;311;414;367;345;395;464;551;549
19;70;56;78;116;129;181;249;311;330;340;334;361;442;430;451;540;656;640
20;58;55;94;111;124;150;297;353;378;417;393;426;395;512;498;547;648;720
21;82;54;102;137;114;133;276;402;455;474;505;484;470;464;575;583;656;743
22;88;78;132;193;165;130;279;410;507;592;590;591;559;553;539;640;628;724
23;91;91;180;235;206;186;311;435;522;666;709;698;663;620;587;596;746;726
24;140;97;216;326;248;219;379;475;560;674;819;813;826;782;680;655;651;794
25;151;150;248;378;339;237;420;508;583;707;814;912;921;929;897;747;744;719
26;152;169;358;427;385;349;424;559;599;767;871;915;1022;1020;1012;962;822;801
27;165;160;381;554;444;392;552;587;688;761;945;989;1032;1126;1112;1057;1042;890
28;179;200;368;651;616;457;625;711;708;825;960;1052;1058;1141;1193;1194;1072;1069
29;222;196;398;612;668;619;623;773;778;849;993;1032;1135;1171;1199;1281;1258;1113
30;231;271;434;650;662;690;829;746;877;925;1029;1106;1142;1257;1259;1241;1335;1298
31;188;254;482;655;683;651;828;950;804;1013;1025;1148;1176;1238;1315;1313;1271;1338
32;214;206;441;692;649;666;811;913;988;891;1200;1161;1253;1264;1289;1338;1298;1271
33;215;242;371;612;673;621;816;900;983;1068;1012;1281;1230;1323;1330;1304;1337;1302
34;221;208;400;519;607;615;726;870;930;1034;1141;1116;1359;1343;1354;1356;1334;1335
35;177;202;321;516;523;559;709;744;850;945;1073;1204;1191;1449;1395;1397;1380;1333
36;189;193;311;476;522;501;677;739;779;915;1015;1163;1254;1257;1457;1418;1402;1378
37;192;202;320;447;513;498;609;753;785;831;970;1105;1225;1307;1271;1457;1409;1373
38;176;208;324;463;473;491;645;712;825;859;891;1029;1156;1295;1317;1239;1425;1381
39;173;174;319;446;452;463;644;733;766;881;920;945;1074;1215;1311;1336;1226;1397
40;163;194;278;449;442;429;575;740;776;828;936;970;1027;1107;1236;1311;1317;1232
41;173;166;306;419;459;426;495;679;803;844;876;976;1036;1063;1118;1217;1295;1302
42;133;178;261;428;419;447;517;549;709;846;875;931;1030;1078;1067;1123;1200;1283
43;126;131;302;382;440;386;516;579;579;758;882;906;959;1059;1081;1067;1102;1192
44;121;124;243;437;377;415;473;574;607;624;797;927;934;986;1048;1054;1029;1115
45;109;128;226;365;445;367;480;541;608;638;643;848;953;963;986;1049;1045;1026
46;88;111;217;349;375;435;452;552;567;651;678;665;870;977;966;956;1021;1026
47;99;105;177;319;346;365;515;528;584;602;678;718;686;903;972;970;931;1019
48;79;110;182;283;318;322;415;616;570;644;642;728;746;697;895;963;983;937
49;82;81;195;265;301;314;396;480;657;609;664;647;732;771;690;894;958;975
50;65;83;140;273;271;291;375;425;503;709;630;676;660;735;772;686;879;944
51;81;68;146;209;260;247;336;422;445;541;755;639;702;656;720;743;680;881
52;51;83;122;208;217;255;291;414;428;479;561;746;652;713;659;710;735;683
53;50;60;129;198;208;202;279;324;435;457;502;576;749;655;712;645;708;733
54;32;41;104;191;204;198;231;298;333;475;471;520;596;749;662;703;636;697
55;37;44;84;146;189;190;224;250;301;345;486;489;536;609;732;655;688;625
56;21;43;68;118;158;183;192;240;265;321;359;492;509;535;590;724;639;700
57;28;30;50;109;122;152;195;211;241;280;336;379;497;512;532;598;723;630
58;33;37;44;69;116;119;155;210;202;252;295;349;387;500;499;525;593;694
59;23;35;55;50;73;106;121;153;214;216;248;301;359;382;483;488;521;569
60;22;28;49;72;50;69;102;134;145;214;218;258;292;360;385;482;479;514
61;21;27;31;63;78;49;73;97;126;152;211;216;268;293;354;379;473;479
62;21;26;33;37;57;74;57;77;97;133;169;208;224;276;284;348;368;464
63;31;21;36;42;40;50;76;50;77;98;139;172;212;229;276;277;345;382
64;18;25;32;43;43;44;58;82;54;82;100;147;180;224;225;263;269;341
65;17;22;20;32;46;34;44;60;79;57;90;98;146;183;213;224;272;267
66;17;20;29;23;29;51;34;48;55;81;62;97;106;153;182;202;225;273
67;14;22;20;37;24;34;56;34;47;55;89;63;94;108;154;181;194;233
68;12;18;19;18;41;23;30;53;35;46;54;91;67;99;110;155;178;191
69;20;18;21;22;19;36;23;34;56;34;47;53;84;65;90;107;159;169
70;10;20;21;22;22;24;33;24;33;59;38;49;51;77;65;85;106;148
71;20;10;21;22;20;24;25;33;22;35;58;39;52;51;79;67;88;99
72;13;19;12;24;23;22;21;22;35;21;38;59;42;49;55;74;60;89
73;13;14;17;10;20;24;23;18;21;28;21;35;57;45;48;55;72;60
74;10;16;11;22;11;15;22;24;20;19;26;22;34;52;42;52;53;71
75;9;9;14;12;22;13;14;21;21;18;22;26;23;35;49;43;51;54
76;6;9;8;13;12;21;10;16;13;18;19;22;32;21;35;50;43;49
77;11;4;9;8;11;14;23;12;17;10;17;20;20;31;21;36;50;45
78;11;10;4;6;4;9;12;22;10;16;8;15;17;21;32;21;38;48
79;9;9;10;4;4;5;7;13;19;8;16;11;13;17;18;32;20;41
80;7;9;8;12;4;7;5;9;12;15;10;15;9;12;13;14;31;19
81;4;5;8;7;10;4;8;4;9;11;15;8;14;11;11;14;14;30
82;1;4;4;9;6;10;4;8;4;8;10;14;8;13;14;10;13;15
83;4;2;4;4;5;6;7;6;6;4;9;9;9;7;11;12;9;14
84;2;5;1;5;3;4;5;7;5;4;4;8;8;10;8;11;9;11
85;4;2;7;1;5;3;3;6;8;5;5;4;8;8;11;8;11;8
86;4;6;3;7;1;4;2;4;6;9;5;7;2;8;7;11;8;10
87;5;4;7;3;5;3;3;2;2;2;9;6;5;2;8;8;11;6
88;4;6;5;8;2;5;3;3;2;1;2;9;4;5;2;6;8;11
89;2;4;5;5;6;2;4;3;2;2;1;2;7;4;5;2;7;7
90;2;2;3;6;5;7;1;4;3;2;2;1;2;7;3;3;2;4
91;3;2;1;3;5;3;6;1;1;3;2;1;0;2;5;3;1;2
92;2;2;2;1;2;5;3;5;1;1;3;1;1;0;1;5;2;1
93;2;2;1;2;1;2;5;2;3;0;1;3;1;1;0;1;3;2
94;1;2;2;1;2;1;1;5;2;3;0;1;2;1;1;0;1;3
95;0;1;2;1;1;1;0;1;4;2;4;0;1;1;1;1;0;1
96;1;0;1;2;1;0;1;0;0;2;2;4;0;0;1;1;1;0
97;1;1;0;0;2;1;0;1;0;0;2;2;4;0;0;1;0;0
98;0;1;0;0;0;2;0;0;1;0;0;1;1;4;0;0;1;0
99;0;0;0;0;0;0;1;0;0;1;0;0;1;1;3;0;0;1
100 e oltre;1;1;1;1;1;1;1;2;2;0;1;1;1;2;2;4;4;4
Totale;6235;6875;11654;17171;18150;18192;23417;27750;30680;34667;38707;42399;45293;48235;50062;51517;53127;54546
Età/Anno;2002;2003;2004;2005;2006;2007;2008;2009;2010;2011;2012;2013;2014;2015;2016;2017;2018;2019
Età;Maschi
0;38;46;55;71;106;104;122;164;199;194;280;331;275;302;298;277;312;316
1;30;45;63;71;77;119;126;143;168;230;203;293;298;289;315;294;287;332
2;27;37;55;77;83;85;131;138;154;185;246;224;303;305;282;317;293;306
3;23;32;46;66;87;88;103;157;143;177;191;257;244;295;312;277;314;304
4;17;24;40;59;72;86;116;125;184;145;207;220;274;246;301;311;285;327
5;21;30;33;52;69;77;100;124;136;204;166;222;231;281;250;297;305;293
6;18;32;37;51;57;76;86;117;130;159;219;185;227;243;292;249;290;305
7;22;24;39;50;59;63;107;110;142;151;172;241;185;235;242;296;248;291
8;22;26;33;51;59;66;86;135;126;159;167;190;250;194;238;238;286;241
9;23;30;29;49;62;70;86;109;160;145;175;185;195;254;202;244;226;293
10;22;25;48;46;70;68;90;101;133;180;156;189;192;196;245;201;236;241
11;33;25;30;64;56;76;93;107;128;162;191;174;189;185;205;242;203;239
12;34;40;37;36;84;71;89;104;122;146;179;207;165;184;181;203;236;206
13;23;38;55;52;50;91;90;105;123;140;159;196;216;168;190;184;206;247
14;31;25;52;69;62;67;113;112;114;134;157;178;199;224;176;192;190;211
15;24;35;41;63;78;73;89;135;136;140;145;173;184;222;232;185;202;202
16;24;26;53;60;88;79;92;118;148;172;158;152;185;204;235;247;198;230
17;26;28;42;74;72;98;100;107;139;170;188;178;155;200;226;250;329;231
18;26;34;47;70;102;81;131;137;134;169;179;216;190;171;241;280;365;354
19;36;29;53;76;79;110;134;173;174;171;189;199;232;226;244;358;443;425
20;28;26;56;73;77;87;162;164;196;211;192;217;194;272;276;318;441;478
21;33;28;60;84;71;71;139;201;210;238;250;229;232;231;315;324;396;498
22;37;33;76;111;89;70;133;212;236;273;281;283;263;279;283;365;359;434
23;27;42;100;140;105;82;155;211;269;319;333;326;321;303;312;322;416;405
24;55;27;133;178;139;94;169;229;267;352;391;373;392;399;344;346;368;442
25;54;63;112;226;173;115;174;226;271;331;407;431;406;439;461;386;421;401
26;48;51;172;205;207;165;198;235;263;363;394;462;484;471;499;505;419;453
27;62;48;169;286;208;202;241;263;303;339;467;465;515;553;560;535;541;460
28;76;68;133;306;295;198;276;313;298;364;462;528;524;578;621;607;534;575
29;98;70;188;268;291;275;274;345;346;387;483;502;585;599;635;677;639;566
30;100;118;204;330;289;300;373;331;392;432;512;545;559;669;668;682;708;661
31;83;113;236;331;334;266;353;439;367;470;498;595;610;625;704;698;679;702
32;110;86;188;336;309;305;342;388;455;423;574;578;662;679;680;713;692;679
33;110;127;161;274;314;284;365;387;430;506;495;623;621;731;713;700;700;702
34;117;106;198;241;263;270;325;379;393;461;573;561;662;706;759;748;717;698
35;78;107;166;268;251;246;312;338;374;406;513;614;618;715;754;784;762;697
36;96;94;160;246;269;239;298;326;361;411;449;562;652;654;736;772;781;758
37;88;104;153;211;262;253;274;322;335;378;445;489;602;700;676;740;758;767
38;93;98;151;212;225;257;297;312;348;359;403;496;535;642;717;671;707;740
39;73;94;139;210;203;222;322;312;313;378;396;435;544;572;653;724;661;699
40;79;88;126;198;214;195;257;344;311;343;399;419;494;558;587;652;704;674
41;96;83;123;176;194;208;217;294;365;341;366;425;463;516;546;573;628;695
42;65;98;102;162;176;187;233;230;286;373;346;396;448;489;524;540;557;628
43;63;63;125;136;168;150;201;230;221;286;364;368;418;450;493;522;517;561
44;55;68;81;159;125;149;173;200;221;224;296;386;382;434;448;485;499;519
45;48;63;90;117;154;127;163;192;211;241;234;328;391;395;436;454;470;493
46;46;48;87;120;119;145;156;176;197;228;253;251;339;398;400;417;434;464
47;56;61;61;106;115;109;165;168;190;212;241;260;260;351;405;398;400;424
48;35;62;74;89;106;108;122;199;174;199;224;259;266;268;350;403;405;396
49;39;38;81;86;91;104;126;140;208;190;201;223;260;276;262;344;392;403
50;25;45;53;103;89;95;125;126;151;214;194;206;225;266;278;257;334;384
51;37;28;57;68;95;82;120;132;121;151;235;201;217;214;264;266;255;344
52;22;38;32;60;70;97;92;144;132;130;150;228;207;213;216;252;256;258
53;22;26;50;47;60;70;102;98;150;132;132;155;225;197;211;215;250;255
54;18;20;34;60;49;57;78;106;100;157;133;137;159;219;192;207;213;248
55;23;22;27;40;60;43;62;82;103;101;162;143;138;159;207;195;206;215
56;10;30;25;33;42;63;45;62;88;107;104;155;148;133;158;204;180;210
57;12;14;28;33;31;41;65;49;60;95;112;110;159;146;132;163;204;178
58;19;18;18;33;40;36;42;65;51;61;100;113;108;155;146;131;165;201
59;11;18;22;18;35;38;38;40;67;51;59;103;111;105;147;142;128;157
60;9;18;20;23;16;32;35;44;40;68;53;59;97;102;111;144;132;128
61;12;12;17;22;26;17;35;32;42;41;69;51;55;92;98;109;138;134
62;9;15;16;18;22;28;23;35;28;41;45;69;53;56;90;92;100;135
63;13;8;21;19;21;20;28;21;33;27;40;45;70;51;56;89;91;104
64;7;13;10;19;19;21;21;27;22;36;27;43;47;75;49;51;81;92
65;4;8;10;9;23;16;22;26;28;26;38;28;39;49;67;49;53;76
66;8;8;9;12;9;24;16;23;24;27;25;39;32;38;47;62;48;57
67;6;12;10;11;14;14;27;15;23;24;28;24;36;31;35;44;59;53
68;6;10;12;11;15;14;10;24;18;23;22;28;25;35;32;37;42;55
69;10;8;11;14;12;16;13;13;25;17;24;22;26;24;30;31;37;40
70;4;9;10;12;16;13;14;12;10;27;16;25;20;27;24;30;31;33
71;5;5;9;9;9;17;13;14;11;9;25;17;25;20;27;23;28;27
72;3;6;5;10;12;12;15;11;14;11;10;24;19;23;22;26;23;25
73;8;5;5;4;8;13;12;13;10;11;11;9;22;20;22;23;25;23
74;3;8;5;8;4;6;12;13;15;8;10;12;10;21;18;23;22;26
75;4;2;7;6;9;5;6;8;10;15;9;10;11;10;19;18;21;23
76;3;3;2;6;6;9;4;6;4;9;15;8;12;9;12;20;19;20
77;6;2;3;2;5;8;10;6;6;3;10;16;7;10;9;14;22;21
78;6;4;3;3;1;4;7;10;5;6;3;8;12;8;11;9;15;23
79;2;4;4;3;2;1;3;9;10;4;6;4;6;12;6;10;8;14
80;5;3;4;5;3;3;1;3;8;7;5;6;4;6;9;6;11;9
81;0;4;3;4;4;3;3;1;3;7;7;4;6;5;5;8;6;10
82;1;0;2;5;3;4;2;3;1;3;7;7;4;5;7;4;8;6
83;1;2;0;2;2;4;3;3;2;1;4;6;3;3;4;5;3;8
84;0;1;1;1;1;1;3;3;3;2;1;3;5;2;3;5;3;3
85;3;0;1;1;1;1;1;4;4;3;2;1;3;5;3;3;5;3
86;2;3;1;1;1;1;1;1;5;5;3;4;1;2;5;3;3;5
87;1;2;3;1;1;3;1;1;0;1;5;3;3;1;2;5;3;3
88;2;0;3;4;1;1;3;1;1;0;1;5;1;3;1;1;4;3
89;1;2;1;2;3;1;1;3;0;1;0;1;4;1;3;1;2;4
90;1;1;2;1;3;4;0;0;3;0;0;0;1;4;1;2;1;1
91;2;1;1;2;1;3;3;0;0;3;0;0;0;1;3;1;0;1
92;1;1;1;1;2;1;3;3;0;0;3;0;0;0;0;3;1;0
93;1;1;0;1;1;2;1;2;1;0;0;3;0;0;0;0;2;1
94;0;1;1;0;1;1;1;1;2;1;0;0;2;0;0;0;0;2
95;0;0;1;1;0;0;0;1;1;2;2;0;0;1;0;0;0;0
96;0;0;0;1;1;0;0;0;0;1;2;2;0;0;1;0;0;0
97;1;0;0;0;1;1;0;0;0;0;1;2;2;0;0;1;0;0
98;0;1;0;0;0;1;0;0;0;0;0;1;1;2;0;0;1;0
99;0;0;0;0;0;0;1;0;0;0;0;0;1;1;2;0;0;1
100 e oltre;0;0;0;0;0;0;0;1;1;0;0;0;0;1;2;3;3;3
Totale;2917;3248;5353;7841;8158;8078;10202;11924;13140;15040;17079;18979;20453;22139;23511;24534;25401;26288
Età/Anno;2002;2003;2004;2005;2006;2007;2008;2009;2010;2011;2012;2013;2014;2015;2016;2017;2018;2019
Età;Femmine
0;44;37;56;72;84;88;132;159;182;186;226;277;286;274;276;282;307;263
1;20;50;45;65;82;94;106;159;179;200;208;247;291;285;289;278;297;321
2;26;28;59;51;64;80;111;114;153;197;220;226;271;303;278;290;276;322
3;24;37;36;66;57;69;103;124;118;160;215;242;238;278;299;271;292;286
4;17;29;38;46;75;57;106;115;128;137;178;241;243;237;274;283;274;300
5;23;19;39;46;47;84;65;114;126;138;143;195;257;259;242;270;290;279
6;30;30;29;50;51;56;96;93;121;136;159;155;205;254;261;240;271;292
7;22;38;31;36;53;47;77;112;106;139;149;169;167;199;259;260;245;282
8;24;31;53;38;43;59;74;89;115;121;154;170;188;170;195;247;255;252
9;23;28;38;62;53;46;75;89;107;121;136;160;193;189;170;190;250;261
10;23;27;40;57;71;59;72;101;101;121;129;149;166;207;186;182;203;247
11;22;29;33;52;75;71;79;95;116;112;138;152;141;166;198;174;188;214
12;23;38;42;43;60;81;98;100;109;126;132;161;158;141;165;195;183;191
13;18;27;53;46;57;69;93;117;117;121;152;155;172;163;133;163;204;191
14;24;20;32;69;66;55;81;116;138;144;137;166;171;188;170;133;165;204
15;8;26;28;40;76;72;70;97;136;151;163;149;172;175;195;174;148;169
16;17;12;31;38;57;77;85;76;106;149;178;178;155;181;182;198;171;155
17;20;20;19;33;53;66;83;103;97;120;168;186;180;160;188;189;209;179
18;20;21;28;37;55;61;93;113;129;114;132;198;177;174;154;184;186;195
19;34;27;25;40;50;71;115;138;156;169;145;162;210;204;207;182;213;215
20;30;29;38;38;47;63;135;189;182;206;201;209;201;240;222;229;207;242
21;49;26;42;53;43;62;137;201;245;236;255;255;238;233;260;259;260;245
22;51;45;56;82;76;60;146;198;271;319;309;308;296;274;256;275;269;290
23;64;49;80;95;101;104;156;224;253;347;376;372;342;317;275;274;330;321
24;85;70;83;148;109;125;210;246;293;322;428;440;434;383;336;309;283;352
25;97;87;136;152;166;122;246;282;312;376;407;481;515;490;436;361;323;318
26;104;118;186;222;178;184;226;324;336;404;477;453;538;549;513;457;403;348
27;103;112;212;268;236;190;311;324;385;422;478;524;517;573;552;522;501;430
28;103;132;235;345;321;259;349;398;410;461;498;524;534;563;572;587;538;494
29;124;126;210;344;377;344;349;428;432;462;510;530;550;572;564;604;619;547
30;131;153;230;320;373;390;456;415;485;493;517;561;583;588;591;559;627;637
31;105;141;246;324;349;385;475;511;437;543;527;553;566;613;611;615;592;636
32;104;120;253;356;340;361;469;525;533;468;626;583;591;585;609;625;606;592
33;105;115;210;338;359;337;451;513;553;562;517;658;609;592;617;604;637;600
34;104;102;202;278;344;345;401;491;537;573;568;555;697;637;595;608;617;637
35;99;95;155;248;272;313;397;406;476;539;560;590;573;734;641;613;618;636
36;93;99;151;230;253;262;379;413;418;504;566;601;602;603;721;646;621;620
37;104;98;167;236;251;245;335;431;450;453;525;616;623;607;595;717;651;606
38;83;110;173;251;248;234;348;400;477;500;488;533;621;653;600;568;718;641
39;100;80;180;236;249;241;322;421;453;503;524;510;530;643;658;612;565;698
40;84;106;152;251;228;234;318;396;465;485;537;551;533;549;649;659;613;558
41;77;83;183;243;265;218;278;385;438;503;510;551;573;547;572;644;667;607
42;68;80;159;266;243;260;284;319;423;473;529;535;582;589;543;583;643;655
43;63;68;177;246;272;236;315;349;358;472;518;538;541;609;588;545;585;631
44;66;56;162;278;252;266;300;374;386;400;501;541;552;552;600;569;530;596
45;61;65;136;248;291;240;317;349;397;397;409;520;562;568;550;595;575;533
46;42;63;130;229;256;290;296;376;370;423;425;414;531;579;566;539;587;562
47;43;44;116;213;231;256;350;360;394;390;437;458;426;552;567;572;531;595
48;44;48;108;194;212;214;293;417;396;445;418;469;480;429;545;560;578;541
49;43;43;114;179;210;210;270;340;449;419;463;424;472;495;428;550;566;572
50;40;38;87;170;182;196;250;299;352;495;436;470;435;469;494;429;545;560
51;44;40;89;141;165;165;216;290;324;390;520;438;485;442;456;477;425;537
52;29;45;90;148;147;158;199;270;296;349;411;518;445;500;443;458;479;425
53;28;34;79;151;148;132;177;226;285;325;370;421;524;458;501;430;458;478
54;14;21;70;131;155;141;153;192;233;318;338;383;437;530;470;496;423;449
55;14;22;57;106;129;147;162;168;198;244;324;346;398;450;525;460;482;410
56;11;13;43;85;116;120;147;178;177;214;255;337;361;402;432;520;459;490
57;16;16;22;76;91;111;130;162;181;185;224;269;338;366;400;435;519;452
58;14;19;26;36;76;83;113;145;151;191;195;236;279;345;353;394;428;493
59;12;17;33;32;38;68;83;113;147;165;189;198;248;277;336;346;393;412
60;13;10;29;49;34;37;67;90;105;146;165;199;195;258;274;338;347;386
61;9;15;14;41;52;32;38;65;84;111;142;165;213;201;256;270;335;345
62;12;11;17;19;35;46;34;42;69;92;124;139;171;220;194;256;268;329
63;18;13;15;23;19;30;48;29;44;71;99;127;142;178;220;188;254;278
64;11;12;22;24;24;23;37;55;32;46;73;104;133;149;176;212;188;249
65;13;14;10;23;23;18;22;34;51;31;52;70;107;134;146;175;219;191
66;9;12;20;11;20;27;18;25;31;54;37;58;74;115;135;140;177;216
67;8;10;10;26;10;20;29;19;24;31;61;39;58;77;119;137;135;180
68;6;8;7;7;26;9;20;29;17;23;32;63;42;64;78;118;136;136
69;10;10;10;8;7;20;10;21;31;17;23;31;58;41;60;76;122;129
70;6;11;11;10;6;11;19;12;23;32;22;24;31;50;41;55;75;115
71;15;5;12;13;11;7;12;19;11;26;33;22;27;31;52;44;60;72
72;10;13;7;14;11;10;6;11;21;10;28;35;23;26;33;48;37;64
73;5;9;12;6;12;11;11;5;11;17;10;26;35;25;26;32;47;37
74;7;8;6;14;7;9;10;11;5;11;16;10;24;31;24;29;31;45
75;5;7;7;6;13;8;8;13;11;3;13;16;12;25;30;25;30;31
76;3;6;6;7;6;12;6;10;9;9;4;14;20;12;23;30;24;29
77;5;2;6;6;6;6;13;6;11;7;7;4;13;21;12;22;28;24
78;5;6;1;3;3;5;5;12;5;10;5;7;5;13;21;12;23;25
79;7;5;6;1;2;4;4;4;9;4;10;7;7;5;12;22;12;27
80;2;6;4;7;1;4;4;6;4;8;5;9;5;6;4;8;20;10
81;4;1;5;3;6;1;5;3;6;4;8;4;8;6;6;6;8;20
82;0;4;2;4;3;6;2;5;3;5;3;7;4;8;7;6;5;9
83;3;0;4;2;3;2;4;3;4;3;5;3;6;4;7;7;6;6
84;2;4;0;4;2;3;2;4;2;2;3;5;3;8;5;6;6;8
85;1;2;6;0;4;2;2;2;4;2;3;3;5;3;8;5;6;5
86;2;3;2;6;0;3;1;3;1;4;2;3;1;6;2;8;5;5
87;4;2;4;2;4;0;2;1;2;1;4;3;2;1;6;3;8;3
88;2;6;2;4;1;4;0;2;1;1;1;4;3;2;1;5;4;8
89;1;2;4;3;3;1;3;0;2;1;1;1;3;3;2;1;5;3
90;1;1;1;5;2;3;1;4;0;2;2;1;1;3;2;1;1;3
91;1;1;0;1;4;0;3;1;1;0;2;1;0;1;2;2;1;1
92;1;1;1;0;0;4;0;2;1;1;0;1;1;0;1;2;1;1
93;1;1;1;1;0;0;4;0;2;0;1;0;1;1;0;1;1;1
94;1;1;1;1;1;0;0;4;0;2;0;1;0;1;1;0;1;1
95;0;1;1;0;1;1;0;0;3;0;2;0;1;0;1;1;0;1
96;1;0;1;1;0;0;1;0;0;1;0;2;0;0;0;1;1;0
97;0;1;0;0;1;0;0;1;0;0;1;0;2;0;0;0;0;0
98;0;0;0;0;0;1;0;0;1;0;0;0;0;2;0;0;0;0
99;0;0;0;0;0;0;0;0;0;1;0;0;0;0;1;0;0;0
100 e oltre;1;1;1;1;1;1;1;1;1;0;1;1;1;1;0;1;1;1
Totale;3318;3627;6301;9330;9992;10114;13215;15826;17540;19627;21628;23420;24840;26096;26551;26983;27726;28258
