"Popolazione per età, vista per singola area - Provincia: Catanzaro"

"Ricostruzione della popolazione intercensuaria - Popolazione al 1° gennaio per età"
"Tutte le cittadinanze - Provincia: Catanzaro"
Età/Anno;2002;2003;2004;2005;2006;2007;2008;2009;2010;2011;2012;2013;2014;2015;2016;2017;2018;2019
Età;Totale
0;3483;3262;3317;3277;3104;3185;3168;3153;3081;3100;3033;3166;2947;2991;2923;3010;2813;2602
1;3495;3485;3236;3313;3271;3072;3198;3162;3159;3046;3083;3041;3152;2944;3001;2907;2999;2831
2;3554;3489;3478;3248;3313;3257;3088;3218;3170;3162;3006;3084;3045;3144;2944;2974;2893;2976
3;3574;3512;3488;3462;3232;3324;3289;3095;3220;3167;3153;3011;3094;3046;3120;2942;2960;2887
4;3597;3582;3505;3510;3451;3237;3345;3296;3113;3228;3179;3160;3041;3082;3048;3122;2918;2943
5;3639;3600;3586;3484;3526;3452;3267;3346;3309;3118;3242;3176;3161;3020;3081;3054;3122;2909
6;3844;3626;3600;3581;3489;3539;3473;3275;3348;3342;3123;3245;3187;3143;3022;3058;3051;3113
7;3827;3832;3626;3610;3574;3495;3550;3471;3288;3358;3351;3126;3253;3185;3141;3041;3069;3034
8;4059;3819;3852;3636;3631;3563;3514;3561;3468;3291;3363;3368;3139;3264;3203;3143;3024;3045
9;4374;4053;3824;3835;3648;3626;3596;3525;3576;3500;3302;3349;3360;3128;3268;3199;3149;3028
10;4529;4372;4057;3807;3828;3639;3637;3597;3531;3574;3514;3289;3364;3361;3119;3271;3193;3135
11;4635;4508;4378;4057;3825;3837;3662;3639;3622;3539;3573;3512;3297;3365;3358;3117;3289;3188
12;4625;4627;4496;4365;4063;3831;3847;3676;3638;3632;3550;3583;3520;3304;3372;3352;3112;3278
13;4754;4606;4615;4480;4370;4073;3857;3860;3688;3638;3651;3554;3584;3524;3312;3380;3354;3103
14;4567;4750;4592;4609;4481;4371;4085;3878;3878;3687;3655;3653;3548;3588;3526;3324;3366;3346
15;4755;4565;4755;4578;4613;4470;4362;4106;3883;3894;3696;3644;3642;3552;3586;3515;3322;3364
16;4817;4730;4575;4751;4571;4593;4489;4371;4131;3892;3904;3704;3652;3647;3546;3602;3515;3326
17;5144;4800;4718;4576;4761;4560;4587;4522;4386;4142;3930;3904;3697;3671;3663;3574;3610;3521
18;5067;5116;4786;4688;4573;4750;4552;4613;4531;4419;4163;3942;3917;3713;3701;3751;3654;3655
19;5233;5018;5078;4740;4651;4561;4761;4550;4633;4552;4432;4171;3939;3925;3733;3759;3816;3649
20;5110;5162;4981;5023;4683;4593;4577;4757;4543;4642;4553;4423;4165;3931;3943;3758;3778;3801
21;5261;5037;5123;4914;4977;4648;4638;4594;4755;4543;4643;4555;4451;4165;3931;3939;3778;3727
22;5241;5157;4992;5048;4872;4908;4663;4620;4612;4789;4559;4668;4532;4464;4183;3938;3967;3744
23;5359;5192;5097;4949;4953;4840;4914;4686;4650;4652;4805;4571;4660;4514;4455;4149;3927;3915
24;5359;5259;5143;5024;4877;4888;4869;4925;4672;4634;4646;4832;4578;4662;4525;4452;4128;3871
25;5435;5344;5220;5072;4970;4807;4883;4844;4892;4681;4600;4639;4815;4555;4660;4500;4431;4071
26;5374;5423;5340;5173;4981;4882;4786;4857;4814;4864;4664;4601;4617;4771;4529;4581;4445;4333
27;5476;5368;5459;5257;5113;4919;4848;4750;4813;4793;4825;4668;4557;4558;4706;4450;4499;4311
28;5373;5462;5365;5365;5184;5026;4919;4808;4709;4775;4773;4753;4621;4480;4516;4663;4402;4411
29;5414;5391;5485;5244;5272;5111;5056;4871;4755;4674;4735;4735;4671;4541;4447;4449;4578;4290
30;5549;5428;5371;5405;5176;5233;5126;5030;4850;4706;4646;4684;4700;4590;4470;4433;4407;4502
31;5562;5501;5375;5243;5309;5078;5222;5093;4999;4801;4650;4599;4654;4614;4550;4466;4352;4330
32;5637;5476;5398;5216;5087;5186;5032;5159;5039;4921;4708;4624;4568;4572;4604;4510;4394;4280
33;5431;5572;5420;5263;5122;4983;5143;4989;5108;5007;4862;4686;4585;4496;4542;4562;4460;4308
34;5504;5347;5521;5321;5187;5029;4961;5131;4943;5088;4955;4841;4679;4550;4507;4507;4537;4422
35;5626;5476;5321;5426;5248;5120;4993;4981;5122;4950;5062;4914;4838;4639;4533;4500;4492;4462
36;5518;5595;5485;5307;5428;5251;5166;5024;4997;5147;4936;5053;4862;4812;4601;4509;4449;4451
37;5835;5472;5582;5431;5286;5389;5287;5179;5018;5020;5148;4934;5036;4843;4792;4603;4462;4423
38;5639;5794;5458;5538;5409;5273;5408;5289;5181;5010;5009;5105;4958;5021;4823;4763;4568;4445
39;5530;5578;5820;5425;5536;5388;5336;5425;5318;5196;5023;4998;5080;4926;5013;4803;4733;4520
40;5359;5510;5578;5783;5395;5535;5399;5361;5427;5326;5189;5026;4988;5077;4908;5007;4796;4722
41;5608;5344;5523;5551;5750;5387;5539;5421;5383;5434;5346;5181;5030;4975;5070;4874;4986;4793
42;5287;5568;5359;5515;5510;5745;5414;5543;5420;5416;5417;5344;5184;5017;4950;5042;4856;4953
43;4972;5253;5549;5343;5483;5487;5792;5387;5537;5429;5427;5408;5354;5178;5007;4922;4995;4837
44;5066;4954;5270;5538;5351;5490;5518;5823;5403;5555;5440;5421;5389;5340;5190;5001;4913;4972
45;5087;5058;4953;5263;5528;5329;5483;5525;5827;5408;5565;5469;5406;5375;5336;5169;4989;4890
46;5023;5081;5067;4961;5226;5504;5341;5489;5528;5839;5397;5562;5472;5400;5359;5328;5167;4968
47;4979;5002;5079;5063;4955;5215;5532;5349;5486;5535;5844;5399;5562;5478;5389;5345;5305;5151
48;4762;4952;4990;5027;5061;4930;5240;5521;5340;5480;5551;5842;5385;5556;5461;5364;5334;5277
49;4493;4745;4956;4963;4998;5042;4933;5237;5473;5361;5488;5558;5840;5384;5538;5455;5327;5305
50;4708;4466;4752;4960;4941;4969;5046;4946;5221;5460;5337;5480;5544;5819;5372;5534;5455;5293
51;4773;4669;4457;4726;4939;4927;4974;5067;4942;5228;5457;5333;5490;5558;5824;5375;5507;5439
52;4660;4739;4650;4446;4694;4910;4936;4958;5073;4937;5211;5443;5328;5464;5531;5820;5359;5482
53;4702;4649;4738;4618;4414;4683;4939;4925;4957;5053;4928;5193;5431;5308;5446;5515;5796;5349
54;4643;4687;4628;4699;4585;4400;4693;4937;4890;4949;5040;4917;5192;5417;5305;5411;5500;5752
55;4338;4626;4683;4593;4680;4565;4377;4677;4931;4862;4936;5029;4902;5174;5404;5298;5390;5464
56;3456;4333;4622;4655;4559;4642;4546;4360;4682;4911;4866;4914;5018;4897;5154;5396;5262;5377
57;3488;3428;4302;4593;4612;4559;4613;4525;4344;4670;4886;4841;4908;5007;4871;5144;5377;5216
58;3594;3465;3407;4302;4567;4589;4549;4599;4522;4315;4650;4867;4813;4897;4997;4857;5119;5331
59;3564;3570;3446;3397;4299;4554;4581;4521;4562;4505;4294;4644;4847;4798;4869;4971;4829;5089
60;3351;3546;3561;3427;3382;4262;4541;4569;4497;4567;4492;4265;4625;4836;4783;4856;4938;4813
61;3903;3327;3517;3534;3395;3332;4253;4511;4570;4474;4547;4478;4252;4602;4822;4766;4819;4916
62;3750;3858;3307;3490;3499;3367;3318;4260;4487;4541;4457;4505;4461;4226;4580;4795;4733;4783
63;3587;3731;3825;3299;3468;3461;3339;3291;4259;4467;4519;4420;4487;4433;4212;4564;4755;4689
64;3664;3569;3718;3781;3242;3446;3437;3307;3262;4219;4445;4475;4417;4468;4405;4188;4540;4704
65;3614;3642;3548;3697;3743;3214;3432;3418;3289;3230;4188;4407;4439;4374;4426;4363;4171;4504
66;3717;3585;3622;3518;3661;3699;3174;3415;3370;3273;3205;4156;4368;4411;4331;4383;4310;4129
67;3799;3672;3545;3589;3475;3621;3671;3134;3373;3334;3235;3174;4119;4313;4374;4282;4330;4275
68;3835;3744;3632;3486;3555;3412;3585;3618;3108;3332;3297;3205;3123;4071;4258;4329;4233;4298
69;3768;3784;3690;3567;3439;3501;3370;3523;3552;3062;3290;3259;3173;3092;4023;4188;4255;4174
70;3738;3719;3732;3623;3501;3373;3452;3315;3453;3507;3015;3239;3194;3116;3029;3960;4132;4205
71;3696;3664;3667;3650;3549;3442;3312;3385;3260;3386;3435;2955;3197;3132;3060;2986;3902;4078
72;3397;3623;3579;3584;3562;3487;3371;3256;3333;3212;3316;3360;2890;3139;3085;3016;2938;3833
73;3213;3321;3535;3507;3490;3493;3403;3302;3159;3256;3150;3246;3321;2836;3058;3026;2938;2857
74;2991;3140;3213;3429;3416;3397;3409;3324;3221;3098;3169;3071;3174;3256;2784;3008;2962;2863
75;2919;2922;3068;3121;3327;3335;3287;3310;3254;3144;3017;3089;2995;3096;3177;2717;2916;2872
76;2904;2856;2824;2984;3012;3228;3225;3166;3203;3158;3035;2947;3013;2911;3017;3094;2623;2839
77;2663;2804;2752;2745;2894;2892;3109;3132;3049;3095;3064;2946;2876;2916;2809;2916;3013;2538
78;2592;2556;2663;2675;2631;2771;2752;2984;2990;2926;2999;2970;2855;2787;2831;2711;2800;2924
79;2252;2476;2448;2539;2560;2519;2660;2639;2841;2871;2816;2907;2864;2762;2673;2718;2605;2679
80;2207;2135;2318;2326;2410;2437;2398;2532;2529;2710;2723;2682;2783;2739;2638;2552;2609;2499
81;2083;2073;2023;2195;2199;2255;2280;2275;2364;2387;2583;2582;2541;2651;2602;2511;2423;2483
82;1264;1954;1964;1887;2040;2045;2141;2145;2149;2213;2248;2440;2433;2411;2508;2464;2372;2276
83;866;1156;1804;1845;1733;1870;1890;1969;1987;1992;2061;2092;2284;2297;2264;2354;2305;2217
84;954;800;1053;1659;1680;1592;1708;1689;1854;1845;1826;1916;1945;2102;2142;2113;2189;2148
85;1003;863;709;958;1498;1512;1450;1560;1543;1706;1713;1686;1786;1791;1937;1973;1959;2044
86;1136;898;788;652;845;1366;1367;1316;1413;1409;1559;1574;1523;1620;1641;1790;1809;1774
87;924;1016;806;690;583;762;1199;1218;1188;1263;1269;1382;1406;1393;1442;1488;1600;1625
88;910;802;867;716;610;513;679;1057;1062;1041;1118;1138;1234;1261;1240;1301;1286;1421
89;716;753;640;734;618;544;447;582;933;923;877;973;1007;1057;1092;1112;1151;1121
90;497;616;610;528;622;515;462;397;485;823;794;753;847;873;920;931;964;978
91;424;426;507;518;439;509;438;377;339;427;708;660;624;726;720;786;796;810
92;367;331;345;411;423;369;407;359;298;270;359;577;569;515;572;596;670;665
93;251;284;254;293;317;349;301;328;289;216;221;283;486;467;415;474;479;545
94;178;197;221;201;216;245;290;231;273;216;178;168;234;390;372;329;378;383
95;139;131;131;157;160;168;191;218;179;228;162;135;139;176;288;295;247;292
96;97;103;90;97;117;128;118;145;165;135;165;112;102;112;136;218;218;194
97;69;68;86;70;69;83;94;80;98;127;101;131;78;77;91;107;159;162
98;38;54;42;66;47;54;58;76;58;75;93;68;86;63;54;60;79;119
99;25;24;35;29;41;33;38;40;50;39;64;55;44;57;50;35;43;55
100 e oltre;43;45;50;55;51;56;60;64;71;80;84;98;97;97;87;84;73;71
Totale;368911;367753;367316;365579;363711;362106;362715;362614;362248;362124;361571;361015;360340;359072;357926;356897;355000;352065
Età/Anno;2002;2003;2004;2005;2006;2007;2008;2009;2010;2011;2012;2013;2014;2015;2016;2017;2018;2019
Età;Maschi
0;1740;1712;1694;1702;1576;1686;1646;1559;1589;1568;1575;1627;1496;1553;1484;1551;1462;1332
1;1775;1741;1695;1692;1704;1550;1688;1652;1554;1564;1553;1574;1625;1489;1562;1485;1543;1477
2;1745;1769;1747;1696;1697;1698;1565;1703;1657;1556;1546;1554;1577;1629;1497;1552;1481;1539
3;1811;1726;1774;1734;1694;1702;1708;1579;1710;1653;1551;1542;1552;1585;1610;1496;1543;1479
4;1812;1821;1725;1794;1729;1694;1713;1705;1581;1723;1661;1554;1550;1542;1586;1609;1478;1531
5;1840;1821;1824;1711;1793;1729;1711;1710;1713;1583;1733;1661;1554;1533;1544;1590;1609;1475
6;1924;1839;1824;1817;1720;1802;1733;1718;1703;1735;1587;1729;1658;1543;1534;1537;1586;1611
7;1937;1919;1848;1831;1821;1727;1802;1734;1719;1700;1733;1587;1727;1659;1544;1550;1555;1579
8;2069;1930;1926;1856;1845;1810;1730;1803;1735;1725;1709;1743;1599;1741;1669;1553;1537;1537
9;2186;2063;1941;1929;1865;1846;1828;1732;1810;1748;1726;1698;1740;1592;1748;1662;1553;1544
10;2313;2184;2072;1931;1927;1860;1857;1831;1732;1809;1751;1714;1708;1740;1588;1750;1654;1546
11;2380;2304;2181;2066;1948;1930;1867;1865;1850;1734;1798;1748;1720;1709;1733;1588;1759;1661
12;2399;2375;2293;2176;2073;1952;1926;1883;1862;1853;1740;1806;1746;1732;1720;1738;1585;1747
13;2463;2391;2358;2280;2186;2073;1955;1933;1891;1864;1861;1738;1804;1749;1733;1725;1737;1581
14;2318;2455;2387;2358;2283;2191;2075;1969;1939;1890;1878;1858;1740;1808;1748;1746;1714;1739
15;2443;2326;2468;2382;2368;2280;2183;2087;1974;1941;1897;1870;1849;1741;1810;1746;1744;1723
16;2496;2430;2329;2467;2378;2356;2288;2185;2095;1989;1950;1906;1875;1857;1741;1822;1749;1748
17;2654;2491;2420;2338;2471;2375;2364;2304;2199;2103;2024;1954;1903;1892;1873;1760;1840;1770
18;2545;2639;2483;2404;2343;2461;2367;2383;2309;2223;2116;2030;1965;1921;1921;1946;1841;1881
19;2618;2503;2616;2462;2390;2342;2476;2354;2401;2309;2234;2125;2028;1964;1945;1968;2005;1844
20;2601;2582;2481;2585;2418;2356;2334;2472;2351;2403;2302;2220;2124;2026;1978;1968;1988;1991
21;2662;2561;2556;2440;2554;2400;2389;2334;2454;2348;2404;2304;2232;2125;2026;1980;1970;1944
22;2652;2601;2536;2514;2399;2520;2398;2385;2334;2463;2352;2406;2284;2233;2133;2038;2006;1947
23;2756;2616;2553;2503;2441;2363;2513;2404;2397;2342;2457;2360;2401;2271;2233;2122;2026;1976
24;2697;2696;2578;2513;2460;2398;2378;2515;2384;2387;2342;2487;2353;2400;2280;2237;2111;1992
25;2746;2680;2672;2517;2483;2417;2391;2350;2492;2381;2368;2344;2482;2339;2425;2279;2229;2074
26;2692;2737;2667;2639;2461;2421;2395;2380;2344;2471;2373;2365;2333;2449;2342;2399;2244;2175
27;2722;2677;2739;2628;2591;2425;2398;2383;2360;2352;2450;2367;2343;2312;2413;2310;2360;2176
28;2683;2689;2676;2683;2592;2540;2421;2377;2370;2339;2354;2408;2346;2293;2295;2383;2277;2292
29;2683;2708;2725;2629;2623;2551;2545;2377;2343;2362;2323;2331;2381;2305;2293;2267;2348;2235
30;2672;2704;2726;2672;2612;2606;2553;2545;2363;2319;2345;2312;2318;2331;2274;2292;2250;2320
31;2684;2650;2684;2650;2612;2562;2570;2523;2521;2348;2305;2341;2292;2291;2318;2287;2246;2214
32;2810;2672;2627;2623;2570;2568;2551;2537;2507;2501;2299;2291;2325;2255;2297;2289;2260;2207
33;2697;2766;2640;2555;2581;2519;2556;2520;2513;2490;2480;2302;2272;2299;2239;2277;2266;2220
34;2665;2623;2717;2550;2474;2484;2478;2522;2474;2484;2446;2466;2299;2260;2295;2222;2278;2240
35;2728;2639;2584;2664;2492;2420;2430;2459;2518;2473;2466;2431;2466;2302;2264;2287;2197;2216
36;2747;2688;2655;2587;2657;2509;2433;2440;2474;2557;2484;2468;2409;2458;2289;2253;2270;2187
37;2824;2702;2678;2620;2572;2641;2536;2456;2432;2481;2568;2482;2471;2398;2451;2285;2225;2248
38;2723;2804;2687;2655;2599;2571;2633;2542;2452;2429;2486;2557;2495;2462;2401;2432;2268;2222
39;2653;2687;2811;2662;2654;2598;2598;2647;2562;2454;2435;2478;2536;2466;2450;2384;2432;2232
40;2608;2640;2693;2790;2638;2648;2593;2612;2642;2569;2444;2434;2475;2528;2456;2454;2369;2438
41;2780;2611;2638;2677;2767;2640;2635;2589;2609;2652;2584;2430;2442;2467;2530;2436;2443;2361
42;2606;2763;2619;2623;2652;2768;2645;2632;2588;2634;2639;2587;2418;2430;2445;2517;2419;2424
43;2481;2596;2742;2605;2609;2638;2785;2617;2625;2587;2637;2648;2601;2418;2433;2427;2490;2397
44;2550;2473;2586;2731;2610;2612;2649;2803;2613;2634;2595;2632;2637;2591;2418;2429;2432;2482
45;2595;2542;2464;2587;2727;2602;2602;2642;2799;2604;2636;2612;2623;2623;2589;2408;2425;2404
46;2529;2593;2530;2461;2559;2715;2601;2602;2636;2793;2593;2645;2615;2618;2613;2584;2419;2419
47;2503;2522;2580;2519;2454;2558;2722;2604;2600;2647;2798;2597;2643;2622;2612;2602;2585;2410
48;2499;2480;2509;2554;2518;2438;2559;2719;2586;2591;2655;2797;2590;2628;2609;2599;2597;2569
49;2293;2494;2482;2496;2533;2510;2428;2551;2701;2582;2593;2660;2794;2589;2618;2609;2577;2582
50;2315;2292;2489;2465;2478;2508;2510;2433;2541;2692;2568;2592;2644;2784;2589;2612;2612;2560
51;2345;2300;2278;2471;2460;2473;2498;2514;2424;2540;2690;2569;2591;2648;2786;2588;2596;2613
52;2372;2334;2287;2274;2444;2446;2472;2483;2508;2418;2532;2680;2562;2579;2630;2787;2581;2579
53;2345;2358;2319;2267;2252;2434;2460;2470;2474;2482;2408;2514;2678;2541;2565;2622;2774;2573
54;2367;2338;2338;2294;2248;2238;2433;2448;2446;2472;2470;2402;2499;2669;2543;2546;2611;2747
55;2163;2355;2331;2310;2279;2240;2227;2419;2440;2433;2457;2470;2387;2496;2666;2548;2537;2589
56;1711;2157;2339;2302;2290;2257;2231;2218;2428;2426;2436;2450;2461;2379;2476;2661;2533;2528
57;1777;1700;2133;2323;2267;2299;2237;2217;2212;2407;2415;2413;2450;2450;2364;2468;2653;2508
58;1799;1766;1685;2127;2309;2254;2281;2235;2209;2192;2395;2405;2392;2443;2445;2359;2448;2626
59;1712;1788;1745;1672;2120;2298;2250;2261;2214;2199;2184;2387;2382;2382;2424;2430;2338;2423
60;1619;1696;1773;1733;1664;2098;2294;2238;2245;2210;2195;2164;2376;2371;2383;2415;2414;2330
61;1863;1596;1678;1755;1714;1642;2089;2266;2234;2222;2191;2180;2152;2355;2361;2363;2387;2395
62;1826;1839;1585;1662;1728;1696;1636;2086;2242;2209;2211;2167;2171;2132;2346;2346;2342;2357
63;1725;1803;1824;1583;1652;1710;1679;1623;2079;2229;2200;2188;2156;2156;2128;2329;2324;2323
64;1789;1710;1793;1800;1550;1644;1694;1660;1613;2054;2214;2167;2185;2144;2135;2109;2310;2282
65;1685;1775;1699;1772;1780;1536;1647;1683;1648;1595;2038;2190;2141;2152;2116;2106;2092;2283
66;1705;1673;1770;1683;1750;1753;1510;1631;1651;1631;1584;2015;2168;2128;2124;2088;2075;2064
67;1783;1669;1648;1750;1649;1726;1745;1490;1608;1629;1613;1562;1998;2136;2106;2099;2063;2054
68;1800;1750;1646;1603;1729;1614;1708;1715;1477;1587;1609;1599;1534;1965;2097;2079;2065;2038
69;1699;1762;1721;1604;1572;1695;1584;1667;1673;1450;1559;1577;1585;1512;1939;2059;2036;2032
70;1704;1671;1734;1682;1570;1536;1652;1548;1623;1647;1422;1526;1543;1541;1471;1898;2026;2002
71;1694;1654;1640;1676;1631;1531;1497;1616;1523;1577;1604;1389;1507;1495;1511;1449;1857;1997
72;1483;1654;1597;1591;1627;1596;1490;1470;1585;1497;1536;1559;1349;1483;1465;1478;1416;1811
73;1398;1434;1611;1555;1521;1590;1540;1453;1420;1534;1455;1495;1540;1315;1431;1423;1432;1364
74;1232;1353;1382;1539;1501;1453;1548;1499;1410;1384;1489;1400;1453;1496;1287;1396;1386;1387
75;1228;1201;1304;1327;1476;1449;1395;1483;1465;1358;1329;1437;1358;1411;1443;1242;1344;1333
76;1220;1186;1148;1240;1264;1408;1387;1325;1419;1409;1299;1296;1392;1318;1358;1386;1187;1295
77;1091;1165;1130;1116;1183;1204;1330;1322;1261;1367;1362;1248;1250;1332;1262;1296;1338;1126
78;1109;1044;1097;1093;1049;1122;1127;1258;1241;1195;1312;1299;1197;1205;1287;1201;1242;1291
79;886;1040;989;1027;1049;987;1074;1066;1181;1181;1134;1252;1231;1140;1134;1224;1144;1176
80;870;818;971;931;966;990;943;1012;1013;1114;1108;1068;1177;1166;1072;1056;1166;1084
81;792;790;765;905;874;899;918;869;926;942;1055;1035;998;1114;1091;1007;991;1092
82;443;696;745;704;807;782;839;846;817;845;879;983;967;943;1052;1014;928;917
83;331;403;596;695;628;712;696;729;768;738;786;797;906;900;873;978;934;853
84;362;301;352;538;620;549;631;605;666;689;654;711;718;813;821;816;907;870
85;374;319;260;318;476;539;489;568;551;612;619;602;653;647;728;744;740;837
86;409;318;280;238;274;428;465;438;527;489;550;559;555;589;584;658;674;663
87;318;366;285;233;215;242;367;397;386;463;433;474;492;508;506;520;583;594
88;321;280;312;246;204;176;212;315;348;334;402;385;410;426;437;453;416;499
89;256;270;233;262;210;171;153;178;262;286;286;340;335;337;362;377;390;348
90;143;215;210;185;218;161;137;137;140;222;235;240;287;283;287;302;314;334
91;131;126;175;171;142;176;131;111;118;117;184;199;197;238;226;245;251;258
92;113;101;97;140;143;112;139;106;90;98;98;155;172;162;188;179;206;209
93;82;85;79;81;100;117;95;100;83;58;79;72;135;136;130;151;141;171
94;43;63;63;66;56;71;90;66;86;57;48;58;60;102;103;98;120;106
95;38;32;40;45;50;41;57;63;47;61;39;30;48;40;75;81;74;91
96;33;28;21;31;31;42;28;39;49;36;46;27;22;37;29;50;60;57
97;10;24;25;16;23;26;30;18;28;34;26;38;20;17;25;21;33;43
98;8;8;13;16;8;17;14;20;11;20;25;18;25;17;12;15;15;26
99;8;6;6;6;9;4;12;12;13;9;17;16;15;17;14;7;10;10
100 e oltre;9;11;11;11;11;13;13;17;20;24;23;31;29;29;23;25;18;18
Totale;179548;178958;178692;177692;176594;175767;175885;175671;175510;175421;175339;175210;174969;174447;174119;173834;173116;171704
Età/Anno;2002;2003;2004;2005;2006;2007;2008;2009;2010;2011;2012;2013;2014;2015;2016;2017;2018;2019
Età;Femmine
0;1743;1550;1623;1575;1528;1499;1522;1594;1492;1532;1458;1539;1451;1438;1439;1459;1351;1270
1;1720;1744;1541;1621;1567;1522;1510;1510;1605;1482;1530;1467;1527;1455;1439;1422;1456;1354
2;1809;1720;1731;1552;1616;1559;1523;1515;1513;1606;1460;1530;1468;1515;1447;1422;1412;1437
3;1763;1786;1714;1728;1538;1622;1581;1516;1510;1514;1602;1469;1542;1461;1510;1446;1417;1408
4;1785;1761;1780;1716;1722;1543;1632;1591;1532;1505;1518;1606;1491;1540;1462;1513;1440;1412
5;1799;1779;1762;1773;1733;1723;1556;1636;1596;1535;1509;1515;1607;1487;1537;1464;1513;1434
6;1920;1787;1776;1764;1769;1737;1740;1557;1645;1607;1536;1516;1529;1600;1488;1521;1465;1502
7;1890;1913;1778;1779;1753;1768;1748;1737;1569;1658;1618;1539;1526;1526;1597;1491;1514;1455
8;1990;1889;1926;1780;1786;1753;1784;1758;1733;1566;1654;1625;1540;1523;1534;1590;1487;1508
9;2188;1990;1883;1906;1783;1780;1768;1793;1766;1752;1576;1651;1620;1536;1520;1537;1596;1484
10;2216;2188;1985;1876;1901;1779;1780;1766;1799;1765;1763;1575;1656;1621;1531;1521;1539;1589
11;2255;2204;2197;1991;1877;1907;1795;1774;1772;1805;1775;1764;1577;1656;1625;1529;1530;1527
12;2226;2252;2203;2189;1990;1879;1921;1793;1776;1779;1810;1777;1774;1572;1652;1614;1527;1531
13;2291;2215;2257;2200;2184;2000;1902;1927;1797;1774;1790;1816;1780;1775;1579;1655;1617;1522
14;2249;2295;2205;2251;2198;2180;2010;1909;1939;1797;1777;1795;1808;1780;1778;1578;1652;1607
15;2312;2239;2287;2196;2245;2190;2179;2019;1909;1953;1799;1774;1793;1811;1776;1769;1578;1641
16;2321;2300;2246;2284;2193;2237;2201;2186;2036;1903;1954;1798;1777;1790;1805;1780;1766;1578
17;2490;2309;2298;2238;2290;2185;2223;2218;2187;2039;1906;1950;1794;1779;1790;1814;1770;1751
18;2522;2477;2303;2284;2230;2289;2185;2230;2222;2196;2047;1912;1952;1792;1780;1805;1813;1774
19;2615;2515;2462;2278;2261;2219;2285;2196;2232;2243;2198;2046;1911;1961;1788;1791;1811;1805
20;2509;2580;2500;2438;2265;2237;2243;2285;2192;2239;2251;2203;2041;1905;1965;1790;1790;1810
21;2599;2476;2567;2474;2423;2248;2249;2260;2301;2195;2239;2251;2219;2040;1905;1959;1808;1783
22;2589;2556;2456;2534;2473;2388;2265;2235;2278;2326;2207;2262;2248;2231;2050;1900;1961;1797
23;2603;2576;2544;2446;2512;2477;2401;2282;2253;2310;2348;2211;2259;2243;2222;2027;1901;1939
24;2662;2563;2565;2511;2417;2490;2491;2410;2288;2247;2304;2345;2225;2262;2245;2215;2017;1879
25;2689;2664;2548;2555;2487;2390;2492;2494;2400;2300;2232;2295;2333;2216;2235;2221;2202;1997
26;2682;2686;2673;2534;2520;2461;2391;2477;2470;2393;2291;2236;2284;2322;2187;2182;2201;2158
27;2754;2691;2720;2629;2522;2494;2450;2367;2453;2441;2375;2301;2214;2246;2293;2140;2139;2135
28;2690;2773;2689;2682;2592;2486;2498;2431;2339;2436;2419;2345;2275;2187;2221;2280;2125;2119
29;2731;2683;2760;2615;2649;2560;2511;2494;2412;2312;2412;2404;2290;2236;2154;2182;2230;2055
30;2877;2724;2645;2733;2564;2627;2573;2485;2487;2387;2301;2372;2382;2259;2196;2141;2157;2182
31;2878;2851;2691;2593;2697;2516;2652;2570;2478;2453;2345;2258;2362;2323;2232;2179;2106;2116
32;2827;2804;2771;2593;2517;2618;2481;2622;2532;2420;2409;2333;2243;2317;2307;2221;2134;2073
33;2734;2806;2780;2708;2541;2464;2587;2469;2595;2517;2382;2384;2313;2197;2303;2285;2194;2088
34;2839;2724;2804;2771;2713;2545;2483;2609;2469;2604;2509;2375;2380;2290;2212;2285;2259;2182
35;2898;2837;2737;2762;2756;2700;2563;2522;2604;2477;2596;2483;2372;2337;2269;2213;2295;2246
36;2771;2907;2830;2720;2771;2742;2733;2584;2523;2590;2452;2585;2453;2354;2312;2256;2179;2264
37;3011;2770;2904;2811;2714;2748;2751;2723;2586;2539;2580;2452;2565;2445;2341;2318;2237;2175
38;2916;2990;2771;2883;2810;2702;2775;2747;2729;2581;2523;2548;2463;2559;2422;2331;2300;2223
39;2877;2891;3009;2763;2882;2790;2738;2778;2756;2742;2588;2520;2544;2460;2563;2419;2301;2288
40;2751;2870;2885;2993;2757;2887;2806;2749;2785;2757;2745;2592;2513;2549;2452;2553;2427;2284
41;2828;2733;2885;2874;2983;2747;2904;2832;2774;2782;2762;2751;2588;2508;2540;2438;2543;2432
42;2681;2805;2740;2892;2858;2977;2769;2911;2832;2782;2778;2757;2766;2587;2505;2525;2437;2529
43;2491;2657;2807;2738;2874;2849;3007;2770;2912;2842;2790;2760;2753;2760;2574;2495;2505;2440
44;2516;2481;2684;2807;2741;2878;2869;3020;2790;2921;2845;2789;2752;2749;2772;2572;2481;2490
45;2492;2516;2489;2676;2801;2727;2881;2883;3028;2804;2929;2857;2783;2752;2747;2761;2564;2486
46;2494;2488;2537;2500;2667;2789;2740;2887;2892;3046;2804;2917;2857;2782;2746;2744;2748;2549
47;2476;2480;2499;2544;2501;2657;2810;2745;2886;2888;3046;2802;2919;2856;2777;2743;2720;2741
48;2263;2472;2481;2473;2543;2492;2681;2802;2754;2889;2896;3045;2795;2928;2852;2765;2737;2708
49;2200;2251;2474;2467;2465;2532;2505;2686;2772;2779;2895;2898;3046;2795;2920;2846;2750;2723
50;2393;2174;2263;2495;2463;2461;2536;2513;2680;2768;2769;2888;2900;3035;2783;2922;2843;2733
51;2428;2369;2179;2255;2479;2454;2476;2553;2518;2688;2767;2764;2899;2910;3038;2787;2911;2826
52;2288;2405;2363;2172;2250;2464;2464;2475;2565;2519;2679;2763;2766;2885;2901;3033;2778;2903
53;2357;2291;2419;2351;2162;2249;2479;2455;2483;2571;2520;2679;2753;2767;2881;2893;3022;2776
54;2276;2349;2290;2405;2337;2162;2260;2489;2444;2477;2570;2515;2693;2748;2762;2865;2889;3005
55;2175;2271;2352;2283;2401;2325;2150;2258;2491;2429;2479;2559;2515;2678;2738;2750;2853;2875
56;1745;2176;2283;2353;2269;2385;2315;2142;2254;2485;2430;2464;2557;2518;2678;2735;2729;2849
57;1711;1728;2169;2270;2345;2260;2376;2308;2132;2263;2471;2428;2458;2557;2507;2676;2724;2708
58;1795;1699;1722;2175;2258;2335;2268;2364;2313;2123;2255;2462;2421;2454;2552;2498;2671;2705
59;1852;1782;1701;1725;2179;2256;2331;2260;2348;2306;2110;2257;2465;2416;2445;2541;2491;2666
60;1732;1850;1788;1694;1718;2164;2247;2331;2252;2357;2297;2101;2249;2465;2400;2441;2524;2483
61;2040;1731;1839;1779;1681;1690;2164;2245;2336;2252;2356;2298;2100;2247;2461;2403;2432;2521
62;1924;2019;1722;1828;1771;1671;1682;2174;2245;2332;2246;2338;2290;2094;2234;2449;2391;2426
63;1862;1928;2001;1716;1816;1751;1660;1668;2180;2238;2319;2232;2331;2277;2084;2235;2431;2366
64;1875;1859;1925;1981;1692;1802;1743;1647;1649;2165;2231;2308;2232;2324;2270;2079;2230;2422
65;1929;1867;1849;1925;1963;1678;1785;1735;1641;1635;2150;2217;2298;2222;2310;2257;2079;2221
66;2012;1912;1852;1835;1911;1946;1664;1784;1719;1642;1621;2141;2200;2283;2207;2295;2235;2065
67;2016;2003;1897;1839;1826;1895;1926;1644;1765;1705;1622;1612;2121;2177;2268;2183;2267;2221
68;2035;1994;1986;1883;1826;1798;1877;1903;1631;1745;1688;1606;1589;2106;2161;2250;2168;2260
69;2069;2022;1969;1963;1867;1806;1786;1856;1879;1612;1731;1682;1588;1580;2084;2129;2219;2142
70;2034;2048;1998;1941;1931;1837;1800;1767;1830;1860;1593;1713;1651;1575;1558;2062;2106;2203
71;2002;2010;2027;1974;1918;1911;1815;1769;1737;1809;1831;1566;1690;1637;1549;1537;2045;2081
72;1914;1969;1982;1993;1935;1891;1881;1786;1748;1715;1780;1801;1541;1656;1620;1538;1522;2022
73;1815;1887;1924;1952;1969;1903;1863;1849;1739;1722;1695;1751;1781;1521;1627;1603;1506;1493
74;1759;1787;1831;1890;1915;1944;1861;1825;1811;1714;1680;1671;1721;1760;1497;1612;1576;1476
75;1691;1721;1764;1794;1851;1886;1892;1827;1789;1786;1688;1652;1637;1685;1734;1475;1572;1539
76;1684;1670;1676;1744;1748;1820;1838;1841;1784;1749;1736;1651;1621;1593;1659;1708;1436;1544
77;1572;1639;1622;1629;1711;1688;1779;1810;1788;1728;1702;1698;1626;1584;1547;1620;1675;1412
78;1483;1512;1566;1582;1582;1649;1625;1726;1749;1731;1687;1671;1658;1582;1544;1510;1558;1633
79;1366;1436;1459;1512;1511;1532;1586;1573;1660;1690;1682;1655;1633;1622;1539;1494;1461;1503
80;1337;1317;1347;1395;1444;1447;1455;1520;1516;1596;1615;1614;1606;1573;1566;1496;1443;1415
81;1291;1283;1258;1290;1325;1356;1362;1406;1438;1445;1528;1547;1543;1537;1511;1504;1432;1391
82;821;1258;1219;1183;1233;1263;1302;1299;1332;1368;1369;1457;1466;1468;1456;1450;1444;1359
83;535;753;1208;1150;1105;1158;1194;1240;1219;1254;1275;1295;1378;1397;1391;1376;1371;1364
84;592;499;701;1121;1060;1043;1077;1084;1188;1156;1172;1205;1227;1289;1321;1297;1282;1278
85;629;544;449;640;1022;973;961;992;992;1094;1094;1084;1133;1144;1209;1229;1219;1207
86;727;580;508;414;571;938;902;878;886;920;1009;1015;968;1031;1057;1132;1135;1111
87;606;650;521;457;368;520;832;821;802;800;836;908;914;885;936;968;1017;1031
88;589;522;555;470;406;337;467;742;714;707;716;753;824;835;803;848;870;922
89;460;483;407;472;408;373;294;404;671;637;591;633;672;720;730;735;761;773
90;354;401;400;343;404;354;325;260;345;601;559;513;560;590;633;629;650;644
91;293;300;332;347;297;333;307;266;221;310;524;461;427;488;494;541;545;552
92;254;230;248;271;280;257;268;253;208;172;261;422;397;353;384;417;464;456
93;169;199;175;212;217;232;206;228;206;158;142;211;351;331;285;323;338;374
94;135;134;158;135;160;174;200;165;187;159;130;110;174;288;269;231;258;277
95;101;99;91;112;110;127;134;155;132;167;123;105;91;136;213;214;173;201
96;64;75;69;66;86;86;90;106;116;99;119;85;80;75;107;168;158;137
97;59;44;61;54;46;57;64;62;70;93;75;93;58;60;66;86;126;119
98;30;46;29;50;39;37;44;56;47;55;68;50;61;46;42;45;64;93
99;17;18;29;23;32;29;26;28;37;30;47;39;29;40;36;28;33;45
100 e oltre;34;34;39;44;40;43;47;47;51;56;61;67;68;68;64;59;55;53
Totale;189363;188795;188624;187887;187117;186339;186830;186943;186738;186703;186232;185805;185371;184625;183807;183063;181884;180361

"Ricostruzione della popolazione intercensuaria - Popolazione al 1° gennaio per età"
"Cittadinanza italiana - Provincia: Catanzaro"
Età/Anno;2002;2003;2004;2005;2006;2007;2008;2009;2010;2011;2012;2013;2014;2015;2016;2017;2018;2019
Età;Totale
0;3448;3213;3264;3202;3031;3106;3065;3023;2941;2971;2878;2951;2740;2798;2728;2794;2582;2413
1;3451;3449;3187;3257;3195;2996;3105;3055;3023;2902;2951;2866;2940;2735;2789;2705;2780;2584
2;3512;3444;3425;3194;3247;3186;3001;3116;3059;3022;2869;2938;2853;2929;2743;2759;2699;2775
3;3539;3472;3432;3405;3174;3249;3191;2997;3109;3053;3004;2860;2941;2843;2910;2744;2747;2695
4;3564;3541;3455;3450;3387;3177;3267;3191;3010;3107;3052;2995;2869;2922;2839;2912;2735;2746
5;3598;3564;3535;3429;3458;3390;3184;3254;3190;3000;3107;3036;3002;2849;2918;2833;2911;2727
6;3803;3588;3556;3523;3421;3466;3384;3180;3252;3218;2990;3100;3026;2984;2852;2900;2829;2906
7;3793;3791;3585;3557;3509;3428;3461;3368;3181;3245;3215;2979;3100;3017;2977;2862;2904;2820
8;4028;3779;3805;3589;3565;3500;3429;3462;3363;3175;3242;3218;2977;3096;3032;2980;2856;2891
9;4347;4015;3773;3785;3582;3563;3509;3429;3460;3387;3170;3221;3208;2978;3098;3032;2980;2850
10;4493;4335;4012;3751;3774;3569;3558;3501;3421;3449;3385;3155;3225;3205;2980;3094;3024;2970
11;4591;4473;4329;4005;3757;3778;3568;3552;3509;3421;3433;3374;3149;3225;3199;2978;3105;3016
12;4592;4572;4455;4310;3998;3759;3779;3575;3538;3513;3423;3429;3380;3165;3220;3201;2964;3101
13;4712;4574;4547;4432;4306;4006;3773;3777;3581;3535;3521;3419;3416;3381;3174;3225;3195;2946
14;4532;4709;4557;4535;4423;4303;4005;3783;3779;3574;3535;3522;3405;3414;3371;3181;3215;3186
15;4709;4530;4700;4540;4525;4402;4285;4003;3776;3782;3574;3521;3505;3404;3413;3359;3165;3205
16;4768;4680;4525;4688;4525;4504;4403;4280;4013;3763;3776;3572;3523;3504;3393;3416;3356;3157
17;5095;4757;4657;4523;4685;4509;4478;4401;4283;4015;3771;3758;3559;3525;3505;3390;3396;3349
18;5019;5063;4732;4624;4511;4663;4482;4481;4397;4284;4027;3775;3755;3566;3531;3512;3391;3428
19;5192;4971;5015;4674;4580;4489;4635;4460;4473;4399;4287;4014;3759;3747;3552;3515;3493;3356
20;5061;5123;4915;4947;4622;4521;4461;4602;4424;4449;4374;4245;3986;3728;3728;3515;3487;3469
21;5204;4996;5077;4845;4891;4592;4510;4434;4577;4384;4435;4351;4232;3967;3707;3690;3488;3447
22;5185;5103;4928;4991;4796;4823;4547;4452;4417;4570;4363;4410;4310;4211;3954;3670;3669;3447
23;5287;5137;5012;4860;4879;4752;4786;4527;4446;4421;4555;4342;4368;4262;4170;3892;3635;3620
24;5291;5187;5057;4919;4778;4810;4706;4749;4482;4388;4387;4528;4307;4345;4242;4120;3833;3569
25;5360;5273;5107;4970;4857;4695;4747;4631;4690;4457;4331;4331;4475;4255;4307;4187;4076;3769
26;5284;5351;5223;5056;4887;4759;4624;4665;4562;4617;4397;4284;4269;4402;4191;4199;4116;3983
27;5383;5269;5318;5140;4977;4813;4678;4534;4588;4507;4535;4349;4212;4190;4312;4091;4101;3988
28;5284;5352;5214;5178;5040;4883;4745;4583;4467;4512;4451;4441;4290;4122;4120;4243;4023;4017
29;5317;5281;5313;5070;5099;4955;4849;4661;4509;4394;4436;4373;4328;4190;4061;4031;4151;3903
30;5443;5310;5205;5208;4988;5055;4888;4778;4614;4446;4331;4352;4302;4229;4097;3995;3963;4078
31;5445;5387;5194;5070;5110;4893;4986;4826;4732;4542;4369;4250;4276;4207;4163;4048;3922;3893
32;5518;5362;5240;5031;4911;5002;4802;4895;4755;4623;4426;4311;4196;4188;4176;4101;3984;3868
33;5309;5459;5263;5105;4918;4825;4930;4742;4843;4707;4554;4374;4239;4122;4148;4119;4050;3918
34;5410;5231;5373;5159;5027;4834;4763;4887;4684;4794;4640;4512;4328;4180;4100;4108;4085;4012
35;5512;5377;5178;5273;5091;4976;4790;4756;4865;4686;4753;4576;4484;4265;4144;4082;4094;4047
36;5421;5488;5358;5157;5275;5093;4982;4801;4749;4890;4659;4719;4514;4441;4213;4104;4034;4064
37;5743;5377;5451;5295;5138;5235;5084;4972;4779;4739;4863;4626;4677;4483;4408;4197;4062;4015
38;5515;5707;5338;5408;5283;5124;5203;5056;4964;4749;4711;4796;4622;4660;4462;4367;4159;4050
39;5456;5466;5678;5296;5405;5266;5140;5192;5069;4947;4743;4689;4761;4584;4646;4441;4342;4122
40;5284;5437;5436;5644;5265;5405;5240;5144;5179;5045;4928;4715;4678;4748;4557;4632;4429;4329
41;5503;5271;5419;5397;5606;5261;5396;5226;5150;5178;5059;4894;4706;4664;4744;4528;4626;4422
42;5199;5468;5257;5392;5363;5601;5250;5393;5217;5162;5153;5035;4878;4689;4629;4712;4501;4589
43;4881;5171;5438;5222;5367;5357;5621;5229;5383;5212;5171;5137;5035;4877;4683;4607;4679;4482
44;5012;4866;5169;5403;5226;5372;5353;5634;5235;5387;5219;5154;5113;5024;4883;4673;4591;4664
45;5023;5007;4843;5144;5387;5204;5338;5353;5626;5227;5387;5228;5134;5104;5016;4870;4665;4570
46;4962;5019;4984;4835;5114;5366;5208;5332;5344;5633;5215;5371;5221;5115;5078;4995;4865;4649
47;4926;4942;4995;4968;4828;5103;5362;5197;5321;5342;5639;5212;5363;5226;5106;5057;4981;4854
48;4714;4892;4913;4940;4961;4811;5096;5341;5176;5312;5352;5630;5194;5347;5203;5087;5036;4960
49;4428;4694;4881;4883;4908;4952;4799;5079;5301;5182;5309;5342;5610;5189;5328;5192;5045;5016
50;4676;4404;4690;4868;4857;4882;4948;4793;5058;5281;5151;5297;5320;5595;5176;5322;5195;5016
51;4723;4641;4376;4664;4850;4847;4870;4958;4777;5049;5271;5135;5290;5330;5592;5182;5289;5178
52;4627;4695;4609;4356;4631;4832;4839;4848;4952;4766;5027;5251;5122;5269;5304;5592;5163;5255
53;4669;4622;4681;4567;4331;4618;4845;4819;4842;4925;4753;5008;5240;5105;5251;5291;5568;5151
54;4627;4654;4595;4643;4529;4312;4617;4826;4783;4838;4902;4739;5000;5225;5103;5216;5272;5528
55;4315;4609;4647;4560;4625;4511;4295;4597;4819;4761;4823;4891;4722;4983;5212;5095;5194;5245
56;3428;4308;4597;4617;4529;4586;4492;4272;4596;4801;4760;4806;4874;4710;4964;5205;5072;5185
57;3475;3403;4274;4568;4577;4528;4555;4471;4260;4576;4778;4730;4791;4860;4685;4944;5187;5034
58;3578;3450;3379;4268;4538;4558;4514;4537;4461;4228;4559;4761;4700;4778;4851;4673;4924;5143
59;3549;3554;3424;3366;4265;4525;4546;4488;4499;4445;4207;4550;4739;4684;4749;4828;4654;4902
60;3334;3531;3541;3408;3354;4235;4511;4529;4461;4498;4432;4175;4524;4722;4663;4732;4790;4644
61;3888;3308;3500;3515;3371;3309;4227;4482;4528;4434;4474;4416;4151;4499;4710;4643;4698;4777
62;3740;3842;3287;3471;3477;3344;3291;4232;4457;4501;4413;4433;4394;4125;4476;4689;4609;4659
63;3576;3721;3807;3276;3449;3442;3315;3263;4225;4436;4480;4374;4414;4366;4114;4456;4647;4570
64;3656;3554;3703;3763;3222;3426;3418;3283;3236;4186;4411;4434;4357;4390;4339;4088;4433;4600
65;3607;3636;3533;3683;3725;3196;3411;3400;3262;3204;4156;4372;4398;4316;4350;4299;4076;4397
66;3703;3578;3614;3502;3645;3682;3155;3395;3352;3249;3176;4122;4330;4368;4273;4310;4246;4031
67;3791;3654;3537;3581;3459;3606;3653;3118;3358;3316;3209;3146;4083;4276;4328;4224;4262;4211
68;3831;3737;3615;3478;3542;3396;3573;3599;3088;3317;3279;3176;3092;4031;4222;4282;4180;4227
69;3763;3780;3677;3551;3429;3486;3355;3510;3534;3042;3271;3241;3145;3061;3986;4153;4209;4117
70;3736;3713;3725;3610;3486;3365;3437;3302;3439;3489;2997;3220;3176;3090;3000;3922;4096;4159
71;3684;3662;3662;3642;3537;3428;3302;3369;3248;3376;3416;2937;3177;3116;3034;2958;3862;4042
72;3391;3612;3574;3575;3555;3477;3357;3248;3316;3196;3306;3340;2872;3117;3069;2992;2909;3792
73;3204;3316;3524;3501;3481;3487;3397;3289;3150;3240;3134;3233;3300;2818;3040;3010;2912;2830
74;2990;3134;3208;3421;3410;3389;3403;3319;3208;3089;3154;3056;3160;3238;2766;2988;2945;2836
75;2916;2921;3057;3116;3318;3330;3279;3306;3247;3130;3007;3074;2979;3083;3157;2700;2897;2857
76;2900;2853;2823;2975;3009;3220;3221;3158;3196;3152;3020;2937;2994;2895;3005;3077;2610;2820
77;2662;2799;2748;2743;2889;2890;3101;3128;3042;3090;3058;2932;2865;2897;2793;2905;2995;2525
78;2591;2554;2657;2670;2629;2766;2751;2977;2987;2919;2994;2963;2840;2776;2813;2696;2788;2907
79;2252;2475;2446;2532;2556;2516;2653;2638;2833;2869;2809;2901;2855;2747;2661;2700;2591;2666
80;2207;2134;2316;2323;2405;2433;2395;2526;2527;2702;2720;2675;2777;2729;2625;2540;2592;2485
81;2081;2073;2022;2192;2194;2250;2275;2273;2359;2385;2575;2579;2534;2645;2592;2499;2411;2469
82;1264;1949;1963;1886;2039;2040;2135;2140;2147;2210;2246;2433;2429;2405;2502;2454;2360;2265
83;866;1156;1801;1844;1733;1869;1883;1966;1982;1990;2058;2090;2277;2293;2258;2348;2296;2205
84;953;800;1053;1657;1679;1592;1707;1682;1851;1840;1824;1912;1943;2095;2139;2107;2183;2139
85;1003;862;709;957;1496;1510;1450;1559;1537;1704;1709;1684;1783;1788;1930;1970;1953;2038
86;1135;898;787;652;844;1364;1366;1316;1412;1403;1557;1570;1520;1616;1638;1785;1806;1770
87;924;1015;806;689;583;761;1197;1217;1188;1263;1265;1380;1402;1389;1439;1485;1595;1621
88;909;801;866;716;609;513;677;1055;1062;1041;1118;1135;1232;1257;1236;1297;1283;1416
89;715;751;638;733;618;544;447;580;932;923;877;973;1005;1055;1089;1108;1147;1119
90;496;615;608;527;621;515;462;397;484;822;794;753;847;871;918;929;960;974
91;424;425;506;516;438;508;438;377;339;426;708;660;624;726;718;784;795;808
92;367;331;344;410;421;368;407;359;298;270;358;577;569;515;572;594;668;664
93;251;284;253;292;316;347;300;328;289;216;221;282;486;467;415;474;477;543
94;178;197;221;201;215;244;288;230;273;216;178;168;233;390;372;329;378;381
95;139;131;131;157;159;167;190;216;178;228;162;135;139;175;288;295;247;292
96;97;103;89;97;117;126;118;144;163;134;165;112;102;112;135;218;218;194
97;69;68;86;69;69;83;94;80;97;126;100;131;77;77;91;106;159;162
98;38;54;42;66;47;54;58;76;58;74;92;67;86;62;54;60;78;119
99;25;24;35;29;41;33;38;40;50;39;63;54;43;57;49;35;43;55
100 e oltre;43;45;50;55;51;56;60;64;71;80;84;97;95;94;85;81;71;69
Totale;365212;363959;362159;359837;357620;355947;354762;353338;352017;350812;349256;347397;345547;343589;341631;339615;337012;334027
Età/Anno;2002;2003;2004;2005;2006;2007;2008;2009;2010;2011;2012;2013;2014;2015;2016;2017;2018;2019
Età;Maschi
0;1720;1689;1671;1662;1539;1650;1587;1484;1523;1495;1499;1521;1390;1449;1390;1440;1337;1230
1;1757;1724;1670;1666;1663;1510;1642;1591;1474;1497;1476;1488;1518;1387;1446;1387;1435;1344
2;1727;1750;1714;1667;1666;1660;1522;1651;1595;1476;1482;1471;1477;1520;1400;1436;1386;1439
3;1791;1704;1747;1702;1662;1665;1654;1530;1652;1588;1470;1471;1467;1478;1502;1402;1429;1385
4;1795;1798;1698;1761;1691;1660;1674;1652;1531;1658;1590;1467;1475;1454;1476;1504;1390;1425
5;1825;1802;1794;1682;1760;1694;1663;1666;1653;1528;1658;1582;1468;1461;1455;1476;1499;1390
6;1899;1824;1801;1785;1683;1767;1681;1664;1661;1673;1523;1646;1576;1457;1461;1450;1473;1504
7;1925;1894;1831;1802;1785;1690;1760;1676;1663;1650;1666;1516;1641;1572;1453;1475;1464;1470
8;2055;1916;1900;1833;1808;1775;1683;1757;1677;1667;1655;1669;1518;1645;1576;1463;1467;1454
9;2174;2048;1918;1899;1830;1810;1782;1683;1761;1688;1661;1642;1668;1519;1650;1574;1462;1466
10;2296;2168;2051;1904;1894;1822;1809;1782;1677;1754;1686;1653;1641;1665;1517;1645;1568;1455
11;2356;2286;2159;2042;1913;1891;1818;1810;1789;1678;1739;1686;1653;1641;1659;1517;1652;1571
12;2377;2346;2275;2150;2041;1913;1883;1829;1800;1788;1684;1740;1681;1667;1643;1664;1507;1647
13;2445;2370;2327;2257;2153;2040;1915;1880;1832;1802;1792;1680;1735;1684;1670;1648;1659;1501
14;2296;2435;2362;2324;2256;2158;2034;1922;1877;1826;1806;1790;1678;1734;1672;1676;1641;1659
15;2419;2303;2436;2356;2328;2247;2149;2033;1920;1877;1829;1797;1778;1678;1732;1668;1667;1641
16;2469;2405;2296;2430;2348;2317;2247;2146;2032;1919;1876;1831;1800;1780;1673;1732;1666;1661
17;2621;2467;2391;2300;2425;2340;2312;2242;2152;2037;1929;1863;1824;1806;1781;1668;1722;1670
18;2513;2603;2452;2372;2299;2412;2326;2316;2235;2152;2042;1932;1864;1827;1810;1780;1669;1736
19;2596;2473;2580;2427;2356;2291;2404;2306;2316;2230;2159;2037;1925;1857;1824;1794;1766;1654
20;2568;2562;2440;2544;2388;2322;2271;2386;2287;2306;2211;2131;2026;1909;1846;1800;1785;1758
21;2624;2532;2531;2406;2514;2375;2324;2256;2365;2265;2297;2194;2120;2014;1896;1826;1778;1756
22;2624;2567;2493;2483;2370;2479;2347;2291;2239;2356;2251;2276;2172;2111;2005;1875;1821;1760
23;2717;2589;2506;2454;2408;2333;2446;2332;2287;2232;2344;2242;2255;2139;2082;1968;1851;1801
24;2665;2662;2537;2455;2414;2365;2308;2430;2301;2257;2224;2335;2214;2243;2128;2057;1934;1814
25;2717;2656;2621;2474;2427;2366;2334;2259;2388;2278;2231;2203;2309;2181;2233;2104;2041;1893
26;2650;2711;2621;2585;2428;2365;2329;2297;2230;2342;2244;2197;2172;2265;2152;2188;2061;1987
27;2687;2634;2681;2583;2534;2390;2331;2289;2256;2215;2298;2206;2158;2137;2218;2102;2132;1998
28;2650;2649;2609;2615;2540;2490;2360;2290;2266;2214;2191;2244;2187;2103;2103;2167;2060;2074
29;2635;2663;2651;2545;2562;2501;2464;2303;2243;2236;2175;2144;2199;2134;2078;2054;2122;2007
30;2619;2636;2650;2588;2526;2539;2463;2431;2275;2208;2196;2142;2114;2139;2083;2044;2025;2100
31;2629;2594;2577;2577;2539;2481;2490;2421;2411;2241;2174;2166;2088;2073;2109;2062;2008;1988
32;2747;2619;2547;2515;2498;2506;2453;2451;2403;2372;2186;2146;2144;2048;2057;2070;2031;1978
33;2625;2709;2570;2481;2464;2461;2480;2418;2425;2377;2345;2165;2110;2112;2023;2026;2052;2003
34;2616;2559;2646;2489;2405;2374;2397;2433;2365;2380;2319;2322;2138;2077;2084;2004;2021;2027
35;2666;2585;2509;2589;2437;2355;2319;2359;2420;2354;2354;2292;2307;2118;2065;2073;1990;1990
36;2681;2632;2583;2509;2583;2447;2358;2318;2368;2458;2348;2332;2259;2286;2100;2041;2056;1981
37;2770;2638;2616;2546;2502;2568;2450;2367;2309;2362;2452;2328;2322;2240;2265;2085;2018;2038
38;2654;2752;2616;2599;2530;2498;2550;2448;2363;2294;2356;2422;2323;2317;2236;2242;2069;2021
39;2619;2622;2733;2590;2597;2532;2502;2547;2455;2348;2291;2345;2402;2293;2302;2224;2231;2041
40;2568;2606;2609;2719;2566;2594;2523;2508;2541;2450;2332;2279;2344;2392;2280;2303;2211;2233
41;2728;2571;2598;2586;2695;2570;2573;2509;2504;2540;2461;2306;2285;2335;2388;2265;2300;2204
42;2553;2712;2569;2577;2569;2698;2557;2571;2509;2520;2526;2455;2286;2278;2305;2377;2247;2277
43;2422;2546;2693;2555;2563;2564;2706;2542;2568;2507;2531;2528;2464;2287;2276;2290;2355;2222
44;2520;2414;2533;2678;2555;2564;2566;2724;2543;2569;2513;2524;2521;2457;2284;2270;2287;2354
45;2554;2511;2401;2524;2668;2547;2543;2562;2717;2530;2571;2519;2514;2512;2450;2280;2267;2271
46;2485;2552;2491;2398;2499;2657;2548;2538;2558;2713;2520;2571;2519;2506;2498;2441;2286;2268
47;2472;2477;2533;2482;2392;2499;2658;2547;2534;2566;2721;2520;2569;2523;2500;2486;2444;2282
48;2472;2444;2462;2511;2476;2380;2492;2655;2529;2527;2574;2713;2511;2552;2507;2488;2475;2431
49;2254;2462;2441;2448;2488;2472;2362;2479;2637;2522;2529;2568;2710;2509;2540;2506;2461;2463
50;2296;2254;2454;2422;2432;2464;2472;2362;2472;2624;2506;2528;2549;2701;2506;2535;2512;2444
51;2312;2282;2235;2436;2415;2430;2448;2476;2352;2470;2620;2501;2517;2555;2699;2508;2516;2509
52;2344;2302;2269;2232;2410;2407;2422;2433;2467;2344;2459;2611;2495;2502;2536;2704;2500;2489
53;2328;2334;2285;2246;2211;2401;2415;2415;2428;2444;2333;2438;2609;2475;2488;2530;2685;2491
54;2357;2321;2315;2261;2226;2199;2399;2406;2396;2425;2430;2327;2425;2604;2479;2466;2519;2659
55;2153;2346;2315;2291;2244;2218;2190;2385;2398;2385;2412;2424;2315;2421;2598;2481;2456;2504
56;1700;2145;2328;2289;2274;2221;2210;2181;2391;2382;2390;2409;2414;2305;2402;2593;2468;2450
57;1768;1687;2119;2314;2254;2280;2204;2193;2174;2372;2371;2364;2407;2400;2289;2391;2585;2445
58;1790;1756;1672;2110;2299;2242;2261;2201;2186;2154;2362;2360;2343;2399;2394;2287;2377;2562
59;1701;1780;1734;1658;2105;2287;2237;2243;2180;2177;2146;2353;2343;2333;2376;2383;2270;2358
60;1612;1684;1763;1724;1652;2085;2282;2221;2225;2174;2174;2124;2339;2331;2329;2368;2367;2266
61;1855;1588;1665;1746;1703;1632;2077;2256;2216;2202;2155;2159;2107;2316;2323;2308;2342;2354
62;1820;1831;1577;1648;1718;1686;1620;2074;2233;2189;2190;2133;2145;2089;2305;2310;2288;2313
63;1717;1797;1814;1575;1638;1700;1669;1607;2064;2217;2179;2166;2120;2131;2087;2286;2285;2271
64;1785;1700;1785;1790;1543;1628;1686;1651;1595;2041;2201;2147;2160;2106;2114;2069;2267;2247
65;1680;1773;1690;1765;1769;1530;1632;1675;1638;1578;2026;2177;2121;2131;2079;2087;2055;2242
66;1694;1668;1766;1673;1741;1743;1504;1618;1643;1622;1566;2002;2152;2106;2102;2053;2056;2025
67;1778;1656;1642;1747;1638;1719;1734;1484;1597;1618;1602;1545;1982;2122;2084;2077;2032;2035
68;1798;1744;1635;1597;1723;1603;1703;1704;1470;1576;1599;1585;1515;1948;2084;2058;2044;2003
69;1695;1761;1712;1593;1564;1687;1574;1663;1661;1443;1547;1568;1572;1493;1924;2046;2017;2010
70;1702;1666;1730;1673;1560;1530;1644;1540;1619;1635;1416;1514;1532;1530;1453;1883;2013;1983
71;1688;1652;1636;1671;1622;1521;1490;1608;1516;1574;1592;1384;1494;1486;1501;1433;1842;1983
72;1480;1649;1594;1583;1623;1588;1481;1465;1577;1486;1533;1546;1345;1468;1455;1469;1400;1796
73;1397;1432;1606;1552;1513;1586;1536;1446;1415;1526;1444;1491;1528;1311;1420;1413;1422;1350
74;1232;1352;1380;1536;1499;1445;1543;1495;1403;1379;1482;1390;1449;1485;1283;1384;1376;1377
75;1226;1201;1300;1325;1473;1447;1388;1480;1460;1350;1323;1430;1349;1408;1431;1239;1332;1324
76;1217;1184;1148;1237;1262;1405;1386;1318;1414;1405;1290;1290;1380;1308;1355;1377;1185;1283
77;1090;1161;1128;1115;1182;1202;1326;1321;1255;1364;1358;1240;1243;1320;1251;1293;1329;1124
78;1109;1042;1092;1091;1048;1121;1126;1255;1241;1189;1309;1294;1188;1198;1276;1191;1239;1282
79;886;1039;987;1022;1047;986;1071;1065;1178;1181;1128;1248;1225;1131;1127;1214;1135;1174
80;870;817;970;928;962;989;942;1011;1012;1111;1108;1062;1174;1160;1064;1049;1156;1076
81;790;790;764;904;870;895;917;868;926;941;1052;1035;992;1111;1084;999;985;1082
82;443;692;744;703;806;778;834;845;816;845;878;980;966;938;1049;1007;920;911
83;331;403;594;694;628;711;691;726;767;737;786;796;903;899;868;975;928;846
84;361;301;352;537;619;549;630;600;663;688;653;710;717;810;820;811;904;865
85;374;318;260;318;475;538;489;567;547;610;619;601;652;645;725;743;735;834
86;408;318;279;238;274;427;464;438;526;485;548;559;553;587;582;656;673;660
87;318;365;285;232;215;242;365;396;386;463;430;472;492;506;505;518;581;591
88;321;280;311;246;203;176;212;313;348;334;402;383;409;426;435;451;414;497
89;255;268;232;261;210;171;153;178;261;286;286;340;333;336;362;375;388;346
90;143;214;208;184;217;161;137;137;140;221;235;240;287;281;286;302;312;332
91;131;126;174;169;141;175;131;111;118;117;184;199;197;238;224;244;251;256
92;113;101;97;139;141;111;139;106;90;98;98;155;172;162;188;177;205;209
93;82;85;79;81;99;115;94;100;83;58;79;72;135;136;130;151;139;170
94;43;63;63;66;55;70;88;65;86;57;48;58;60;102;103;98;120;104
95;38;32;40;45;50;40;56;61;46;61;39;30;48;40;75;81;74;91
96;33;28;20;31;31;42;28;38;47;35;46;27;22;37;29;50;60;57
97;10;24;25;15;23;26;30;18;27;33;25;38;19;17;25;21;33;43
98;8;8;13;16;8;17;14;20;11;19;24;17;25;16;12;15;15;26
99;8;6;6;6;9;4;12;12;13;9;16;15;14;17;13;7;10;10
100 e oltre;9;11;11;11;11;13;13;17;20;24;23;30;27;26;21;22;17;17
Totale;177546;176908;176043;174872;173672;172847;172218;171449;170913;170280;169709;168864;168079;167174;166233;165305;164112;162698
Età/Anno;2002;2003;2004;2005;2006;2007;2008;2009;2010;2011;2012;2013;2014;2015;2016;2017;2018;2019
Età;Femmine
0;1728;1524;1593;1540;1492;1456;1478;1539;1418;1476;1379;1430;1350;1349;1338;1354;1245;1183
1;1694;1725;1517;1591;1532;1486;1463;1464;1549;1405;1475;1378;1422;1348;1343;1318;1345;1240
2;1785;1694;1711;1527;1581;1526;1479;1465;1464;1546;1387;1467;1376;1409;1343;1323;1313;1336
3;1748;1768;1685;1703;1512;1584;1537;1467;1457;1465;1534;1389;1474;1365;1408;1342;1318;1310
4;1769;1743;1757;1689;1696;1517;1593;1539;1479;1449;1462;1528;1394;1468;1363;1408;1345;1321
5;1773;1762;1741;1747;1698;1696;1521;1588;1537;1472;1449;1454;1534;1388;1463;1357;1412;1337
6;1904;1764;1755;1738;1738;1699;1703;1516;1591;1545;1467;1454;1450;1527;1391;1450;1356;1402
7;1868;1897;1754;1755;1724;1738;1701;1692;1518;1595;1549;1463;1459;1445;1524;1387;1440;1350
8;1973;1863;1905;1756;1757;1725;1746;1705;1686;1508;1587;1549;1459;1451;1456;1517;1389;1437
9;2173;1967;1855;1886;1752;1753;1727;1746;1699;1699;1509;1579;1540;1459;1448;1458;1518;1384
10;2197;2167;1961;1847;1880;1747;1749;1719;1744;1695;1699;1502;1584;1540;1463;1449;1456;1515
11;2235;2187;2170;1963;1844;1887;1750;1742;1720;1743;1694;1688;1496;1584;1540;1461;1453;1445
12;2215;2226;2180;2160;1957;1846;1896;1746;1738;1725;1739;1689;1699;1498;1577;1537;1457;1454
13;2267;2204;2220;2175;2153;1966;1858;1897;1749;1733;1729;1739;1681;1697;1504;1577;1536;1445
14;2236;2274;2195;2211;2167;2145;1971;1861;1902;1748;1729;1732;1727;1680;1699;1505;1574;1527
15;2290;2227;2264;2184;2197;2155;2136;1970;1856;1905;1745;1724;1727;1726;1681;1691;1498;1564
16;2299;2275;2229;2258;2177;2187;2156;2134;1981;1844;1900;1741;1723;1724;1720;1684;1690;1496
17;2474;2290;2266;2223;2260;2169;2166;2159;2131;1978;1842;1895;1735;1719;1724;1722;1674;1679
18;2506;2460;2280;2252;2212;2251;2156;2165;2162;2132;1985;1843;1891;1739;1721;1732;1722;1692
19;2596;2498;2435;2247;2224;2198;2231;2154;2157;2169;2128;1977;1834;1890;1728;1721;1727;1702
20;2493;2561;2475;2403;2234;2199;2190;2216;2137;2143;2163;2114;1960;1819;1882;1715;1702;1711
21;2580;2464;2546;2439;2377;2217;2186;2178;2212;2119;2138;2157;2112;1953;1811;1864;1710;1691
22;2561;2536;2435;2508;2426;2344;2200;2161;2178;2214;2112;2134;2138;2100;1949;1795;1848;1687
23;2570;2548;2506;2406;2471;2419;2340;2195;2159;2189;2211;2100;2113;2123;2088;1924;1784;1819
24;2626;2525;2520;2464;2364;2445;2398;2319;2181;2131;2163;2193;2093;2102;2114;2063;1899;1755
25;2643;2617;2486;2496;2430;2329;2413;2372;2302;2179;2100;2128;2166;2074;2074;2083;2035;1876
26;2634;2640;2602;2471;2459;2394;2295;2368;2332;2275;2153;2087;2097;2137;2039;2011;2055;1996
27;2696;2635;2637;2557;2443;2423;2347;2245;2332;2292;2237;2143;2054;2053;2094;1989;1969;1990
28;2634;2703;2605;2563;2500;2393;2385;2293;2201;2298;2260;2197;2103;2019;2017;2076;1963;1943
29;2682;2618;2662;2525;2537;2454;2385;2358;2266;2158;2261;2229;2129;2056;1983;1977;2029;1896
30;2824;2674;2555;2620;2462;2516;2425;2347;2339;2238;2135;2210;2188;2090;2014;1951;1938;1978
31;2816;2793;2617;2493;2571;2412;2496;2405;2321;2301;2195;2084;2188;2134;2054;1986;1914;1905
32;2771;2743;2693;2516;2413;2496;2349;2444;2352;2251;2240;2165;2052;2140;2119;2031;1953;1890
33;2684;2750;2693;2624;2454;2364;2450;2324;2418;2330;2209;2209;2129;2010;2125;2093;1998;1915
34;2794;2672;2727;2670;2622;2460;2366;2454;2319;2414;2321;2190;2190;2103;2016;2104;2064;1985
35;2846;2792;2669;2684;2654;2621;2471;2397;2445;2332;2399;2284;2177;2147;2079;2009;2104;2057
36;2740;2856;2775;2648;2692;2646;2624;2483;2381;2432;2311;2387;2255;2155;2113;2063;1978;2083
37;2973;2739;2835;2749;2636;2667;2634;2605;2470;2377;2411;2298;2355;2243;2143;2112;2044;1977
38;2861;2955;2722;2809;2753;2626;2653;2608;2601;2455;2355;2374;2299;2343;2226;2125;2090;2029
39;2837;2844;2945;2706;2808;2734;2638;2645;2614;2599;2452;2344;2359;2291;2344;2217;2111;2081
40;2716;2831;2827;2925;2699;2811;2717;2636;2638;2595;2596;2436;2334;2356;2277;2329;2218;2096
41;2775;2700;2821;2811;2911;2691;2823;2717;2646;2638;2598;2588;2421;2329;2356;2263;2326;2218
42;2646;2756;2688;2815;2794;2903;2693;2822;2708;2642;2627;2580;2592;2411;2324;2335;2254;2312
43;2459;2625;2745;2667;2804;2793;2915;2687;2815;2705;2640;2609;2571;2590;2407;2317;2324;2260
44;2492;2452;2636;2725;2671;2808;2787;2910;2692;2818;2706;2630;2592;2567;2599;2403;2304;2310
45;2469;2496;2442;2620;2719;2657;2795;2791;2909;2697;2816;2709;2620;2592;2566;2590;2398;2299
46;2477;2467;2493;2437;2615;2709;2660;2794;2786;2920;2695;2800;2702;2609;2580;2554;2579;2381
47;2454;2465;2462;2486;2436;2604;2704;2650;2787;2776;2918;2692;2794;2703;2606;2571;2537;2572
48;2242;2448;2451;2429;2485;2431;2604;2686;2647;2785;2778;2917;2683;2795;2696;2599;2561;2529
49;2174;2232;2440;2435;2420;2480;2437;2600;2664;2660;2780;2774;2900;2680;2788;2686;2584;2553
50;2380;2150;2236;2446;2425;2418;2476;2431;2586;2657;2645;2769;2771;2894;2670;2787;2683;2572
51;2411;2359;2141;2228;2435;2417;2422;2482;2425;2579;2651;2634;2773;2775;2893;2674;2773;2669
52;2283;2393;2340;2124;2221;2425;2417;2415;2485;2422;2568;2640;2627;2767;2768;2888;2663;2766
53;2341;2288;2396;2321;2120;2217;2430;2404;2414;2481;2420;2570;2631;2630;2763;2761;2883;2660
54;2270;2333;2280;2382;2303;2113;2218;2420;2387;2413;2472;2412;2575;2621;2624;2750;2753;2869
55;2162;2263;2332;2269;2381;2293;2105;2212;2421;2376;2411;2467;2407;2562;2614;2614;2738;2741
56;1728;2163;2269;2328;2255;2365;2282;2091;2205;2419;2370;2397;2460;2405;2562;2612;2604;2735
57;1707;1716;2155;2254;2323;2248;2351;2278;2086;2204;2407;2366;2384;2460;2396;2553;2602;2589
58;1788;1694;1707;2158;2239;2316;2253;2336;2275;2074;2197;2401;2357;2379;2457;2386;2547;2581
59;1848;1774;1690;1708;2160;2238;2309;2245;2319;2268;2061;2197;2396;2351;2373;2445;2384;2544
60;1722;1847;1778;1684;1702;2150;2229;2308;2236;2324;2258;2051;2185;2391;2334;2364;2423;2378
61;2033;1720;1835;1769;1668;1677;2150;2226;2312;2232;2319;2257;2044;2183;2387;2335;2356;2423
62;1920;2011;1710;1823;1759;1658;1671;2158;2224;2312;2223;2300;2249;2036;2171;2379;2321;2346
63;1859;1924;1993;1701;1811;1742;1646;1656;2161;2219;2301;2208;2294;2235;2027;2170;2362;2299
64;1871;1854;1918;1973;1679;1798;1732;1632;1641;2145;2210;2287;2197;2284;2225;2019;2166;2353
65;1927;1863;1843;1918;1956;1666;1779;1725;1624;1626;2130;2195;2277;2185;2271;2212;2021;2155
66;2009;1910;1848;1829;1904;1939;1651;1777;1709;1627;1610;2120;2178;2262;2171;2257;2190;2006
67;2013;1998;1895;1834;1821;1887;1919;1634;1761;1698;1607;1601;2101;2154;2244;2147;2230;2176
68;2033;1993;1980;1881;1819;1793;1870;1895;1618;1741;1680;1591;1577;2083;2138;2224;2136;2224
69;2068;2019;1965;1958;1865;1799;1781;1847;1873;1599;1724;1673;1573;1568;2062;2107;2192;2107
70;2034;2047;1995;1937;1926;1835;1793;1762;1820;1854;1581;1706;1644;1560;1547;2039;2083;2176
71;1996;2010;2026;1971;1915;1907;1812;1761;1732;1802;1824;1553;1683;1630;1533;1525;2020;2059
72;1911;1963;1980;1992;1932;1889;1876;1783;1739;1710;1773;1794;1527;1649;1614;1523;1509;1996
73;1807;1884;1918;1949;1968;1901;1861;1843;1735;1714;1690;1742;1772;1507;1620;1597;1490;1480
74;1758;1782;1828;1885;1911;1944;1860;1824;1805;1710;1672;1666;1711;1753;1483;1604;1569;1459
75;1690;1720;1757;1791;1845;1883;1891;1826;1787;1780;1684;1644;1630;1675;1726;1461;1565;1533
76;1683;1669;1675;1738;1747;1815;1835;1840;1782;1747;1730;1647;1614;1587;1650;1700;1425;1537
77;1572;1638;1620;1628;1707;1688;1775;1807;1787;1726;1700;1692;1622;1577;1542;1612;1666;1401
78;1482;1512;1565;1579;1581;1645;1625;1722;1746;1730;1685;1669;1652;1578;1537;1505;1549;1625
79;1366;1436;1459;1510;1509;1530;1582;1573;1655;1688;1681;1653;1630;1616;1534;1486;1456;1492
80;1337;1317;1346;1395;1443;1444;1453;1515;1515;1591;1612;1613;1603;1569;1561;1491;1436;1409
81;1291;1283;1258;1288;1324;1355;1358;1405;1433;1444;1523;1544;1542;1534;1508;1500;1426;1387
82;821;1257;1219;1183;1233;1262;1301;1295;1331;1365;1368;1453;1463;1467;1453;1447;1440;1354
83;535;753;1207;1150;1105;1158;1192;1240;1215;1253;1272;1294;1374;1394;1390;1373;1368;1359
84;592;499;701;1120;1060;1043;1077;1082;1188;1152;1171;1202;1226;1285;1319;1296;1279;1274
85;629;544;449;639;1021;972;961;992;990;1094;1090;1083;1131;1143;1205;1227;1218;1204
86;727;580;508;414;570;937;902;878;886;918;1009;1011;967;1029;1056;1129;1133;1110
87;606;650;521;457;368;519;832;821;802;800;835;908;910;883;934;967;1014;1030
88;588;521;555;470;406;337;465;742;714;707;716;752;823;831;801;846;869;919
89;460;483;406;472;408;373;294;402;671;637;591;633;672;719;727;733;759;773
90;353;401;400;343;404;354;325;260;344;601;559;513;560;590;632;627;648;642
91;293;299;332;347;297;333;307;266;221;309;524;461;427;488;494;540;544;552
92;254;230;247;271;280;257;268;253;208;172;260;422;397;353;384;417;463;455
93;169;199;174;211;217;232;206;228;206;158;142;210;351;331;285;323;338;373
94;135;134;158;135;160;174;200;165;187;159;130;110;173;288;269;231;258;277
95;101;99;91;112;109;127;134;155;132;167;123;105;91;135;213;214;173;201
96;64;75;69;66;86;84;90;106;116;99;119;85;80;75;106;168;158;137
97;59;44;61;54;46;57;64;62;70;93;75;93;58;60;66;85;126;119
98;30;46;29;50;39;37;44;56;47;55;68;50;61;46;42;45;63;93
99;17;18;29;23;32;29;26;28;37;30;47;39;29;40;36;28;33;45
100 e oltre;34;34;39;44;40;43;47;47;51;56;61;67;68;68;64;59;54;52
Totale;187666;187051;186116;184965;183948;183100;182544;181889;181104;180532;179547;178533;177468;176415;175398;174310;172900;171329

"Ricostruzione della popolazione intercensuaria - Popolazione al 1° gennaio per età"
"Cittadinanza straniera - Provincia: Catanzaro"
Età/Anno;2002;2003;2004;2005;2006;2007;2008;2009;2010;2011;2012;2013;2014;2015;2016;2017;2018;2019
Età;Totale
0;35;49;53;75;73;79;103;130;140;129;155;215;207;193;195;216;231;189
1;44;36;49;56;76;76;93;107;136;144;132;175;212;209;212;202;219;247
2;42;45;53;54;66;71;87;102;111;140;137;146;192;215;201;215;194;201
3;35;40;56;57;58;75;98;98;111;114;149;151;153;203;210;198;213;192
4;33;41;50;60;64;60;78;105;103;121;127;165;172;160;209;210;183;197
5;41;36;51;55;68;62;83;92;119;118;135;140;159;171;163;221;211;182
6;41;38;44;58;68;73;89;95;96;124;133;145;161;159;170;158;222;207
7;34;41;41;53;65;67;89;103;107;113;136;147;153;168;164;179;165;214
8;31;40;47;47;66;63;85;99;105;116;121;150;162;168;171;163;168;154
9;27;38;51;50;66;63;87;96;116;113;132;128;152;150;170;167;169;178
10;36;37;45;56;54;70;79;96;110;125;129;134;139;156;139;177;169;165
11;44;35;49;52;68;59;94;87;113;118;140;138;148;140;159;139;184;172
12;33;55;41;55;65;72;68;101;100;119;127;154;140;139;152;151;148;177
13;42;32;68;48;64;67;84;83;107;103;130;135;168;143;138;155;159;157
14;35;41;35;74;58;68;80;95;99;113;120;131;143;174;155;143;151;160
15;46;35;55;38;88;68;77;103;107;112;122;123;137;148;173;156;157;159
16;49;50;50;63;46;89;86;91;118;129;128;132;129;143;153;186;159;169
17;49;43;61;53;76;51;109;121;103;127;159;146;138;146;158;184;214;172
18;48;53;54;64;62;87;70;132;134;135;136;167;162;147;170;239;263;227
19;41;47;63;66;71;72;126;90;160;153;145;157;180;178;181;244;323;293
20;49;39;66;76;61;72;116;155;119;193;179;178;179;203;215;243;291;332
21;57;41;46;69;86;56;128;160;178;159;208;204;219;198;224;249;290;280
22;56;54;64;57;76;85;116;168;195;219;196;258;222;253;229;268;298;297
23;72;55;85;89;74;88;128;159;204;231;250;229;292;252;285;257;292;295
24;68;72;86;105;99;78;163;176;190;246;259;304;271;317;283;332;295;302
25;75;71;113;102;113;112;136;213;202;224;269;308;340;300;353;313;355;302
26;90;72;117;117;94;123;162;192;252;247;267;317;348;369;338;382;329;350
27;93;99;141;117;136;106;170;216;225;286;290;319;345;368;394;359;398;323
28;89;110;151;187;144;143;174;225;242;263;322;312;331;358;396;420;379;394
29;97;110;172;174;173;156;207;210;246;280;299;362;343;351;386;418;427;387
30;106;118;166;197;188;178;238;252;236;260;315;332;398;361;373;438;444;424
31;117;114;181;173;199;185;236;267;267;259;281;349;378;407;387;418;430;437
32;119;114;158;185;176;184;230;264;284;298;282;313;372;384;428;409;410;412
33;122;113;157;158;204;158;213;247;265;300;308;312;346;374;394;443;410;390
34;94;116;148;162;160;195;198;244;259;294;315;329;351;370;407;399;452;410
35;114;99;143;153;157;144;203;225;257;264;309;338;354;374;389;418;398;415
36;97;107;127;150;153;158;184;223;248;257;277;334;348;371;388;405;415;387
37;92;95;131;136;148;154;203;207;239;281;285;308;359;360;384;406;400;408
38;124;87;120;130;126;149;205;233;217;261;298;309;336;361;361;396;409;395
39;74;112;142;129;131;122;196;233;249;249;280;309;319;342;367;362;391;398
40;75;73;142;139;130;130;159;217;248;281;261;311;310;329;351;375;367;393
41;105;73;104;154;144;126;143;195;233;256;287;287;324;311;326;346;360;371
42;88;100;102;123;147;144;164;150;203;254;264;309;306;328;321;330;355;364
43;91;82;111;121;116;130;171;158;154;217;256;271;319;301;324;315;316;355
44;54;88;101;135;125;118;165;189;168;168;221;267;276;316;307;328;322;308
45;64;51;110;119;141;125;145;172;201;181;178;241;272;271;320;299;324;320
46;61;62;83;126;112;138;133;157;184;206;182;191;251;285;281;333;302;319
47;53;60;84;95;127;112;170;152;165;193;205;187;199;252;283;288;324;297
48;48;60;77;87;100;119;144;180;164;168;199;212;191;209;258;277;298;317
49;65;51;75;80;90;90;134;158;172;179;179;216;230;195;210;263;282;289
50;32;62;62;92;84;87;98;153;163;179;186;183;224;224;196;212;260;277
51;50;28;81;62;89;80;104;109;165;179;186;198;200;228;232;193;218;261
52;33;44;41;90;63;78;97;110;121;171;184;192;206;195;227;228;196;227
53;33;27;57;51;83;65;94;106;115;128;175;185;191;203;195;224;228;198
54;16;33;33;56;56;88;76;111;107;111;138;178;192;192;202;195;228;224
55;23;17;36;33;55;54;82;80;112;101;113;138;180;191;192;203;196;219
56;28;25;25;38;30;56;54;88;86;110;106;108;144;187;190;191;190;192
57;13;25;28;25;35;31;58;54;84;94;108;111;117;147;186;200;190;182
58;16;15;28;34;29;31;35;62;61;87;91;106;113;119;146;184;195;188
59;15;16;22;31;34;29;35;33;63;60;87;94;108;114;120;143;175;187
60;17;15;20;19;28;27;30;40;36;69;60;90;101;114;120;124;148;169
61;15;19;17;19;24;23;26;29;42;40;73;62;101;103;112;123;121;139
62;10;16;20;19;22;23;27;28;30;40;44;72;67;101;104;106;124;124
63;11;10;18;23;19;19;24;28;34;31;39;46;73;67;98;108;108;119
64;8;15;15;18;20;20;19;24;26;33;34;41;60;78;66;100;107;104
65;7;6;15;14;18;18;21;18;27;26;32;35;41;58;76;64;95;107
66;14;7;8;16;16;17;19;20;18;24;29;34;38;43;58;73;64;98
67;8;18;8;8;16;15;18;16;15;18;26;28;36;37;46;58;68;64
68;4;7;17;8;13;16;12;19;20;15;18;29;31;40;36;47;53;71
69;5;4;13;16;10;15;15;13;18;20;19;18;28;31;37;35;46;57
70;2;6;7;13;15;8;15;13;14;18;18;19;18;26;29;38;36;46
71;12;2;5;8;12;14;10;16;12;10;19;18;20;16;26;28;40;36
72;6;11;5;9;7;10;14;8;17;16;10;20;18;22;16;24;29;41
73;9;5;11;6;9;6;6;13;9;16;16;13;21;18;18;16;26;27
74;1;6;5;8;6;8;6;5;13;9;15;15;14;18;18;20;17;27
75;3;1;11;5;9;5;8;4;7;14;10;15;16;13;20;17;19;15
76;4;3;1;9;3;8;4;8;7;6;15;10;19;16;12;17;13;19
77;1;5;4;2;5;2;8;4;7;5;6;14;11;19;16;11;18;13
78;1;2;6;5;2;5;1;7;3;7;5;7;15;11;18;15;12;17
79;0;1;2;7;4;3;7;1;8;2;7;6;9;15;12;18;14;13
80;0;1;2;3;5;4;3;6;2;8;3;7;6;10;13;12;17;14
81;2;0;1;3;5;5;5;2;5;2;8;3;7;6;10;12;12;14
82;0;5;1;1;1;5;6;5;2;3;2;7;4;6;6;10;12;11
83;0;0;3;1;0;1;7;3;5;2;3;2;7;4;6;6;9;12
84;1;0;0;2;1;0;1;7;3;5;2;4;2;7;3;6;6;9
85;0;1;0;1;2;2;0;1;6;2;4;2;3;3;7;3;6;6
86;1;0;1;0;1;2;1;0;1;6;2;4;3;4;3;5;3;4
87;0;1;0;1;0;1;2;1;0;0;4;2;4;4;3;3;5;4
88;1;1;1;0;1;0;2;2;0;0;0;3;2;4;4;4;3;5
89;1;2;2;1;0;0;0;2;1;0;0;0;2;2;3;4;4;2
90;1;1;2;1;1;0;0;0;1;1;0;0;0;2;2;2;4;4
91;0;1;1;2;1;1;0;0;0;1;0;0;0;0;2;2;1;2
92;0;0;1;1;2;1;0;0;0;0;1;0;0;0;0;2;2;1
93;0;0;1;1;1;2;1;0;0;0;0;1;0;0;0;0;2;2
94;0;0;0;0;1;1;2;1;0;0;0;0;1;0;0;0;0;2
95;0;0;0;0;1;1;1;2;1;0;0;0;0;1;0;0;0;0
96;0;0;1;0;0;2;0;1;2;1;0;0;0;0;1;0;0;0
97;0;0;0;1;0;0;0;0;1;1;1;0;1;0;0;1;0;0
98;0;0;0;0;0;0;0;0;0;1;1;1;0;1;0;0;1;0
99;0;0;0;0;0;0;0;0;0;0;1;1;1;0;1;0;0;0
100 e oltre;0;0;0;0;0;0;0;0;0;0;0;1;2;3;2;3;2;2
Totale;3699;3794;5157;5742;6091;6159;7953;9276;10231;11312;12315;13618;14793;15483;16295;17282;17988;18038
Età/Anno;2002;2003;2004;2005;2006;2007;2008;2009;2010;2011;2012;2013;2014;2015;2016;2017;2018;2019
Età;Maschi
0;20;23;23;40;37;36;59;75;66;73;76;106;106;104;94;111;125;102
1;18;17;25;26;41;40;46;61;80;67;77;86;107;102;116;98;108;133
2;18;19;33;29;31;38;43;52;62;80;64;83;100;109;97;116;95;100
3;20;22;27;32;32;37;54;49;58;65;81;71;85;107;108;94;114;94
4;17;23;27;33;38;34;39;53;50;65;71;87;75;88;110;105;88;106
5;15;19;30;29;33;35;48;44;60;55;75;79;86;72;89;114;110;85
6;25;15;23;32;37;35;52;54;42;62;64;83;82;86;73;87;113;107
7;12;25;17;29;36;37;42;58;56;50;67;71;86;87;91;75;91;109
8;14;14;26;23;37;35;47;46;58;58;54;74;81;96;93;90;70;83
9;12;15;23;30;35;36;46;49;49;60;65;56;72;73;98;88;91;78
10;17;16;21;27;33;38;48;49;55;55;65;61;67;75;71;105;86;91
11;24;18;22;24;35;39;49;55;61;56;59;62;67;68;74;71;107;90
12;22;29;18;26;32;39;43;54;62;65;56;66;65;65;77;74;78;100
13;18;21;31;23;33;33;40;53;59;62;69;58;69;65;63;77;78;80
14;22;20;25;34;27;33;41;47;62;64;72;68;62;74;76;70;73;80
15;24;23;32;26;40;33;34;54;54;64;68;73;71;63;78;78;77;82
16;27;25;33;37;30;39;41;39;63;70;74;75;75;77;68;90;83;87
17;33;24;29;38;46;35;52;62;47;66;95;91;79;86;92;92;118;100
18;32;36;31;32;44;49;41;67;74;71;74;98;101;94;111;166;172;145
19;22;30;36;35;34;51;72;48;85;79;75;88;103;107;121;174;239;190
20;33;20;41;41;30;34;63;86;64;97;91;89;98;117;132;168;203;233
21;38;29;25;34;40;25;65;78;89;83;107;110;112;111;130;154;192;188
22;28;34;43;31;29;41;51;94;95;107;101;130;112;122;128;163;185;187
23;39;27;47;49;33;30;67;72;110;110;113;118;146;132;151;154;175;175
24;32;34;41;58;46;33;70;85;83;130;118;152;139;157;152;180;177;178
25;29;24;51;43;56;51;57;91;104;103;137;141;173;158;192;175;188;181
26;42;26;46;54;33;56;66;83;114;129;129;168;161;184;190;211;183;188
27;35;43;58;45;57;35;67;94;104;137;152;161;185;175;195;208;228;178
28;33;40;67;68;52;50;61;87;104;125;163;164;159;190;192;216;217;218
29;48;45;74;84;61;50;81;74;100;126;148;187;182;171;215;213;226;228
30;53;68;76;84;86;67;90;114;88;111;149;170;204;192;191;248;225;220
31;55;56;107;73;73;81;80;102;110;107;131;175;204;218;209;225;238;226
32;63;53;80;108;72;62;98;86;104;129;113;145;181;207;240;219;229;229
33;72;57;70;74;117;58;76;102;88;113;135;137;162;187;216;251;214;217
34;49;64;71;61;69;110;81;89;109;104;127;144;161;183;211;218;257;213
35;62;54;75;75;55;65;111;100;98;119;112;139;159;184;199;214;207;226
36;66;56;72;78;74;62;75;122;106;99;136;136;150;172;189;212;214;206
37;54;64;62;74;70;73;86;89;123;119;116;154;149;158;186;200;207;210
38;69;52;71;56;69;73;83;94;89;135;130;135;172;145;165;190;199;201
39;34;65;78;72;57;66;96;100;107;106;144;133;134;173;148;160;201;191
40;40;34;84;71;72;54;70;104;101;119;112;155;131;136;176;151;158;205
41;52;40;40;91;72;70;62;80;105;112;123;124;157;132;142;171;143;157
42;53;51;50;46;83;70;88;61;79;114;113;132;132;152;140;140;172;147
43;59;50;49;50;46;74;79;75;57;80;106;120;137;131;157;137;135;175
44;30;59;53;53;55;48;83;79;70;65;82;108;116;134;134;159;145;128
45;41;31;63;63;59;55;59;80;82;74;65;93;109;111;139;128;158;133
46;44;41;39;63;60;58;53;64;78;80;73;74;96;112;115;143;133;151
47;31;45;47;37;62;59;64;57;66;81;77;77;74;99;112;116;141;128
48;27;36;47;43;42;58;67;64;57;64;81;84;79;76;102;111;122;138
49;39;32;41;48;45;38;66;72;64;60;64;92;84;80;78;103;116;119
50;19;38;35;43;46;44;38;71;69;68;62;64;95;83;83;77;100;116
51;33;18;43;35;45;43;50;38;72;70;70;68;74;93;87;80;80;104
52;28;32;18;42;34;39;50;50;41;74;73;69;67;77;94;83;81;90
53;17;24;34;21;41;33;45;55;46;38;75;76;69;66;77;92;89;82
54;10;17;23;33;22;39;34;42;50;47;40;75;74;65;64;80;92;88
55;10;9;16;19;35;22;37;34;42;48;45;46;72;75;68;67;81;85
56;11;12;11;13;16;36;21;37;37;44;46;41;47;74;74;68;65;78
57;9;13;14;9;13;19;33;24;38;35;44;49;43;50;75;77;68;63
58;9;10;13;17;10;12;20;34;23;38;33;45;49;44;51;72;71;64
59;11;8;11;14;15;11;13;18;34;22;38;34;39;49;48;47;68;65
60;7;12;10;9;12;13;12;17;20;36;21;40;37;40;54;47;47;64
61;8;8;13;9;11;10;12;10;18;20;36;21;45;39;38;55;45;41
62;6;8;8;14;10;10;16;12;9;20;21;34;26;43;41;36;54;44
63;8;6;10;8;14;10;10;16;15;12;21;22;36;25;41;43;39;52
64;4;10;8;10;7;16;8;9;18;13;13;20;25;38;21;40;43;35
65;5;2;9;7;11;6;15;8;10;17;12;13;20;21;37;19;37;41
66;11;5;4;10;9;10;6;13;8;9;18;13;16;22;22;35;19;39
67;5;13;6;3;11;7;11;6;11;11;11;17;16;14;22;22;31;19
68;2;6;11;6;6;11;5;11;7;11;10;14;19;17;13;21;21;35
69;4;1;9;11;8;8;10;4;12;7;12;9;13;19;15;13;19;22
70;2;5;4;9;10;6;8;8;4;12;6;12;11;11;18;15;13;19
71;6;2;4;5;9;10;7;8;7;3;12;5;13;9;10;16;15;14
72;3;5;3;8;4;8;9;5;8;11;3;13;4;15;10;9;16;15
73;1;2;5;3;8;4;4;7;5;8;11;4;12;4;11;10;10;14
74;0;1;2;3;2;8;5;4;7;5;7;10;4;11;4;12;10;10
75;2;0;4;2;3;2;7;3;5;8;6;7;9;3;12;3;12;9
76;3;2;0;3;2;3;1;7;5;4;9;6;12;10;3;9;2;12
77;1;4;2;1;1;2;4;1;6;3;4;8;7;12;11;3;9;2
78;0;2;5;2;1;1;1;3;0;6;3;5;9;7;11;10;3;9
79;0;1;2;5;2;1;3;1;3;0;6;4;6;9;7;10;9;2
80;0;1;1;3;4;1;1;1;1;3;0;6;3;6;8;7;10;8
81;2;0;1;1;4;4;1;1;0;1;3;0;6;3;7;8;6;10
82;0;4;1;1;1;4;5;1;1;0;1;3;1;5;3;7;8;6
83;0;0;2;1;0;1;5;3;1;1;0;1;3;1;5;3;6;7
84;1;0;0;1;1;0;1;5;3;1;1;1;1;3;1;5;3;5
85;0;1;0;0;1;1;0;1;4;2;0;1;1;2;3;1;5;3
86;1;0;1;0;0;1;1;0;1;4;2;0;2;2;2;2;1;3
87;0;1;0;1;0;0;2;1;0;0;3;2;0;2;1;2;2;3
88;0;0;1;0;1;0;0;2;0;0;0;2;1;0;2;2;2;2
89;1;2;1;1;0;0;0;0;1;0;0;0;2;1;0;2;2;2
90;0;1;2;1;1;0;0;0;0;1;0;0;0;2;1;0;2;2
91;0;0;1;2;1;1;0;0;0;0;0;0;0;0;2;1;0;2
92;0;0;0;1;2;1;0;0;0;0;0;0;0;0;0;2;1;0
93;0;0;0;0;1;2;1;0;0;0;0;0;0;0;0;0;2;1
94;0;0;0;0;1;1;2;1;0;0;0;0;0;0;0;0;0;2
95;0;0;0;0;0;1;1;2;1;0;0;0;0;0;0;0;0;0
96;0;0;1;0;0;0;0;1;2;1;0;0;0;0;0;0;0;0
97;0;0;0;1;0;0;0;0;1;1;1;0;1;0;0;0;0;0
98;0;0;0;0;0;0;0;0;0;1;1;1;0;1;0;0;0;0
99;0;0;0;0;0;0;0;0;0;0;1;1;1;0;1;0;0;0
100 e oltre;0;0;0;0;0;0;0;0;0;0;0;1;2;3;2;3;1;1
Totale;2002;2050;2649;2820;2922;2920;3667;4222;4597;5141;5630;6346;6890;7273;7886;8529;9004;9006
Età/Anno;2002;2003;2004;2005;2006;2007;2008;2009;2010;2011;2012;2013;2014;2015;2016;2017;2018;2019
Età;Femmine
0;15;26;30;35;36;43;44;55;74;56;79;109;101;89;101;105;106;87
1;26;19;24;30;35;36;47;46;56;77;55;89;105;107;96;104;111;114
2;24;26;20;25;35;33;44;50;49;60;73;63;92;106;104;99;99;101
3;15;18;29;25;26;38;44;49;53;49;68;80;68;96;102;104;99;98
4;16;18;23;27;26;26;39;52;53;56;56;78;97;72;99;105;95;91
5;26;17;21;26;35;27;35;48;59;63;60;61;73;99;74;107;101;97
6;16;23;21;26;31;38;37;41;54;62;69;62;79;73;97;71;109;100
7;22;16;24;24;29;30;47;45;51;63;69;76;67;81;73;104;74;105
8;17;26;21;24;29;28;38;53;47;58;67;76;81;72;78;73;98;71
9;15;23;28;20;31;27;41;47;67;53;67;72;80;77;72;79;78;100
10;19;21;24;29;21;32;31;47;55;70;64;73;72;81;68;72;83;74
11;20;17;27;28;33;20;45;32;52;62;81;76;81;72;85;68;77;82
12;11;26;23;29;33;33;25;47;38;54;71;88;75;74;75;77;70;77
13;24;11;37;25;31;34;44;30;48;41;61;77;99;78;75;78;81;77
14;13;21;10;40;31;35;39;48;37;49;48;63;81;100;79;73;78;80
15;22;12;23;12;48;35;43;49;53;48;54;50;66;85;95;78;80;77
16;22;25;17;26;16;50;45;52;55;59;54;57;54;66;85;96;76;82
17;16;19;32;15;30;16;57;59;56;61;64;55;59;60;66;92;96;72
18;16;17;23;32;18;38;29;65;60;64;62;69;61;53;59;73;91;82
19;19;17;27;31;37;21;54;42;75;74;70;69;77;71;60;70;84;103
20;16;19;25;35;31;38;53;69;55;96;88;89;81;86;83;75;88;99
21;19;12;21;35;46;31;63;82;89;76;101;94;107;87;94;95;98;92
22;28;20;21;26;47;44;65;74;100;112;95;128;110;131;101;105;113;110
23;33;28;38;40;41;58;61;87;94;121;137;111;146;120;134;103;117;120
24;36;38;45;47;53;45;93;91;107;116;141;152;132;160;131;152;118;124
25;46;47;62;59;57;61;79;122;98;121;132;167;167;142;161;138;167;121
26;48;46;71;63;61;67;96;109;138;118;138;149;187;185;148;171;146;162
27;58;56;83;72;79;71;103;122;121;149;138;158;160;193;199;151;170;145
28;56;70;84;119;92;93;113;138;138;138;159;148;172;168;204;204;162;176
29;49;65;98;90;112;106;126;136;146;154;151;175;161;180;171;205;201;159
30;53;50;90;113;102;111;148;138;148;149;166;162;194;169;182;190;219;204
31;62;58;74;100;126;104;156;165;157;152;150;174;174;189;178;193;192;211
32;56;61;78;77;104;122;132;178;180;169;169;168;191;177;188;190;181;183
33;50;56;87;84;87;100;137;145;177;187;173;175;184;187;178;192;196;173
34;45;52;77;101;91;85;117;155;150;190;188;185;190;187;196;181;195;197
35;52;45;68;78;102;79;92;125;159;145;197;199;195;190;190;204;191;189
36;31;51;55;72;79;96;109;101;142;158;141;198;198;199;199;193;201;181
37;38;31;69;62;78;81;117;118;116;162;169;154;210;202;198;206;193;198
38;55;35;49;74;57;76;122;139;128;126;168;174;164;216;196;206;210;194
39;40;47;64;57;74;56;100;133;142;143;136;176;185;169;219;202;190;207
40;35;39;58;68;58;76;89;113;147;162;149;156;179;193;175;224;209;188
41;53;33;64;63;72;56;81;115;128;144;164;163;167;179;184;175;217;214
42;35;49;52;77;64;74;76;89;124;140;151;177;174;176;181;190;183;217
43;32;32;62;71;70;56;92;83;97;137;150;151;182;170;167;178;181;180
44;24;29;48;82;70;70;82;110;98;103;139;159;160;182;173;169;177;180
45;23;20;47;56;82;70;86;92;119;107;113;148;163;160;181;171;166;187
46;17;21;44;63;52;80;80;93;106;126;109;117;155;173;166;190;169;168
47;22;15;37;58;65;53;106;95;99;112;128;110;125;153;171;172;183;169
48;21;24;30;44;58;61;77;116;107;104;118;128;112;133;156;166;176;179
49;26;19;34;32;45;52;68;86;108;119;115;124;146;115;132;160;166;170
50;13;24;27;49;38;43;60;82;94;111;124;119;129;141;113;135;160;161
51;17;10;38;27;44;37;54;71;93;109;116;130;126;135;145;113;138;157
52;5;12;23;48;29;39;47;60;80;97;111;123;139;118;133;145;115;137
53;16;3;23;30;42;32;49;51;69;90;100;109;122;137;118;132;139;116
54;6;16;10;23;34;49;42;69;57;64;98;103;118;127;138;115;136;136
55;13;8;20;14;20;32;45;46;70;53;68;92;108;116;124;136;115;134
56;17;13;14;25;14;20;33;51;49;66;60;67;97;113;116;123;125;114
57;4;12;14;16;22;12;25;30;46;59;64;62;74;97;111;123;122;119
58;7;5;15;17;19;19;15;28;38;49;58;61;64;75;95;112;124;124
59;4;8;11;17;19;18;22;15;29;38;49;60;69;65;72;96;107;122
60;10;3;10;10;16;14;18;23;16;33;39;50;64;74;66;77;101;105
61;7;11;4;10;13;13;14;19;24;20;37;41;56;64;74;68;76;98
62;4;8;12;5;12;13;11;16;21;20;23;38;41;58;63;70;70;80
63;3;4;8;15;5;9;14;12;19;19;18;24;37;42;57;65;69;67
64;4;5;7;8;13;4;11;15;8;20;21;21;35;40;45;60;64;69
65;2;4;6;7;7;12;6;10;17;9;20;22;21;37;39;45;58;66
66;3;2;4;6;7;7;13;7;10;15;11;21;22;21;36;38;45;59
67;3;5;2;5;5;8;7;10;4;7;15;11;20;23;24;36;37;45
68;2;1;6;2;7;5;7;8;13;4;8;15;12;23;23;26;32;36
69;1;3;4;5;2;7;5;9;6;13;7;9;15;12;22;22;27;35
70;0;1;3;4;5;2;7;5;10;6;12;7;7;15;11;23;23;27
71;6;0;1;3;3;4;3;8;5;7;7;13;7;7;16;12;25;22
72;3;6;2;1;3;2;5;3;9;5;7;7;14;7;6;15;13;26
73;8;3;6;3;1;2;2;6;4;8;5;9;9;14;7;6;16;13
74;1;5;3;5;4;0;1;1;6;4;8;5;10;7;14;8;7;17
75;1;1;7;3;6;3;1;1;2;6;4;8;7;10;8;14;7;6
76;1;1;1;6;1;5;3;1;2;2;6;4;7;6;9;8;11;7
77;0;1;2;1;4;0;4;3;1;2;2;6;4;7;5;8;9;11
78;1;0;1;3;1;4;0;4;3;1;2;2;6;4;7;5;9;8
79;0;0;0;2;2;2;4;0;5;2;1;2;3;6;5;8;5;11
80;0;0;1;0;1;3;2;5;1;5;3;1;3;4;5;5;7;6
81;0;0;0;2;1;1;4;1;5;1;5;3;1;3;3;4;6;4
82;0;1;0;0;0;1;1;4;1;3;1;4;3;1;3;3;4;5
83;0;0;1;0;0;0;2;0;4;1;3;1;4;3;1;3;3;5
84;0;0;0;1;0;0;0;2;0;4;1;3;1;4;2;1;3;4
85;0;0;0;1;1;1;0;0;2;0;4;1;2;1;4;2;1;3
86;0;0;0;0;1;1;0;0;0;2;0;4;1;2;1;3;2;1
87;0;0;0;0;0;1;0;0;0;0;1;0;4;2;2;1;3;1
88;1;1;0;0;0;0;2;0;0;0;0;1;1;4;2;2;1;3
89;0;0;1;0;0;0;0;2;0;0;0;0;0;1;3;2;2;0
90;1;0;0;0;0;0;0;0;1;0;0;0;0;0;1;2;2;2
91;0;1;0;0;0;0;0;0;0;1;0;0;0;0;0;1;1;0
92;0;0;1;0;0;0;0;0;0;0;1;0;0;0;0;0;1;1
93;0;0;1;1;0;0;0;0;0;0;0;1;0;0;0;0;0;1
94;0;0;0;0;0;0;0;0;0;0;0;0;1;0;0;0;0;0
95;0;0;0;0;1;0;0;0;0;0;0;0;0;1;0;0;0;0
96;0;0;0;0;0;2;0;0;0;0;0;0;0;0;1;0;0;0
97;0;0;0;0;0;0;0;0;0;0;0;0;0;0;0;1;0;0
98;0;0;0;0;0;0;0;0;0;0;0;0;0;0;0;0;1;0
99;0;0;0;0;0;0;0;0;0;0;0;0;0;0;0;0;0;0
100 e oltre;0;0;0;0;0;0;0;0;0;0;0;0;0;0;0;0;1;1
Totale;1697;1744;2508;2922;3169;3239;4286;5054;5634;6171;6685;7272;7903;8210;8409;8753;8984;9032
