"Popolazione per età, vista per singola area - Provincia: Gorizia"

"Ricostruzione della popolazione intercensuaria - Popolazione al 1° gennaio per età"
"Tutte le cittadinanze - Provincia: Gorizia"
Età/Anno;2002;2003;2004;2005;2006;2007;2008;2009;2010;2011;2012;2013;2014;2015;2016;2017;2018;2019
Età;Totale
0;1122;1115;1116;1117;1117;1138;1159;1162;1067;1093;1070;1034;970;945;990;955;945;895
1;1073;1139;1113;1125;1117;1118;1153;1164;1163;1082;1116;1075;1048;979;960;1009;950;966
2;985;1081;1163;1118;1146;1113;1157;1176;1170;1156;1092;1117;1090;1057;985;963;1019;963
3;1033;1010;1101;1199;1138;1132;1125;1159;1167;1160;1168;1098;1133;1095;1051;991;962;1030
4;1013;1054;1029;1115;1208;1139;1156;1122;1165;1168;1185;1156;1104;1140;1118;1046;997;987
5;1042;1030;1077;1047;1133;1211;1151;1165;1134;1163;1177;1199;1161;1108;1132;1131;1047;1008
6;986;1057;1048;1081;1069;1145;1233;1154;1175;1140;1176;1181;1208;1168;1108;1151;1138;1063
7;960;1002;1069;1050;1097;1084;1176;1240;1154;1171;1149;1179;1182;1208;1165;1099;1170;1147
8;978;964;1018;1077;1066;1103;1109;1186;1253;1158;1189;1146;1188;1179;1208;1172;1107;1178
9;1021;1000;976;1020;1091;1073;1117;1134;1210;1247;1160;1182;1151;1200;1191;1202;1189;1122
10;1022;1031;1001;986;1037;1108;1097;1134;1136;1212;1248;1165;1174;1146;1200;1202;1194;1184
11;972;1036;1046;1013;1002;1041;1114;1103;1143;1141;1215;1250;1177;1188;1142;1188;1211;1199
12;1022;989;1046;1064;1029;1019;1051;1128;1110;1144;1147;1212;1255;1185;1186;1133;1191;1209
13;924;1035;1006;1054;1074;1044;1056;1058;1124;1114;1146;1152;1213;1262;1175;1183;1143;1189
14;853;941;1038;1005;1068;1091;1048;1076;1068;1120;1127;1148;1149;1213;1250;1175;1183;1153
15;874;859;957;1056;1023;1089;1116;1060;1098;1064;1130;1130;1150;1145;1220;1240;1183;1186
16;891;879;853;961;1077;1031;1102;1128;1068;1109;1073;1128;1128;1160;1144;1219;1239;1194
17;988;896;893;879;973;1096;1051;1131;1138;1075;1112;1074;1128;1126;1168;1138;1221;1246
18;938;1010;905;918;911;999;1117;1087;1138;1136;1089;1105;1073;1134;1125;1182;1145;1234
19;1008;959;1019;929;943;938;1031;1152;1101;1157;1142;1096;1101;1092;1146;1146;1195;1162
20;1119;1027;976;1029;956;954;965;1059;1178;1122;1159;1141;1111;1130;1117;1165;1160;1222
21;1145;1141;1034;1007;1049;976;991;1006;1084;1197;1128;1175;1157;1140;1153;1133;1197;1191
22;1241;1185;1185;1077;1016;1076;1016;1034;1031;1085;1211;1154;1183;1168;1147;1155;1149;1219
23;1480;1296;1213;1234;1099;1028;1113;1042;1066;1063;1103;1217;1192;1198;1203;1164;1170;1188
24;1488;1534;1356;1252;1277;1159;1054;1136;1075;1080;1070;1135;1217;1210;1209;1210;1187;1197
25;1669;1539;1588;1417;1283;1322;1189;1101;1162;1102;1097;1098;1149;1232;1224;1214;1227;1205
26;1871;1701;1588;1637;1424;1331;1346;1241;1143;1145;1112;1126;1116;1177;1239;1254;1241;1254
27;2041;1912;1762;1629;1693;1482;1339;1397;1272;1162;1166;1126;1123;1136;1199;1240;1283;1271
28;2121;2080;1949;1804;1659;1688;1507;1350;1415;1282;1170;1193;1182;1188;1172;1221;1259;1294
29;2229;2140;2159;1980;1844;1687;1708;1532;1369;1405;1289;1196;1230;1197;1206;1167;1227;1301
30;2178;2292;2160;2215;2009;1856;1726;1717;1536;1370;1418;1317;1240;1256;1195;1224;1199;1257
31;2195;2202;2323;2211;2219;1999;1865;1745;1723;1499;1362;1422;1335;1273;1274;1213;1238;1220
32;2262;2217;2230;2346;2227;2208;2031;1881;1755;1719;1479;1394;1443;1339;1272;1296;1242;1269
33;2132;2311;2245;2238;2352;2242;2221;2039;1860;1743;1693;1504;1413;1454;1360;1285;1316;1287
34;2218;2176;2340;2246;2230;2353;2267;2209;2025;1809;1747;1690;1533;1441;1455;1368;1326;1347
35;2288;2249;2192;2364;2282;2244;2348;2266;2220;2016;1822;1726;1711;1530;1442;1452;1416;1326
36;2350;2337;2282;2226;2372;2295;2274;2360;2267;2229;2003;1831;1783;1713;1526;1451;1467;1454
37;2343;2385;2346;2332;2241;2352;2292;2275;2360;2246;2217;2010;1847;1785;1713;1553;1469;1494
38;2212;2383;2417;2331;2336;2243;2375;2319;2290;2370;2243;2242;2019;1862;1786;1708;1571;1500
39;2113;2240;2400;2445;2352;2340;2281;2397;2314;2268;2345;2240;2277;2013;1830;1766;1715;1610
40;2105;2141;2258;2445;2436;2363;2368;2304;2396;2320;2275;2369;2244;2293;2022;1851;1776;1747
41;2036;2119;2153;2273;2454;2441;2379;2385;2310;2399;2294;2287;2370;2247;2289;2016;1847;1798
42;1910;2060;2137;2172;2292;2452;2467;2398;2411;2316;2381;2296;2322;2382;2249;2280;2017;1862
43;1810;1933;2084;2158;2177;2294;2478;2464;2416;2419;2313;2371;2309;2332;2377;2252;2278;2037
44;1737;1829;1963;2097;2181;2180;2330;2493;2466;2405;2423;2319;2378;2304;2326;2357;2262;2283
45;1732;1749;1850;1973;2106;2183;2183;2342;2506;2491;2414;2424;2325;2388;2314;2326;2347;2251
46;1715;1742;1769;1855;1993;2103;2193;2207;2348;2507;2494;2425;2437;2336;2376;2310;2310;2342
47;1690;1733;1755;1785;1853;1999;2120;2207;2213;2349;2498;2492;2427;2432;2327;2387;2307;2312
48;1773;1699;1746;1773;1792;1870;2004;2121;2191;2204;2340;2501;2484;2421;2421;2325;2394;2316
49;1664;1798;1709;1756;1777;1794;1885;2009;2133;2195;2188;2334;2525;2470;2401;2409;2321;2403
50;1782;1673;1823;1716;1773;1783;1817;1882;2009;2129;2184;2207;2351;2525;2470;2397;2402;2319
51;1784;1791;1684;1838;1724;1771;1796;1831;1902;1989;2126;2183;2186;2339;2535;2453;2386;2401
52;1915;1799;1798;1694;1851;1731;1782;1790;1845;1909;1985;2126;2179;2183;2314;2514;2423;2401
53;2119;1908;1811;1804;1702;1846;1736;1778;1791;1838;1906;1975;2122;2179;2173;2306;2514;2427
54;2157;2134;1913;1815;1803;1694;1852;1736;1777;1783;1834;1899;1972;2106;2174;2174;2306;2496
55;2182;2155;2134;1912;1819;1806;1696;1837;1739;1783;1774;1831;1898;1965;2100;2159;2162;2311
56;1455;2186;2164;2127;1914;1816;1797;1681;1831;1747;1792;1766;1851;1898;1954;2097;2151;2146
57;1883;1456;2190;2172;2114;1919;1810;1791;1671;1827;1737;1787;1764;1841;1887;1950;2082;2140
58;1817;1874;1447;2193;2164;2121;1917;1802;1779;1669;1811;1728;1771;1761;1830;1881;1942;2076
59;1837;1813;1883;1444;2186;2157;2122;1923;1807;1772;1662;1801;1716;1771;1760;1819;1870;1925
60;1994;1843;1821;1875;1438;2182;2155;2108;1915;1810;1769;1649;1794;1701;1775;1741;1810;1859
61;2205;1987;1840;1810;1872;1437;2168;2145;2107;1898;1792;1762;1652;1779;1693;1771;1731;1782
62;2028;2187;1972;1826;1809;1868;1428;2152;2124;2094;1881;1791;1757;1644;1759;1685;1758;1718
63;1994;2025;2166;1974;1806;1796;1857;1433;2147;2119;2068;1878;1785;1748;1620;1750;1670;1744
64;1856;1985;2004;2156;1966;1797;1789;1843;1417;2126;2095;2050;1869;1768;1733;1602;1739;1661
65;1742;1848;1969;2002;2142;1956;1775;1780;1838;1407;2106;2079;2032;1849;1743;1716;1585;1726
66;1715;1729;1837;1956;1992;2120;1943;1764;1771;1826;1392;2083;2042;2005;1840;1721;1699;1567
67;1621;1693;1692;1806;1940;1989;2093;1916;1734;1754;1806;1383;2071;2014;1981;1811;1719;1678
68;1569;1603;1663;1682;1797;1906;1954;2080;1893;1724;1732;1791;1364;2047;1991;1960;1789;1699
69;1621;1560;1566;1638;1655;1777;1891;1922;2053;1872;1702;1713;1768;1344;2008;1963;1941;1757
70;1547;1592;1524;1552;1625;1648;1755;1870;1896;2025;1844;1687;1691;1734;1322;1982;1921;1915
71;1695;1527;1564;1519;1527;1595;1624;1723;1838;1865;2005;1811;1655;1650;1714;1297;1955;1883
72;1440;1668;1496;1548;1481;1499;1572;1602;1691;1806;1832;1961;1789;1626;1625;1667;1283;1923
73;1470;1415;1629;1466;1516;1458;1465;1542;1581;1667;1773;1801;1926;1747;1599;1599;1639;1258
74;1505;1429;1390;1589;1439;1470;1422;1445;1530;1544;1648;1733;1770;1881;1715;1554;1565;1599
75;1387;1456;1396;1373;1540;1397;1436;1383;1422;1485;1504;1614;1701;1726;1828;1680;1508;1529
76;1390;1331;1427;1359;1343;1510;1355;1395;1352;1389;1452;1472;1569;1654;1680;1771;1634;1477
77;1364;1348;1286;1377;1320;1301;1474;1315;1361;1311;1353;1413;1430;1526;1601;1633;1716;1587
78;1481;1309;1292;1254;1341;1265;1256;1421;1278;1327;1270;1299;1366;1403;1482;1555;1587;1654
79;1271;1402;1252;1250;1217;1298;1231;1220;1367;1226;1289;1236;1250;1324;1365;1421;1504;1526
80;1260;1222;1330;1200;1185;1169;1243;1186;1178;1309;1191;1234;1180;1189;1265;1326;1363;1437
81;1220;1205;1169;1270;1154;1143;1114;1193;1140;1109;1248;1143;1184;1120;1148;1217;1281;1284
82;823;1155;1133;1106;1207;1095;1073;1031;1138;1088;1072;1185;1088;1116;1061;1079;1153;1211
83;388;761;1082;1085;1035;1135;1035;1002;967;1068;1014;998;1120;1022;1046;1012;1019;1095
84;364;361;714;997;1026;970;1047;967;939;868;989;938;939;1063;948;977;948;968
85;297;341;334;659;927;941;897;969;897;880;806;933;867;864;975;876;897;900
86;460;269;304;304;609;826;878;808;900;806;810;731;853;807;807;910;811;811
87;532;405;242;283;270;554;746;786;745;829;736;729;664;783;720;728;833;737
88;513;459;353;213;246;235;485;672;686;670;741;659;665;593;704;643;660;750
89;470;423;398;296;185;206;205;421;582;614;586;646;588;570;524;609;550;588
90;415;397;345;344;254;168;189;183;368;496;533;501;576;528;488;460;527;479
91;327;347;335;306;298;211;146;164;148;314;424;466;418;495;461;416;404;451
92;235;272;277;284;264;248;178;119;132;123;259;351;387;351;401;364;353;350
93;160;190;221;214;228;219;193;158;94;106;103;207;282;322;280;337;300;288
94;136;130;151;176;165;189;188;157;124;78;81;79;162;231;242;217;281;247
95;86;100;91;116;144;126;148;140;132;95;61;59;68;127;175;182;169;220
96;78;60;78;65;80;98;97;104;105;112;79;47;42;54;81;133;131;135
97;44;57;39;57;44;62;76;66;77;84;80;65;35;33;43;61;96;98
98;40;32;35;23;38;29;43;49;50;55;63;59;43;24;27;30;45;78
99;20;24;25;22;15;24;24;23;31;34;42;40;45;31;17;19;21;29
100 e oltre;13;21;30;32;28;29;35;29;32;48;51;53;60;66;62;53;38;31
Totale;136279;137194;137962;138900;139518;139816;140642;141092;141248;140834;140458;140214;140222;139904;139234;138555;138218;138143
Età/Anno;2002;2003;2004;2005;2006;2007;2008;2009;2010;2011;2012;2013;2014;2015;2016;2017;2018;2019
Età;Maschi
0;589;606;558;581;579;561;594;622;571;530;584;538;522;494;493;488;473;457
1;552;591;608;560;589;569;576;599;614;584;539;585;539;529;501;493;490;483
2;499;552;601;605;568;576;599;590;598;612;580;537;591;550;532;496;504;498
3;556;513;566;620;621;561;586;599;590;591;622;578;544;592;546;536;499;503
4;495;570;518;582;625;627;572;584;605;587;604;617;585;547;609;536;540;515
5;555;503;584;528;593;633;628;573;591;616;594;609;618;590;549;613;534;547
6;489;562;523;588;536;599;652;628;579;590;622;592;613;622;593;559;617;555
7;509;495;560;528;593;545;615;656;624;589;602;626;594;611;620;588;578;628
8;488;509;511;562;539;599;559;621;663;623;600;602;631;589;614;625;585;588
9;521;500;520;517;573;546;606;571;629;660;628;590;604;638;600;606;635;596
10;512;522;500;526;522;578;559;619;573;629;666;629;590;601;641;602;598;635
11;530;524;532;512;536;525;587;562;624;575;635;670;642;596;595;632;600;596
12;504;537;527;538;521;540;531;598;566;628;582;632;678;646;593;587;634;605
13;468;506;549;536;545;524;557;540;592;569;631;584;638;678;640;597;588;632
14;405;476;507;552;545;552;525;566;548;588;576;639;584;642;676;642;602;594
15;453;409;482;516;555;557;573;534;576;543;598;581;641;586;647;669;650;605
16;433;457;409;483;535;564;562;578;537;579;545;597;582;643;589;641;670;662
17;521;435;462;430;486;543;577;577;579;542;582;547;597;583;651;586;642;678
18;490;537;445;481;449;502;558;602;587;574;553;579;556;597;584;659;588;643
19;521;498;544;457;496;457;514;575;601;589;574;558;573;556;601;599;675;602
20;588;523;515;545;471;495;464;530;584;611;591;568;567;591;579;618;615;690
21;610;595;521;539;543;474;519;478;544;591;600;601;573;586;605;589;634;634
22;669;633;619;548;536;556;492;532;489;538;588;609;602;585;593;602;598;654
23;789;688;643;646;563;539;566;498;549;502;548;594;626;602;606;603;609;625
24;808;813;728;668;657;598;544;590;511;558;509;564;598;639;610;606;612;633
25;892;838;845;765;685;672;612;574;600;517;562;530;576;619;651;608;616;620
26;994;913;860;867;770;706;688;628;599;593;517;579;551;595;629;666;627;640
27;1080;1032;943;885;893;792;715;708;655;608;592;536;587;563;613;621;680;644
28;1079;1101;1041;967;889;875;790;716;712;667;609;610;568;613;578;637;629;682
29;1215;1088;1146;1065;985;888;870;818;723;702;674;632;625;580;619;566;636;657
30;1152;1251;1109;1180;1080;980;910;876;818;724;706;678;654;642;577;621;590;650
31;1119;1167;1261;1135;1181;1066;986;922;876;794;711;711;688;671;660;588;630;599
32;1200;1141;1181;1278;1133;1183;1088;990;937;880;777;728;730;688;669;671;612;656
33;1105;1231;1153;1189;1277;1140;1190;1093;972;928;864;790;744;739;704;684;689;649
34;1141;1125;1241;1164;1167;1276;1139;1178;1082;926;923;867;817;760;739;717;719;705
35;1218;1154;1127;1242;1179;1175;1267;1144;1163;1066;921;912;886;824;755;741;750;723
36;1194;1237;1180;1156;1243;1186;1188;1273;1142;1163;1050;927;949;900;827;757;760;783
37;1229;1210;1241;1194;1167;1233;1176;1188;1263;1127;1143;1053;933;954;896;831;775;785
38;1160;1249;1230;1229;1206;1173;1235;1178;1195;1262;1118;1153;1068;949;949;889;840;798
39;1113;1183;1254;1253;1248;1207;1195;1253;1175;1177;1233;1108;1184;1062;921;940;890;878
40;1086;1128;1191;1285;1241;1248;1214;1206;1250;1182;1170;1245;1116;1193;1066;937;960;911
41;1102;1101;1141;1203;1298;1240;1249;1222;1206;1238;1163;1174;1242;1122;1198;1062;931;980
42;986;1116;1105;1158;1211;1292;1254;1260;1231;1210;1225;1165;1198;1255;1134;1193;1061;945
43;932;1004;1134;1126;1160;1214;1300;1241;1266;1226;1204;1220;1181;1205;1251;1135;1194;1075
44;859;952;1018;1151;1139;1154;1236;1316;1244;1265;1225;1209;1224;1165;1203;1233;1138;1200
45;887;874;970;1030;1167;1131;1155;1234;1312;1257;1259;1222;1203;1230;1167;1195;1221;1131
46;891;891;889;977;1040;1163;1126;1164;1226;1305;1253;1265;1239;1204;1219;1165;1184;1216
47;852;900;899;897;978;1040;1174;1127;1163;1219;1290;1250;1262;1231;1206;1220;1162;1184
48;836;858;906;913;902;987;1041;1170;1114;1155;1210;1285;1245;1258;1218;1200;1229;1177
49;800;855;864;916;918;899;991;1039;1176;1114;1140;1215;1300;1238;1250;1206;1198;1234
50;902;806;868;872;928;924;905;980;1037;1168;1096;1152;1225;1294;1238;1247;1208;1201
51;836;911;802;883;872;922;932;911;978;1019;1166;1091;1141;1224;1306;1224;1240;1207
52;941;846;913;812;890;871;926;919;912;977;1013;1159;1093;1141;1219;1283;1211;1247
53;1046;934;853;917;819;890;875;921;926;894;972;1010;1152;1088;1141;1210;1271;1211
54;1047;1055;934;851;916;811;897;877;921;919;890;963;1008;1143;1091;1137;1203;1261
55;1097;1043;1056;933;852;917;813;879;881;918;905;889;956;1007;1144;1069;1128;1208
56;727;1097;1047;1050;933;847;909;803;869;881;924;904;895;957;1003;1140;1070;1118
57;894;726;1095;1057;1037;936;843;900;788;863;874;918;897;885;957;1000;1130;1062
58;900;888;719;1097;1047;1034;932;841;893;791;859;873;909;889;882;953;991;1125
59;889;897;894;714;1093;1036;1035;934;844;886;779;848;865;906;889;878;940;974
60;956;891;893;889;707;1087;1033;1018;928;842;885;770;841;852;908;885;877;932
61;1067;952;896;891;883;707;1081;1026;1015;914;831;875;770;830;846;901;879;861
62;965;1054;944;883;885;881;706;1070;1013;1005;895;824;874;767;817;842;892;867
63;964;965;1037;947;862;874;871;707;1060;1001;990;894;813;869;748;815;833;887
64;913;959;948;1032;941;855;868;857;693;1037;976;979;895;804;862;734;809;824
65;821;908;944;949;1015;936;841;859;854;680;1023;964;959;883;784;852;719;797
66;812;809;900;933;943;999;923;837;854;841;674;1008;938;941;876;772;839;710
67;699;798;783;883;921;941;979;901;817;841;835;670;1003;923;925;853;771;823
68;709;686;775;773;869;900;918;964;889;810;823;826;660;984;910;911;840;757
69;717;702;663;754;757;854;893;897;951;880;795;808;810;648;960;902;901;824
70;676;694;680;651;741;755;839;872;879;935;866;785;795;791;632;941;876;885
71;716;660;672;671;633;715;742;818;851;860;921;841;761;772;776;619;922;853
72;624;700;643;655;653;622;704;723;802;828;837;892;830;746;754;751;610;902
73;621;607;673;621;639;639;597;691;705;786;803;820;869;804;727;737;731;596
74;616;599;586;650;605;612;613;582;683;677;770;779;803;841;796;702;717;704
75;485;582;573;573;616;572;587;595;572;661;652;755;758;775;804;773;679;703
76;546;455;570;552;549;594;545;564;570;551;638;631;728;726;752;775;741;665
77;487;520;429;539;522;520;575;521;546;543;529;612;611;698;694;723;745;706
78;569;453;480;412;520;492;493;552;507;533;521;497;586;590;673;664;696;711
79;423;528;432;454;393;499;473;479;520;472;518;495;473;564;570;634;633;658
80;415;401;486;407;423;374;470;445;452;481;457;484;460;440;538;555;601;589
81;393;382;368;445;387;406;350;439;420;413;461;425;455;433;425;511;526;562
82;278;361;346;336;417;355;359;314;415;395;392;431;391;426;397;389;471;488
83;122;253;321;325;302;379;313;328;278;383;358;361;401;367;392;375;360;442
84;118;109;231;287;302;276;326;289;295;240;339;320;340;372;338;356;346;335
85;87;107;93;208;265;265;247;291;257;277;217;318;294;305;318;296;318;320
86;127;72;90;82;192;231;243;216;268;234;247;193;283;269;279;293;262;280
87;147;108;58;81;71;167;205;210;191;246;215;220;172;254;240;242;267;242
88;132;116;90;44;68;58;144;192;173;159;224;186;195;149;220;213;215;237
89;104;103;92;77;36;57;46;113;159;151;134;186;157;160;132;185;175;180
90;105;86;80;74;62;33;52;41;99;137;127;104;160;140;127;120;156;147
91;64;83;69;65;59;47;28;43;26;83;116;109;82;132;118;96;97;129
92;57;50;65;54;56;42;39;18;37;23;69;94;90;71;103;84;79;81
93;28;42;44;43;47;41;34;35;12;28;23;55;75;59;65;83;61;61
94;27;18;32;32;36;40;32;27;29;10;21;15;42;59;41;48;72;49
95;15;19;11;24;28;26;27;21;20;17;7;17;13;30;43;26;36;57
96;17;10;14;6;15;16;16;17;15;15;15;5;11;11;13;33;17;26
97;3;11;6;9;4;12;14;7;10;10;11;12;4;9;9;9;24;11
98;5;3;7;3;4;3;3;8;4;7;8;5;7;3;7;6;8;17
99;1;3;2;0;1;3;2;1;7;2;4;5;1;4;3;6;4;3
100 e oltre;0;1;2;2;0;1;3;2;2;5;5;5;7;2;3;4;6;7
Totale;65586;66216;66670;67375;67749;67814;68205;68495;68551;68232;68002;67972;68216;68190;68061;67712;67694;67922
Età/Anno;2002;2003;2004;2005;2006;2007;2008;2009;2010;2011;2012;2013;2014;2015;2016;2017;2018;2019
Età;Femmine
0;533;509;558;536;538;577;565;540;496;563;486;496;448;451;497;467;472;438
1;521;548;505;565;528;549;577;565;549;498;577;490;509;450;459;516;460;483
2;486;529;562;513;578;537;558;586;572;544;512;580;499;507;453;467;515;465
3;477;497;535;579;517;571;539;560;577;569;546;520;589;503;505;455;463;527
4;518;484;511;533;583;512;584;538;560;581;581;539;519;593;509;510;457;472
5;487;527;493;519;540;578;523;592;543;547;583;590;543;518;583;518;513;461
6;497;495;525;493;533;546;581;526;596;550;554;589;595;546;515;592;521;508
7;451;507;509;522;504;539;561;584;530;582;547;553;588;597;545;511;592;519
8;490;455;507;515;527;504;550;565;590;535;589;544;557;590;594;547;522;590
9;500;500;456;503;518;527;511;563;581;587;532;592;547;562;591;596;554;526
10;510;509;501;460;515;530;538;515;563;583;582;536;584;545;559;600;596;549
11;442;512;514;501;466;516;527;541;519;566;580;580;535;592;547;556;611;603
12;518;452;519;526;508;479;520;530;544;516;565;580;577;539;593;546;557;604
13;456;529;457;518;529;520;499;518;532;545;515;568;575;584;535;586;555;557
14;448;465;531;453;523;539;523;510;520;532;551;509;565;571;574;533;581;559
15;421;450;475;540;468;532;543;526;522;521;532;549;509;559;573;571;533;581
16;458;422;444;478;542;467;540;550;531;530;528;531;546;517;555;578;569;532
17;467;461;431;449;487;553;474;554;559;533;530;527;531;543;517;552;579;568
18;448;473;460;437;462;497;559;485;551;562;536;526;517;537;541;523;557;591
19;487;461;475;472;447;481;517;577;500;568;568;538;528;536;545;547;520;560
20;531;504;461;484;485;459;501;529;594;511;568;573;544;539;538;547;545;532
21;535;546;513;468;506;502;472;528;540;606;528;574;584;554;548;544;563;557
22;572;552;566;529;480;520;524;502;542;547;623;545;581;583;554;553;551;565
23;691;608;570;588;536;489;547;544;517;561;555;623;566;596;597;561;561;563
24;680;721;628;584;620;561;510;546;564;522;561;571;619;571;599;604;575;564
25;777;701;743;652;598;650;577;527;562;585;535;568;573;613;573;606;611;585
26;877;788;728;770;654;625;658;613;544;552;595;547;565;582;610;588;614;614
27;961;880;819;744;800;690;624;689;617;554;574;590;536;573;586;619;603;627
28;1042;979;908;837;770;813;717;634;703;615;561;583;614;575;594;584;630;612
29;1014;1052;1013;915;859;799;838;714;646;703;615;564;605;617;587;601;591;644
30;1026;1041;1051;1035;929;876;816;841;718;646;712;639;586;614;618;603;609;607
31;1076;1035;1062;1076;1038;933;879;823;847;705;651;711;647;602;614;625;608;621
32;1062;1076;1049;1068;1094;1025;943;891;818;839;702;666;713;651;603;625;630;613
33;1027;1080;1092;1049;1075;1102;1031;946;888;815;829;714;669;715;656;601;627;638
34;1077;1051;1099;1082;1063;1077;1128;1031;943;883;824;823;716;681;716;651;607;642
35;1070;1095;1065;1122;1103;1069;1081;1122;1057;950;901;814;825;706;687;711;666;603
36;1156;1100;1102;1070;1129;1109;1086;1087;1125;1066;953;904;834;813;699;694;707;671
37;1114;1175;1105;1138;1074;1119;1116;1087;1097;1119;1074;957;914;831;817;722;694;709
38;1052;1134;1187;1102;1130;1070;1140;1141;1095;1108;1125;1089;951;913;837;819;731;702
39;1000;1057;1146;1192;1104;1133;1086;1144;1139;1091;1112;1132;1093;951;909;826;825;732
40;1019;1013;1067;1160;1195;1115;1154;1098;1146;1138;1105;1124;1128;1100;956;914;816;836
41;934;1018;1012;1070;1156;1201;1130;1163;1104;1161;1131;1113;1128;1125;1091;954;916;818
42;924;944;1032;1014;1081;1160;1213;1138;1180;1106;1156;1131;1124;1127;1115;1087;956;917
43;878;929;950;1032;1017;1080;1178;1223;1150;1193;1109;1151;1128;1127;1126;1117;1084;962
44;878;877;945;946;1042;1026;1094;1177;1222;1140;1198;1110;1154;1139;1123;1124;1124;1083
45;845;875;880;943;939;1052;1028;1108;1194;1234;1155;1202;1122;1158;1147;1131;1126;1120
46;824;851;880;878;953;940;1067;1043;1122;1202;1241;1160;1198;1132;1157;1145;1126;1126
47;838;833;856;888;875;959;946;1080;1050;1130;1208;1242;1165;1201;1121;1167;1145;1128
48;937;841;840;860;890;883;963;951;1077;1049;1130;1216;1239;1163;1203;1125;1165;1139
49;864;943;845;840;859;895;894;970;957;1081;1048;1119;1225;1232;1151;1203;1123;1169
50;880;867;955;844;845;859;912;902;972;961;1088;1055;1126;1231;1232;1150;1194;1118
51;948;880;882;955;852;849;864;920;924;970;960;1092;1045;1115;1229;1229;1146;1194
52;974;953;885;882;961;860;856;871;933;932;972;967;1086;1042;1095;1231;1212;1154
53;1073;974;958;887;883;956;861;857;865;944;934;965;970;1091;1032;1096;1243;1216
54;1110;1079;979;964;887;883;955;859;856;864;944;936;964;963;1083;1037;1103;1235
55;1085;1112;1078;979;967;889;883;958;858;865;869;942;942;958;956;1090;1034;1103
56;728;1089;1117;1077;981;969;888;878;962;866;868;862;956;941;951;957;1081;1028
57;989;730;1095;1115;1077;983;967;891;883;964;863;869;867;956;930;950;952;1078
58;917;986;728;1096;1117;1087;985;961;886;878;952;855;862;872;948;928;951;951
59;948;916;989;730;1093;1121;1087;989;963;886;883;953;851;865;871;941;930;951
60;1038;952;928;986;731;1095;1122;1090;987;968;884;879;953;849;867;856;933;927
61;1138;1035;944;919;989;730;1087;1119;1092;984;961;887;882;949;847;870;852;921
62;1063;1133;1028;943;924;987;722;1082;1111;1089;986;967;883;877;942;843;866;851
63;1030;1060;1129;1027;944;922;986;726;1087;1118;1078;984;972;879;872;935;837;857
64;943;1026;1056;1124;1025;942;921;986;724;1089;1119;1071;974;964;871;868;930;837
65;921;940;1025;1053;1127;1020;934;921;984;727;1083;1115;1073;966;959;864;866;929
66;903;920;937;1023;1049;1121;1020;927;917;985;718;1075;1104;1064;964;949;860;857
67;922;895;909;923;1019;1048;1114;1015;917;913;971;713;1068;1091;1056;958;948;855
68;860;917;888;909;928;1006;1036;1116;1004;914;909;965;704;1063;1081;1049;949;942
69;904;858;903;884;898;923;998;1025;1102;992;907;905;958;696;1048;1061;1040;933
70;871;898;844;901;884;893;916;998;1017;1090;978;902;896;943;690;1041;1045;1030
71;979;867;892;848;894;880;882;905;987;1005;1084;970;894;878;938;678;1033;1030
72;816;968;853;893;828;877;868;879;889;978;995;1069;959;880;871;916;673;1021
73;849;808;956;845;877;819;868;851;876;881;970;981;1057;943;872;862;908;662
74;889;830;804;939;834;858;809;863;847;867;878;954;967;1040;919;852;848;895
75;902;874;823;800;924;825;849;788;850;824;852;859;943;951;1024;907;829;826
76;844;876;857;807;794;916;810;831;782;838;814;841;841;928;928;996;893;812
77;877;828;857;838;798;781;899;794;815;768;824;801;819;828;907;910;971;881
78;912;856;812;842;821;773;763;869;771;794;749;802;780;813;809;891;891;943
79;848;874;820;796;824;799;758;741;847;754;771;741;777;760;795;787;871;868
80;845;821;844;793;762;795;773;741;726;828;734;750;720;749;727;771;762;848
81;827;823;801;825;767;737;764;754;720;696;787;718;729;687;723;706;755;722
82;545;794;787;770;790;740;714;717;723;693;680;754;697;690;664;690;682;723
83;266;508;761;760;733;756;722;674;689;685;656;637;719;655;654;637;659;653
84;246;252;483;710;724;694;721;678;644;628;650;618;599;691;610;621;602;633
85;210;234;241;451;662;676;650;678;640;603;589;615;573;559;657;580;579;580
86;333;197;214;222;417;595;635;592;632;572;563;538;570;538;528;617;549;531
87;385;297;184;202;199;387;541;576;554;583;521;509;492;529;480;486;566;495
88;381;343;263;169;178;177;341;480;513;511;517;473;470;444;484;430;445;513
89;366;320;306;219;149;149;159;308;423;463;452;460;431;410;392;424;375;408
90;310;311;265;270;192;135;137;142;269;359;406;397;416;388;361;340;371;332
91;263;264;266;241;239;164;118;121;122;231;308;357;336;363;343;320;307;322
92;178;222;212;230;208;206;139;101;95;100;190;257;297;280;298;280;274;269
93;132;148;177;171;181;178;159;123;82;78;80;152;207;263;215;254;239;227
94;109;112;119;144;129;149;156;130;95;68;60;64;120;172;201;169;209;198
95;71;81;80;92;116;100;121;119;112;78;54;42;55;97;132;156;133;163
96;61;50;64;59;65;82;81;87;90;97;64;42;31;43;68;100;114;109
97;41;46;33;48;40;50;62;59;67;74;69;53;31;24;34;52;72;87
98;35;29;28;20;34;26;40;41;46;48;55;54;36;21;20;24;37;61
99;19;21;23;22;14;21;22;22;24;32;38;35;44;27;14;13;17;26
100 e oltre;13;20;28;30;28;28;32;27;30;43;46;48;53;64;59;49;32;24
Totale;70693;70978;71292;71525;71769;72002;72437;72597;72697;72602;72456;72242;72006;71714;71173;70843;70524;70221

"Ricostruzione della popolazione intercensuaria - Popolazione al 1° gennaio per età"
"Cittadinanza italiana - Provincia: Gorizia"
Età/Anno;2002;2003;2004;2005;2006;2007;2008;2009;2010;2011;2012;2013;2014;2015;2016;2017;2018;2019
Età;Totale
0;1088;1060;1059;1019;1005;1002;1019;974;892;906;885;829;774;736;770;762;724;661
1;1032;1101;1057;1062;1020;1001;1012;1016;970;899;921;881;834;779;754;796;760;742
2;954;1038;1118;1060;1070;1009;1023;1025;1010;971;908;919;886;838;788;766;796;765
3;996;979;1045;1142;1060;1049;1013;1013;1019;1004;985;910;931;892;849;799;770;799
4;985;1009;986;1051;1140;1052;1061;1000;1016;1019;1019;978;909;933;910;859;805;782
5;1000;995;1024;1001;1058;1133;1054;1057;1000;1016;1019;1022;973;922;940;925;864;807
6;953;1009;1009;1028;1009;1061;1140;1056;1065;1001;1023;1022;1027;984;933;966;931;869
7;924;963;1014;1010;1034;1013;1082;1135;1056;1060;1001;1025;1025;1035;996;940;983;935
8;943;930;969;1020;1015;1035;1028;1085;1144;1059;1069;1009;1028;1034;1050;1007;953;985
9;985;959;937;978;1027;1019;1036;1041;1103;1145;1060;1062;1018;1044;1052;1053;1022;958
10;981;994;961;935;985;1036;1026;1044;1038;1113;1142;1062;1053;1026;1056;1064;1054;1009
11;943;991;999;965;942;978;1036;1028;1045;1040;1114;1147;1081;1070;1031;1056;1073;1049
12;996;952;992;1003;973;954;991;1035;1032;1051;1046;1108;1153;1089;1077;1027;1063;1070
13;897;1006;962;996;1007;979;976;990;1027;1034;1051;1046;1104;1167;1091;1077;1035;1059
14;828;908;1012;960;1001;1015;982;971;993;1030;1038;1043;1045;1112;1164;1091;1077;1035
15;849;833;917;1019;969;1007;1024;985;976;989;1031;1038;1045;1040;1120;1159;1093;1077
16;862;854;828;919;1024;961;1006;1017;982;979;989;1022;1036;1052;1047;1122;1161;1097
17;952;867;853;831;921;1028;961;1011;1018;981;978;987;1022;1040;1055;1047;1124;1160
18;891;958;862;852;852;928;1028;968;1007;1019;985;980;984;1036;1047;1072;1052;1141
19;975;905;964;864;864;866;934;1033;966;1023;1019;991;979;986;1044;1051;1074;1055
20;1073;989;913;966;876;868;867;944;1029;980;1027;1014;993;981;994;1038;1039;1080
21;1094;1088;991;925;970;882;870;880;946;1035;981;1038;1006;998;978;987;1046;1038
22;1187;1125;1114;1009;932;977;899;870;882;941;1044;991;1024;1004;993;981;983;1033
23;1430;1215;1136;1131;1014;937;984;909;876;896;955;1036;996;1016;1015;1002;985;995
24;1409;1460;1241;1152;1154;1044;931;984;905;877;893;962;1032;1002;1017;1024;1009;987
25;1606;1443;1487;1263;1167;1167;1060;934;988;918;871;896;957;1021;998;1026;1040;1011
26;1791;1612;1468;1498;1253;1179;1182;1068;953;980;927;884;895;958;1012;1015;1024;1031
27;1953;1817;1639;1467;1524;1286;1170;1197;1069;962;986;931;865;906;963;1023;1022;1016
28;2023;1969;1817;1637;1468;1497;1293;1150;1196;1075;957;985;951;878;918;969;1026;1023
29;2119;2031;2005;1812;1645;1471;1487;1276;1150;1176;1069;955;989;947;890;914;972;1041
30;2071;2159;2027;2020;1832;1633;1487;1457;1266;1139;1172;1082;961;992;954;913;916;971
31;2082;2083;2166;2046;2006;1805;1615;1481;1449;1241;1121;1160;1094;972;996;956;924;911
32;2156;2078;2091;2167;2047;1998;1814;1603;1470;1438;1224;1126;1164;1092;971;1014;970;931
33;2031;2187;2090;2084;2169;2057;2006;1787;1581;1451;1426;1238;1122;1169;1101;986;1021;981
34;2122;2050;2201;2094;2070;2154;2058;1976;1771;1554;1465;1413;1238;1129;1162;1106;999;1030
35;2190;2147;2047;2214;2117;2074;2157;2044;1990;1776;1570;1444;1413;1243;1141;1166;1130;994
36;2265;2224;2152;2046;2219;2112;2097;2152;2036;2005;1769;1549;1467;1414;1247;1141;1175;1137
37;2228;2290;2223;2184;2056;2192;2106;2080;2152;2034;1999;1762;1547;1480;1417;1270;1155;1182
38;2106;2255;2299;2198;2180;2058;2204;2115;2081;2157;2023;2017;1753;1561;1471;1405;1281;1177
39;2007;2119;2259;2298;2208;2177;2074;2199;2108;2069;2141;2010;2041;1753;1549;1472;1414;1295
40;2037;2025;2125;2290;2286;2205;2175;2075;2199;2108;2077;2147;2010;2049;1764;1564;1476;1436
41;1948;2040;2024;2130;2294;2279;2201;2178;2078;2195;2096;2084;2138;2011;2044;1770;1553;1466
42;1830;1963;2047;2034;2136;2300;2286;2207;2194;2083;2184;2095;2089;2138;2012;2037;1767;1563
43;1741;1850;1972;2053;2042;2134;2317;2284;2230;2202;2099;2177;2109;2091;2139;2012;2031;1775
44;1681;1754;1868;1982;2071;2032;2150;2312;2291;2225;2210;2103;2173;2106;2088;2133;2013;2022
45;1670;1689;1765;1866;1980;2067;2030;2158;2326;2310;2226;2205;2099;2177;2114;2094;2117;2003
46;1661;1677;1696;1765;1882;1974;2064;2036;2162;2324;2317;2225;2210;2109;2174;2119;2085;2106
47;1629;1670;1680;1706;1760;1879;1986;2070;2032;2169;2319;2317;2219;2206;2106;2176;2106;2077
48;1710;1638;1674;1677;1708;1765;1877;1980;2060;2022;2167;2320;2307;2212;2202;2112;2167;2107
49;1602;1734;1640;1682;1685;1711;1756;1876;1980;2057;2010;2162;2326;2301;2218;2200;2101;2170
50;1735;1614;1742;1641;1690;1688;1725;1750;1878;1982;2042;2020;2155;2331;2301;2213;2188;2090
51;1744;1744;1619;1753;1642;1687;1690;1735;1760;1866;1977;2032;2005;2152;2341;2288;2202;2181
52;1871;1754;1747;1623;1762;1643;1693;1687;1746;1765;1862;1972;2016;2007;2143;2336;2272;2200
53;2073;1867;1762;1745;1630;1755;1645;1686;1682;1736;1761;1845;1960;2021;2005;2143;2330;2262
54;2118;2093;1864;1763;1745;1623;1753;1644;1688;1679;1733;1755;1839;1951;2021;2007;2140;2316
55;2164;2119;2091;1863;1767;1752;1621;1748;1644;1692;1669;1725;1744;1833;1950;2016;2004;2137
56;1442;2167;2122;2085;1869;1760;1742;1606;1744;1647;1694;1665;1726;1743;1827;1937;2006;1994
57;1870;1445;2167;2123;2077;1872;1759;1735;1593;1740;1634;1693;1661;1717;1742;1824;1931;1992
58;1799;1862;1437;2167;2121;2079;1866;1749;1723;1590;1734;1626;1672;1649;1709;1733;1821;1925
59;1817;1796;1869;1432;2163;2117;2077;1869;1757;1718;1590;1731;1610;1674;1652;1699;1726;1808
60;1974;1826;1803;1862;1427;2160;2114;2066;1863;1755;1714;1577;1718;1601;1672;1639;1688;1713
61;2180;1970;1822;1792;1858;1425;2147;2105;2060;1851;1743;1699;1580;1702;1600;1671;1637;1676
62;2006;2163;1956;1806;1791;1855;1417;2129;2087;2049;1843;1741;1689;1578;1688;1590;1666;1626
63;1979;2006;2138;1957;1788;1779;1842;1419;2120;2084;2030;1838;1728;1679;1560;1682;1582;1653
64;1844;1971;1987;2128;1948;1779;1773;1826;1402;2103;2063;2013;1831;1714;1672;1540;1671;1561
65;1727;1838;1954;1985;2115;1933;1761;1760;1821;1391;2082;2045;1989;1810;1690;1654;1526;1658
66;1703;1715;1828;1939;1976;2091;1925;1747;1753;1808;1377;2058;2009;1964;1798;1668;1636;1504
67;1609;1682;1679;1796;1925;1971;2068;1901;1718;1738;1788;1366;2045;1980;1941;1769;1665;1617
68;1552;1594;1653;1666;1787;1893;1934;2051;1877;1707;1715;1772;1345;2019;1956;1919;1745;1639
69;1607;1545;1557;1629;1640;1765;1879;1903;2023;1858;1684;1696;1746;1329;1985;1930;1902;1718
70;1536;1581;1513;1544;1616;1634;1740;1856;1882;1995;1830;1670;1675;1713;1309;1955;1895;1876
71;1684;1518;1552;1505;1519;1587;1611;1707;1825;1854;1975;1794;1639;1637;1689;1284;1925;1858
72;1433;1659;1489;1535;1468;1494;1562;1592;1675;1794;1821;1929;1770;1610;1612;1642;1268;1893
73;1457;1408;1620;1460;1506;1445;1460;1534;1570;1650;1761;1790;1894;1730;1583;1589;1616;1244
74;1495;1418;1385;1582;1434;1459;1411;1441;1520;1534;1629;1721;1757;1848;1700;1539;1555;1576
75;1372;1449;1387;1367;1533;1392;1424;1372;1418;1475;1494;1596;1690;1714;1795;1665;1494;1521
76;1376;1319;1421;1350;1338;1504;1350;1387;1341;1385;1443;1461;1552;1645;1670;1739;1618;1462
77;1350;1337;1276;1371;1314;1297;1467;1311;1353;1302;1349;1403;1420;1511;1594;1623;1688;1571
78;1472;1299;1283;1246;1336;1259;1252;1414;1275;1320;1259;1295;1356;1391;1466;1547;1577;1630
79;1267;1395;1243;1240;1210;1294;1224;1216;1363;1223;1283;1225;1246;1313;1353;1407;1496;1516
80;1250;1220;1325;1191;1177;1164;1239;1180;1171;1304;1188;1229;1170;1186;1257;1316;1348;1429
81;1214;1196;1166;1266;1144;1135;1111;1190;1134;1103;1244;1140;1178;1111;1145;1209;1271;1271
82;819;1150;1126;1102;1204;1088;1066;1029;1135;1084;1065;1181;1085;1110;1052;1075;1145;1200
83;381;757;1077;1078;1031;1132;1027;996;966;1065;1012;992;1116;1019;1040;1003;1016;1088
84;359;355;710;992;1020;966;1043;959;934;867;987;936;932;1060;944;971;940;966
85;296;338;328;656;922;936;892;966;888;874;806;931;865;857;971;872;892;892
86;455;268;302;300;607;822;875;803;897;797;804;731;851;804;800;907;807;806
87;530;403;242;281;266;553;744;783;742;825;730;725;664;782;717;723;831;734
88;510;458;352;213;244;232;484;672;684;668;737;653;662;593;703;640;656;748
89;468;421;397;295;185;204;203;420;582;612;584;642;582;568;524;608;548;586
90;413;395;344;343;253;168;187;182;367;496;532;500;572;523;486;460;525;477
91;322;345;334;305;297;210;146;162;147;314;424;465;418;491;456;414;404;449
92;234;268;276;283;263;247;177;119;132;122;259;351;386;351;396;359;352;349
93;160;189;220;213;227;218;192;157;94;106;102;207;282;321;280;333;296;287
94;134;130;150;175;164;188;187;156;124;78;81;79;162;231;241;217;277;245
95;85;100;91;115;143;126;147;140;131;95;61;59;68;127;175;181;169;217
96;78;59;78;65;79;97;97;104;105;112;79;47;42;54;81;133;130;135
97;44;57;38;57;44;61;75;66;77;84;80;65;35;33;43;60;96;98
98;39;32;35;22;38;29;42;48;50;55;63;59;43;24;27;30;44;78
99;20;24;25;22;15;24;24;22;30;34;42;39;45;31;17;19;21;29
100 e oltre;13;21;29;32;28;29;35;29;31;48;51;53;59;65;61;52;38;31
Totale;132566;133032;133036;133072;133073;132661;132560;131895;131391;130772;130118;129246;128379;127638;126862;126094;125237;124176
Età/Anno;2002;2003;2004;2005;2006;2007;2008;2009;2010;2011;2012;2013;2014;2015;2016;2017;2018;2019
Età;Maschi
0;567;575;529;533;516;485;520;528;468;443;490;428;419;386;384;393;372;345
1;537;567;575;530;544;508;497;519;521;471;447;487;426;423;397;390;396;376
2;483;535;571;570;532;528;529;506;511;523;473;440;491;431;430;403;394;400
3;541;498;540;586;575;521;532;523;507;506;532;474;449;495;435;438;405;392
4;480;549;502;551;585;575;525;527;525;501;514;525;474;453;507;436;441;410
5;532;486;557;512;558;588;581;524;524;531;500;517;520;483;457;512;436;444
6;475;535;497;560;514;555;597;581;532;521;535;502;523;530;491;474;511;448
7;493;478;533;502;563;513;565;595;577;534;525;537;504;524;534;497;489;515
8;471;494;483;533;508;567;524;572;601;578;540;533;537;507;532;541;496;494
9;504;477;502;493;541;515;567;529;579;603;581;533;537;544;519;532;548;498
10;495;504;478;503;493;543;521;571;526;581;605;581;533;541;550;524;531;542
11;508;506;511;485;508;489;549;521;570;524;584;610;593;542;540;548;526;525
12;493;512;503;509;489;512;496;549;523;579;528;582;616;598;546;536;553;526
13;459;496;517;509;511;490;523;500;545;527;580;530;583;624;597;550;537;553
14;397;466;498;520;513;514;492;521;500;544;528;577;527;590;624;600;552;537
15;438;400;472;503;518;516;524;496;524;499;546;531;577;527;595;620;603;550
16;413;446;399;470;506;516;513;521;494;523;498;542;529;579;534;593;624;611
17;498;414;444;399;469;509;517;512;516;490;523;497;538;531;582;534;595;626
18;454;500;411;443;408;473;509;522;515;515;491;526;499;544;534;586;535;597
19;499;459;500;412;448;411;466;514;521;520;517;497;524;495;543;535;586;540
20;564;505;471;503;423;448;411;474;509;532;528;512;502;526;504;544;531;589
21;584;568;505;480;503;421;451;412;474;516;529;537;505;510;532;505;547;531
22;637;606;588;518;481;508;425;450;414;468;519;535;526;506;510;530;506;540
23;764;650;615;597;525;480;508;431;455;422;481;516;536;517;507;515;527;513
24;776;778;673;625;599;552;477;513;429;453;423;490;515;537;520;516;518;540
25;863;794;796;689;636;607;557;489;516;431;452;429;496;513;538;520;527;519
26;960;872;800;792;679;641;614;554;501;517;439;457;438;497;518;550;524;531
27;1040;986;880;801;803;691;644;620;559;503;514;449;452;444;505;521;551;515
28;1036;1045;984;875;786;781;688;634;619;564;502;514;458;458;451;509;525;545
29;1168;1036;1065;983;877;776;765;685;629;606;567;506;516;453;465;444;512;532
30;1102;1187;1041;1072;991;863;786;742;675;614;600;565;504;517;460;480;449;518
31;1055;1105;1186;1047;1069;970;852;786;730;656;604;591;570;510;526;462;485;438
32;1135;1060;1104;1189;1046;1075;978;848;791;725;650;601;596;565;507;540;481;486
33;1056;1156;1061;1102;1189;1049;1077;963;833;774;721;650;596;605;568;518;545;485
34;1087;1055;1158;1069;1083;1180;1040;1049;953;802;779;720;652;601;607;575;531;548
35;1159;1088;1042;1150;1079;1082;1174;1029;1035;945;798;768;718;664;603;605;589;522
36;1141;1168;1092;1048;1154;1074;1091;1165;1019;1036;934;786;778;723;669;601;612;594
37;1156;1147;1163;1096;1058;1137;1064;1076;1157;1017;1024;919;777;784;722;677;605;616
38;1097;1166;1152;1142;1101;1059;1139;1057;1073;1155;1010;1033;916;790;775;712;680;617
39;1044;1103;1159;1151;1153;1096;1065;1142;1053;1066;1142;1000;1050;911;775;778;717;692
40;1044;1051;1107;1178;1138;1147;1092;1064;1143;1062;1066;1141;1002;1057;911;786;785;728
41;1045;1046;1050;1106;1185;1131;1139;1096;1062;1139;1061;1069;1135;1007;1057;915;778;779
42;942;1051;1044;1058;1106;1186;1137;1142;1106;1064;1129;1065;1076;1133;1011;1054;913;785
43;891;955;1059;1057;1067;1111;1193;1135;1156;1110;1081;1129;1074;1080;1130;1007;1050;919
44;831;903;967;1072;1067;1056;1123;1200;1146;1156;1117;1084;1126;1066;1080;1125;1010;1050
45;846;839;911;966;1078;1056;1057;1125;1204;1160;1151;1111;1075;1128;1069;1082;1109;1003
46;862;846;847;912;973;1071;1050;1058;1125;1199;1160;1154;1119;1082;1124;1068;1076;1103
47;815;859;847;850;910;967;1081;1050;1058;1128;1193;1159;1146;1117;1085;1124;1058;1066
48;803;818;858;846;847;909;962;1074;1040;1050;1125;1190;1152;1146;1112;1088;1123;1063
49;771;819;817;866;855;842;903;961;1073;1038;1038;1125;1192;1151;1151;1106;1082;1121
50;878;775;823;821;869;858;845;897;962;1072;1023;1047;1118;1190;1153;1149;1107;1077
51;817;885;771;832;821;864;859;852;897;951;1071;1014;1039;1122;1200;1142;1142;1101
52;920;822;885;773;838;819;866;857;859;901;948;1063;1008;1044;1120;1188;1136;1141
53;1029;913;829;885;776;835;820;861;859;839;900;944;1055;1007;1047;1117;1178;1129
54;1031;1039;907;825;883;771;839;819;865;857;835;893;938;1050;1012;1043;1112;1170
55;1090;1025;1036;904;824;885;766;831;823;864;846;832;884;937;1054;1000;1039;1110
56;722;1089;1025;1029;907;819;878;758;825;824;868;845;830;882;932;1048;995;1032
57;890;720;1085;1029;1020;908;819;868;744;822;813;865;838;824;883;931;1043;988
58;891;883;714;1086;1021;1013;905;813;864;744;822;813;855;829;819;877;927;1038
59;882;887;889;708;1083;1011;1012;911;822;863;744;816;802;854;831;815;871;918
60;951;884;884;885;702;1078;1008;999;907;817;861;738;805;793;852;827;812;864
61;1059;946;888;881;878;702;1074;1003;993;897;811;849;734;793;792;848;827;803
62;959;1047;938;873;877;877;701;1062;991;986;882;806;843;735;785;786;842;817
63;958;959;1029;941;853;866;865;702;1052;981;973;881;796;842;723;783;782;836
64;910;953;942;1023;934;847;861;851;691;1030;960;963;882;787;838;712;779;769
65;814;905;937;942;1008;928;836;850;850;678;1016;948;944;870;770;826;701;768
66;809;803;897;926;937;990;917;830;846;838;672;1002;926;926;864;760;813;691
67;694;795;777;879;914;933;971;897;810;835;832;665;995;911;913;841;757;799
68;704;683;773;765;865;894;909;954;885;804;818;823;655;976;897;899;828;743
69;713;698;662;751;749;848;887;887;939;877;788;803;807;643;954;887;889;814
70;671;691;677;650;738;748;833;865;871;923;862;779;791;788;628;934;867;873
71;711;655;670;668;631;712;735;812;846;855;909;837;755;768;770;615;913;844
72;623;695;639;653;650;621;697;717;796;823;832;879;826;740;751;744;605;895
73;615;605;668;617;637;635;596;685;700;779;798;815;856;800;721;733;726;592
74;614;594;585;646;602;611;611;581;676;672;763;774;796;828;792;697;713;699
75;483;580;569;572;612;569;586;593;572;654;647;748;753;770;791;769;674;701
76;540;453;568;549;549;591;542;563;567;551;631;626;721;723;747;764;736;659
77;483;515;428;537;521;520;572;518;545;539;529;605;606;691;691;718;735;701
78;567;449;476;411;518;490;493;548;505;532;517;497;581;585;667;661;690;701
79;423;527;427;449;392;497;470;479;519;470;518;491;473;559;565;628;630;652
80;414;401;485;402;419;374;468;443;450;480;455;484;456;440;535;550;595;586
81;391;381;367;445;381;402;350;437;418;411;460;423;455;429;425;508;522;557
82;277;359;344;334;417;352;356;314;413;394;390;430;389;426;393;389;468;483
83;118;252;321;323;300;379;311;326;278;381;358;359;400;365;392;371;360;440
84;118;106;230;287;300;274;326;286;293;240;337;320;337;372;336;356;342;335
85;86;107;90;207;265;263;245;291;255;274;217;316;294;302;317;294;318;317
86;126;71;90;79;191;231;242;214;268;232;244;193;281;269;276;293;260;279
87;147;107;58;81;68;167;205;209;190;245;214;218;172;253;240;239;267;240
88;130;116;90;44;68;56;144;192;172;159;223;185;193;149;219;213;212;237
89;104;101;92;77;36;57;45;113;159;150;134;185;156;159;132;184;175;179
90;103;86;79;74;62;33;52;40;99;137;127;104;159;139;126;120;155;147
91;64;81;69;64;59;47;28;43;25;83;116;109;82;131;117;95;97;128
92;57;50;64;54;55;42;39;18;37;22;69;94;90;71;102;83;79;81
93;28;42;44;42;47;40;34;35;12;28;22;55;75;59;65;82;60;61
94;27;18;32;32;35;40;32;27;29;10;21;15;42;59;41;48;71;48
95;14;19;11;24;28;26;27;21;20;17;7;17;13;30;43;26;36;56
96;17;9;14;6;15;16;16;17;15;15;15;5;11;11;13;33;17;26
97;3;11;5;9;4;12;14;7;10;10;11;12;4;9;9;9;24;11
98;5;3;7;2;4;3;3;8;4;7;8;5;7;3;7;6;8;17
99;1;3;2;0;1;3;2;1;7;2;4;5;1;4;3;6;4;3
100 e oltre;0;1;2;2;0;1;3;2;2;5;5;5;7;2;3;4;6;7
Totale;63692;63958;63958;64061;64124;63852;63805;63562;63353;63001;62800;62454;62133;61894;61679;61350;61021;60580
Età/Anno;2002;2003;2004;2005;2006;2007;2008;2009;2010;2011;2012;2013;2014;2015;2016;2017;2018;2019
Età;Femmine
0;521;485;530;486;489;517;499;446;424;463;395;401;355;350;386;369;352;316
1;495;534;482;532;476;493;515;497;449;428;474;394;408;356;357;406;364;366
2;471;503;547;490;538;481;494;519;499;448;435;479;395;407;358;363;402;365
3;455;481;505;556;485;528;481;490;512;498;453;436;482;397;414;361;365;407
4;505;460;484;500;555;477;536;473;491;518;505;453;435;480;403;423;364;372
5;468;509;467;489;500;545;473;533;476;485;519;505;453;439;483;413;428;363
6;478;474;512;468;495;506;543;475;533;480;488;520;504;454;442;492;420;421
7;431;485;481;508;471;500;517;540;479;526;476;488;521;511;462;443;494;420
8;472;436;486;487;507;468;504;513;543;481;529;476;491;527;518;466;457;491
9;481;482;435;485;486;504;469;512;524;542;479;529;481;500;533;521;474;460
10;486;490;483;432;492;493;505;473;512;532;537;481;520;485;506;540;523;467
11;435;485;488;480;434;489;487;507;475;516;530;537;488;528;491;508;547;524
12;503;440;489;494;484;442;495;486;509;472;518;526;537;491;531;491;510;544
13;438;510;445;487;496;489;453;490;482;507;471;516;521;543;494;527;498;506
14;431;442;514;440;488;501;490;450;493;486;510;466;518;522;540;491;525;498
15;411;433;445;516;451;491;500;489;452;490;485;507;468;513;525;539;490;527
16;449;408;429;449;518;445;493;496;488;456;491;480;507;473;513;529;537;486
17;454;453;409;432;452;519;444;499;502;491;455;490;484;509;473;513;529;534
18;437;458;451;409;444;455;519;446;492;504;494;454;485;492;513;486;517;544
19;476;446;464;452;416;455;468;519;445;503;502;494;455;491;501;516;488;515
20;509;484;442;463;453;420;456;470;520;448;499;502;491;455;490;494;508;491
21;510;520;486;445;467;461;419;468;472;519;452;501;501;488;446;482;499;507
22;550;519;526;491;451;469;474;420;468;473;525;456;498;498;483;451;477;493
23;666;565;521;534;489;457;476;478;421;474;474;520;460;499;508;487;458;482
24;633;682;568;527;555;492;454;471;476;424;470;472;517;465;497;508;491;447
25;743;649;691;574;531;560;503;445;472;487;419;467;461;508;460;506;513;492
26;831;740;668;706;574;538;568;514;452;463;488;427;457;461;494;465;500;500
27;913;831;759;666;721;595;526;577;510;459;472;482;413;462;458;502;471;501
28;987;924;833;762;682;716;605;516;577;511;455;471;493;420;467;460;501;478
29;951;995;940;829;768;695;722;591;521;570;502;449;473;494;425;470;460;509
30;969;972;986;948;841;770;701;715;591;525;572;517;457;475;494;433;467;453
31;1027;978;980;999;937;835;763;695;719;585;517;569;524;462;470;494;439;473
32;1021;1018;987;978;1001;923;836;755;679;713;574;525;568;527;464;474;489;445
33;975;1031;1029;982;980;1008;929;824;748;677;705;588;526;564;533;468;476;496
34;1035;995;1043;1025;987;974;1018;927;818;752;686;693;586;528;555;531;468;482
35;1031;1059;1005;1064;1038;992;983;1015;955;831;772;676;695;579;538;561;541;472
36;1124;1056;1060;998;1065;1038;1006;987;1017;969;835;763;689;691;578;540;563;543
37;1072;1143;1060;1088;998;1055;1042;1004;995;1017;975;843;770;696;695;593;550;566
38;1009;1089;1147;1056;1079;999;1065;1058;1008;1002;1013;984;837;771;696;693;601;560
39;963;1016;1100;1147;1055;1081;1009;1057;1055;1003;999;1010;991;842;774;694;697;603
40;993;974;1018;1112;1148;1058;1083;1011;1056;1046;1011;1006;1008;992;853;778;691;708
41;903;994;974;1024;1109;1148;1062;1082;1016;1056;1035;1015;1003;1004;987;855;775;687
42;888;912;1003;976;1030;1114;1149;1065;1088;1019;1055;1030;1013;1005;1001;983;854;778
43;850;895;913;996;975;1023;1124;1149;1074;1092;1018;1048;1035;1011;1009;1005;981;856
44;850;851;901;910;1004;976;1027;1112;1145;1069;1093;1019;1047;1040;1008;1008;1003;972
45;824;850;854;900;902;1011;973;1033;1122;1150;1075;1094;1024;1049;1045;1012;1008;1000
46;799;831;849;853;909;903;1014;978;1037;1125;1157;1071;1091;1027;1050;1051;1009;1003
47;814;811;833;856;850;912;905;1020;974;1041;1126;1158;1073;1089;1021;1052;1048;1011
48;907;820;816;831;861;856;915;906;1020;972;1042;1130;1155;1066;1090;1024;1044;1044
49;831;915;823;816;830;869;853;915;907;1019;972;1037;1134;1150;1067;1094;1019;1049
50;857;839;919;820;821;830;880;853;916;910;1019;973;1037;1141;1148;1064;1081;1013
51;927;859;848;921;821;823;831;883;863;915;906;1018;966;1030;1141;1146;1060;1080
52;951;932;862;850;924;824;827;830;887;864;914;909;1008;963;1023;1148;1136;1059
53;1044;954;933;860;854;920;825;825;823;897;861;901;905;1014;958;1026;1152;1133
54;1087;1054;957;938;862;852;914;825;823;822;898;862;901;901;1009;964;1028;1146
55;1074;1094;1055;959;943;867;855;917;821;828;823;893;860;896;896;1016;965;1027
56;720;1078;1097;1056;962;941;864;848;919;823;826;820;896;861;895;889;1011;962
57;980;725;1082;1094;1057;964;940;867;849;918;821;828;823;893;859;893;888;1004
58;908;979;723;1081;1100;1066;961;936;859;846;912;813;817;820;890;856;894;887
59;935;909;980;724;1080;1106;1065;958;935;855;846;915;808;820;821;884;855;890
60;1023;942;919;977;725;1082;1106;1067;956;938;853;839;913;808;820;812;876;849
61;1121;1024;934;911;980;723;1073;1102;1067;954;932;850;846;909;808;823;810;873
62;1047;1116;1018;933;914;978;716;1067;1096;1063;961;935;846;843;903;804;824;809
63;1021;1047;1109;1016;935;913;977;717;1068;1103;1057;957;932;837;837;899;800;817
64;934;1018;1045;1105;1014;932;912;975;711;1073;1103;1050;949;927;834;828;892;792
65;913;933;1017;1043;1107;1005;925;910;971;713;1066;1097;1045;940;920;828;825;890
66;894;912;931;1013;1039;1101;1008;917;907;970;705;1056;1083;1038;934;908;823;813
67;915;887;902;917;1011;1038;1097;1004;908;903;956;701;1050;1069;1028;928;908;818
68;848;911;880;901;922;999;1025;1097;992;903;897;949;690;1043;1059;1020;917;896
69;894;847;895;878;891;917;992;1016;1084;981;896;893;939;686;1031;1043;1013;904
70;865;890;836;894;878;886;907;991;1011;1072;968;891;884;925;681;1021;1028;1003
71;973;863;882;837;888;875;876;895;979;999;1066;957;884;869;919;669;1012;1014
72;810;964;850;882;818;873;865;875;879;971;989;1050;944;870;861;898;663;998
73;842;803;952;843;869;810;864;849;870;871;963;975;1038;930;862;856;890;652
74;881;824;800;936;832;848;800;860;844;862;866;947;961;1020;908;842;842;877
75;889;869;818;795;921;823;838;779;846;821;847;848;937;944;1004;896;820;820
76;836;866;853;801;789;913;808;824;774;834;812;835;831;922;923;975;882;803
77;867;822;848;834;793;777;895;793;808;763;820;798;814;820;903;905;953;870
78;905;850;807;835;818;769;759;866;770;788;742;798;775;806;799;886;887;929
79;844;868;816;791;818;797;754;737;844;753;765;734;773;754;788;779;866;864
80;836;819;840;789;758;790;771;737;721;824;733;745;714;746;722;766;753;843
81;823;815;799;821;763;733;761;753;716;692;784;717;723;682;720;701;749;714
82;542;791;782;768;787;736;710;715;722;690;675;751;696;684;659;686;677;717
83;263;505;756;755;731;753;716;670;688;684;654;633;716;654;648;632;656;648
84;241;249;480;705;720;692;717;673;641;627;650;616;595;688;608;615;598;631
85;210;231;238;449;657;673;647;675;633;600;589;615;571;555;654;578;574;575
86;329;197;212;221;416;591;633;589;629;565;560;538;570;535;524;614;547;527
87;383;296;184;200;198;386;539;574;552;580;516;507;492;529;477;484;564;494
88;380;342;262;169;176;176;340;480;512;509;514;468;469;444;484;427;444;511
89;364;320;305;218;149;147;158;307;423;462;450;457;426;409;392;424;373;407
90;310;309;265;269;191;135;135;142;268;359;405;396;413;384;360;340;370;330
91;258;264;265;241;238;163;118;119;122;231;308;356;336;360;339;319;307;321
92;177;218;212;229;208;205;138;101;95;100;190;257;296;280;294;276;273;268
93;132;147;176;171;180;178;158;122;82;78;80;152;207;262;215;251;236;226
94;107;112;118;143;129;148;155;129;95;68;60;64;120;172;200;169;206;197
95;71;81;80;91;115;100;120;119;111;78;54;42;55;97;132;155;133;161
96;61;50;64;59;64;81;81;87;90;97;64;42;31;43;68;100;113;109
97;41;46;33;48;40;49;61;59;67;74;69;53;31;24;34;51;72;87
98;34;29;28;20;34;26;39;40;46;48;55;54;36;21;20;24;36;61
99;19;21;23;22;14;21;22;21;23;32;38;34;44;27;14;13;17;26
100 e oltre;13;20;27;30;28;28;32;27;29;43;46;48;52;63;58;48;32;24
Totale;68874;69074;69078;69011;68949;68809;68755;68333;68038;67771;67318;66792;66246;65744;65183;64744;64216;63596

"Ricostruzione della popolazione intercensuaria - Popolazione al 1° gennaio per età"
"Cittadinanza straniera - Provincia: Gorizia"
Età/Anno;2002;2003;2004;2005;2006;2007;2008;2009;2010;2011;2012;2013;2014;2015;2016;2017;2018;2019
Età;Totale
0;34;55;57;98;112;136;140;188;175;187;185;205;196;209;220;193;221;234
1;41;38;56;63;97;117;141;148;193;183;195;194;214;200;206;213;190;224
2;31;43;45;58;76;104;134;151;160;185;184;198;204;219;197;197;223;198
3;37;31;56;57;78;83;112;146;148;156;183;188;202;203;202;192;192;231
4;28;45;43;64;68;87;95;122;149;149;166;178;195;207;208;187;192;205
5;42;35;53;46;75;78;97;108;134;147;158;177;188;186;192;206;183;201
6;33;48;39;53;60;84;93;98;110;139;153;159;181;184;175;185;207;194
7;36;39;55;40;63;71;94;105;98;111;148;154;157;173;169;159;187;212
8;35;34;49;57;51;68;81;101;109;99;120;137;160;145;158;165;154;193
9;36;41;39;42;64;54;81;93;107;102;100;120;133;156;139;149;167;164
10;41;37;40;51;52;72;71;90;98;99;106;103;121;120;144;138;140;175
11;29;45;47;48;60;63;78;75;98;101;101;103;96;118;111;132;138;150
12;26;37;54;61;56;65;60;93;78;93;101;104;102;96;109;106;128;139
13;27;29;44;58;67;65;80;68;97;80;95;106;109;95;84;106;108;130
14;25;33;26;45;67;76;66;105;75;90;89;105;104;101;86;84;106;118
15;25;26;40;37;54;82;92;75;122;75;99;92;105;105;100;81;90;109
16;29;25;25;42;53;70;96;111;86;130;84;106;92;108;97;97;78;97
17;36;29;40;48;52;68;90;120;120;94;134;87;106;86;113;91;97;86
18;47;52;43;66;59;71;89;119;131;117;104;125;89;98;78;110;93;93
19;33;54;55;65;79;72;97;119;135;134;123;105;122;106;102;95;121;107
20;46;38;63;63;80;86;98;115;149;142;132;127;118;149;123;127;121;142
21;51;53;43;82;79;94;121;126;138;162;147;137;151;142;175;146;151;153
22;54;60;71;68;84;99;117;164;149;144;167;163;159;164;154;174;166;186
23;50;81;77;103;85;91;129;133;190;167;148;181;196;182;188;162;185;193
24;79;74;115;100;123;115;123;152;170;203;177;173;185;208;192;186;178;210
25;63;96;101;154;116;155;129;167;174;184;226;202;192;211;226;188;187;194
26;80;89;120;139;171;152;164;173;190;165;185;242;221;219;227;239;217;223
27;88;95;123;162;169;196;169;200;203;200;180;195;258;230;236;217;261;255
28;98;111;132;167;191;191;214;200;219;207;213;208;231;310;254;252;233;271
29;110;109;154;168;199;216;221;256;219;229;220;241;241;250;316;253;255;260
30;107;133;133;195;177;223;239;260;270;231;246;235;279;264;241;311;283;286
31;113;119;157;165;213;194;250;264;274;258;241;262;241;301;278;257;314;309
32;106;139;139;179;180;210;217;278;285;281;255;268;279;247;301;282;272;338
33;101;124;155;154;183;185;215;252;279;292;267;266;291;285;259;299;295;306
34;96;126;139;152;160;199;209;233;254;255;282;277;295;312;293;262;327;317
35;98;102;145;150;165;170;191;222;230;240;252;282;298;287;301;286;286;332
36;85;113;130;180;153;183;177;208;231;224;234;282;316;299;279;310;292;317
37;115;95;123;148;185;160;186;195;208;212;218;248;300;305;296;283;314;312
38;106;128;118;133;156;185;171;204;209;213;220;225;266;301;315;303;290;323
39;106;121;141;147;144;163;207;198;206;199;204;230;236;260;281;294;301;315
40;68;116;133;155;150;158;193;229;197;212;198;222;234;244;258;287;300;311
41;88;79;129;143;160;162;178;207;232;204;198;203;232;236;245;246;294;332
42;80;97;90;138;156;152;181;191;217;233;197;201;233;244;237;243;250;299
43;69;83;112;105;135;160;161;180;186;217;214;194;200;241;238;240;247;262
44;56;75;95;115;110;148;180;181;175;180;213;216;205;198;238;224;249;261
45;62;60;85;107;126;116;153;184;180;181;188;219;226;211;200;232;230;248
46;54;65;73;90;111;129;129;171;186;183;177;200;227;227;202;191;225;236
47;61;63;75;79;93;120;134;137;181;180;179;175;208;226;221;211;201;235
48;63;61;72;96;84;105;127;141;131;182;173;181;177;209;219;213;227;209
49;62;64;69;74;92;83;129;133;153;138;178;172;199;169;183;209;220;233
50;47;59;81;75;83;95;92;132;131;147;142;187;196;194;169;184;214;229
51;40;47;65;85;82;84;106;96;142;123;149;151;181;187;194;165;184;220
52;44;45;51;71;89;88;89;103;99;144;123;154;163;176;171;178;151;201
53;46;41;49;59;72;91;91;92;109;102;145;130;162;158;168;163;184;165
54;39;41;49;52;58;71;99;92;89;104;101;144;133;155;153;167;166;180
55;18;36;43;49;52;54;75;89;95;91;105;106;154;132;150;143;158;174
56;13;19;42;42;45;56;55;75;87;100;98;101;125;155;127;160;145;152
57;13;11;23;49;37;47;51;56;78;87;103;94;103;124;145;126;151;148
58;18;12;10;26;43;42;51;53;56;79;77;102;99;112;121;148;121;151
59;20;17;14;12;23;40;45;54;50;54;72;70;106;97;108;120;144;117
60;20;17;18;13;11;22;41;42;52;55;55;72;76;100;103;102;122;146
61;25;17;18;18;14;12;21;40;47;47;49;63;72;77;93;100;94;106
62;22;24;16;20;18;13;11;23;37;45;38;50;68;66;71;95;92;92
63;15;19;28;17;18;17;15;14;27;35;38;40;57;69;60;68;88;91
64;12;14;17;28;18;18;16;17;15;23;32;37;38;54;61;62;68;100
65;15;10;15;17;27;23;14;20;17;16;24;34;43;39;53;62;59;68
66;12;14;9;17;16;29;18;17;18;18;15;25;33;41;42;53;63;63
67;12;11;13;10;15;18;25;15;16;16;18;17;26;34;40;42;54;61
68;17;9;10;16;10;13;20;29;16;17;17;19;19;28;35;41;44;60
69;14;15;9;9;15;12;12;19;30;14;18;17;22;15;23;33;39;39
70;11;11;11;8;9;14;15;14;14;30;14;17;16;21;13;27;26;39
71;11;9;12;14;8;8;13;16;13;11;30;17;16;13;25;13;30;25
72;7;9;7;13;13;5;10;10;16;12;11;32;19;16;13;25;15;30
73;13;7;9;6;10;13;5;8;11;17;12;11;32;17;16;10;23;14
74;10;11;5;7;5;11;11;4;10;10;19;12;13;33;15;15;10;23
75;15;7;9;6;7;5;12;11;4;10;10;18;11;12;33;15;14;8
76;14;12;6;9;5;6;5;8;11;4;9;11;17;9;10;32;16;15
77;14;11;10;6;6;4;7;4;8;9;4;10;10;15;7;10;28;16
78;9;10;9;8;5;6;4;7;3;7;11;4;10;12;16;8;10;24
79;4;7;9;10;7;4;7;4;4;3;6;11;4;11;12;14;8;10
80;10;2;5;9;8;5;4;6;7;5;3;5;10;3;8;10;15;8
81;6;9;3;4;10;8;3;3;6;6;4;3;6;9;3;8;10;13
82;4;5;7;4;3;7;7;2;3;4;7;4;3;6;9;4;8;11
83;7;4;5;7;4;3;8;6;1;3;2;6;4;3;6;9;3;7
84;5;6;4;5;6;4;4;8;5;1;2;2;7;3;4;6;8;2
85;1;3;6;3;5;5;5;3;9;6;0;2;2;7;4;4;5;8
86;5;1;2;4;2;4;3;5;3;9;6;0;2;3;7;3;4;5
87;2;2;0;2;4;1;2;3;3;4;6;4;0;1;3;5;2;3
88;3;1;1;0;2;3;1;0;2;2;4;6;3;0;1;3;4;2
89;2;2;1;1;0;2;2;1;0;2;2;4;6;2;0;1;2;2
90;2;2;1;1;1;0;2;1;1;0;1;1;4;5;2;0;2;2
91;5;2;1;1;1;1;0;2;1;0;0;1;0;4;5;2;0;2
92;1;4;1;1;1;1;1;0;0;1;0;0;1;0;5;5;1;1
93;0;1;1;1;1;1;1;1;0;0;1;0;0;1;0;4;4;1
94;2;0;1;1;1;1;1;1;0;0;0;0;0;0;1;0;4;2
95;1;0;0;1;1;0;1;0;1;0;0;0;0;0;0;1;0;3
96;0;1;0;0;1;1;0;0;0;0;0;0;0;0;0;0;1;0
97;0;0;1;0;0;1;1;0;0;0;0;0;0;0;0;1;0;0
98;1;0;0;1;0;0;1;1;0;0;0;0;0;0;0;0;1;0
99;0;0;0;0;0;0;0;1;1;0;0;1;0;0;0;0;0;0
100 e oltre;0;0;1;0;0;0;0;0;1;0;0;0;1;1;1;1;0;0
Totale;3713;4162;4926;5828;6445;7155;8082;9197;9857;10062;10340;10968;11843;12266;12372;12461;12981;13967
Età/Anno;2002;2003;2004;2005;2006;2007;2008;2009;2010;2011;2012;2013;2014;2015;2016;2017;2018;2019
Età;Maschi
0;22;31;29;48;63;76;74;94;103;87;94;110;103;108;109;95;101;112
1;15;24;33;30;45;61;79;80;93;113;92;98;113;106;104;103;94;107
2;16;17;30;35;36;48;70;84;87;89;107;97;100;119;102;93;110;98
3;15;15;26;34;46;40;54;76;83;85;90;104;95;97;111;98;94;111
4;15;21;16;31;40;52;47;57;80;86;90;92;111;94;102;100;99;105
5;23;17;27;16;35;45;47;49;67;85;94;92;98;107;92;101;98;103
6;14;27;26;28;22;44;55;47;47;69;87;90;90;92;102;85;106;107
7;16;17;27;26;30;32;50;61;47;55;77;89;90;87;86;91;89;113
8;17;15;28;29;31;32;35;49;62;45;60;69;94;82;82;84;89;94
9;17;23;18;24;32;31;39;42;50;57;47;57;67;94;81;74;87;98
10;17;18;22;23;29;35;38;48;47;48;61;48;57;60;91;78;67;93
11;22;18;21;27;28;36;38;41;54;51;51;60;49;54;55;84;74;71
12;11;25;24;29;32;28;35;49;43;49;54;50;62;48;47;51;81;79
13;9;10;32;27;34;34;34;40;47;42;51;54;55;54;43;47;51;79
14;8;10;9;32;32;38;33;45;48;44;48;62;57;52;52;42;50;57
15;15;9;10;13;37;41;49;38;52;44;52;50;64;59;52;49;47;55
16;20;11;10;13;29;48;49;57;43;56;47;55;53;64;55;48;46;51
17;23;21;18;31;17;34;60;65;63;52;59;50;59;52;69;52;47;52
18;36;37;34;38;41;29;49;80;72;59;62;53;57;53;50;73;53;46
19;22;39;44;45;48;46;48;61;80;69;57;61;49;61;58;64;89;62
20;24;18;44;42;48;47;53;56;75;79;63;56;65;65;75;74;84;101
21;26;27;16;59;40;53;68;66;70;75;71;64;68;76;73;84;87;103
22;32;27;31;30;55;48;67;82;75;70;69;74;76;79;83;72;92;114
23;25;38;28;49;38;59;58;67;94;80;67;78;90;85;99;88;82;112
24;32;35;55;43;58;46;67;77;82;105;86;74;83;102;90;90;94;93
25;29;44;49;76;49;65;55;85;84;86;110;101;80;106;113;88;89;101
26;34;41;60;75;91;65;74;74;98;76;78;122;113;98;111;116;103;109
27;40;46;63;84;90;101;71;88;96;105;78;87;135;119;108;100;129;129
28;43;56;57;92;103;94;102;82;93;103;107;96;110;155;127;128;104;137
29;47;52;81;82;108;112;105;133;94;96;107;126;109;127;154;122;124;125
30;50;64;68;108;89;117;124;134;143;110;106;113;150;125;117;141;141;132
31;64;62;75;88;112;96;134;136;146;138;107;120;118;161;134;126;145;161
32;65;81;77;89;87;108;110;142;146;155;127;127;134;123;162;131;131;170
33;49;75;92;87;88;91;113;130;139;154;143;140;148;134;136;166;144;164
34;54;70;83;95;84;96;99;129;129;124;144;147;165;159;132;142;188;157
35;59;66;85;92;100;93;93;115;128;121;123;144;168;160;152;136;161;201
36;53;69;88;108;89;112;97;108;123;127;116;141;171;177;158;156;148;189
37;73;63;78;98;109;96;112;112;106;110;119;134;156;170;174;154;170;169
38;63;83;78;87;105;114;96;121;122;107;108;120;152;159;174;177;160;181
39;69;80;95;102;95;111;130;111;122;111;91;108;134;151;146;162;173;186
40;42;77;84;107;103;101;122;142;107;120;104;104;114;136;155;151;175;183
41;57;55;91;97;113;109;110;126;144;99;102;105;107;115;141;147;153;201
42;44;65;61;100;105;106;117;118;125;146;96;100;122;122;123;139;148;160
43;41;49;75;69;93;103;107;106;110;116;123;91;107;125;121;128;144;156
44;28;49;51;79;72;98;113;116;98;109;108;125;98;99;123;108;128;150
45;41;35;59;64;89;75;98;109;108;97;108;111;128;102;98;113;112;128
46;29;45;42;65;67;92;76;106;101;106;93;111;120;122;95;97;108;113
47;37;41;52;47;68;73;93;77;105;91;97;91;116;114;121;96;104;118
48;33;40;48;67;55;78;79;96;74;105;85;95;93;112;106;112;106;114
49;29;36;47;50;63;57;88;78;103;76;102;90;108;87;99;100;116;113
50;24;31;45;51;59;66;60;83;75;96;73;105;107;104;85;98;101;124
51;19;26;31;51;51;58;73;59;81;68;95;77;102;102;106;82;98;106
52;21;24;28;39;52;52;60;62;53;76;65;96;85;97;99;95;75;106
53;17;21;24;32;43;55;55;60;67;55;72;66;97;81;94;93;93;82
54;16;16;27;26;33;40;58;58;56;62;55;70;70;93;79;94;91;91
55;7;18;20;29;28;32;47;48;58;54;59;57;72;70;90;69;89;98
56;5;8;22;21;26;28;31;45;44;57;56;59;65;75;71;92;75;86
57;4;6;10;28;17;28;24;32;44;41;61;53;59;61;74;69;87;74
58;9;5;5;11;26;21;27;28;29;47;37;60;54;60;63;76;64;87
59;7;10;5;6;10;25;23;23;22;23;35;32;63;52;58;63;69;56
60;5;7;9;4;5;9;25;19;21;25;24;32;36;59;56;58;65;68
61;8;6;8;10;5;5;7;23;22;17;20;26;36;37;54;53;52;58
62;6;7;6;10;8;4;5;8;22;19;13;18;31;32;32;56;50;50
63;6;6;8;6;9;8;6;5;8;20;17;13;17;27;25;32;51;51
64;3;6;6;9;7;8;7;6;2;7;16;16;13;17;24;22;30;55
65;7;3;7;7;7;8;5;9;4;2;7;16;15;13;14;26;18;29
66;3;6;3;7;6;9;6;7;8;3;2;6;12;15;12;12;26;19
67;5;3;6;4;7;8;8;4;7;6;3;5;8;12;12;12;14;24
68;5;3;2;8;4;6;9;10;4;6;5;3;5;8;13;12;12;14
69;4;4;1;3;8;6;6;10;12;3;7;5;3;5;6;15;12;10
70;5;3;3;1;3;7;6;7;8;12;4;6;4;3;4;7;9;12
71;5;5;2;3;2;3;7;6;5;5;12;4;6;4;6;4;9;9
72;1;5;4;2;3;1;7;6;6;5;5;13;4;6;3;7;5;7
73;6;2;5;4;2;4;1;6;5;7;5;5;13;4;6;4;5;4
74;2;5;1;4;3;1;2;1;7;5;7;5;7;13;4;5;4;5
75;2;2;4;1;4;3;1;2;0;7;5;7;5;5;13;4;5;2
76;6;2;2;3;0;3;3;1;3;0;7;5;7;3;5;11;5;6
77;4;5;1;2;1;0;3;3;1;4;0;7;5;7;3;5;10;5
78;2;4;4;1;2;2;0;4;2;1;4;0;5;5;6;3;6;10
79;0;1;5;5;1;2;3;0;1;2;0;4;0;5;5;6;3;6
80;1;0;1;5;4;0;2;2;2;1;2;0;4;0;3;5;6;3
81;2;1;1;0;6;4;0;2;2;2;1;2;0;4;0;3;4;5
82;1;2;2;2;0;3;3;0;2;1;2;1;2;0;4;0;3;5
83;4;1;0;2;2;0;2;2;0;2;0;2;1;2;0;4;0;2
84;0;3;1;0;2;2;0;3;2;0;2;0;3;0;2;0;4;0
85;1;0;3;1;0;2;2;0;2;3;0;2;0;3;1;2;0;3
86;1;1;0;3;1;0;1;2;0;2;3;0;2;0;3;0;2;1
87;0;1;0;0;3;0;0;1;1;1;1;2;0;1;0;3;0;2
88;2;0;0;0;0;2;0;0;1;0;1;1;2;0;1;0;3;0
89;0;2;0;0;0;0;1;0;0;1;0;1;1;1;0;1;0;1
90;2;0;1;0;0;0;0;1;0;0;0;0;1;1;1;0;1;0
91;0;2;0;1;0;0;0;0;1;0;0;0;0;1;1;1;0;1
92;0;0;1;0;1;0;0;0;0;1;0;0;0;0;1;1;0;0
93;0;0;0;1;0;1;0;0;0;0;1;0;0;0;0;1;1;0
94;0;0;0;0;1;0;0;0;0;0;0;0;0;0;0;0;1;1
95;1;0;0;0;0;0;0;0;0;0;0;0;0;0;0;0;0;1
96;0;1;0;0;0;0;0;0;0;0;0;0;0;0;0;0;0;0
97;0;0;1;0;0;0;0;0;0;0;0;0;0;0;0;0;0;0
98;0;0;0;1;0;0;0;0;0;0;0;0;0;0;0;0;0;0
99;0;0;0;0;0;0;0;0;0;0;0;0;0;0;0;0;0;0
100 e oltre;0;0;0;0;0;0;0;0;0;0;0;0;0;0;0;0;0;0
Totale;1894;2258;2712;3314;3625;3962;4400;4933;5198;5231;5202;5518;6083;6296;6382;6362;6673;7342
Età/Anno;2002;2003;2004;2005;2006;2007;2008;2009;2010;2011;2012;2013;2014;2015;2016;2017;2018;2019
Età;Femmine
0;12;24;28;50;49;60;66;94;72;100;91;95;93;101;111;98;120;122
1;26;14;23;33;52;56;62;68;100;70;103;96;101;94;102;110;96;117
2;15;26;15;23;40;56;64;67;73;96;77;101;104;100;95;104;113;100
3;22;16;30;23;32;43;58;70;65;71;93;84;107;106;91;94;98;120
4;13;24;27;33;28;35;48;65;69;63;76;86;84;113;106;87;93;100
5;19;18;26;30;40;33;50;59;67;62;64;85;90;79;100;105;85;98
6;19;21;13;25;38;40;38;51;63;70;66;69;91;92;73;100;101;87
7;20;22;28;14;33;39;44;44;51;56;71;65;67;86;83;68;98;99
8;18;19;21;28;20;36;46;52;47;54;60;68;66;63;76;81;65;99
9;19;18;21;18;32;23;42;51;57;45;53;63;66;62;58;75;80;66
10;24;19;18;28;23;37;33;42;51;51;45;55;64;60;53;60;73;82
11;7;27;26;21;32;27;40;34;44;50;50;43;47;64;56;48;64;79
12;15;12;30;32;24;37;25;44;35;44;47;54;40;48;62;55;47;60
13;18;19;12;31;33;31;46;28;50;38;44;52;54;41;41;59;57;51
14;17;23;17;13;35;38;33;60;27;46;41;43;47;49;34;42;56;61
15;10;17;30;24;17;41;43;37;70;31;47;42;41;46;48;32;43;54
16;9;14;15;29;24;22;47;54;43;74;37;51;39;44;42;49;32;46
17;13;8;22;17;35;34;30;55;57;42;75;37;47;34;44;39;50;34
18;11;15;9;28;18;42;40;39;59;58;42;72;32;45;28;37;40;47
19;11;15;11;20;31;26;49;58;55;65;66;44;73;45;44;31;32;45
20;22;20;19;21;32;39;45;59;74;63;69;71;53;84;48;53;37;41
21;25;26;27;23;39;41;53;60;68;87;76;73;83;66;102;62;64;50
22;22;33;40;38;29;51;50;82;74;74;98;89;83;85;71;102;74;72
23;25;43;49;54;47;32;71;66;96;87;81;103;106;97;89;74;103;81
24;47;39;60;57;65;69;56;75;88;98;91;99;102;106;102;96;84;117
25;34;52;52;78;67;90;74;82;90;98;116;101;112;105;113;100;98;93
26;46;48;60;64;80;87;90;99;92;89;107;120;108;121;116;123;114;114
27;48;49;60;78;79;95;98;112;107;95;102;108;123;111;128;117;132;126
28;55;55;75;75;88;97;112;118;126;104;106;112;121;155;127;124;129;134
29;63;57;73;86;91;104;116;123;125;133;113;115;132;123;162;131;131;135
30;57;69;65;87;88;106;115;126;127;121;140;122;129;139;124;170;142;154
31;49;57;82;77;101;98;116;128;128;120;134;142;123;140;144;131;169;148
32;41;58;62;90;93;102;107;136;139;126;128;141;145;124;139;151;141;168
33;52;49;63;67;95;94;102;122;140;138;124;126;143;151;123;133;151;142
34;42;56;56;57;76;103;110;104;125;131;138;130;130;153;161;120;139;160
35;39;36;60;58;65;77;98;107;102;119;129;138;130;127;149;150;125;131
36;32;44;42;72;64;71;80;100;108;97;118;141;145;122;121;154;144;128
37;42;32;45;50;76;64;74;83;102;102;99;114;144;135;122;129;144;143
38;43;45;40;46;51;71;75;83;87;106;112;105;114;142;141;126;130;142
39;37;41;46;45;49;52;77;87;84;88;113;122;102;109;135;132;128;129
40;26;39;49;48;47;57;71;87;90;92;94;118;120;108;103;136;125;128
41;31;24;38;46;47;53;68;81;88;105;96;98;125;121;104;99;141;131
42;36;32;29;38;51;46;64;73;92;87;101;101;111;122;114;104;102;139
43;28;34;37;36;42;57;54;74;76;101;91;103;93;116;117;112;103;106
44;28;26;44;36;38;50;67;65;77;71;105;91;107;99;115;116;121;111
45;21;25;26;43;37;41;55;75;72;84;80;108;98;109;102;119;118;120
46;25;20;31;25;44;37;53;65;85;77;84;89;107;105;107;94;117;123
47;24;22;23;32;25;47;41;60;76;89;82;84;92;112;100;115;97;117
48;30;21;24;29;29;27;48;45;57;77;88;86;84;97;113;101;121;95
49;33;28;22;24;29;26;41;55;50;62;76;82;91;82;84;109;104;120
50;23;28;36;24;24;29;32;49;56;51;69;82;89;90;84;86;113;105
51;21;21;34;34;31;26;33;37;61;55;54;74;79;85;88;83;86;114
52;23;21;23;32;37;36;29;41;46;68;58;58;78;79;72;83;76;95
53;29;20;25;27;29;36;36;32;42;47;73;64;65;77;74;70;91;83
54;23;25;22;26;25;31;41;34;33;42;46;74;63;62;74;73;75;89
55;11;18;23;20;24;22;28;41;37;37;46;49;82;62;60;74;69;76
56;8;11;20;21;19;28;24;30;43;43;42;42;60;80;56;68;70;66
57;9;5;13;21;20;19;27;24;34;46;42;41;44;63;71;57;64;74
58;9;7;5;15;17;21;24;25;27;32;40;42;45;52;58;72;57;64
59;13;7;9;6;13;15;22;31;28;31;37;38;43;45;50;57;75;61
60;15;10;9;9;6;13;16;23;31;30;31;40;40;41;47;44;57;78
61;17;11;10;8;9;7;14;17;25;30;29;37;36;40;39;47;42;48
62;16;17;10;10;10;9;6;15;15;26;25;32;37;34;39;39;42;42
63;9;13;20;11;9;9;9;9;19;15;21;27;40;42;35;36;37;40
64;9;8;11;19;11;10;9;11;13;16;16;21;25;37;37;40;38;45
65;8;7;8;10;20;15;9;11;13;14;17;18;28;26;39;36;41;39
66;9;8;6;10;10;20;12;10;10;15;13;19;21;26;30;41;37;44
67;7;8;7;6;8;10;17;11;9;10;15;12;18;22;28;30;40;37
68;12;6;8;8;6;7;11;19;12;11;12;16;14;20;22;29;32;46
69;10;11;8;6;7;6;6;9;18;11;11;12;19;10;17;18;27;29
70;6;8;8;7;6;7;9;7;6;18;10;11;12;18;9;20;17;27
71;6;4;10;11;6;5;6;10;8;6;18;13;10;9;19;9;21;16
72;6;4;3;11;10;4;3;4;10;7;6;19;15;10;10;18;10;23
73;7;5;4;2;8;9;4;2;6;10;7;6;19;13;10;6;18;10
74;8;6;4;3;2;10;9;3;3;5;12;7;6;20;11;10;6;18
75;13;5;5;5;3;2;11;9;4;3;5;11;6;7;20;11;9;6
76;8;10;4;6;5;3;2;7;8;4;2;6;10;6;5;21;11;9
77;10;6;9;4;5;4;4;1;7;5;4;3;5;8;4;5;18;11
78;7;6;5;7;3;4;4;3;1;6;7;4;5;7;10;5;4;14
79;4;6;4;5;6;2;4;4;3;1;6;7;4;6;7;8;5;4
80;9;2;4;4;4;5;2;4;5;4;1;5;6;3;5;5;9;5
81;4;8;2;4;4;4;3;1;4;4;3;1;6;5;3;5;6;8
82;3;3;5;2;3;4;4;2;1;3;5;3;1;6;5;4;5;6
83;3;3;5;5;2;3;6;4;1;1;2;4;3;1;6;5;3;5
84;5;3;3;5;4;2;4;5;3;1;0;2;4;3;2;6;4;2
85;0;3;3;2;5;3;3;3;7;3;0;0;2;4;3;2;5;5
86;4;0;2;1;1;4;2;3;3;7;3;0;0;3;4;3;2;4
87;2;1;0;2;1;1;2;2;2;3;5;2;0;0;3;2;2;1
88;1;1;1;0;2;1;1;0;1;2;3;5;1;0;0;3;1;2
89;2;0;1;1;0;2;1;1;0;1;2;3;5;1;0;0;2;1
90;0;2;0;1;1;0;2;0;1;0;1;1;3;4;1;0;1;2
91;5;0;1;0;1;1;0;2;0;0;0;1;0;3;4;1;0;1
92;1;4;0;1;0;1;1;0;0;0;0;0;1;0;4;4;1;1
93;0;1;1;0;1;0;1;1;0;0;0;0;0;1;0;3;3;1
94;2;0;1;1;0;1;1;1;0;0;0;0;0;0;1;0;3;1
95;0;0;0;1;1;0;1;0;1;0;0;0;0;0;0;1;0;2
96;0;0;0;0;1;1;0;0;0;0;0;0;0;0;0;0;1;0
97;0;0;0;0;0;1;1;0;0;0;0;0;0;0;0;1;0;0
98;1;0;0;0;0;0;1;1;0;0;0;0;0;0;0;0;1;0
99;0;0;0;0;0;0;0;1;1;0;0;1;0;0;0;0;0;0
100 e oltre;0;0;1;0;0;0;0;0;1;0;0;0;1;1;1;1;0;0
Totale;1819;1904;2214;2514;2820;3193;3682;4264;4659;4831;5138;5450;5760;5970;5990;6099;6308;6625
