"Popolazione per età, vista per singola area - Provincia: Venezia"

"Ricostruzione della popolazione intercensuaria - Popolazione al 1° gennaio per età"
"Tutte le cittadinanze - Provincia: Venezia"
Età/Anno;2002;2003;2004;2005;2006;2007;2008;2009;2010;2011;2012;2013;2014;2015;2016;2017;2018;2019
Età;Totale
0;6764;6859;7252;7342;7194;7367;7556;7637;7457;7338;7323;7095;6653;6264;6156;6032;5832;5613
1;6843;6838;6874;7316;7364;7248;7462;7659;7666;7476;7372;7325;7106;6671;6281;6194;6078;5881
2;6847;6931;6931;6928;7335;7430;7314;7516;7683;7665;7433;7347;7353;7099;6644;6320;6207;6125
3;6827;6906;7015;7000;6971;7384;7538;7380;7553;7696;7650;7474;7354;7369;7063;6625;6307;6223
4;6600;6912;6966;7099;7058;7022;7482;7655;7411;7536;7670;7676;7493;7378;7356;7092;6625;6330
5;6457;6688;6977;7054;7177;7106;7120;7583;7666;7422;7539;7691;7702;7505;7367;7371;7099;6673
6;6301;6535;6783;7060;7120;7242;7206;7225;7623;7673;7492;7577;7695;7711;7512;7354;7391;7136
7;6216;6361;6579;6839;7150;7156;7357;7339;7326;7657;7679;7514;7574;7724;7738;7507;7392;7417
8;6371;6284;6421;6669;6944;7195;7233;7445;7392;7358;7678;7714;7507;7586;7701;7732;7524;7407
9;6536;6441;6354;6480;6735;7005;7305;7334;7535;7460;7401;7686;7733;7538;7609;7705;7768;7550
10;6540;6581;6486;6452;6557;6764;7107;7406;7389;7611;7501;7416;7703;7777;7529;7611;7755;7818
11;6718;6589;6659;6558;6519;6625;6833;7199;7480;7435;7661;7521;7444;7734;7783;7531;7627;7773
12;6303;6746;6639;6756;6641;6578;6733;6929;7278;7540;7493;7683;7526;7460;7740;7782;7539;7652
13;6480;6319;6774;6723;6831;6710;6660;6836;6994;7372;7590;7506;7697;7546;7477;7742;7807;7571
14;6171;6505;6355;6850;6786;6895;6789;6754;6940;7066;7422;7637;7521;7751;7549;7450;7777;7846
15;6375;6198;6518;6438;6919;6840;6971;6892;6848;7007;7128;7451;7648;7553;7757;7541;7448;7798
16;6768;6388;6238;6593;6502;6980;6930;7096;6981;6911;7076;7132;7481;7674;7567;7748;7556;7491
17;6564;6789;6428;6344;6677;6576;7035;7042;7218;7074;6983;7111;7158;7515;7683;7587;7767;7600
18;6876;6584;6821;6493;6450;6784;6700;7194;7195;7309;7162;7040;7155;7191;7541;7769;7647;7857
19;7163;6902;6626;6878;6546;6547;6939;6951;7324;7290;7423;7251;7097;7182;7252;7623;7878;7766
20;7450;7172;7002;6700;6944;6652;6710;7167;7084;7453;7373;7535;7288;7162;7202;7338;7783;7994
21;7595;7475;7278;7086;6794;7064;6882;6955;7287;7205;7597;7471;7579;7327;7217;7304;7490;7927
22;8260;7683;7626;7458;7198;6903;7362;7158;7151;7457;7317;7727;7516;7629;7339;7320;7451;7652
23;9268;8326;7881;7814;7576;7355;7200;7676;7320;7349;7566;7463;7833;7636;7677;7440;7445;7627
24;9857;9368;8654;8074;7935;7731;7681;7590;7861;7541;7472;7730;7575;7920;7729;7792;7549;7618
25;10837;9952;9686;8910;8218;8097;8007;8012;7754;8023;7713;7570;7882;7665;8001;7842;7869;7702
26;11494;10928;10226;9934;9067;8420;8384;8296;8187;7938;8130;7803;7705;7989;7748;8135;7944;7955
27;12570;11563;11217;10425;10057;9263;8728;8647;8520;8373;8067;8192;7863;7798;8005;7845;8193;8068
28;12900;12615;11842;11461;10505;10229;9573;9048;8796;8694;8464;8252;8289;7921;7881;8136;7955;8319
29;13204;12962;12905;12036;11548;10610;10506;9818;9202;8936;8782;8559;8345;8384;7989;7958;8276;7995
30;13262;13289;13180;13003;12159;11646;10806;10747;10003;9289;9005;8879;8644;8446;8405;8090;8033;8379
31;13356;13338;13469;13247;13020;12243;11830;11042;10773;10008;9268;9040;8971;8669;8447;8497;8197;8137
32;13851;13387;13508;13529;13294;13160;12411;12024;11157;10787;9983;9283;9155;9009;8660;8465;8619;8297
33;13505;13904;13547;13582;13592;13251;13351;12636;12080;11214;10709;10057;9401;9143;9036;8676;8510;8717
34;13722;13539;14048;13579;13571;13628;13386;13566;12635;12105;11246;10734;10106;9410;9140;9114;8771;8624
35;14165;13749;13737;14104;13599;13632;13757;13530;13583;12717;12078;11281;10797;10137;9455;9185;9125;8835
36;14140;14212;13888;13858;14184;13668;13837;13900;13614;13571;12726;12100;11346;10873;10151;9474;9248;9212
37;14619;14167;14354;14026;13912;14220;13859;13947;13958;13699;13544;12754;12086;11359;10874;10221;9546;9379
38;13663;14684;14354;14412;14072;13975;14346;13980;14077;14042;13689;13597;12783;12106;11337;10931;10308;9591
39;13402;13728;14780;14428;14464;14128;14187;14484;14039;14128;14010;13661;13655;12780;12138;11379;10953;10384
40;13235;13490;13877;14892;14449;14494;14297;14346;14497;14129;14122;14041;13732;13692;12794;12147;11426;11043
41;12372;13281;13609;13949;14893;14487;14599;14452;14358;14514;14100;14100;14063;13734;13711;12814;12167;11511
42;12416;12386;13416;13687;13969;14921;14604;14688;14535;14423;14487;14118;14161;14095;13735;13697;12875;12251
43;11616;12442;12515;13462;13717;14039;15090;14719;14720;14599;14437;14484;14148;14147;14109;13758;13761;12923
44;11427;11658;12595;12608;13481;13743;14121;15188;14749;14739;14582;14466;14563;14174;14123;14119;13767;13764
45;11305;11493;11815;12643;12650;13510;13808;14225;15228;14791;14756;14634;14494;14584;14185;14145;14127;13823
46;10917;11303;11614;11862;12675;12677;13545;13914;14271;15268;14813;14750;14638;14465;14598;14172;14152;14146
47;10896;10896;11432;11664;11856;12711;12785;13619;13943;14292;15299;14840;14738;14652;14472;14589;14180;14164
48;10757;10890;11021;11446;11686;11876;12791;12893;13661;13988;14277;15325;14849;14726;14617;14504;14620;14192
49;10826;10725;10950;11035;11447;11721;11946;12863;12903;13703;14001;14296;15302;14856;14747;14597;14484;14657
50;10522;10829;10805;10969;11041;11453;11750;12021;12914;12945;13710;13988;14317;15284;14842;14759;14621;14464
51;11152;10503;10875;10812;10980;11035;11508;11862;12038;12925;12939;13683;13993;14310;15281;14823;14738;14637
52;11478;11146;10545;10890;10783;10980;11081;11559;11884;12040;12937;12937;13687;14017;14242;15244;14818;14771
53;11785;11473;11186;10522;10857;10762;11015;11120;11577;11922;12028;12929;12937;13662;13946;14214;15203;14835
54;11974;11766;11510;11166;10479;10809;10741;11043;11150;11605;11909;12015;12941;12923;13635;13915;14187;15191
55;13025;11961;11761;11498;11106;10455;10774;10750;11062;11174;11592;11915;11977;12898;12874;13614;13908;14175
56;8879;13002;11978;11757;11476;11058;10482;10766;10766;11062;11140;11585;11911;11981;12853;12840;13565;13879
57;10815;8831;12982;11969;11723;11434;11043;10473;10724;10755;11035;11108;11582;11880;11964;12800;12816;13561
58;10938;10762;8812;12933;11916;11687;11376;11044;10477;10678;10729;11000;11075;11548;11836;11927;12718;12785
59;10813;10884;10724;8792;12845;11865;11655;11328;10988;10452;10650;10699;10985;11029;11531;11774;11893;12714
60;10879;10760;10811;10660;8755;12806;11824;11624;11282;10936;10401;10627;10656;10952;10974;11470;11747;11886
61;11520;10814;10681;10728;10592;8709;12744;11750;11596;11239;10875;10360;10578;10611;10902;10920;11396;11689
62;11049;11455;10738;10602;10640;10544;8645;12686;11698;11541;11172;10801;10323;10542;10534;10836;10844;11312
63;10790;10958;11344;10637;10516;10569;10466;8595;12575;11647;11464;11109;10712;10249;10484;10495;10782;10787
64;10017;10684;10871;11252;10541;10444;10484;10387;8526;12488;11534;11400;11028;10625;10167;10409;10382;10728
65;9405;9919;10589;10780;11162;10430;10355;10421;10309;8458;12382;11401;11310;10882;10541;10079;10329;10328
66;9554;9295;9850;10512;10699;11082;10322;10253;10329;10196;8384;12272;11272;11167;10812;10459;9980;10263
67;9302;9441;9165;9756;10401;10581;10963;10242;10163;10207;10105;8314;12134;11181;11047;10711;10374;9917
68;8672;9188;9324;9060;9652;10287;10475;10858;10125;10050;10099;9971;8211;12031;11060;10951;10617;10280
69;8647;8546;9082;9211;8974;9532;10170;10355;10752;10025;9947;9974;9869;8119;11872;10958;10811;10530
70;8521;8500;8386;8936;9065;8812;9416;10021;10244;10605;9908;9845;9822;9746;8015;11711;10808;10698
71;8651;8332;8337;8237;8789;8941;8668;9276;9906;10074;10459;9734;9696;9670;9618;7910;11518;10675
72;7842;8483;8150;8186;8079;8596;8794;8547;9119;9737;9927;10310;9556;9525;9488;9479;7784;11357
73;7797;7663;8297;7990;8008;7901;8447;8645;8416;8958;9568;9740;10132;9394;9380;9332;9301;7665
74;7694;7626;7480;8093;7797;7824;7712;8282;8431;8256;8791;9387;9539;9942;9232;9200;9145;9142
75;7374;7509;7431;7272;7882;7624;7647;7529;8093;8264;8094;8612;9201;9338;9726;9026;9005;8968
76;6813;7127;7293;7186;7040;7675;7419;7435;7336;7888;8064;7896;8390;8989;9132;9490;8790;8801
77;6502;6568;6899;7053;6970;6804;7435;7169;7215;7091;7682;7823;7687;8160;8768;8928;9222;8574
78;6544;6255;6320;6678;6800;6756;6558;7189;6897;6977;6884;7463;7576;7456;7947;8514;8663;9004
79;6063;6247;5988;6062;6393;6518;6510;6303;6921;6652;6747;6644;7204;7336;7202;7663;8237;8359
80;5462;5837;5933;5713;5816;6141;6259;6193;6009;6641;6387;6469;6380;6949;7057;6934;7393;7963
81;5346;5205;5512;5648;5442;5547;5830;5947;5907;5726;6312;6124;6172;6108;6657;6753;6668;7112
82;3039;4997;4856;5209;5321;5131;5237;5516;5622;5623;5416;6005;5820;5883;5815;6365;6436;6366
83;2088;2841;4649;4542;4899;4979;4786;4896;5180;5283;5308;5096;5675;5500;5539;5537;5982;6120
84;2183;1916;2639;4303;4176;4565;4598;4415;4543;4806;4914;4982;4785;5349;5132;5238;5208;5631
85;2399;1994;1745;2437;3962;3869;4218;4308;4074;4195;4431;4548;4600;4455;4969;4779;4893;4824
86;2770;2164;1808;1610;2216;3618;3542;3815;3924;3701;3876;4041;4148;4261;4074;4582;4380;4475
87;2607;2478;1903;1623;1433;1973;3281;3207;3427;3556;3378;3492;3674;3800;3855;3660;4167;3956
88;2303;2309;2153;1683;1442;1294;1764;2903;2851;3029;3204;2991;3102;3289;3406;3455;3273;3756
89;1865;1974;1934;1889;1478;1256;1128;1568;2560;2507;2629;2824;2635;2722;2879;3013;3048;2897
90;1613;1602;1670;1621;1629;1249;1091;973;1370;2214;2195;2253;2445;2284;2342;2514;2605;2640
91;1300;1357;1350;1384;1365;1415;1047;921;827;1169;1886;1828;1902;2106;1914;1995;2104;2244
92;865;1052;1108;1106;1153;1148;1173;864;775;692;990;1553;1492;1564;1753;1586;1682;1749
93;657;692;841;889;896;957;933;948;700;638;565;796;1248;1240;1266;1435;1318;1382
94;500;534;537;677;700;703;748;727;779;547;513;454;630;995;977;988;1138;1045
95;348;374;390;412;511;540;545;574;588;608;411;405;357;489;738;768;789;889
96;257;255;277;298;306;379;427;409;441;468;470;294;315;258;360;563;577;591
97;176;193;183;197;198;229;282;300;294;335;358;332;220;224;183;256;408;427
98;98;119;136;127;143;141;154;198;209;222;253;248;238;156;148;140;180;269
99;63;65;79;83;88;98;92;91;145;150;151;178;172;164;105;102;96;132
100 e oltre;98;93;97;119;125;139;167;159;160;180;219;226;267;286;276;239;212;201
Totale;809661;811539;817736;822555;825268;828852;836440;844667;848803;852008;853311;854270;854685;854245;852177;851353;850607;851057
Età/Anno;2002;2003;2004;2005;2006;2007;2008;2009;2010;2011;2012;2013;2014;2015;2016;2017;2018;2019
Età;Maschi
0;3550;3577;3829;3725;3770;3798;3884;3959;3882;3774;3699;3698;3453;3233;3147;3112;3005;2864
1;3562;3585;3580;3856;3741;3788;3845;3958;3960;3902;3790;3712;3683;3482;3240;3168;3148;3030
2;3521;3606;3632;3602;3855;3785;3815;3875;3971;3966;3885;3772;3724;3664;3478;3260;3187;3166
3;3442;3549;3643;3669;3629;3884;3841;3847;3904;3972;3960;3897;3771;3749;3637;3461;3247;3205
4;3335;3487;3589;3696;3702;3656;3932;3907;3864;3893;3953;3960;3909;3786;3738;3657;3474;3259
5;3299;3378;3523;3635;3733;3724;3704;3991;3910;3877;3889;3967;3974;3912;3776;3755;3683;3501
6;3305;3347;3429;3566;3667;3786;3784;3760;4008;3910;3905;3908;3968;3976;3906;3770;3775;3707
7;3197;3350;3371;3458;3624;3678;3849;3849;3805;4023;3913;3928;3902;3988;3993;3900;3799;3787
8;3240;3243;3378;3408;3498;3653;3712;3885;3882;3819;4031;3930;3919;3911;3970;4002;3913;3812
9;3326;3290;3282;3417;3449;3536;3705;3762;3942;3916;3843;4032;3933;3930;3922;3962;4035;3924
10;3392;3347;3303;3341;3456;3462;3590;3766;3779;3977;3942;3860;4041;3950;3929;3921;3971;4064
11;3475;3411;3385;3333;3383;3502;3484;3642;3799;3801;3998;3947;3866;4066;3969;3925;3932;3986
12;3173;3483;3438;3438;3369;3420;3547;3541;3680;3844;3838;4007;3941;3876;4063;3964;3930;3951
13;3362;3179;3492;3479;3469;3400;3465;3609;3579;3721;3863;3861;4020;3957;3895;4063;3979;3951
14;3230;3385;3199;3532;3500;3506;3437;3515;3671;3613;3739;3883;3883;4054;3952;3882;4081;4007
15;3213;3242;3395;3244;3567;3526;3545;3491;3562;3713;3641;3754;3887;3906;4063;3951;3877;4099
16;3454;3216;3258;3435;3283;3592;3559;3603;3525;3596;3739;3652;3762;3899;3908;4062;3964;3905
17;3379;3479;3230;3315;3475;3333;3635;3625;3677;3571;3640;3756;3670;3789;3907;3930;4073;3992
18;3548;3397;3498;3271;3370;3537;3418;3723;3716;3737;3621;3670;3784;3692;3803;3985;3963;4137
19;3595;3572;3421;3527;3303;3417;3634;3549;3806;3772;3793;3650;3693;3803;3725;3888;4072;4036
20;3835;3586;3640;3455;3549;3329;3498;3733;3595;3848;3784;3837;3648;3717;3800;3791;4001;4166
21;3850;3841;3630;3690;3481;3575;3450;3603;3744;3608;3912;3816;3842;3662;3729;3870;3906;4091
22;4284;3876;3897;3732;3714;3505;3743;3570;3680;3798;3627;3966;3833;3857;3664;3772;3972;3993
23;4790;4309;3981;3977;3779;3753;3652;3870;3651;3732;3829;3697;4000;3899;3882;3728;3848;4109
24;5012;4846;4491;4093;4051;3827;3914;3823;3931;3727;3774;3914;3731;4035;3932;3949;3783;3920
25;5597;5045;5022;4614;4155;4120;3981;4069;3918;3985;3783;3818;3991;3776;4067;3977;4008;3883
26;5843;5639;5185;5194;4701;4228;4256;4123;4141;3995;4020;3831;3896;4032;3797;4147;4058;4073
27;6358;5859;5790;5317;5228;4773;4392;4365;4248;4181;4030;4048;3852;3931;4023;3867;4185;4142
28;6532;6405;6010;5939;5338;5310;4915;4529;4450;4325;4230;4109;4088;3869;3984;4074;3920;4260
29;6828;6600;6560;6134;6008;5373;5466;5053;4622;4502;4345;4298;4149;4105;3919;4032;4182;3942
30;6820;6871;6705;6607;6214;6033;5451;5583;5119;4655;4529;4383;4339;4195;4121;3958;4054;4262
31;6810;6844;6930;6742;6618;6264;6103;5569;5561;5112;4644;4561;4444;4348;4201;4183;4036;4122
32;7167;6846;6901;6969;6748;6704;6313;6215;5628;5539;5064;4641;4614;4465;4349;4218;4276;4113
33;6905;7210;6908;6944;7019;6721;6813;6422;6237;5586;5476;5103;4720;4615;4442;4364;4262;4330
34;6976;6881;7256;6886;6917;7013;6766;6901;6387;6175;5561;5500;5117;4733;4614;4490;4418;4332
35;7163;6982;6946;7262;6881;6926;7076;6810;6889;6373;6136;5565;5530;5127;4752;4661;4515;4448
36;7134;7176;7024;7021;7301;6917;7045;7116;6813;6839;6368;6133;5601;5572;5124;4791;4696;4578
37;7318;7145;7227;7119;7063;7303;6988;7066;7161;6846;6813;6379;6117;5602;5545;5164;4825;4759
38;6840;7358;7244;7277;7151;7056;7355;7038;7097;7140;6822;6828;6385;6096;5587;5567;5209;4857
39;6738;6870;7403;7288;7289;7150;7160;7404;7041;7087;7105;6814;6843;6400;6122;5591;5591;5263
40;6645;6776;6944;7466;7301;7314;7215;7235;7379;7031;7084;7089;6858;6856;6409;6114;5619;5660
41;6270;6686;6807;6982;7451;7329;7344;7268;7211;7348;6994;7062;7087;6847;6849;6425;6135;5664
42;6265;6283;6733;6832;6971;7460;7354;7371;7279;7221;7302;7022;7115;7072;6861;6833;6458;6177
43;5831;6276;6304;6742;6836;7007;7524;7385;7353;7292;7172;7302;7046;7099;7094;6871;6869;6481
44;5677;5862;6322;6348;6752;6851;7037;7550;7376;7345;7260;7177;7341;7056;7076;7107;6878;6853
45;5616;5701;5895;6328;6364;6758;6854;7058;7544;7381;7324;7280;7185;7358;7039;7100;7093;6910
46;5410;5616;5717;5901;6352;6375;6746;6878;7078;7519;7373;7321;7292;7162;7351;7022;7092;7107
47;5392;5411;5642;5734;5894;6354;6414;6745;6871;7037;7523;7388;7301;7284;7153;7363;7003;7090
48;5410;5382;5453;5643;5735;5900;6389;6418;6734;6876;7004;7548;7400;7284;7272;7159;7385;7020
49;5390;5397;5376;5445;5629;5747;5911;6391;6405;6729;6877;6992;7517;7408;7289;7264;7152;7421
50;5158;5394;5401;5378;5445;5623;5745;5906;6390;6390;6700;6856;6983;7509;7403;7286;7282;7137
51;5403;5149;5381;5394;5378;5443;5632;5767;5903;6376;6357;6691;6844;6981;7501;7382;7287;7271
52;5760;5398;5128;5383;5401;5380;5449;5634;5756;5866;6356;6351;6678;6829;6948;7472;7369;7307
53;5839;5761;5389;5108;5358;5391;5378;5446;5622;5744;5848;6318;6337;6662;6789;6926;7454;7356
54;5960;5817;5736;5363;5086;5320;5381;5361;5431;5604;5724;5825;6309;6336;6636;6780;6891;7445
55;6469;5945;5803;5711;5341;5074;5285;5363;5360;5411;5582;5722;5780;6268;6304;6631;6775;6892
56;4298;6454;5930;5778;5710;5323;5074;5253;5342;5334;5376;5559;5720;5773;6244;6279;6594;6759
57;5348;4266;6425;5915;5754;5683;5303;5056;5222;5321;5309;5340;5558;5684;5760;6208;6253;6580
58;5386;5304;4242;6393;5884;5731;5638;5294;5054;5167;5303;5290;5321;5539;5658;5732;6158;6236
59;5284;5362;5276;4220;6328;5840;5706;5585;5243;5028;5151;5278;5264;5274;5520;5614;5706;6163
60;5321;5259;5300;5236;4193;6292;5792;5671;5549;5208;5002;5131;5251;5239;5226;5490;5591;5686
61;5505;5278;5204;5242;5190;4166;6242;5722;5641;5508;5168;4971;5099;5208;5207;5188;5450;5567
62;5393;5454;5224;5157;5180;5167;4128;6210;5699;5600;5458;5124;4934;5073;5164;5178;5142;5413
63;5111;5335;5379;5161;5098;5118;5120;4098;6146;5640;5537;5399;5074;4887;5038;5150;5140;5112
64;4782;5039;5272;5324;5112;5050;5045;5074;4051;6079;5555;5489;5360;5011;4834;4997;5072;5092
65;4304;4719;4967;5215;5261;5043;4990;5004;5024;3996;6025;5486;5433;5266;4960;4774;4950;5034
66;4515;4226;4664;4914;5157;5216;4988;4919;4950;4941;3951;5964;5409;5330;5214;4900;4714;4914
67;4333;4456;4147;4602;4848;5066;5143;4938;4851;4868;4876;3901;5873;5343;5253;5151;4846;4672
68;4036;4254;4374;4082;4533;4767;4999;5073;4880;4775;4787;4791;3834;5804;5262;5185;5098;4791
69;3961;3949;4186;4302;4025;4454;4686;4906;5007;4820;4690;4707;4718;3773;5694;5200;5107;5030
70;3830;3877;3836;4101;4207;3922;4371;4598;4832;4914;4743;4624;4606;4650;3703;5594;5114;5041
71;3741;3704;3770;3733;4006;4129;3817;4269;4513;4719;4812;4636;4522;4516;4567;3650;5480;5038
72;3424;3630;3589;3668;3630;3885;4031;3727;4165;4400;4631;4717;4518;4419;4389;4477;3575;5375
73;3275;3298;3515;3486;3566;3513;3791;3940;3640;4065;4301;4508;4610;4410;4325;4300;4364;3501
74;3197;3174;3187;3388;3369;3467;3409;3683;3819;3557;3967;4193;4371;4498;4309;4211;4188;4262
75;2962;3070;3045;3060;3263;3263;3348;3299;3579;3708;3457;3848;4077;4245;4366;4179;4098;4092
76;2643;2819;2950;2897;2932;3148;3146;3219;3189;3448;3588;3341;3707;3932;4124;4230;4040;3978
77;2434;2521;2693;2814;2781;2787;3024;3001;3080;3035;3322;3439;3236;3577;3805;4021;4072;3903
78;2378;2312;2379;2550;2652;2671;2638;2900;2833;2935;2919;3190;3301;3112;3453;3669;3864;3964
79;2244;2212;2177;2237;2378;2506;2518;2488;2749;2696;2809;2779;3047;3166;2974;3291;3504;3684
80;1929;2102;2059;2028;2112;2250;2371;2344;2327;2598;2559;2658;2630;2904;3013;2824;3135;3349
81;1806;1794;1946;1901;1888;1977;2098;2201;2200;2160;2430;2411;2492;2467;2747;2849;2684;2976
82;1028;1642;1638;1800;1734;1728;1826;1941;2044;2046;1997;2259;2257;2333;2310;2595;2680;2529
83;698;925;1472;1496;1654;1589;1550;1654;1776;1876;1892;1846;2114;2091;2164;2156;2405;2518
84;707;622;843;1313;1328;1494;1419;1398;1476;1613;1686;1751;1696;1951;1928;2021;2000;2219
85;748;625;547;756;1174;1187;1349;1307;1251;1345;1464;1506;1567;1529;1764;1770;1837;1822
86;796;646;550;486;655;1041;1057;1178;1168;1094;1220;1289;1334;1405;1369;1572;1571;1636
87;764;689;544;480;424;555;929;939;1030;1030;971;1074;1148;1187;1245;1179;1374;1384
88;671;653;598;475;414;361;491;807;810;882;921;828;923;1000;1022;1090;1032;1219
89;528;561;549;507;414;345;296;428;693;691;751;792;720;770;850;874;936;899
90;418;446;468;441;416;337;283;248;367;576;586;610;671;617;638;732;739;788
91;328;347;366;368;351;355;258;222;200;291;473;475;496;552;497;524;582;608
92;170;265;269;287;304;291;283;206;194;162;237;377;365;395;443;391;420;446
93;135;132;198;209;224;235;246;208;156;154;124;196;280;297;310;355;319;344
94;93;104;108;156;146;167;177;171;152;111;115;95;140;215;214;233;274;243
95;59;53;68;73;101;105;129;127;136;110;85;79;73;100;150;148;170;201
96;37;41;35;52;52;65;81;91;90;96;84;60;58;46;68;106;93;122
97;34;25;26;21;39;41;48;53;69;61;63;54;44;37;33;43;72;69
98;17;23;16;16;16;29;32;34;37;48;48;41;36;27;27;23;26;46
99;10;14;17;9;8;8;20;15;18;25;35;31;23;15;21;20;16;17
100 e oltre;10;11;19;21;19;23;24;22;24;21;27;38;39;38;31;32;35;29
Totale;391584;392858;395723;398335;399872;401579;405294;409016;410803;411372;411519;412204;412545;412375;411542;411752;412115;413168
Età/Anno;2002;2003;2004;2005;2006;2007;2008;2009;2010;2011;2012;2013;2014;2015;2016;2017;2018;2019
Età;Femmine
0;3214;3282;3423;3617;3424;3569;3672;3678;3575;3564;3624;3397;3200;3031;3009;2920;2827;2749
1;3281;3253;3294;3460;3623;3460;3617;3701;3706;3574;3582;3613;3423;3189;3041;3026;2930;2851
2;3326;3325;3299;3326;3480;3645;3499;3641;3712;3699;3548;3575;3629;3435;3166;3060;3020;2959
3;3385;3357;3372;3331;3342;3500;3697;3533;3649;3724;3690;3577;3583;3620;3426;3164;3060;3018
4;3265;3425;3377;3403;3356;3366;3550;3748;3547;3643;3717;3716;3584;3592;3618;3435;3151;3071
5;3158;3310;3454;3419;3444;3382;3416;3592;3756;3545;3650;3724;3728;3593;3591;3616;3416;3172
6;2996;3188;3354;3494;3453;3456;3422;3465;3615;3763;3587;3669;3727;3735;3606;3584;3616;3429
7;3019;3011;3208;3381;3526;3478;3508;3490;3521;3634;3766;3586;3672;3736;3745;3607;3593;3630
8;3131;3041;3043;3261;3446;3542;3521;3560;3510;3539;3647;3784;3588;3675;3731;3730;3611;3595
9;3210;3151;3072;3063;3286;3469;3600;3572;3593;3544;3558;3654;3800;3608;3687;3743;3733;3626
10;3148;3234;3183;3111;3101;3302;3517;3640;3610;3634;3559;3556;3662;3827;3600;3690;3784;3754
11;3243;3178;3274;3225;3136;3123;3349;3557;3681;3634;3663;3574;3578;3668;3814;3606;3695;3787
12;3130;3263;3201;3318;3272;3158;3186;3388;3598;3696;3655;3676;3585;3584;3677;3818;3609;3701
13;3118;3140;3282;3244;3362;3310;3195;3227;3415;3651;3727;3645;3677;3589;3582;3679;3828;3620
14;2941;3120;3156;3318;3286;3389;3352;3239;3269;3453;3683;3754;3638;3697;3597;3568;3696;3839
15;3162;2956;3123;3194;3352;3314;3426;3401;3286;3294;3487;3697;3761;3647;3694;3590;3571;3699
16;3314;3172;2980;3158;3219;3388;3371;3493;3456;3315;3337;3480;3719;3775;3659;3686;3592;3586
17;3185;3310;3198;3029;3202;3243;3400;3417;3541;3503;3343;3355;3488;3726;3776;3657;3694;3608
18;3328;3187;3323;3222;3080;3247;3282;3471;3479;3572;3541;3370;3371;3499;3738;3784;3684;3720
19;3568;3330;3205;3351;3243;3130;3305;3402;3518;3518;3630;3601;3404;3379;3527;3735;3806;3730
20;3615;3586;3362;3245;3395;3323;3212;3434;3489;3605;3589;3698;3640;3445;3402;3547;3782;3828
21;3745;3634;3648;3396;3313;3489;3432;3352;3543;3597;3685;3655;3737;3665;3488;3434;3584;3836
22;3976;3807;3729;3726;3484;3398;3619;3588;3471;3659;3690;3761;3683;3772;3675;3548;3479;3659
23;4478;4017;3900;3837;3797;3602;3548;3806;3669;3617;3737;3766;3833;3737;3795;3712;3597;3518
24;4845;4522;4163;3981;3884;3904;3767;3767;3930;3814;3698;3816;3844;3885;3797;3843;3766;3698
25;5240;4907;4664;4296;4063;3977;4026;3943;3836;4038;3930;3752;3891;3889;3934;3865;3861;3819
26;5651;5289;5041;4740;4366;4192;4128;4173;4046;3943;4110;3972;3809;3957;3951;3988;3886;3882
27;6212;5704;5427;5108;4829;4490;4336;4282;4272;4192;4037;4144;4011;3867;3982;3978;4008;3926
28;6368;6210;5832;5522;5167;4919;4658;4519;4346;4369;4234;4143;4201;4052;3897;4062;4035;4059
29;6376;6362;6345;5902;5540;5237;5040;4765;4580;4434;4437;4261;4196;4279;4070;3926;4094;4053
30;6442;6418;6475;6396;5945;5613;5355;5164;4884;4634;4476;4496;4305;4251;4284;4132;3979;4117
31;6546;6494;6539;6505;6402;5979;5727;5473;5212;4896;4624;4479;4527;4321;4246;4314;4161;4015
32;6684;6541;6607;6560;6546;6456;6098;5809;5529;5248;4919;4642;4541;4544;4311;4247;4343;4184
33;6600;6694;6639;6638;6573;6530;6538;6214;5843;5628;5233;4954;4681;4528;4594;4312;4248;4387
34;6746;6658;6792;6693;6654;6615;6620;6665;6248;5930;5685;5234;4989;4677;4526;4624;4353;4292
35;7002;6767;6791;6842;6718;6706;6681;6720;6694;6344;5942;5716;5267;5010;4703;4524;4610;4387
36;7006;7036;6864;6837;6883;6751;6792;6784;6801;6732;6358;5967;5745;5301;5027;4683;4552;4634
37;7301;7022;7127;6907;6849;6917;6871;6881;6797;6853;6731;6375;5969;5757;5329;5057;4721;4620
38;6823;7326;7110;7135;6921;6919;6991;6942;6980;6902;6867;6769;6398;6010;5750;5364;5099;4734
39;6664;6858;7377;7140;7175;6978;7027;7080;6998;7041;6905;6847;6812;6380;6016;5788;5362;5121
40;6590;6714;6933;7426;7148;7180;7082;7111;7118;7098;7038;6952;6874;6836;6385;6033;5807;5383
41;6102;6595;6802;6967;7442;7158;7255;7184;7147;7166;7106;7038;6976;6887;6862;6389;6032;5847
42;6151;6103;6683;6855;6998;7461;7250;7317;7256;7202;7185;7096;7046;7023;6874;6864;6417;6074
43;5785;6166;6211;6720;6881;7032;7566;7334;7367;7307;7265;7182;7102;7048;7015;6887;6892;6442
44;5750;5796;6273;6260;6729;6892;7084;7638;7373;7394;7322;7289;7222;7118;7047;7012;6889;6911
45;5689;5792;5920;6315;6286;6752;6954;7167;7684;7410;7432;7354;7309;7226;7146;7045;7034;6913
46;5507;5687;5897;5961;6323;6302;6799;7036;7193;7749;7440;7429;7346;7303;7247;7150;7060;7039
47;5504;5485;5790;5930;5962;6357;6371;6874;7072;7255;7776;7452;7437;7368;7319;7226;7177;7074
48;5347;5508;5568;5803;5951;5976;6402;6475;6927;7112;7273;7777;7449;7442;7345;7345;7235;7172
49;5436;5328;5574;5590;5818;5974;6035;6472;6498;6974;7124;7304;7785;7448;7458;7333;7332;7236
50;5364;5435;5404;5591;5596;5830;6005;6115;6524;6555;7010;7132;7334;7775;7439;7473;7339;7327
51;5749;5354;5494;5418;5602;5592;5876;6095;6135;6549;6582;6992;7149;7329;7780;7441;7451;7366
52;5718;5748;5417;5507;5382;5600;5632;5925;6128;6174;6581;6586;7009;7188;7294;7772;7449;7464
53;5946;5712;5797;5414;5499;5371;5637;5674;5955;6178;6180;6611;6600;7000;7157;7288;7749;7479
54;6014;5949;5774;5803;5393;5489;5360;5682;5719;6001;6185;6190;6632;6587;6999;7135;7296;7746
55;6556;6016;5958;5787;5765;5381;5489;5387;5702;5763;6010;6193;6197;6630;6570;6983;7133;7283
56;4581;6548;6048;5979;5766;5735;5408;5513;5424;5728;5764;6026;6191;6208;6609;6561;6971;7120
57;5467;4565;6557;6054;5969;5751;5740;5417;5502;5434;5726;5768;6024;6196;6204;6592;6563;6981
58;5552;5458;4570;6540;6032;5956;5738;5750;5423;5511;5426;5710;5754;6009;6178;6195;6560;6549
59;5529;5522;5448;4572;6517;6025;5949;5743;5745;5424;5499;5421;5721;5755;6011;6160;6187;6551
60;5558;5501;5511;5424;4562;6514;6032;5953;5733;5728;5399;5496;5405;5713;5748;5980;6156;6200
61;6015;5536;5477;5486;5402;4543;6502;6028;5955;5731;5707;5389;5479;5403;5695;5732;5946;6122
62;5656;6001;5514;5445;5460;5377;4517;6476;5999;5941;5714;5677;5389;5469;5370;5658;5702;5899
63;5679;5623;5965;5476;5418;5451;5346;4497;6429;6007;5927;5710;5638;5362;5446;5345;5642;5675
64;5235;5645;5599;5928;5429;5394;5439;5313;4475;6409;5979;5911;5668;5614;5333;5412;5310;5636
65;5101;5200;5622;5565;5901;5387;5365;5417;5285;4462;6357;5915;5877;5616;5581;5305;5379;5294
66;5039;5069;5186;5598;5542;5866;5334;5334;5379;5255;4433;6308;5863;5837;5598;5559;5266;5349
67;4969;4985;5018;5154;5553;5515;5820;5304;5312;5339;5229;4413;6261;5838;5794;5560;5528;5245
68;4636;4934;4950;4978;5119;5520;5476;5785;5245;5275;5312;5180;4377;6227;5798;5766;5519;5489
69;4686;4597;4896;4909;4949;5078;5484;5449;5745;5205;5257;5267;5151;4346;6178;5758;5704;5500
70;4691;4623;4550;4835;4858;4890;5045;5423;5412;5691;5165;5221;5216;5096;4312;6117;5694;5657
71;4910;4628;4567;4504;4783;4812;4851;5007;5393;5355;5647;5098;5174;5154;5051;4260;6038;5637
72;4418;4853;4561;4518;4449;4711;4763;4820;4954;5337;5296;5593;5038;5106;5099;5002;4209;5982
73;4522;4365;4782;4504;4442;4388;4656;4705;4776;4893;5267;5232;5522;4984;5055;5032;4937;4164
74;4497;4452;4293;4705;4428;4357;4303;4599;4612;4699;4824;5194;5168;5444;4923;4989;4957;4880
75;4412;4439;4386;4212;4619;4361;4299;4230;4514;4556;4637;4764;5124;5093;5360;4847;4907;4876
76;4170;4308;4343;4289;4108;4527;4273;4216;4147;4440;4476;4555;4683;5057;5008;5260;4750;4823
77;4068;4047;4206;4239;4189;4017;4411;4168;4135;4056;4360;4384;4451;4583;4963;4907;5150;4671
78;4166;3943;3941;4128;4148;4085;3920;4289;4064;4042;3965;4273;4275;4344;4494;4845;4799;5040
79;3819;4035;3811;3825;4015;4012;3992;3815;4172;3956;3938;3865;4157;4170;4228;4372;4733;4675
80;3533;3735;3874;3685;3704;3891;3888;3849;3682;4043;3828;3811;3750;4045;4044;4110;4258;4614
81;3540;3411;3566;3747;3554;3570;3732;3746;3707;3566;3882;3713;3680;3641;3910;3904;3984;4136
82;2011;3355;3218;3409;3587;3403;3411;3575;3578;3577;3419;3746;3563;3550;3505;3770;3756;3837
83;1390;1916;3177;3046;3245;3390;3236;3242;3404;3407;3416;3250;3561;3409;3375;3381;3577;3602
84;1476;1294;1796;2990;2848;3071;3179;3017;3067;3193;3228;3231;3089;3398;3204;3217;3208;3412
85;1651;1369;1198;1681;2788;2682;2869;3001;2823;2850;2967;3042;3033;2926;3205;3009;3056;3002
86;1974;1518;1258;1124;1561;2577;2485;2637;2756;2607;2656;2752;2814;2856;2705;3010;2809;2839
87;1843;1789;1359;1143;1009;1418;2352;2268;2397;2526;2407;2418;2526;2613;2610;2481;2793;2572
88;1632;1656;1555;1208;1028;933;1273;2096;2041;2147;2283;2163;2179;2289;2384;2365;2241;2537
89;1337;1413;1385;1382;1064;911;832;1140;1867;1816;1878;2032;1915;1952;2029;2139;2112;1998
90;1195;1156;1202;1180;1213;912;808;725;1003;1638;1609;1643;1774;1667;1704;1782;1866;1852
91;972;1010;984;1016;1014;1060;789;699;627;878;1413;1353;1406;1554;1417;1471;1522;1636
92;695;787;839;819;849;857;890;658;581;530;753;1176;1127;1169;1310;1195;1262;1303
93;522;560;643;680;672;722;687;740;544;484;441;600;968;943;956;1080;999;1038
94;407;430;429;521;554;536;571;556;627;436;398;359;490;780;763;755;864;802
95;289;321;322;339;410;435;416;447;452;498;326;326;284;389;588;620;619;688
96;220;214;242;246;254;314;346;318;351;372;386;234;257;212;292;457;484;469
97;142;168;157;176;159;188;234;247;225;274;295;278;176;187;150;213;336;358
98;81;96;120;111;127;112;122;164;172;174;205;207;202;129;121;117;154;223
99;53;51;62;74;80;90;72;76;127;125;116;147;149;149;84;82;80;115
100 e oltre;88;82;78;98;106;116;143;137;136;159;192;188;228;248;245;207;177;172
Totale;418077;418681;422013;424220;425396;427273;431146;435651;438000;440636;441792;442066;442140;441870;440635;439601;438492;437889

"Ricostruzione della popolazione intercensuaria - Popolazione al 1° gennaio per età"
"Cittadinanza italiana - Provincia: Venezia"
Età/Anno;2002;2003;2004;2005;2006;2007;2008;2009;2010;2011;2012;2013;2014;2015;2016;2017;2018;2019
Età;Totale
0;6501;6483;6816;6698;6469;6496;6521;6480;6101;6121;5948;5614;5316;4973;4875;4776;4634;4454
1;6615;6533;6481;6848;6688;6491;6536;6555;6494;6127;6136;5939;5637;5347;5027;4956;4870;4727
2;6643;6670;6572;6499;6855;6694;6517;6543;6553;6493;6123;6095;5970;5666;5397;5094;5010;4949
3;6633;6656;6702;6600;6495;6848;6729;6516;6538;6582;6491;6122;6107;6009;5733;5429;5137;5059
4;6430;6678;6682;6726;6617;6510;6880;6767;6528;6513;6574;6492;6143;6162;6091;5802;5473;5189
5;6281;6468;6697;6710;6744;6625;6526;6903;6760;6533;6508;6558;6524;6173;6207;6178;5862;5535
6;6113;6303;6504;6717;6716;6766;6659;6560;6911;6763;6566;6522;6584;6583;6240;6249;6254;5938
7;6048;6133;6307;6519;6751;6712;6803;6700;6596;6923;6766;6570;6543;6644;6674;6340;6331;6314
8;6210;6080;6158;6323;6549;6753;6728;6816;6711;6591;6906;6787;6589;6604;6708;6739;6415;6386
9;6395;6247;6110;6147;6341;6575;6800;6750;6844;6732;6602;6901;6825;6630;6681;6783;6808;6480
10;6383;6398;6261;6124;6162;6341;6609;6817;6765;6863;6741;6614;6934;6885;6687;6743;6844;6867
11;6561;6392;6411;6276;6118;6175;6341;6614;6843;6777;6863;6751;6666;6986;6960;6737;6783;6886
12;6151;6576;6406;6428;6277;6111;6192;6357;6637;6857;6787;6857;6792;6705;7034;7018;6781;6828
13;6353;6164;6571;6409;6435;6290;6134;6207;6361;6658;6873;6783;6861;6834;6759;7090;7047;6820
14;6062;6367;6173;6581;6418;6451;6306;6160;6235;6369;6663;6880;6802;6907;6882;6781;7118;7076
15;6268;6090;6366;6193;6577;6413;6466;6314;6179;6246;6373;6668;6889;6828;6941;6898;6788;7117
16;6640;6278;6110;6366;6199;6581;6417;6479;6324;6182;6257;6370;6693;6909;6857;6964;6910;6820
17;6438;6662;6289;6115;6378;6205;6572;6416;6488;6327;6192;6267;6384;6730;6939;6865;6992;6931
18;6748;6456;6677;6275;6148;6383;6234;6600;6434;6512;6366;6234;6325;6458;6819;7006;6962;7115
19;7011;6752;6463;6678;6265;6170;6392;6280;6609;6434;6515;6406;6237;6349;6501;6817;7058;7014
20;7264;7014;6755;6460;6672;6284;6182;6399;6264;6615;6427;6530;6396;6238;6343;6501;6839;7033
21;7408;7264;7005;6732;6475;6689;6271;6198;6384;6245;6634;6435;6539;6386;6266;6347;6521;6862
22;8012;7451;7256;7043;6751;6476;6702;6292;6208;6401;6244;6670;6438;6557;6398;6284;6366;6559
23;8966;8031;7452;7269;7055;6765;6494;6708;6284;6212;6411;6258;6700;6467;6578;6400;6312;6406
24;9571;8981;8076;7441;7270;7081;6800;6509;6694;6286;6220;6425;6285;6729;6506;6623;6423;6358
25;10440;9576;9004;8079;7456;7275;7051;6806;6507;6715;6295;6202;6453;6301;6735;6528;6601;6463
26;11114;10447;9545;8986;8059;7433;7280;7053;6785;6513;6703;6282;6206;6443;6329;6752;6548;6583
27;12156;11099;10394;9482;8924;8031;7443;7234;7093;6826;6518;6661;6250;6225;6443;6325;6753;6542
28;12443;12083;11034;10363;9386;8877;8050;7437;7218;7092;6825;6547;6641;6261;6214;6451;6355;6766
29;12700;12399;12068;10932;10266;9346;8851;8026;7450;7214;7092;6782;6522;6662;6282;6203;6465;6341
30;12764;12649;12300;11948;10869;10197;9278;8824;8049;7449;7202;7078;6790;6555;6673;6253;6192;6504
31;12846;12714;12605;12181;11826;10829;10165;9267;8796;8053;7429;7177;7056;6780;6574;6672;6292;6220
32;13311;12772;12675;12474;12087;11819;10798;10171;9247;8788;8039;7394;7207;7082;6775;6539;6687;6310
33;12992;13297;12736;12604;12430;11988;11837;10813;10181;9297;8789;8059;7406;7192;7107;6764;6571;6756
34;13266;12983;13254;12632;12515;12405;12013;11869;10790;10198;9360;8743;8076;7410;7233;7151;6813;6659
35;13669;13267;12999;13182;12574;12517;12409;12062;11856;10816;10242;9356;8752;8112;7449;7284;7152;6878
36;13702;13675;13239;12958;13155;12557;12563;12437;12106;11855;10868;10226;9387;8814;8128;7473;7324;7216
37;14163;13681;13656;13230;12952;13116;12581;12561;12436;12142;11878;10874;10214;9421;8839;8202;7551;7439
38;13233;14186;13694;13595;13180;12941;13105;12577;12618;12475;12134;11910;10870;10266;9433;8905;8286;7588
39;13032;13246;14133;13682;13566;13158;12976;13106;12585;12615;12475;12112;11958;10908;10329;9509;8993;8354
40;12859;13063;13247;14093;13627;13532;13161;12993;13087;12607;12616;12457;12172;12006;10954;10366;9544;9087
41;12042;12874;13038;13200;14069;13619;13548;13193;12970;13088;12606;12607;12469;12186;12060;11018;10409;9592
42;12132;12034;12843;13019;13184;14063;13637;13553;13247;12999;13091;12620;12652;12515;12225;12110;11076;10514
43;11352;12165;12024;12833;13004;13216;14133;13654;13571;13269;13047;13095;12676;12663;12557;12259;12184;11150
44;11201;11390;12172;12016;12829;13001;13216;14158;13670;13568;13279;13072;13162;12737;12694;12601;12283;12204
45;11096;11241;11381;12146;12006;12820;12978;13206;14179;13697;13588;13293;13102;13221;12793;12762;12630;12346
46;10746;11090;11239;11370;12154;12010;12794;12982;13231;14195;13736;13609;13293;13106;13282;12819;12796;12664
47;10717;10727;11107;11222;11366;12177;12009;12768;12988;13235;14218;13765;13632;13347;13148;13310;12843;12814
48;10606;10692;10732;11078;11225;11354;12166;12011;12756;12982;13212;14243;13789;13634;13371;13193;13339;12838
49;10678;10577;10663;10698;11051;11238;11348;12158;12008;12743;12979;13226;14236;13811;13691;13388;13189;13373
50;10399;10686;10571;10638;10685;11031;11213;11342;12153;11987;12734;12980;13241;14238;13838;13737;13425;13154
51;10991;10378;10639;10542;10630;10666;11018;11234;11347;12129;11957;12711;12963;13229;14264;13829;13731;13422
52;11378;10983;10347;10626;10507;10616;10658;11004;11232;11320;12115;11949;12703;12978;13221;14239;13828;13739
53;11684;11374;10960;10294;10576;10485;10609;10652;10991;11221;11282;12079;11939;12688;12953;13208;14208;13834
54;11866;11667;11331;10911;10250;10526;10463;10589;10661;10968;11187;11255;12080;11931;12685;12937;13187;14183
55;12950;11856;11611;11304;10849;10217;10468;10411;10579;10661;10941;11187;11219;12049;11930;12676;12925;13177
56;8811;12926;11837;11568;11268;10797;10223;10408;10386;10562;10619;10920;11184;11196;12022;11906;12655;12908
57;10737;8764;12871;11809;11540;11226;10761;10177;10354;10358;10518;10578;10898;11150;11185;11998;11896;12653
58;10856;10687;8727;12811;11757;11497;11164;10729;10156;10292;10331;10483;10548;10857;11114;11155;11945;11869
59;10735;10805;10637;8703;12712;11697;11461;11089;10659;10117;10254;10283;10464;10501;10847;11076;11130;11934
60;10817;10684;10725;10576;8665;12670;11652;11406;11036;10608;10066;10213;10234;10425;10443;10793;11043;11115
61;11456;10756;10597;10638;10507;8614;12608;11566;11369;10981;10536;10018;10162;10183;10385;10404;10729;10994
62;10988;11395;10667;10519;10550;10457;8544;12547;11514;11306;10902;10471;9960;10129;10115;10334;10329;10670
63;10726;10892;11277;10559;10439;10482;10373;8471;12438;11454;11226;10818;10386;9892;10074;10082;10264;10268
64;9961;10623;10805;11185;10469;10360;10394;10292;8394;12345;11344;11153;10741;10299;9815;10003;9968;10204
65;9369;9867;10527;10710;11101;10360;10267;10321;10205;8326;12223;11205;11057;10605;10217;9727;9938;9901
66;9511;9258;9792;10449;10624;11017;10257;10152;10219;10094;8246;12107;11072;10918;10529;10122;9628;9869
67;9263;9394;9129;9692;10339;10500;10898;10172;10053;10100;9996;8168;11965;10971;10810;10429;10044;9558
68;8643;9148;9280;9028;9586;10220;10397;10784;10048;9930;9991;9855;8068;11858;10857;10719;10333;9953
69;8613;8517;9040;9170;8937;9469;10110;10272;10680;9935;9816;9869;9746;7973;11706;10755;10585;10238
70;8492;8474;8355;8891;9025;8771;9348;9959;10160;10533;9819;9719;9722;9628;7869;11556;10608;10472
71;8617;8306;8307;8199;8746;8901;8628;9209;9843;9995;10382;9642;9571;9573;9496;7761;11369;10473
72;7817;8448;8125;8156;8041;8555;8755;8497;9051;9671;9846;10234;9456;9404;9401;9361;7644;11210
73;7780;7638;8263;7966;7975;7863;8407;8599;8360;8895;9504;9658;10056;9298;9261;9252;9191;7526
74;7668;7609;7458;8059;7771;7789;7675;8235;8387;8201;8726;9324;9457;9862;9135;9091;9066;9031
75;7356;7481;7412;7248;7847;7594;7612;7492;8046;8219;8038;8546;9129;9258;9647;8925;8900;8891
76;6792;7108;7266;7165;7013;7640;7394;7398;7304;7842;8019;7837;8324;8915;9048;9416;8693;8695
77;6490;6549;6882;7030;6948;6775;7401;7144;7181;7059;7637;7780;7625;8099;8696;8848;9152;8479
78;6529;6242;6299;6658;6777;6737;6528;7155;6871;6946;6851;7417;7533;7396;7891;8444;8588;8936
79;6046;6234;5977;6039;6375;6496;6489;6273;6889;6625;6717;6613;7161;7291;7140;7604;8168;8287
80;5451;5819;5918;5699;5794;6123;6237;6177;5980;6607;6361;6439;6349;6907;7015;6878;7333;7894
81;5332;5197;5497;5635;5427;5527;5813;5922;5889;5700;6279;6099;6145;6076;6618;6711;6614;7052
82;3029;4985;4851;5192;5310;5120;5218;5502;5597;5603;5392;5973;5798;5858;5785;6329;6395;6319
83;2082;2830;4637;4538;4885;4969;4776;4880;5168;5266;5288;5073;5643;5478;5515;5511;5948;6078
84;2183;1911;2628;4293;4170;4554;4588;4408;4527;4799;4900;4965;4762;5323;5113;5210;5186;5600
85;2395;1993;1740;2427;3953;3864;4210;4295;4069;4181;4424;4533;4583;4433;4943;4761;4863;4804
86;2766;2161;1807;1605;2207;3611;3537;3808;3911;3696;3863;4031;4132;4245;4055;4556;4366;4448
87;2601;2473;1900;1621;1428;1969;3274;3203;3422;3543;3374;3480;3664;3784;3840;3644;4145;3945
88;2297;2306;2148;1679;1440;1289;1760;2897;2848;3024;3190;2988;3089;3280;3390;3442;3261;3737
89;1862;1970;1931;1885;1475;1253;1122;1564;2556;2506;2627;2811;2633;2711;2872;2998;3035;2885
90;1610;1601;1667;1619;1624;1246;1089;968;1366;2212;2194;2251;2434;2282;2329;2507;2592;2630
91;1296;1355;1349;1382;1364;1411;1045;920;821;1166;1884;1825;1901;2095;1912;1981;2097;2233
92;863;1048;1108;1105;1152;1147;1170;862;774;689;988;1552;1490;1564;1746;1584;1672;1744
93;656;692;835;889;895;956;933;944;698;637;562;794;1245;1239;1266;1430;1314;1375
94;500;534;536;673;700;702;745;727;775;545;512;452;628;992;976;988;1134;1042
95;346;373;390;411;509;540;544;572;587;607;409;404;355;488;737;767;789;886
96;256;253;276;298;305;377;427;407;440;466;469;292;314;257;359;562;576;591
97;176;193;181;196;198;229;280;300;292;333;357;331;219;223;183;256;406;426
98;98;119;136;125;142;141;154;196;208;221;251;247;237;156;147;140;180;268
99;63;65;79;83;86;97;92;91;143;150;151;176;172;163;105;102;96;132
100 e oltre;98;93;96;118;124;136;164;156;158;180;219;226;265;285;274;238;212;201
Totale;794266;793774;792506;790796;788882;787693;787154;786237;784964;783604;781924;779152;776872;775050;773195;771239;768798;766857
Età/Anno;2002;2003;2004;2005;2006;2007;2008;2009;2010;2011;2012;2013;2014;2015;2016;2017;2018;2019
Età;Maschi
0;3413;3384;3589;3399;3398;3365;3349;3367;3195;3125;3012;2933;2760;2553;2504;2443;2367;2276
1;3443;3423;3379;3606;3390;3400;3381;3378;3382;3214;3124;3011;2937;2792;2577;2548;2502;2425
2;3425;3467;3439;3389;3607;3402;3408;3380;3379;3387;3221;3102;3026;2940;2827;2609;2577;2528
3;3330;3429;3480;3460;3388;3611;3420;3405;3387;3393;3385;3220;3107;3046;2965;2837;2626;2621
4;3244;3360;3442;3494;3467;3397;3627;3441;3403;3369;3393;3379;3231;3136;3072;3001;2867;2660
5;3207;3264;3372;3462;3505;3480;3412;3638;3431;3406;3367;3390;3383;3242;3151;3119;3043;2902
6;3213;3230;3278;3387;3460;3529;3496;3430;3637;3426;3425;3372;3403;3415;3267;3170;3167;3095
7;3116;3229;3230;3290;3412;3456;3550;3517;3449;3634;3430;3440;3384;3431;3467;3314;3223;3205
8;3156;3136;3243;3233;3296;3425;3453;3557;3525;3446;3624;3449;3448;3411;3464;3500;3352;3259
9;3246;3182;3152;3244;3239;3319;3449;3458;3582;3530;3460;3626;3466;3464;3456;3497;3546;3386
10;3306;3245;3180;3162;3252;3236;3332;3469;3460;3586;3530;3466;3645;3491;3498;3488;3526;3583
11;3394;3305;3251;3185;3158;3261;3235;3337;3476;3465;3585;3533;3484;3666;3541;3520;3515;3554
12;3084;3402;3320;3261;3178;3156;3266;3236;3352;3492;3473;3578;3547;3493;3687;3573;3544;3531
13;3300;3093;3402;3318;3263;3185;3174;3272;3240;3360;3502;3470;3582;3568;3524;3720;3584;3568
14;3167;3315;3099;3411;3314;3273;3197;3191;3294;3240;3362;3498;3484;3604;3598;3531;3734;3608
15;3156;3183;3314;3106;3409;3314;3281;3195;3196;3301;3240;3365;3504;3501;3618;3607;3530;3740
16;3382;3163;3191;3309;3115;3407;3317;3282;3194;3192;3305;3238;3377;3506;3509;3630;3625;3549
17;3306;3407;3170;3189;3311;3127;3402;3313;3289;3196;3194;3309;3244;3398;3523;3518;3649;3633
18;3472;3321;3415;3159;3208;3318;3151;3420;3323;3319;3217;3217;3342;3277;3440;3552;3560;3719
19;3498;3479;3318;3417;3155;3223;3327;3169;3432;3339;3326;3241;3219;3355;3306;3441;3580;3586
20;3752;3500;3484;3312;3416;3163;3232;3335;3157;3437;3335;3338;3233;3222;3343;3302;3443;3577
21;3776;3761;3487;3485;3329;3419;3164;3245;3321;3146;3442;3337;3335;3227;3230;3333;3327;3448
22;4165;3800;3745;3515;3493;3319;3444;3170;3257;3335;3148;3455;3337;3354;3235;3238;3353;3340
23;4656;4175;3807;3742;3532;3497;3318;3443;3175;3254;3336;3159;3465;3369;3358;3238;3249;3386
24;4877;4663;4214;3806;3774;3546;3508;3331;3434;3180;3260;3365;3169;3474;3381;3383;3254;3267
25;5435;4875;4691;4206;3826;3781;3550;3504;3337;3462;3187;3258;3380;3197;3486;3369;3378;3268
26;5681;5442;4872;4694;4209;3815;3779;3562;3487;3352;3467;3189;3267;3379;3200;3501;3391;3371
27;6166;5663;5424;4858;4653;4181;3832;3754;3600;3493;3358;3453;3172;3265;3372;3215;3508;3397
28;6326;6160;5638;5421;4806;4638;4189;3819;3747;3610;3509;3371;3436;3171;3265;3354;3223;3512
29;6588;6342;6174;5586;5388;4765;4630;4165;3826;3732;3610;3502;3355;3435;3188;3247;3375;3197
30;6593;6554;6289;6111;5571;5329;4700;4600;4146;3840;3705;3588;3494;3355;3437;3156;3211;3384
31;6538;6550;6515;6237;6052;5566;5304;4675;4555;4146;3838;3692;3557;3486;3370;3418;3189;3226
32;6912;6499;6519;6447;6181;6052;5521;5310;4663;4515;4110;3811;3688;3554;3487;3336;3432;3182
33;6610;6908;6454;6473;6422;6121;6062;5507;5284;4651;4501;4104;3806;3683;3524;3483;3345;3443
34;6731;6566;6861;6368;6405;6384;6111;6057;5466;5234;4644;4484;4104;3804;3697;3550;3496;3379
35;6905;6712;6537;6778;6317;6381;6371;6097;6025;5457;5230;4628;4484;4118;3825;3731;3551;3505
36;6889;6883;6669;6504;6765;6297;6397;6368;6095;6008;5464;5199;4639;4499;4117;3846;3751;3568
37;7074;6865;6862;6671;6504;6727;6285;6380;6371;6120;5987;5453;5175;4639;4496;4165;3885;3792
38;6618;7073;6875;6840;6655;6461;6709;6280;6390;6372;6110;5988;5430;5176;4643;4525;4215;3892
39;6541;6609;7057;6862;6799;6610;6483;6692;6277;6382;6371;6081;6000;5442;5208;4675;4573;4240
40;6452;6541;6609;7036;6827;6777;6578;6497;6692;6275;6396;6334;6113;6030;5473;5236;4693;4624
41;6089;6463;6524;6578;7012;6829;6772;6593;6486;6686;6268;6386;6324;6098;6046;5524;5278;4715
42;6114;6078;6451;6504;6561;7002;6812;6767;6614;6515;6693;6282;6433;6324;6137;6083;5570;5336
43;5708;6133;6082;6441;6493;6584;7036;6817;6765;6654;6545;6688;6313;6434;6354;6167;6129;5606
44;5569;5734;6145;6069;6443;6507;6581;7043;6822;6786;6668;6561;6725;6342;6448;6381;6189;6125
45;5513;5577;5718;6125;6059;6430;6486;6570;7048;6853;6804;6677;6573;6766;6370;6497;6380;6225
46;5328;5503;5567;5712;6130;6059;6413;6482;6587;7060;6883;6819;6697;6576;6785;6385;6501;6404
47;5295;5319;5506;5555;5700;6126;6049;6390;6476;6576;7083;6907;6827;6718;6599;6815;6388;6495
48;5324;5276;5325;5485;5554;5684;6124;6047;6376;6478;6570;7109;6932;6831;6732;6622;6835;6394
49;5323;5311;5253;5303;5458;5562;5672;6101;6037;6376;6477;6571;7093;6954;6865;6740;6618;6860
50;5097;5325;5302;5241;5293;5443;5544;5658;6101;6026;6359;6479;6569;7102;6977;6887;6756;6585
51;5343;5086;5300;5282;5229;5279;5435;5557;5658;6083;6003;6356;6472;6568;7116;6969;6893;6749
52;5717;5336;5058;5291;5278;5224;5271;5418;5550;5630;6073;6003;6348;6469;6559;7098;6958;6884
53;5787;5709;5319;5036;5257;5263;5217;5259;5408;5538;5604;6037;5987;6338;6457;6550;7082;6947
54;5917;5765;5672;5294;5007;5224;5250;5197;5253;5387;5522;5585;6041;5996;6328;6454;6530;7066
55;6440;5902;5742;5649;5262;4995;5186;5219;5191;5234;5371;5527;5547;6013;5999;6324;6452;6520
56;4276;6418;5885;5712;5637;5232;4993;5146;5199;5173;5204;5346;5519;5543;6003;5983;6310;6440
57;5321;4244;6382;5864;5693;5612;5208;4969;5106;5182;5151;5172;5336;5490;5535;5979;5963;6299
58;5358;5278;4222;6347;5833;5669;5570;5188;4966;5065;5164;5131;5159;5313;5473;5514;5939;5953
59;5257;5330;5249;4200;6282;5786;5644;5511;5140;4942;5047;5142;5117;5118;5311;5435;5498;5929
60;5301;5234;5271;5206;4173;6247;5742;5607;5472;5112;4915;5020;5120;5091;5074;5285;5417;5477
61;5483;5258;5177;5213;5160;4147;6197;5669;5570;5434;5072;4882;4993;5078;5069;5049;5255;5394
62;5370;5434;5202;5132;5150;5136;4105;6161;5639;5529;5378;5033;4835;4969;5034;5037;5002;5225
63;5088;5309;5359;5136;5076;5092;5084;4064;6095;5582;5472;5321;4977;4795;4937;5017;4995;4967
64;4760;5013;5250;5304;5090;5027;5017;5039;4011;6026;5502;5422;5278;4918;4746;4897;4943;4951
65;4290;4695;4943;5190;5244;5019;4965;4971;4982;3957;5965;5426;5362;5183;4870;4679;4850;4901
66;4496;4211;4635;4890;5129;5195;4965;4889;4912;4906;3911;5902;5347;5264;5127;4805;4625;4816
67;4315;4435;4132;4568;4823;5036;5122;4913;4819;4829;4840;3858;5812;5275;5193;5071;4749;4581
68;4022;4234;4357;4068;4498;4740;4968;5050;4850;4739;4747;4751;3788;5741;5198;5127;5014;4694
69;3958;3936;4162;4289;4008;4422;4661;4874;4988;4781;4651;4669;4674;3725;5634;5136;5047;4945
70;3818;3871;3822;4076;4195;3903;4339;4573;4800;4892;4706;4583;4568;4605;3655;5538;5050;4983
71;3731;3694;3763;3716;3981;4117;3799;4241;4488;4690;4790;4598;4483;4483;4521;3600;5426;4974
72;3416;3618;3580;3662;3614;3860;4018;3707;4134;4371;4601;4695;4479;4380;4363;4432;3528;5324
73;3268;3289;3502;3477;3559;3499;3767;3926;3617;4038;4272;4477;4588;4373;4287;4276;4322;3454
74;3183;3167;3178;3375;3359;3460;3395;3659;3805;3531;3939;4162;4342;4476;4271;4177;4163;4222
75;2955;3055;3040;3049;3249;3249;3341;3285;3556;3690;3433;3820;4046;4218;4344;4142;4065;4063
76;2638;2812;2936;2891;2920;3134;3134;3212;3176;3425;3569;3316;3678;3903;4094;4208;4005;3941
77;2430;2516;2686;2800;2773;2773;3010;2992;3074;3023;3299;3421;3211;3550;3779;3992;4050;3868
78;2373;2307;2374;2542;2639;2662;2623;2884;2822;2930;2906;3168;3283;3090;3428;3643;3837;3941
79;2237;2208;2174;2231;2371;2494;2509;2476;2733;2685;2805;2766;3031;3146;2951;3266;3483;3660
80;1928;2096;2054;2022;2106;2244;2360;2337;2314;2580;2549;2652;2617;2887;2996;2804;3110;3328
81;1804;1793;1942;1897;1882;1971;2091;2186;2191;2149;2414;2401;2487;2453;2731;2832;2665;2955
82;1024;1641;1637;1794;1731;1725;1819;1934;2028;2036;1986;2244;2249;2328;2298;2580;2665;2513
83;697;922;1470;1495;1650;1586;1548;1648;1770;1864;1883;1836;2101;2083;2160;2146;2391;2502
84;707;621;839;1311;1327;1491;1417;1397;1470;1608;1676;1743;1686;1940;1921;2015;1990;2207
85;747;625;546;753;1172;1187;1347;1304;1250;1340;1459;1496;1560;1520;1752;1763;1829;1814
86;796;645;550;485;651;1040;1057;1177;1163;1092;1216;1283;1323;1399;1362;1560;1566;1628
87;764;688;543;480;423;553;928;939;1029;1024;970;1070;1142;1176;1240;1173;1364;1382
88;670;653;597;473;414;360;489;805;810;881;914;827;920;995;1011;1086;1025;1211
89;528;560;549;506;413;345;295;426;692;690;750;786;719;767;847;863;932;892
90;418;446;468;441;415;336;283;248;365;576;585;609;666;616;634;728;730;784
91;327;347;366;368;351;354;258;222;200;290;473;474;495;547;496;520;578;601
92;169;264;269;287;304;291;282;206;194;162;237;377;365;395;441;390;417;443
93;135;132;197;209;224;235;246;207;156;154;124;196;280;297;310;353;318;341
94;93;104;107;155;146;167;177;171;151;111;115;95;140;215;214;233;272;242
95;58;53;68;72;101;105;129;127;136;110;85;79;73;100;150;148;170;199
96;37;40;35;52;51;65;81;91;90;95;84;60;58;46;68;106;93;122
97;34;25;25;21;39;41;48;53;69;61;62;54;44;37;33;43;72;69
98;17;23;16;15;16;29;32;34;37;48;48;40;36;27;27;23;26;46
99;10;14;17;9;7;8;20;15;18;25;35;31;23;15;21;20;16;17
100 e oltre;10;11;18;20;18;21;22;20;23;21;27;38;39;38;31;32;35;29
Totale;384024;383944;383605;382801;382082;381589;381347;380917;380413;379752;379137;378085;377142;376305;375741;375121;374318;373664
Età/Anno;2002;2003;2004;2005;2006;2007;2008;2009;2010;2011;2012;2013;2014;2015;2016;2017;2018;2019
Età;Femmine
0;3088;3099;3227;3299;3071;3131;3172;3113;2906;2996;2936;2681;2556;2420;2371;2333;2267;2178
1;3172;3110;3102;3242;3298;3091;3155;3177;3112;2913;3012;2928;2700;2555;2450;2408;2368;2302
2;3218;3203;3133;3110;3248;3292;3109;3163;3174;3106;2902;2993;2944;2726;2570;2485;2433;2421
3;3303;3227;3222;3140;3107;3237;3309;3111;3151;3189;3106;2902;3000;2963;2768;2592;2511;2438
4;3186;3318;3240;3232;3150;3113;3253;3326;3125;3144;3181;3113;2912;3026;3019;2801;2606;2529
5;3074;3204;3325;3248;3239;3145;3114;3265;3329;3127;3141;3168;3141;2931;3056;3059;2819;2633
6;2900;3073;3226;3330;3256;3237;3163;3130;3274;3337;3141;3150;3181;3168;2973;3079;3087;2843
7;2932;2904;3077;3229;3339;3256;3253;3183;3147;3289;3336;3130;3159;3213;3207;3026;3108;3109
8;3054;2944;2915;3090;3253;3328;3275;3259;3186;3145;3282;3338;3141;3193;3244;3239;3063;3127
9;3149;3065;2958;2903;3102;3256;3351;3292;3262;3202;3142;3275;3359;3166;3225;3286;3262;3094
10;3077;3153;3081;2962;2910;3105;3277;3348;3305;3277;3211;3148;3289;3394;3189;3255;3318;3284
11;3167;3087;3160;3091;2960;2914;3106;3277;3367;3312;3278;3218;3182;3320;3419;3217;3268;3332
12;3067;3174;3086;3167;3099;2955;2926;3121;3285;3365;3314;3279;3245;3212;3347;3445;3237;3297
13;3053;3071;3169;3091;3172;3105;2960;2935;3121;3298;3371;3313;3279;3266;3235;3370;3463;3252
14;2895;3052;3074;3170;3104;3178;3109;2969;2941;3129;3301;3382;3318;3303;3284;3250;3384;3468
15;3112;2907;3052;3087;3168;3099;3185;3119;2983;2945;3133;3303;3385;3327;3323;3291;3258;3377
16;3258;3115;2919;3057;3084;3174;3100;3197;3130;2990;2952;3132;3316;3403;3348;3334;3285;3271
17;3132;3255;3119;2926;3067;3078;3170;3103;3199;3131;2998;2958;3140;3332;3416;3347;3343;3298
18;3276;3135;3262;3116;2940;3065;3083;3180;3111;3193;3149;3017;2983;3181;3379;3454;3402;3396
19;3513;3273;3145;3261;3110;2947;3065;3111;3177;3095;3189;3165;3018;2994;3195;3376;3478;3428
20;3512;3514;3271;3148;3256;3121;2950;3064;3107;3178;3092;3192;3163;3016;3000;3199;3396;3456
21;3632;3503;3518;3247;3146;3270;3107;2953;3063;3099;3192;3098;3204;3159;3036;3014;3194;3414
22;3847;3651;3511;3528;3258;3157;3258;3122;2951;3066;3096;3215;3101;3203;3163;3046;3013;3219
23;4310;3856;3645;3527;3523;3268;3176;3265;3109;2958;3075;3099;3235;3098;3220;3162;3063;3020
24;4694;4318;3862;3635;3496;3535;3292;3178;3260;3106;2960;3060;3116;3255;3125;3240;3169;3091
25;5005;4701;4313;3873;3630;3494;3501;3302;3170;3253;3108;2944;3073;3104;3249;3159;3223;3195
26;5433;5005;4673;4292;3850;3618;3501;3491;3298;3161;3236;3093;2939;3064;3129;3251;3157;3212
27;5990;5436;4970;4624;4271;3850;3611;3480;3493;3333;3160;3208;3078;2960;3071;3110;3245;3145
28;6117;5923;5396;4942;4580;4239;3861;3618;3471;3482;3316;3176;3205;3090;2949;3097;3132;3254
29;6112;6057;5894;5346;4878;4581;4221;3861;3624;3482;3482;3280;3167;3227;3094;2956;3090;3144
30;6171;6095;6011;5837;5298;4868;4578;4224;3903;3609;3497;3490;3296;3200;3236;3097;2981;3120
31;6308;6164;6090;5944;5774;5263;4861;4592;4241;3907;3591;3485;3499;3294;3204;3254;3103;2994
32;6399;6273;6156;6027;5906;5767;5277;4861;4584;4273;3929;3583;3519;3528;3288;3203;3255;3128
33;6382;6389;6282;6131;6008;5867;5775;5306;4897;4646;4288;3955;3600;3509;3583;3281;3226;3313
34;6535;6417;6393;6264;6110;6021;5902;5812;5324;4964;4716;4259;3972;3606;3536;3601;3317;3280
35;6764;6555;6462;6404;6257;6136;6038;5965;5831;5359;5012;4728;4268;3994;3624;3553;3601;3373
36;6813;6792;6570;6454;6390;6260;6166;6069;6011;5847;5404;5027;4748;4315;4011;3627;3573;3648
37;7089;6816;6794;6559;6448;6389;6296;6181;6065;6022;5891;5421;5039;4782;4343;4037;3666;3647
38;6615;7113;6819;6755;6525;6480;6396;6297;6228;6103;6024;5922;5440;5090;4790;4380;4071;3696
39;6491;6637;7076;6820;6767;6548;6493;6414;6308;6233;6104;6031;5958;5466;5121;4834;4420;4114
40;6407;6522;6638;7057;6800;6755;6583;6496;6395;6332;6220;6123;6059;5976;5481;5130;4851;4463
41;5953;6411;6514;6622;7057;6790;6776;6600;6484;6402;6338;6221;6145;6088;6014;5494;5131;4877
42;6018;5956;6392;6515;6623;7061;6825;6786;6633;6484;6398;6338;6219;6191;6088;6027;5506;5178
43;5644;6032;5942;6392;6511;6632;7097;6837;6806;6615;6502;6407;6363;6229;6203;6092;6055;5544
44;5632;5656;6027;5947;6386;6494;6635;7115;6848;6782;6611;6511;6437;6395;6246;6220;6094;6079
45;5583;5664;5663;6021;5947;6390;6492;6636;7131;6844;6784;6616;6529;6455;6423;6265;6250;6121
46;5418;5587;5672;5658;6024;5951;6381;6500;6644;7135;6853;6790;6596;6530;6497;6434;6295;6260
47;5422;5408;5601;5667;5666;6051;5960;6378;6512;6659;7135;6858;6805;6629;6549;6495;6455;6319
48;5282;5416;5407;5593;5671;5670;6042;5964;6380;6504;6642;7134;6857;6803;6639;6571;6504;6444
49;5355;5266;5410;5395;5593;5676;5676;6057;5971;6367;6502;6655;7143;6857;6826;6648;6571;6513
50;5302;5361;5269;5397;5392;5588;5669;5684;6052;5961;6375;6501;6672;7136;6861;6850;6669;6569
51;5648;5292;5339;5260;5401;5387;5583;5677;5689;6046;5954;6355;6491;6661;7148;6860;6838;6673
52;5661;5647;5289;5335;5229;5392;5387;5586;5682;5690;6042;5946;6355;6509;6662;7141;6870;6855
53;5897;5665;5641;5258;5319;5222;5392;5393;5583;5683;5678;6042;5952;6350;6496;6658;7126;6887
54;5949;5902;5659;5617;5243;5302;5213;5392;5408;5581;5665;5670;6039;5935;6357;6483;6657;7117
55;6510;5954;5869;5655;5587;5222;5282;5192;5388;5427;5570;5660;5672;6036;5931;6352;6473;6657
56;4535;6508;5952;5856;5631;5565;5230;5262;5187;5389;5415;5574;5665;5653;6019;5923;6345;6468
57;5416;4520;6489;5945;5847;5614;5553;5208;5248;5176;5367;5406;5562;5660;5650;6019;5933;6354
58;5498;5409;4505;6464;5924;5828;5594;5541;5190;5227;5167;5352;5389;5544;5641;5641;6006;5916
59;5478;5475;5388;4503;6430;5911;5817;5578;5519;5175;5207;5141;5347;5383;5536;5641;5632;6005
60;5516;5450;5454;5370;4492;6423;5910;5799;5564;5496;5151;5193;5114;5334;5369;5508;5626;5638
61;5973;5498;5420;5425;5347;4467;6411;5897;5799;5547;5464;5136;5169;5105;5316;5355;5474;5600
62;5618;5961;5465;5387;5400;5321;4439;6386;5875;5777;5524;5438;5125;5160;5081;5297;5327;5445
63;5638;5583;5918;5423;5363;5390;5289;4407;6343;5872;5754;5497;5409;5097;5137;5065;5269;5301
64;5201;5610;5555;5881;5379;5333;5377;5253;4383;6319;5842;5731;5463;5381;5069;5106;5025;5253
65;5079;5172;5584;5520;5857;5341;5302;5350;5223;4369;6258;5779;5695;5422;5347;5048;5088;5000
66;5015;5047;5157;5559;5495;5822;5292;5263;5307;5188;4335;6205;5725;5654;5402;5317;5003;5053
67;4948;4959;4997;5124;5516;5464;5776;5259;5234;5271;5156;4310;6153;5696;5617;5358;5295;4977
68;4621;4914;4923;4960;5088;5480;5429;5734;5198;5191;5244;5104;4280;6117;5659;5592;5319;5259
69;4655;4581;4878;4881;4929;5047;5449;5398;5692;5154;5165;5200;5072;4248;6072;5619;5538;5293
70;4674;4603;4533;4815;4830;4868;5009;5386;5360;5641;5113;5136;5154;5023;4214;6018;5558;5489
71;4886;4612;4544;4483;4765;4784;4829;4968;5355;5305;5592;5044;5088;5090;4975;4161;5943;5499
72;4401;4830;4545;4494;4427;4695;4737;4790;4917;5300;5245;5539;4977;5024;5038;4929;4116;5886
73;4512;4349;4761;4489;4416;4364;4640;4673;4743;4857;5232;5181;5468;4925;4974;4976;4869;4072
74;4485;4442;4280;4684;4412;4329;4280;4576;4582;4670;4787;5162;5115;5386;4864;4914;4903;4809
75;4401;4426;4372;4199;4598;4345;4271;4207;4490;4529;4605;4726;5083;5040;5303;4783;4835;4828
76;4154;4296;4330;4274;4093;4506;4260;4186;4128;4417;4450;4521;4646;5012;4954;5208;4688;4754
77;4060;4033;4196;4230;4175;4002;4391;4152;4107;4036;4338;4359;4414;4549;4917;4856;5102;4611
78;4156;3935;3925;4116;4138;4075;3905;4271;4049;4016;3945;4249;4250;4306;4463;4801;4751;4995
79;3809;4026;3803;3808;4004;4002;3980;3797;4156;3940;3912;3847;4130;4145;4189;4338;4685;4627
80;3523;3723;3864;3677;3688;3879;3877;3840;3666;4027;3812;3787;3732;4020;4019;4074;4223;4566
81;3528;3404;3555;3738;3545;3556;3722;3736;3698;3551;3865;3698;3658;3623;3887;3879;3949;4097
82;2005;3344;3214;3398;3579;3395;3399;3568;3569;3567;3406;3729;3549;3530;3487;3749;3730;3806
83;1385;1908;3167;3043;3235;3383;3228;3232;3398;3402;3405;3237;3542;3395;3355;3365;3557;3576
84;1476;1290;1789;2982;2843;3063;3171;3011;3057;3191;3224;3222;3076;3383;3192;3195;3196;3393
85;1648;1368;1194;1674;2781;2677;2863;2991;2819;2841;2965;3037;3023;2913;3191;2998;3034;2990
86;1970;1516;1257;1120;1556;2571;2480;2631;2748;2604;2647;2748;2809;2846;2693;2996;2800;2820
87;1837;1785;1357;1141;1005;1416;2346;2264;2393;2519;2404;2410;2522;2608;2600;2471;2781;2563
88;1627;1653;1551;1206;1026;929;1271;2092;2038;2143;2276;2161;2169;2285;2379;2356;2236;2526
89;1334;1410;1382;1379;1062;908;827;1138;1864;1816;1877;2025;1914;1944;2025;2135;2103;1993
90;1192;1155;1199;1178;1209;910;806;720;1001;1636;1609;1642;1768;1666;1695;1779;1862;1846
91;969;1008;983;1014;1013;1057;787;698;621;876;1411;1351;1406;1548;1416;1461;1519;1632
92;694;784;839;818;848;856;888;656;580;527;751;1175;1125;1169;1305;1194;1255;1301
93;521;560;638;680;671;721;687;737;542;483;438;598;965;942;956;1077;996;1034
94;407;430;429;518;554;535;568;556;624;434;397;357;488;777;762;755;862;800
95;288;320;322;339;408;435;415;445;451;497;324;325;282;388;587;619;619;687
96;219;213;241;246;254;312;346;316;350;371;385;232;256;211;291;456;483;469
97;142;168;156;175;159;188;232;247;223;272;295;277;175;186;150;213;334;357
98;81;96;120;110;126;112;122;162;171;173;203;207;201;129;120;117;154;222
99;53;51;62;74;79;89;72;76;125;125;116;145;149;148;84;82;80;115
100 e oltre;88;82;78;98;106;115;142;136;135;159;192;188;226;247;243;206;177;172
Totale;410242;409830;408901;407995;406800;406104;405807;405320;404551;403852;402787;401067;399730;398745;397454;396118;394480;393193

"Ricostruzione della popolazione intercensuaria - Popolazione al 1° gennaio per età"
"Cittadinanza straniera - Provincia: Venezia"
Età/Anno;2002;2003;2004;2005;2006;2007;2008;2009;2010;2011;2012;2013;2014;2015;2016;2017;2018;2019
Età;Totale
0;263;376;436;644;725;871;1035;1157;1356;1217;1375;1481;1337;1291;1281;1256;1198;1159
1;228;305;393;468;676;757;926;1104;1172;1349;1236;1386;1469;1324;1254;1238;1208;1154
2;204;261;359;429;480;736;797;973;1130;1172;1310;1252;1383;1433;1247;1226;1197;1176
3;194;250;313;400;476;536;809;864;1015;1114;1159;1352;1247;1360;1330;1196;1170;1164
4;170;234;284;373;441;512;602;888;883;1023;1096;1184;1350;1216;1265;1290;1152;1141
5;176;220;280;344;433;481;594;680;906;889;1031;1133;1178;1332;1160;1193;1237;1138
6;188;232;279;343;404;476;547;665;712;910;926;1055;1111;1128;1272;1105;1137;1198
7;168;228;272;320;399;444;554;639;730;734;913;944;1031;1080;1064;1167;1061;1103
8;161;204;263;346;395;442;505;629;681;767;772;927;918;982;993;993;1109;1021
9;141;194;244;333;394;430;505;584;691;728;799;785;908;908;928;922;960;1070
10;157;183;225;328;395;423;498;589;624;748;760;802;769;892;842;868;911;951
11;157;197;248;282;401;450;492;585;637;658;798;770;778;748;823;794;844;887
12;152;170;233;328;364;467;541;572;641;683;706;826;734;755;706;764;758;824
13;127;155;203;314;396;420;526;629;633;714;717;723;836;712;718;652;760;751
14;109;138;182;269;368;444;483;594;705;697;759;757;719;844;667;669;659;770
15;107;108;152;245;342;427;505;578;669;761;755;783;759;725;816;643;660;681
16;128;110;128;227;303;399;513;617;657;729;819;762;788;765;710;784;646;671
17;126;127;139;229;299;371;463;626;730;747;791;844;774;785;744;722;775;669
18;128;128;144;218;302;401;466;594;761;797;796;806;830;733;722;763;685;742
19;152;150;163;200;281;377;547;671;715;856;908;845;860;833;751;806;820;752
20;186;158;247;240;272;368;528;768;820;838;946;1005;892;924;859;837;944;961
21;187;211;273;354;319;375;611;757;903;960;963;1036;1040;941;951;957;969;1065
22;248;232;370;415;447;427;660;866;943;1056;1073;1057;1078;1072;941;1036;1085;1093
23;302;295;429;545;521;590;706;968;1036;1137;1155;1205;1133;1169;1099;1040;1133;1221
24;286;387;578;633;665;650;881;1081;1167;1255;1252;1305;1290;1191;1223;1169;1126;1260
25;397;376;682;831;762;822;956;1206;1247;1308;1418;1368;1429;1364;1266;1314;1268;1239
26;380;481;681;948;1008;987;1104;1243;1402;1425;1427;1521;1499;1546;1419;1383;1396;1372
27;414;464;823;943;1133;1232;1285;1413;1427;1547;1549;1531;1613;1573;1562;1520;1440;1526
28;457;532;808;1098;1119;1352;1523;1611;1578;1602;1639;1705;1648;1660;1667;1685;1600;1553
29;504;563;837;1104;1282;1264;1655;1792;1752;1722;1690;1777;1823;1722;1707;1755;1811;1654
30;498;640;880;1055;1290;1449;1528;1923;1954;1840;1803;1801;1854;1891;1732;1837;1841;1875
31;510;624;864;1066;1194;1414;1665;1775;1977;1955;1839;1863;1915;1889;1873;1825;1905;1917
32;540;615;833;1055;1207;1341;1613;1853;1910;1999;1944;1889;1948;1927;1885;1926;1932;1987
33;513;607;811;978;1162;1263;1514;1823;1899;1917;1920;1998;1995;1951;1929;1912;1939;1961
34;456;556;794;947;1056;1223;1373;1697;1845;1907;1886;1991;2030;2000;1907;1963;1958;1965
35;496;482;738;922;1025;1115;1348;1468;1727;1901;1836;1925;2045;2025;2006;1901;1973;1957
36;438;537;649;900;1029;1111;1274;1463;1508;1716;1858;1874;1959;2059;2023;2001;1924;1996
37;456;486;698;796;960;1104;1278;1386;1522;1557;1666;1880;1872;1938;2035;2019;1995;1940
38;430;498;660;817;892;1034;1241;1403;1459;1567;1555;1687;1913;1840;1904;2026;2022;2003
39;370;482;647;746;898;970;1211;1378;1454;1513;1535;1549;1697;1872;1809;1870;1960;2030
40;376;427;630;799;822;962;1136;1353;1410;1522;1506;1584;1560;1686;1840;1781;1882;1956
41;330;407;571;749;824;868;1051;1259;1388;1426;1494;1493;1594;1548;1651;1796;1758;1919
42;284;352;573;668;785;858;967;1135;1288;1424;1396;1498;1509;1580;1510;1587;1799;1737
43;264;277;491;629;713;823;957;1065;1149;1330;1390;1389;1472;1484;1552;1499;1577;1773
44;226;268;423;592;652;742;905;1030;1079;1171;1303;1394;1401;1437;1429;1518;1484;1560
45;209;252;434;497;644;690;830;1019;1049;1094;1168;1341;1392;1363;1392;1383;1497;1477
46;171;213;375;492;521;667;751;932;1040;1073;1077;1141;1345;1359;1316;1353;1356;1482
47;179;169;325;442;490;534;776;851;955;1057;1081;1075;1106;1305;1324;1279;1337;1350
48;151;198;289;368;461;522;625;882;905;1006;1065;1082;1060;1092;1246;1311;1281;1354
49;148;148;287;337;396;483;598;705;895;960;1022;1070;1066;1045;1056;1209;1295;1284
50;123;143;234;331;356;422;537;679;761;958;976;1008;1076;1046;1004;1022;1196;1310
51;161;125;236;270;350;369;490;628;691;796;982;972;1030;1081;1017;994;1007;1215
52;100;163;198;264;276;364;423;555;652;720;822;988;984;1039;1021;1005;990;1032
53;101;99;226;228;281;277;406;468;586;701;746;850;998;974;993;1006;995;1001
54;108;99;179;255;229;283;278;454;489;637;722;760;861;992;950;978;1000;1008
55;75;105;150;194;257;238;306;339;483;513;651;728;758;849;944;938;983;998
56;68;76;141;189;208;261;259;358;380;500;521;665;727;785;831;934;910;971
57;78;67;111;160;183;208;282;296;370;397;517;530;684;730;779;802;920;908
58;82;75;85;122;159;190;212;315;321;386;398;517;527;691;722;772;773;916
59;78;79;87;89;133;168;194;239;329;335;396;416;521;528;684;698;763;780
60;62;76;86;84;90;136;172;218;246;328;335;414;422;527;531;677;704;771
61;64;58;84;90;85;95;136;184;227;258;339;342;416;428;517;516;667;695
62;61;60;71;83;90;87;101;139;184;235;270;330;363;413;419;502;515;642
63;64;66;67;78;77;87;93;124;137;193;238;291;326;357;410;413;518;519
64;56;61;66;67;72;84;90;95;132;143;190;247;287;326;352;406;414;524
65;36;52;62;70;61;70;88;100;104;132;159;196;253;277;324;352;391;427
66;43;37;58;63;75;65;65;101;110;102;138;165;200;249;283;337;352;394
67;39;47;36;64;62;81;65;70;110;107;109;146;169;210;237;282;330;359
68;29;40;44;32;66;67;78;74;77;120;108;116;143;173;203;232;284;327
69;34;29;42;41;37;63;60;83;72;90;131;105;123;146;166;203;226;292
70;29;26;31;45;40;41;68;62;84;72;89;126;100;118;146;155;200;226
71;34;26;30;38;43;40;40;67;63;79;77;92;125;97;122;149;149;202
72;25;35;25;30;38;41;39;50;68;66;81;76;100;121;87;118;140;147
73;17;25;34;24;33;38;40;46;56;63;64;82;76;96;119;80;110;139
74;26;17;22;34;26;35;37;47;44;55;65;63;82;80;97;109;79;111
75;18;28;19;24;35;30;35;37;47;45;56;66;72;80;79;101;105;77
76;21;19;27;21;27;35;25;37;32;46;45;59;66;74;84;74;97;106
77;12;19;17;23;22;29;34;25;34;32;45;43;62;61;72;80;70;95
78;15;13;21;20;23;19;30;34;26;31;33;46;43;60;56;70;75;68
79;17;13;11;23;18;22;21;30;32;27;30;31;43;45;62;59;69;72
80;11;18;15;14;22;18;22;16;29;34;26;30;31;42;42;56;60;69
81;14;8;15;13;15;20;17;25;18;26;33;25;27;32;39;42;54;60
82;10;12;5;17;11;11;19;14;25;20;24;32;22;25;30;36;41;47
83;6;11;12;4;14;10;10;16;12;17;20;23;32;22;24;26;34;42
84;0;5;11;10;6;11;10;7;16;7;14;17;23;26;19;28;22;31
85;4;1;5;10;9;5;8;13;5;14;7;15;17;22;26;18;30;20
86;4;3;1;5;9;7;5;7;13;5;13;10;16;16;19;26;14;27
87;6;5;3;2;5;4;7;4;5;13;4;12;10;16;15;16;22;11
88;6;3;5;4;2;5;4;6;3;5;14;3;13;9;16;13;12;19
89;3;4;3;4;3;3;6;4;4;1;2;13;2;11;7;15;13;12
90;3;1;3;2;5;3;2;5;4;2;1;2;11;2;13;7;13;10
91;4;2;1;2;1;4;2;1;6;3;2;3;1;11;2;14;7;11
92;2;4;0;1;1;1;3;2;1;3;2;1;2;0;7;2;10;5
93;1;0;6;0;1;1;0;4;2;1;3;2;3;1;0;5;4;7
94;0;0;1;4;0;1;3;0;4;2;1;2;2;3;1;0;4;3
95;2;1;0;1;2;0;1;2;1;1;2;1;2;1;1;1;0;3
96;1;2;1;0;1;2;0;2;1;2;1;2;1;1;1;1;1;0
97;0;0;2;1;0;0;2;0;2;2;1;1;1;1;0;0;2;1
98;0;0;0;2;1;0;0;2;1;1;2;1;1;0;1;0;0;1
99;0;0;0;0;2;1;0;0;2;0;0;2;0;1;0;0;0;0
100 e oltre;0;0;1;1;1;3;3;3;2;0;0;0;2;1;2;1;0;0
Totale;15395;17765;25230;31759;36386;41159;49286;58430;63839;68404;71387;75118;77813;79195;78982;80114;81809;84200
Età/Anno;2002;2003;2004;2005;2006;2007;2008;2009;2010;2011;2012;2013;2014;2015;2016;2017;2018;2019
Età;Maschi
0;137;193;240;326;372;433;535;592;687;649;687;765;693;680;643;669;638;588
1;119;162;201;250;351;388;464;580;578;688;666;701;746;690;663;620;646;605
2;96;139;193;213;248;383;407;495;592;579;664;670;698;724;651;651;610;638
3;112;120;163;209;241;273;421;442;517;579;575;677;664;703;672;624;621;584
4;91;127;147;202;235;259;305;466;461;524;560;581;678;650;666;656;607;599
5;92;114;151;173;228;244;292;353;479;471;522;577;591;670;625;636;640;599
6;92;117;151;179;207;257;288;330;371;484;480;536;565;561;639;600;608;612
7;81;121;141;168;212;222;299;332;356;389;483;488;518;557;526;586;576;582
8;84;107;135;175;202;228;259;328;357;373;407;481;471;500;506;502;561;553
9;80;108;130;173;210;217;256;304;360;386;383;406;467;466;466;465;489;538
10;86;102;123;179;204;226;258;297;319;391;412;394;396;459;431;433;445;481
11;81;106;134;148;225;241;249;305;323;336;413;414;382;400;428;405;417;432
12;89;81;118;177;191;264;281;305;328;352;365;429;394;383;376;391;386;420
13;62;86;90;161;206;215;291;337;339;361;361;391;438;389;371;343;395;383
14;63;70;100;121;186;233;240;324;377;373;377;385;399;450;354;351;347;399
15;57;59;81;138;158;212;264;296;366;412;401;389;383;405;445;344;347;359
16;72;53;67;126;168;185;242;321;331;404;434;414;385;393;399;432;339;356
17;73;72;60;126;164;206;233;312;388;375;446;447;426;391;384;412;424;359
18;76;76;83;112;162;219;267;303;393;418;404;453;442;415;363;433;403;418
19;97;93;103;110;148;194;307;380;374;433;467;409;474;448;419;447;492;450
20;83;86;156;143;133;166;266;398;438;411;449;499;415;495;457;489;558;589
21;74;80;143;205;152;156;286;358;423;462;470;479;507;435;499;537;579;643
22;119;76;152;217;221;186;299;400;423;463;479;511;496;503;429;534;619;653
23;134;134;174;235;247;256;334;427;476;478;493;538;535;530;524;490;599;723
24;135;183;277;287;277;281;406;492;497;547;514;549;562;561;551;566;529;653
25;162;170;331;408;329;339;431;565;581;523;596;560;611;579;581;608;630;615
26;162;197;313;500;492;413;477;561;654;643;553;642;629;653;597;646;667;702
27;192;196;366;459;575;592;560;611;648;688;672;595;680;666;651;652;677;745
28;206;245;372;518;532;672;726;710;703;715;721;738;652;698;719;720;697;748
29;240;258;386;548;620;608;836;888;796;770;735;796;794;670;731;785;807;745
30;227;317;416;496;643;704;751;983;973;815;824;795;845;840;684;802;843;878
31;272;294;415;505;566;698;799;894;1006;966;806;869;887;862;831;765;847;896
32;255;347;382;522;567;652;792;905;965;1024;954;830;926;911;862;882;844;931
33;295;302;454;471;597;600;751;915;953;935;975;999;914;932;918;881;917;887
34;245;315;395;518;512;629;655;844;921;941;917;1016;1013;929;917;940;922;953
35;258;270;409;484;564;545;705;713;864;916;906;937;1046;1009;927;930;964;943
36;245;293;355;517;536;620;648;748;718;831;904;934;962;1073;1007;945;945;1010
37;244;280;365;448;559;576;703;686;790;726;826;926;942;963;1049;999;940;967
38;222;285;369;437;496;595;646;758;707;768;712;840;955;920;944;1042;994;965
39;197;261;346;426;490;540;677;712;764;705;734;733;843;958;914;916;1018;1023
40;193;235;335;430;474;537;637;738;687;756;688;755;745;826;936;878;926;1036
41;181;223;283;404;439;500;572;675;725;662;726;676;763;749;803;901;857;949
42;151;205;282;328;410;458;542;604;665;706;609;740;682;748;724;750;888;841
43;123;143;222;301;343;423;488;568;588;638;627;614;733;665;740;704;740;875
44;108;128;177;279;309;344;456;507;554;559;592;616;616;714;628;726;689;728
45;103;124;177;203;305;328;368;488;496;528;520;603;612;592;669;603;713;685
46;82;113;150;189;222;316;333;396;491;459;490;502;595;586;566;637;591;703
47;97;92;136;179;194;228;365;355;395;461;440;481;474;566;554;548;615;595
48;86;106;128;158;181;216;265;371;358;398;434;439;468;453;540;537;550;626
49;67;86;123;142;171;185;239;290;368;353;400;421;424;454;424;524;534;561
50;61;69;99;137;152;180;201;248;289;364;341;377;414;407;426;399;526;552
51;60;63;81;112;149;164;197;210;245;293;354;335;372;413;385;413;394;522
52;43;62;70;92;123;156;178;216;206;236;283;348;330;360;389;374;411;423
53;52;52;70;72;101;128;161;187;214;206;244;281;350;324;332;376;372;409
54;43;52;64;69;79;96;131;164;178;217;202;240;268;340;308;326;361;379
55;29;43;61;62;79;79;99;144;169;177;211;195;233;255;305;307;323;372
56;22;36;45;66;73;91;81;107;143;161;172;213;201;230;241;296;284;319
57;27;22;43;51;61;71;95;87;116;139;158;168;222;194;225;229;290;281
58;28;26;20;46;51;62;68;106;88;102;139;159;162;226;185;218;219;283
59;27;32;27;20;46;54;62;74;103;86;104;136;147;156;209;179;208;234
60;20;25;29;30;20;45;50;64;77;96;87;111;131;148;152;205;174;209
61;22;20;27;29;30;19;45;53;71;74;96;89;106;130;138;139;195;173
62;23;20;22;25;30;31;23;49;60;71;80;91;99;104;130;141;140;188
63;23;26;20;25;22;26;36;34;51;58;65;78;97;92;101;133;145;145
64;22;26;22;20;22;23;28;35;40;53;53;67;82;93;88;100;129;141
65;14;24;24;25;17;24;25;33;42;39;60;60;71;83;90;95;100;133
66;19;15;29;24;28;21;23;30;38;35;40;62;62;66;87;95;89;98
67;18;21;15;34;25;30;21;25;32;39;36;43;61;68;60;80;97;91
68;14;20;17;14;35;27;31;23;30;36;40;40;46;63;64;58;84;97
69;3;13;24;13;17;32;25;32;19;39;39;38;44;48;60;64;60;85
70;12;6;14;25;12;19;32;25;32;22;37;41;38;45;48;56;64;58
71;10;10;7;17;25;12;18;28;25;29;22;38;39;33;46;50;54;64
72;8;12;9;6;16;25;13;20;31;29;30;22;39;39;26;45;47;51
73;7;9;13;9;7;14;24;14;23;27;29;31;22;37;38;24;42;47
74;14;7;9;13;10;7;14;24;14;26;28;31;29;22;38;34;25;40
75;7;15;5;11;14;14;7;14;23;18;24;28;31;27;22;37;33;29
76;5;7;14;6;12;14;12;7;13;23;19;25;29;29;30;22;35;37
77;4;5;7;14;8;14;14;9;6;12;23;18;25;27;26;29;22;35
78;5;5;5;8;13;9;15;16;11;5;13;22;18;22;25;26;27;23
79;7;4;3;6;7;12;9;12;16;11;4;13;16;20;23;25;21;24
80;1;6;5;6;6;6;11;7;13;18;10;6;13;17;17;20;25;21
81;2;1;4;4;6;6;7;15;9;11;16;10;5;14;16;17;19;21
82;4;1;1;6;3;3;7;7;16;10;11;15;8;5;12;15;15;16
83;1;3;2;1;4;3;2;6;6;12;9;10;13;8;4;10;14;16
84;0;1;4;2;1;3;2;1;6;5;10;8;10;11;7;6;10;12
85;1;0;1;3;2;0;2;3;1;5;5;10;7;9;12;7;8;8
86;0;1;0;1;4;1;0;1;5;2;4;6;11;6;7;12;5;8
87;0;1;1;0;1;2;1;0;1;6;1;4;6;11;5;6;10;2
88;1;0;1;2;0;1;2;2;0;1;7;1;3;5;11;4;7;8
89;0;1;0;1;1;0;1;2;1;1;1;6;1;3;3;11;4;7
90;0;0;0;0;1;1;0;0;2;0;1;1;5;1;4;4;9;4
91;1;0;0;0;0;1;0;0;0;1;0;1;1;5;1;4;4;7
92;1;1;0;0;0;0;1;0;0;0;0;0;0;0;2;1;3;3
93;0;0;1;0;0;0;0;1;0;0;0;0;0;0;0;2;1;3
94;0;0;1;1;0;0;0;0;1;0;0;0;0;0;0;0;2;1
95;1;0;0;1;0;0;0;0;0;0;0;0;0;0;0;0;0;2
96;0;1;0;0;1;0;0;0;0;1;0;0;0;0;0;0;0;0
97;0;0;1;0;0;0;0;0;0;0;1;0;0;0;0;0;0;0
98;0;0;0;1;0;0;0;0;0;0;0;1;0;0;0;0;0;0
99;0;0;0;0;1;0;0;0;0;0;0;0;0;0;0;0;0;0
100 e oltre;0;0;1;1;1;2;2;2;1;0;0;0;0;0;0;0;0;0
Totale;7560;8914;12118;15534;17790;19990;23947;28099;30390;31620;32382;34119;35403;36070;35801;36631;37797;39504
Età/Anno;2002;2003;2004;2005;2006;2007;2008;2009;2010;2011;2012;2013;2014;2015;2016;2017;2018;2019
Età;Femmine
0;126;183;196;318;353;438;500;565;669;568;688;716;644;611;638;587;560;571
1;109;143;192;218;325;369;462;524;594;661;570;685;723;634;591;618;562;549
2;108;122;166;216;232;353;390;478;538;593;646;582;685;709;596;575;587;538
3;82;130;150;191;235;263;388;422;498;535;584;675;583;657;658;572;549;580
4;79;107;137;171;206;253;297;422;422;499;536;603;672;566;599;634;545;542
5;84;106;129;171;205;237;302;327;427;418;509;556;587;662;535;557;597;539
6;96;115;128;164;197;219;259;335;341;426;446;519;546;567;633;505;529;586
7;87;107;131;152;187;222;255;307;374;345;430;456;513;523;538;581;485;521
8;77;97;128;171;193;214;246;301;324;394;365;446;447;482;487;491;548;468
9;61;86;114;160;184;213;249;280;331;342;416;379;441;442;462;457;471;532
10;71;81;102;149;191;197;240;292;305;357;348;408;373;433;411;435;466;470
11;76;91;114;134;176;209;243;280;314;322;385;356;396;348;395;389;427;455
12;63;89;115;151;173;203;260;267;313;331;341;397;340;372;330;373;372;404
13;65;69;113;153;190;205;235;292;294;353;356;332;398;323;347;309;365;368
14;46;68;82;148;182;211;243;270;328;324;382;372;320;394;313;318;312;371
15;50;49;71;107;184;215;241;282;303;349;354;394;376;320;371;299;313;322
16;56;57;61;101;135;214;271;296;326;325;385;348;403;372;311;352;307;315
17;53;55;79;103;135;165;230;314;342;372;345;397;348;394;360;310;351;310
18;52;52;61;106;140;182;199;291;368;379;392;353;388;318;359;330;282;324
19;55;57;60;90;133;183;240;291;341;423;441;436;386;385;332;359;328;302
20;103;72;91;97;139;202;262;370;382;427;497;506;477;429;402;348;386;372
21;113;131;130;149;167;219;325;399;480;498;493;557;533;506;452;420;390;422
22;129;156;218;198;226;241;361;466;520;593;594;546;582;569;512;502;466;440
23;168;161;255;310;274;334;372;541;560;659;662;667;598;639;575;550;534;498
24;151;204;301;346;388;369;475;589;670;708;738;756;728;630;672;603;597;607
25;235;206;351;423;433;483;525;641;666;785;822;808;818;785;685;706;638;624
26;218;284;368;448;516;574;627;682;748;782;874;879;870;893;822;737;729;670
27;222;268;457;484;558;640;725;802;779;859;877;936;933;907;911;868;763;781
28;251;287;436;580;587;680;797;901;875;887;918;967;996;962;948;965;903;805
29;264;305;451;556;662;656;819;904;956;952;955;981;1029;1052;976;970;1004;909
30;271;323;464;559;647;745;777;940;981;1025;979;1006;1009;1051;1048;1035;998;997
31;238;330;449;561;628;716;866;881;971;989;1033;994;1028;1027;1042;1060;1058;1021
32;285;268;451;533;640;689;821;948;945;975;990;1059;1022;1016;1023;1044;1088;1056
33;218;305;357;507;565;663;763;908;946;982;945;999;1081;1019;1011;1031;1022;1074
34;211;241;399;429;544;594;718;853;924;966;969;975;1017;1071;990;1023;1036;1012
35;238;212;329;438;461;570;643;755;863;985;930;988;999;1016;1079;971;1009;1014
36;193;244;294;383;493;491;626;715;790;885;954;940;997;986;1016;1056;979;986
37;212;206;333;348;401;528;575;700;732;831;840;954;930;975;986;1020;1055;973
38;208;213;291;380;396;439;595;645;752;799;843;847;958;920;960;984;1028;1038
39;173;221;301;320;408;430;534;666;690;808;801;816;854;914;895;954;942;1007
40;183;192;295;369;348;425;499;615;723;766;818;829;815;860;904;903;956;920
41;149;184;288;345;385;368;479;584;663;764;768;817;831;799;848;895;901;970
42;133;147;291;340;375;400;425;531;623;718;787;758;827;832;786;837;911;896
43;141;134;269;328;370;400;469;497;561;692;763;775;739;819;812;795;837;898
44;118;140;246;313;343;398;449;523;525;612;711;778;785;723;801;792;795;832
45;106;128;257;294;339;362;462;531;553;566;648;738;780;771;723;780;784;792
46;89;100;225;303;299;351;418;536;549;614;587;639;750;773;750;716;765;779
47;82;77;189;263;296;306;411;496;560;596;641;594;632;739;770;731;722;755
48;65;92;161;210;280;306;360;511;547;608;631;643;592;639;706;774;731;728
49;81;62;164;195;225;298;359;415;527;607;622;649;642;591;632;685;761;723
50;62;74;135;194;204;242;336;431;472;594;635;631;662;639;578;623;670;758
51;101;62;155;158;201;205;293;418;446;503;628;637;658;668;632;581;613;693
52;57;101;128;172;153;208;245;339;446;484;539;640;654;679;632;631;579;609
53;49;47;156;156;180;149;245;281;372;495;502;569;648;650;661;630;623;592
54;65;47;115;186;150;187;147;290;311;420;520;520;593;652;642;652;639;629
55;46;62;89;132;178;159;207;195;314;336;440;533;525;594;639;631;660;626
56;46;40;96;123;135;170;178;251;237;339;349;452;526;555;590;638;626;652
57;51;45;68;109;122;137;187;209;254;258;359;362;462;536;554;573;630;627
58;54;49;65;76;108;128;144;209;233;284;259;358;365;465;537;554;554;633
59;51;47;60;69;87;114;132;165;226;249;292;280;374;372;475;519;555;546
60;42;51;57;54;70;91;122;154;169;232;248;303;291;379;379;472;530;562
61;42;38;57;61;55;76;91;131;156;184;243;253;310;298;379;377;472;522
62;38;40;49;58;60;56;78;90;124;164;190;239;264;309;289;361;375;454
63;41;40;47;53;55;61;57;90;86;135;173;213;229;265;309;280;373;374
64;34;35;44;47;50;61;62;60;92;90;137;180;205;233;264;306;285;383
65;22;28;38;45;44;46;63;67;62;93;99;136;182;194;234;257;291;294
66;24;22;29;39;47;44;42;71;72;67;98;103;138;183;196;242;263;296
67;21;26;21;30;37;51;44;45;78;68;73;103;108;142;177;202;233;268
68;15;20;27;18;31;40;47;51;47;84;68;76;97;110;139;174;200;230
69;31;16;18;28;20;31;35;51;53;51;92;67;79;98;106;139;166;207
70;17;20;17;20;28;22;36;37;52;50;52;85;62;73;98;99;136;168
71;24;16;23;21;18;28;22;39;38;50;55;54;86;64;76;99;95;138
72;17;23;16;24;22;16;26;30;37;37;51;54;61;82;61;73;93;96
73;10;16;21;15;26;24;16;32;33;36;35;51;54;59;81;56;68;92
74;12;10;13;21;16;28;23;23;30;29;37;32;53;58;59;75;54;71
75;11;13;14;13;21;16;28;23;24;27;32;38;41;53;57;64;72;48
76;16;12;13;15;15;21;13;30;19;23;26;34;37;45;54;52;62;69
77;8;14;10;9;14;15;20;16;28;20;22;25;37;34;46;51;48;60
78;10;8;16;12;10;10;15;18;15;26;20;24;25;38;31;44;48;45
79;10;9;8;17;11;10;12;18;16;16;26;18;27;25;39;34;48;48
80;10;12;10;8;16;12;11;9;16;16;16;24;18;25;25;36;35;48
81;12;7;11;9;9;14;10;10;9;15;17;15;22;18;23;25;35;39
82;6;11;4;11;8;8;12;7;9;10;13;17;14;20;18;21;26;31
83;5;8;10;3;10;7;8;10;6;5;11;13;19;14;20;16;20;26
84;0;4;7;8;5;8;8;6;10;2;4;9;13;15;12;22;12;19
85;3;1;4;7;7;5;6;10;4;9;2;5;10;13;14;11;22;12
86;4;2;1;4;5;6;5;6;8;3;9;4;5;10;12;14;9;19
87;6;4;2;2;4;2;6;4;4;7;3;8;4;5;10;10;12;9
88;5;3;4;2;2;4;2;4;3;4;7;2;10;4;5;9;5;11
89;3;3;3;3;2;3;5;2;3;0;1;7;1;8;4;4;9;5
90;3;1;3;2;4;2;2;5;2;2;0;1;6;1;9;3;4;6
91;3;2;1;2;1;3;2;1;6;2;2;2;0;6;1;10;3;4
92;1;3;0;1;1;1;2;2;1;3;2;1;2;0;5;1;7;2
93;1;0;5;0;1;1;0;3;2;1;3;2;3;1;0;3;3;4
94;0;0;0;3;0;1;3;0;3;2;1;2;2;3;1;0;2;2
95;1;1;0;0;2;0;1;2;1;1;2;1;2;1;1;1;0;1
96;1;1;1;0;0;2;0;2;1;1;1;2;1;1;1;1;1;0
97;0;0;1;1;0;0;2;0;2;2;0;1;1;1;0;0;2;1
98;0;0;0;1;1;0;0;2;1;1;2;0;1;0;1;0;0;1
99;0;0;0;0;1;1;0;0;2;0;0;2;0;1;0;0;0;0
100 e oltre;0;0;0;0;0;1;1;1;1;0;0;0;2;1;2;1;0;0
Totale;7835;8851;13112;16225;18596;21169;25339;30331;33449;36784;39005;40999;42410;43125;43181;43483;44012;44696
