"Popolazione per età, vista per singola area - Provincia: Piacenza"

"Ricostruzione della popolazione intercensuaria - Popolazione al 1° gennaio per età"
"Tutte le cittadinanze - Provincia: Piacenza"
Età/Anno;2002;2003;2004;2005;2006;2007;2008;2009;2010;2011;2012;2013;2014;2015;2016;2017;2018;2019
Età;Totale
0;1978;2136;2161;2249;2289;2377;2412;2490;2628;2423;2392;2372;2375;2303;2255;2155;2034;2135
1;2070;2032;2171;2219;2268;2319;2404;2456;2512;2643;2446;2426;2401;2400;2336;2290;2172;2080
2;1959;2094;2092;2195;2264;2298;2357;2447;2464;2513;2632;2468;2436;2400;2379;2350;2305;2201
3;1986;1985;2141;2128;2225;2288;2333;2419;2474;2492;2534;2665;2491;2422;2396;2394;2366;2306
4;1989;2039;2019;2172;2191;2246;2319;2383;2459;2500;2508;2531;2671;2495;2395;2407;2396;2383
5;1930;2039;2079;2046;2233;2229;2275;2363;2416;2464;2517;2509;2516;2658;2482;2390;2433;2423
6;1939;1976;2080;2138;2096;2262;2266;2346;2389;2411;2484;2539;2521;2531;2639;2457;2413;2452
7;1895;1980;2007;2106;2182;2134;2285;2322;2365;2414;2423;2491;2546;2528;2520;2624;2467;2414
8;1925;1930;2012;2066;2170;2225;2191;2338;2334;2378;2436;2444;2487;2545;2531;2513;2616;2487
9;2018;1963;1966;2060;2109;2222;2262;2273;2376;2351;2393;2454;2446;2480;2549;2528;2519;2632
10;2058;2043;1993;2007;2097;2159;2280;2331;2313;2410;2372;2409;2467;2451;2469;2528;2531;2512
11;2066;2095;2091;2036;2063;2144;2185;2338;2364;2331;2454;2385;2415;2476;2443;2467;2530;2544
12;1996;2086;2123;2136;2090;2105;2179;2256;2387;2387;2336;2473;2397;2410;2455;2440;2458;2540
13;1931;2029;2109;2154;2201;2137;2141;2237;2287;2410;2412;2349;2468;2398;2423;2448;2455;2483
14;1860;1947;2067;2160;2203;2236;2176;2217;2276;2317;2438;2437;2371;2480;2382;2441;2464;2471
15;1873;1891;1982;2108;2203;2234;2298;2250;2262;2296;2346;2455;2448;2386;2464;2382;2458;2491
16;1883;1911;1932;2019;2151;2253;2292;2366;2294;2301;2321;2369;2471;2457;2395;2477;2401;2462
17;1972;1915;1959;1977;2073;2213;2320;2369;2397;2347;2329;2328;2382;2490;2457;2412;2477;2447
18;2057;2010;1962;2021;2036;2132;2293;2404;2474;2452;2395;2346;2358;2392;2517;2501;2478;2515
19;2119;2095;2069;2027;2079;2110;2203;2406;2487;2552;2506;2431;2381;2381;2428;2570;2617;2531
20;2119;2167;2177;2131;2070;2133;2226;2304;2484;2535;2597;2548;2462;2399;2425;2459;2663;2657
21;2312;2161;2273;2240;2177;2148;2223;2350;2371;2564;2621;2639;2571;2477;2443;2448;2558;2708
22;2363;2346;2268;2354;2287;2265;2278;2337;2446;2460;2634;2678;2680;2603;2524;2486;2545;2582
23;2634;2441;2467;2369;2428;2358;2406;2418;2429;2533;2553;2694;2748;2701;2649;2581;2570;2596
24;2792;2696;2634;2566;2456;2516;2480;2605;2524;2532;2627;2637;2743;2777;2745;2702;2678;2631
25;3044;2885;2857;2757;2637;2560;2668;2667;2712;2617;2621;2702;2710;2776;2825;2785;2799;2723
26;3280;3145;3085;3028;2859;2725;2700;2833;2765;2838;2714;2701;2767;2705;2820;2864;2882;2888
27;3664;3385;3327;3222;3152;2951;2852;2842;2922;2810;2904;2784;2762;2759;2732;2886;2982;2936
28;3697;3751;3592;3479;3341;3274;3113;3016;2911;3017;2913;2987;2845;2761;2769;2817;3002;3032
29;3733;3774;3984;3753;3617;3463;3423;3214;3114;2997;3103;2979;3034;2849;2794;2863;2883;3019
30;3916;3859;3992;4112;3885;3714;3604;3584;3278;3204;3091;3135;3035;3041;2894;2865;2930;2935
31;4005;3982;4020;4136;4259;3982;3822;3765;3630;3326;3222;3168;3134;3030;3081;2946;2919;2979
32;4044;4052;4100;4102;4176;4263;4076;3935;3733;3647;3334;3281;3156;3135;3026;3131;2966;2983
33;4135;4110;4118;4193;4137;4237;4384;4177;3959;3749;3667;3393;3320;3168;3144;3037;3158;3018
34;4048;4185;4203;4182;4242;4199;4311;4477;4155;3959;3735;3683;3407;3327;3200;3176;3050;3191
35;4301;4147;4318;4291;4223;4318;4281;4411;4462;4183;3958;3760;3697;3396;3354;3224;3201;3064
36;4283;4407;4289;4406;4331;4275;4390;4393;4468;4549;4222;3991;3801;3694;3419;3376;3235;3224
37;4270;4366;4535;4387;4495;4413;4359;4487;4406;4484;4575;4250;4015;3786;3707;3425;3375;3248
38;4118;4316;4467;4597;4408;4555;4515;4438;4531;4445;4508;4593;4262;4011;3784;3722;3424;3385
39;4011;4156;4402;4521;4629;4474;4607;4605;4499;4586;4461;4519;4599;4271;4025;3762;3710;3456
40;4036;4054;4276;4494;4553;4669;4563;4664;4626;4525;4597;4503;4528;4580;4263;4028;3768;3734
41;3840;4067;4134;4360;4550;4583;4741;4621;4708;4666;4533;4604;4534;4538;4564;4263;4016;3786
42;3736;3859;4155;4177;4394;4606;4662;4800;4638;4732;4673;4585;4651;4508;4518;4584;4269;4044
43;3726;3770;3947;4193;4199;4414;4660;4717;4797;4637;4746;4708;4607;4645;4492;4533;4586;4292
44;3606;3775;3831;4003;4223;4242;4477;4724;4721;4834;4671;4763;4726;4590;4627;4493;4537;4605
45;3725;3635;3828;3868;4024;4238;4293;4517;4746;4718;4829;4693;4778;4716;4572;4599;4478;4570
46;3597;3747;3700;3862;3884;4051;4279;4350;4533;4751;4735;4847;4706;4795;4702;4566;4603;4494
47;3439;3626;3807;3732;3894;3915;4094;4342;4350;4532;4761;4754;4844;4699;4770;4684;4558;4614
48;3232;3473;3676;3829;3769;3913;3962;4140;4365;4372;4553;4776;4761;4823;4689;4774;4664;4552
49;3286;3254;3517;3701;3843;3777;3947;3993;4154;4374;4370;4558;4781;4749;4791;4697;4774;4655
50;3199;3292;3285;3541;3718;3845;3815;3991;4013;4152;4384;4382;4567;4765;4753;4776;4687;4768
51;3467;3207;3306;3307;3546;3725;3866;3858;4002;4036;4162;4388;4382;4569;4743;4766;4779;4688
52;3474;3476;3231;3317;3316;3567;3758;3904;3881;4014;4043;4160;4392;4373;4582;4729;4746;4783
53;3588;3495;3501;3246;3308;3331;3605;3778;3909;3895;4015;4054;4162;4387;4351;4577;4729;4746
54;3703;3596;3512;3516;3234;3310;3357;3629;3786;3936;3908;4007;4039;4169;4354;4348;4564;4741
55;3914;3711;3610;3548;3527;3242;3332;3389;3631;3806;3946;3919;4007;4046;4157;4332;4329;4550
56;2959;3930;3735;3626;3539;3529;3239;3356;3371;3639;3813;3956;3903;3995;4031;4149;4328;4296
57;3205;2954;3939;3742;3623;3548;3515;3259;3347;3369;3638;3817;3949;3910;3963;4020;4152;4313
58;3348;3207;2957;3935;3743;3636;3571;3535;3262;3353;3365;3640;3797;3953;3878;3932;3997;4120
59;3489;3350;3210;2942;3943;3732;3650;3580;3517;3272;3352;3364;3635;3774;3927;3867;3913;3970
60;3591;3467;3341;3206;2938;3941;3739;3663;3564;3510;3263;3329;3367;3630;3742;3911;3852;3907
61;3739;3599;3461;3315;3188;2930;3927;3765;3646;3555;3517;3261;3304;3342;3598;3732;3883;3839
62;3830;3722;3585;3455;3285;3176;2922;3910;3772;3628;3545;3503;3265;3291;3334;3584;3709;3845
63;3806;3818;3711;3545;3440;3262;3173;2930;3901;3761;3611;3518;3486;3239;3273;3305;3557;3684
64;3516;3794;3800;3695;3533;3418;3258;3164;2917;3877;3748;3608;3488;3464;3214;3243;3270;3537
65;3345;3486;3777;3777;3674;3511;3401;3265;3146;2890;3848;3721;3572;3451;3439;3186;3209;3242
66;3445;3320;3466;3745;3724;3649;3481;3396;3246;3116;2870;3828;3685;3547;3427;3401;3158;3195
67;3432;3415;3268;3443;3702;3681;3631;3463;3382;3213;3084;2842;3780;3641;3521;3399;3389;3127
68;3297;3391;3366;3255;3397;3675;3619;3632;3445;3343;3180;3050;2814;3736;3589;3504;3388;3352
69;3368;3252;3347;3330;3213;3347;3650;3596;3595;3389;3299;3153;3026;2804;3695;3541;3467;3352
70;3383;3322;3221;3300;3291;3170;3305;3620;3567;3557;3352;3265;3108;2987;2760;3646;3509;3425
71;3476;3344;3286;3156;3249;3255;3112;3264;3559;3509;3508;3299;3227;3067;2949;2723;3583;3463
72;3202;3422;3269;3217;3109;3197;3212;3068;3202;3490;3474;3467;3246;3188;3034;2908;2681;3540
73;3136;3122;3343;3204;3156;3063;3144;3149;2997;3157;3439;3398;3409;3180;3126;2988;2857;2630
74;3175;3063;3041;3278;3142;3086;3004;3092;3087;2937;3106;3373;3345;3343;3124;3070;2918;2813
75;2984;3094;2962;2949;3185;3062;3025;2951;2991;3015;2887;3021;3305;3289;3240;3065;3016;2864
76;2936;2916;3011;2874;2869;3085;2968;2932;2869;2908;2948;2826;2951;3229;3202;3166;2985;2955
77;2798;2841;2816;2904;2764;2783;2992;2884;2843;2786;2837;2866;2733;2876;3145;3140;3090;2908
78;2675;2692;2743;2710;2775;2670;2687;2892;2814;2737;2711;2734;2762;2669;2778;3069;3051;3015
79;2677;2558;2604;2628;2626;2672;2560;2575;2806;2705;2617;2598;2656;2655;2572;2698;2980;2952
80;2384;2558;2417;2470;2502;2543;2552;2445;2472;2694;2589;2522;2509;2536;2559;2470;2606;2865
81;2238;2278;2402;2280;2363;2381;2403;2453;2327;2382;2575;2466;2394;2381;2434;2440;2356;2500
82;1371;2088;2119;2266;2125;2226;2253;2268;2325;2193;2259;2450;2344;2270;2264;2320;2316;2233
83;1061;1275;1952;1975;2120;1994;2082;2109;2134;2174;2081;2131;2340;2219;2130;2119;2197;2184
84;1030;980;1177;1797;1858;1973;1851;1953;1935;1955;2032;1930;1980;2202;2069;2007;1987;2035
85;1222;951;894;1102;1673;1708;1831;1698;1795;1780;1814;1856;1792;1842;2047;1930;1852;1873
86;1473;1089;862;813;1000;1520;1543;1693;1568;1646;1631;1643;1709;1658;1687;1867;1781;1723
87;1221;1319;980;786;731;895;1362;1404;1521;1424;1506;1478;1468;1560;1476;1526;1702;1624
88;1146;1068;1150;869;706;647;783;1196;1220;1343;1285;1340;1334;1317;1402;1316;1351;1542
89;964;994;873;991;756;613;566;672;1066;1096;1166;1142;1182;1177;1176;1242;1152;1189
90;786;839;822;739;838;654;533;479;595;933;938;1031;988;1024;1009;1023;1061;981
91;625;690;699;724;624;713;536;456;397;497;798;762;898;830;854;877;876;898
92;450;506;545;570;597;497;583;441;387;327;416;664;635;757;691;713;737;725
93;326;354;410;445;472;474;406;472;361;325;273;334;536;528;605;584;579;612
94;275;266;266;335;344;355;388;318;386;290;252;204;284;431;424;475;477;456
95;170;214;196;199;267;262;287;308;254;309;235;193;164;221;304;323;372;353
96;121;126;156;145;133;198;194;210;235;211;232;178;144;132;156;238;235;290
97;102;84;87;121;109;86;152;137;138;172;165;178;131;109;97;113;171;177
98;49;79;50;64;83;79;60;99;94;103;127;116;120;95;74;72;79;119
99;39;29;46;32;34;60;47;42;73;65;75;93;78;86;62;51;54;59
100 e oltre;51;53;53;80;71;63;73;85;74;97;111;101;127;133;128;131;114;97
Totale;263757;265483;268854;271578;273528;275593;278870;283165;284820;286139;287232;287953;288231;287469;286412;286162;286204;286265
Età/Anno;2002;2003;2004;2005;2006;2007;2008;2009;2010;2011;2012;2013;2014;2015;2016;2017;2018;2019
Età;Maschi
0;1010;1098;1107;1134;1151;1182;1252;1311;1342;1266;1226;1239;1159;1223;1162;1108;1062;1146
1;1041;1042;1111;1147;1145;1160;1193;1280;1317;1338;1281;1256;1252;1165;1244;1177;1121;1100
2;1021;1060;1070;1118;1168;1154;1178;1224;1282;1315;1338;1292;1257;1243;1160;1230;1173;1137
3;1036;1036;1081;1087;1145;1185;1179;1220;1238;1304;1333;1357;1311;1248;1237;1184;1242;1180
4;1014;1065;1049;1100;1125;1157;1204;1206;1241;1254;1311;1324;1363;1309;1236;1246;1185;1249
5;981;1040;1086;1056;1129;1143;1178;1213;1220;1237;1256;1300;1313;1355;1306;1231;1266;1196
6;986;1006;1074;1113;1087;1155;1155;1218;1225;1222;1251;1263;1310;1317;1350;1304;1232;1270
7;969;1001;1023;1090;1133;1116;1164;1197;1231;1237;1224;1255;1270;1323;1308;1334;1304;1231
8;974;986;1014;1058;1125;1153;1148;1190;1201;1236;1244;1242;1245;1274;1324;1309;1334;1303
9;1036;990;999;1042;1082;1151;1172;1182;1204;1202;1237;1258;1246;1236;1282;1319;1320;1348
10;1088;1046;1011;1016;1056;1102;1180;1215;1199;1228;1212;1244;1269;1249;1235;1271;1326;1321
11;1066;1113;1069;1039;1043;1081;1120;1217;1237;1214;1255;1210;1249;1275;1244;1232;1261;1337
12;1041;1081;1123;1090;1068;1063;1104;1155;1246;1249;1212;1270;1214;1250;1268;1239;1225;1259
13;1007;1063;1095;1133;1121;1099;1093;1145;1170;1260;1257;1226;1263;1225;1252;1275;1244;1235
14;936;1013;1080;1114;1159;1141;1120;1138;1168;1186;1281;1274;1235;1263;1219;1258;1282;1248
15;951;958;1035;1103;1135;1175;1160;1159;1175;1179;1200;1300;1280;1239;1268;1228;1274;1310
16;953;974;985;1059;1129;1159;1198;1180;1179;1202;1196;1216;1310;1288;1244;1275;1239;1278
17;1054;965;999;1007;1088;1170;1206;1248;1207;1217;1223;1201;1228;1322;1297;1258;1278;1264
18;1062;1069;992;1026;1047;1130;1215;1265;1310;1253;1245;1226;1210;1240;1338;1320;1317;1304
19;1148;1078;1105;1008;1041;1084;1171;1261;1301;1348;1268;1268;1237;1222;1258;1367;1410;1353
20;1095;1179;1124;1134;1025;1061;1151;1212;1294;1303;1362;1291;1284;1244;1251;1278;1440;1448
21;1144;1101;1230;1165;1140;1051;1102;1205;1245;1316;1339;1380;1311;1288;1263;1269;1353;1474
22;1203;1157;1152;1271;1176;1178;1100;1167;1232;1278;1343;1380;1393;1341;1311;1285;1328;1362
23;1314;1248;1234;1188;1307;1214;1240;1169;1210;1259;1323;1373;1414;1405;1365;1330;1341;1351
24;1411;1333;1326;1282;1227;1355;1270;1320;1233;1254;1296;1351;1399;1412;1421;1383;1379;1379
25;1577;1456;1407;1395;1316;1270;1433;1361;1365;1275;1298;1339;1375;1412;1434;1448;1435;1400
26;1674;1635;1540;1496;1425;1343;1324;1514;1398;1431;1316;1348;1365;1374;1452;1464;1516;1491
27;1858;1723;1740;1602;1552;1461;1416;1397;1544;1417;1459;1348;1377;1350;1399;1485;1523;1544
28;1824;1898;1829;1815;1671;1603;1543;1504;1427;1591;1487;1530;1379;1374;1351;1440;1545;1552
29;1921;1863;2018;1915;1879;1719;1670;1589;1566;1476;1634;1536;1558;1388;1385;1414;1492;1571
30;1959;1997;1970;2088;1970;1914;1776;1760;1628;1610;1538;1659;1576;1558;1404;1427;1456;1520
31;2033;2003;2090;2060;2168;2013;1978;1869;1776;1660;1616;1580;1652;1570;1570;1448;1434;1500
32;2095;2067;2064;2135;2106;2197;2086;2068;1860;1781;1680;1660;1586;1641;1560;1604;1478;1458
33;2145;2112;2100;2122;2155;2133;2265;2151;2092;1873;1783;1713;1671;1596;1655;1571;1629;1504
34;2150;2154;2130;2120;2122;2162;2157;2286;2110;2078;1851;1781;1715;1663;1613;1661;1577;1651
35;2171;2197;2220;2165;2142;2166;2192;2194;2260;2115;2067;1864;1803;1705;1680;1640;1672;1595
36;2230;2239;2274;2272;2173;2169;2204;2248;2208;2300;2137;2097;1889;1813;1719;1678;1648;1686
37;2232;2272;2307;2330;2311;2224;2204;2255;2250;2209;2311;2150;2116;1874;1825;1721;1680;1660
38;2068;2250;2318;2339;2336;2336;2271;2236;2285;2253;2211;2330;2165;2116;1895;1833;1720;1678
39;2033;2098;2289;2346;2358;2367;2353;2317;2267;2305;2254;2206;2331;2159;2117;1880;1841;1744
40;2087;2056;2158;2332;2351;2375;2420;2385;2327;2278;2308;2277;2215;2324;2155;2112;1883;1854
41;1949;2116;2089;2208;2358;2349;2414;2437;2406;2340;2271;2316;2296;2201;2309;2159;2101;1891
42;1897;1960;2156;2127;2213;2394;2381;2430;2445;2417;2350;2296;2343;2279;2189;2332;2166;2122
43;1934;1920;2006;2179;2148;2217;2425;2401;2425;2438;2411;2375;2313;2336;2272;2207;2329;2179
44;1873;1952;1944;2039;2204;2174;2236;2443;2392;2436;2449;2408;2390;2304;2322;2278;2211;2336
45;1928;1886;1976;1955;2047;2206;2195;2257;2439;2382;2431;2459;2413;2386;2288;2296;2268;2234
46;1808;1932;1917;1999;1958;2050;2214;2222;2255;2426;2375;2438;2462;2433;2375;2282;2299;2260
47;1750;1815;1960;1928;2016;1971;2059;2247;2204;2244;2421;2386;2426;2443;2424;2368;2285;2317
48;1637;1766;1834;1965;1945;2017;1984;2073;2245;2190;2248;2422;2377;2412;2434;2432;2352;2281
49;1692;1653;1776;1836;1971;1941;2026;1991;2072;2229;2182;2248;2420;2364;2390;2443;2431;2343
50;1676;1693;1664;1791;1845;1966;1958;2038;1994;2063;2224;2181;2253;2407;2377;2375;2440;2428
51;1733;1681;1699;1674;1796;1848;1977;1962;2039;1998;2078;2225;2175;2252;2388;2388;2389;2432
52;1733;1731;1682;1696;1678;1792;1866;1995;1964;2031;1999;2076;2228;2173;2256;2377;2386;2374
53;1750;1749;1737;1674;1682;1676;1793;1858;1986;1964;2027;2002;2067;2224;2159;2254;2375;2391
54;1874;1753;1758;1743;1668;1679;1688;1805;1855;1991;1964;2017;1995;2064;2203;2149;2246;2379
55;1890;1881;1757;1768;1746;1668;1676;1697;1799;1859;1988;1970;2020;1996;2060;2191;2136;2252
56;1447;1902;1892;1761;1754;1741;1653;1680;1681;1800;1851;1981;1963;2010;1983;2060;2180;2115
57;1608;1437;1908;1892;1755;1758;1733;1660;1671;1679;1800;1843;1972;1962;1993;1967;2060;2175
58;1667;1610;1432;1905;1888;1751;1760;1744;1651;1668;1663;1796;1832;1974;1946;1971;1963;2037
59;1753;1665;1603;1408;1912;1879;1755;1761;1733;1654;1661;1649;1786;1826;1952;1936;1961;1951
60;1744;1746;1657;1599;1413;1904;1877;1758;1750;1734;1649;1649;1653;1786;1809;1955;1919;1954
61;1826;1738;1740;1631;1587;1404;1901;1889;1733;1750;1733;1643;1633;1634;1774;1805;1940;1914
62;1835;1816;1731;1733;1616;1574;1396;1888;1879;1711;1739;1727;1642;1623;1625;1766;1795;1915
63;1835;1827;1807;1714;1717;1595;1565;1385;1886;1863;1696;1723;1716;1623;1612;1607;1748;1780
64;1707;1830;1822;1798;1701;1703;1593;1553;1370;1869;1851;1695;1695;1695;1602;1596;1592;1726
65;1586;1694;1814;1811;1787;1694;1685;1593;1539;1354;1850;1838;1669;1671;1675;1576;1569;1572
66;1615;1563;1681;1788;1776;1775;1681;1679;1569;1515;1337;1837;1811;1666;1654;1656;1559;1556
67;1598;1588;1533;1657;1756;1748;1762;1668;1655;1551;1496;1318;1807;1789;1648;1633;1644;1538
68;1558;1566;1566;1518;1619;1742;1702;1756;1649;1633;1529;1478;1303;1781;1754;1633;1627;1623
69;1544;1526;1532;1541;1496;1593;1732;1684;1732;1609;1601;1505;1462;1297;1761;1722;1615;1607
70;1508;1511;1501;1503;1509;1460;1564;1692;1669;1701;1583;1574;1473;1444;1269;1738;1697;1585
71;1547;1479;1484;1463;1470;1488;1424;1540;1637;1627;1674;1549;1551;1448;1421;1249;1707;1680
72;1473;1517;1438;1439;1437;1445;1467;1393;1506;1588;1605;1638;1512;1524;1424;1388;1221;1675
73;1370;1416;1467;1391;1399;1404;1417;1428;1346;1476;1556;1550;1602;1482;1477;1396;1354;1192
74;1331;1330;1358;1417;1349;1360;1363;1371;1392;1312;1438;1510;1518;1561;1446;1446;1342;1327
75;1208;1288;1268;1306;1355;1302;1318;1329;1300;1356;1281;1374;1466;1479;1505;1401;1407;1314
76;1189;1174;1244;1204;1255;1297;1237;1266;1278;1251;1308;1244;1331;1430;1422;1457;1354;1370
77;1095;1146;1115;1189;1137;1203;1248;1193;1212;1228;1206;1269;1188;1284;1375;1388;1412;1312
78;1070;1028;1091;1054;1121;1083;1147;1188;1158;1159;1191;1142;1208;1148;1220;1322;1334;1367
79;992;1004;971;1029;1009;1067;1036;1078;1138;1099;1091;1127;1092;1151;1086;1178;1270;1284
80;890;919;918;902;964;964;996;963;1014;1076;1035;1034;1072;1031;1092;1022;1130;1206
81;834;824;828;833;840;894;882;947;893;969;1003;967;947;1000;989;1033;970;1071
82;518;746;749;755;742;760;823;827;883;825;897;940;910;876;932;938;965;911
83;397;468;668;680;679;675;682;739;757;791;760;820;881;837;802;854;871;893
84;358;351;410;608;627;624;613;634;655;667;709;685;740;815;768;746;794;788
85;385;321;314;371;552;558;560;550;573;584;607;632;630;665;741;702;666;727
86;465;331;287;272;327;491;479;509;493;524;520;540;570;563;591;658;627;606
87;366;400;278;246;242;279;430;436;449;439;466;454;478;503;485;523;602;564
88;337;290;344;243;212;200;232;360;377;392;391;394;392;402;436;424;443;539
89;272;293;240;288;200;165;169;196;316;330;339;334;331;316;346;367;361;382
90;225;236;243;196;253;167;134;137;169;278;264;284;271;260;256;293;307;298
91;166;182;198;201;161;204;132;113;121;141;230;204;240;229;219;223;235;252
92;106;136;140;150;161;123;148;102;94;97;110;182;158;194;179;184;180;198
93;83;77;111;109;128;110;101;114;84;79;77;90;140;128;146;141;145;144
94;59;66;57;86;84;96;85;82;92;60;59;63;67;105;98;111;109;102
95;32;45;47;36;60;63;77;59;58;68;49;44;50;52;68;72;86;75
96;21;21;32;35;28;44;46;57;39;44;47;40;28;40;35;51;48;60
97;15;17;15;22;25;18;38;27;34;23;35;34;32;21;28;24;31;33
98;12;11;6;13;16;15;9;14;18;25;18;25;26;18;11;24;14;25
99;7;5;6;4;8;9;10;8;10;11;18;14;16;22;10;7;17;10
100 e oltre;6;7;7;14;13;13;16;18;17;13;18;19;21;21;22;16;15;18
Totale;127382;128357;130136;131509;132502;133461;135115;137355;138070;138640;139122;139691;139858;139533;139190;139326;139765;140181
Età/Anno;2002;2003;2004;2005;2006;2007;2008;2009;2010;2011;2012;2013;2014;2015;2016;2017;2018;2019
Età;Femmine
0;968;1038;1054;1115;1138;1195;1160;1179;1286;1157;1166;1133;1216;1080;1093;1047;972;989
1;1029;990;1060;1072;1123;1159;1211;1176;1195;1305;1165;1170;1149;1235;1092;1113;1051;980
2;938;1034;1022;1077;1096;1144;1179;1223;1182;1198;1294;1176;1179;1157;1219;1120;1132;1064
3;950;949;1060;1041;1080;1103;1154;1199;1236;1188;1201;1308;1180;1174;1159;1210;1124;1126
4;975;974;970;1072;1066;1089;1115;1177;1218;1246;1197;1207;1308;1186;1159;1161;1211;1134
5;949;999;993;990;1104;1086;1097;1150;1196;1227;1261;1209;1203;1303;1176;1159;1167;1227
6;953;970;1006;1025;1009;1107;1111;1128;1164;1189;1233;1276;1211;1214;1289;1153;1181;1182
7;926;979;984;1016;1049;1018;1121;1125;1134;1177;1199;1236;1276;1205;1212;1290;1163;1183
8;951;944;998;1008;1045;1072;1043;1148;1133;1142;1192;1202;1242;1271;1207;1204;1282;1184
9;982;973;967;1018;1027;1071;1090;1091;1172;1149;1156;1196;1200;1244;1267;1209;1199;1284
10;970;997;982;991;1041;1057;1100;1116;1114;1182;1160;1165;1198;1202;1234;1257;1205;1191
11;1000;982;1022;997;1020;1063;1065;1121;1127;1117;1199;1175;1166;1201;1199;1235;1269;1207
12;955;1005;1000;1046;1022;1042;1075;1101;1141;1138;1124;1203;1183;1160;1187;1201;1233;1281
13;924;966;1014;1021;1080;1038;1048;1092;1117;1150;1155;1123;1205;1173;1171;1173;1211;1248
14;924;934;987;1046;1044;1095;1056;1079;1108;1131;1157;1163;1136;1217;1163;1183;1182;1223
15;922;933;947;1005;1068;1059;1138;1091;1087;1117;1146;1155;1168;1147;1196;1154;1184;1181
16;930;937;947;960;1022;1094;1094;1186;1115;1099;1125;1153;1161;1169;1151;1202;1162;1184
17;918;950;960;970;985;1043;1114;1121;1190;1130;1106;1127;1154;1168;1160;1154;1199;1183
18;995;941;970;995;989;1002;1078;1139;1164;1199;1150;1120;1148;1152;1179;1181;1161;1211
19;971;1017;964;1019;1038;1026;1032;1145;1186;1204;1238;1163;1144;1159;1170;1203;1207;1178
20;1024;988;1053;997;1045;1072;1075;1092;1190;1232;1235;1257;1178;1155;1174;1181;1223;1209
21;1168;1060;1043;1075;1037;1097;1121;1145;1126;1248;1282;1259;1260;1189;1180;1179;1205;1234
22;1160;1189;1116;1083;1111;1087;1178;1170;1214;1182;1291;1298;1287;1262;1213;1201;1217;1220
23;1320;1193;1233;1181;1121;1144;1166;1249;1219;1274;1230;1321;1334;1296;1284;1251;1229;1245
24;1381;1363;1308;1284;1229;1161;1210;1285;1291;1278;1331;1286;1344;1365;1324;1319;1299;1252
25;1467;1429;1450;1362;1321;1290;1235;1306;1347;1342;1323;1363;1335;1364;1391;1337;1364;1323
26;1606;1510;1545;1532;1434;1382;1376;1319;1367;1407;1398;1353;1402;1331;1368;1400;1366;1397
27;1806;1662;1587;1620;1600;1490;1436;1445;1378;1393;1445;1436;1385;1409;1333;1401;1459;1392
28;1873;1853;1763;1664;1670;1671;1570;1512;1484;1426;1426;1457;1466;1387;1418;1377;1457;1480
29;1812;1911;1966;1838;1738;1744;1753;1625;1548;1521;1469;1443;1476;1461;1409;1449;1391;1448
30;1957;1862;2022;2024;1915;1800;1828;1824;1650;1594;1553;1476;1459;1483;1490;1438;1474;1415
31;1972;1979;1930;2076;2091;1969;1844;1896;1854;1666;1606;1588;1482;1460;1511;1498;1485;1479
32;1949;1985;2036;1967;2070;2066;1990;1867;1873;1866;1654;1621;1570;1494;1466;1527;1488;1525
33;1990;1998;2018;2071;1982;2104;2119;2026;1867;1876;1884;1680;1649;1572;1489;1466;1529;1514
34;1898;2031;2073;2062;2120;2037;2154;2191;2045;1881;1884;1902;1692;1664;1587;1515;1473;1540
35;2130;1950;2098;2126;2081;2152;2089;2217;2202;2068;1891;1896;1894;1691;1674;1584;1529;1469
36;2053;2168;2015;2134;2158;2106;2186;2145;2260;2249;2085;1894;1912;1881;1700;1698;1587;1538
37;2038;2094;2228;2057;2184;2189;2155;2232;2156;2275;2264;2100;1899;1912;1882;1704;1695;1588
38;2050;2066;2149;2258;2072;2219;2244;2202;2246;2192;2297;2263;2097;1895;1889;1889;1704;1707
39;1978;2058;2113;2175;2271;2107;2254;2288;2232;2281;2207;2313;2268;2112;1908;1882;1869;1712
40;1949;1998;2118;2162;2202;2294;2143;2279;2299;2247;2289;2226;2313;2256;2108;1916;1885;1880
41;1891;1951;2045;2152;2192;2234;2327;2184;2302;2326;2262;2288;2238;2337;2255;2104;1915;1895
42;1839;1899;1999;2050;2181;2212;2281;2370;2193;2315;2323;2289;2308;2229;2329;2252;2103;1922
43;1792;1850;1941;2014;2051;2197;2235;2316;2372;2199;2335;2333;2294;2309;2220;2326;2257;2113
44;1733;1823;1887;1964;2019;2068;2241;2281;2329;2398;2222;2355;2336;2286;2305;2215;2326;2269
45;1797;1749;1852;1913;1977;2032;2098;2260;2307;2336;2398;2234;2365;2330;2284;2303;2210;2336
46;1789;1815;1783;1863;1926;2001;2065;2128;2278;2325;2360;2409;2244;2362;2327;2284;2304;2234
47;1689;1811;1847;1804;1878;1944;2035;2095;2146;2288;2340;2368;2418;2256;2346;2316;2273;2297
48;1595;1707;1842;1864;1824;1896;1978;2067;2120;2182;2305;2354;2384;2411;2255;2342;2312;2271
49;1594;1601;1741;1865;1872;1836;1921;2002;2082;2145;2188;2310;2361;2385;2401;2254;2343;2312
50;1523;1599;1621;1750;1873;1879;1857;1953;2019;2089;2160;2201;2314;2358;2376;2401;2247;2340
51;1734;1526;1607;1633;1750;1877;1889;1896;1963;2038;2084;2163;2207;2317;2355;2378;2390;2256
52;1741;1745;1549;1621;1638;1775;1892;1909;1917;1983;2044;2084;2164;2200;2326;2352;2360;2409
53;1838;1746;1764;1572;1626;1655;1812;1920;1923;1931;1988;2052;2095;2163;2192;2323;2354;2355
54;1829;1843;1754;1773;1566;1631;1669;1824;1931;1945;1944;1990;2044;2105;2151;2199;2318;2362
55;2024;1830;1853;1780;1781;1574;1656;1692;1832;1947;1958;1949;1987;2050;2097;2141;2193;2298
56;1512;2028;1843;1865;1785;1788;1586;1676;1690;1839;1962;1975;1940;1985;2048;2089;2148;2181
57;1597;1517;2031;1850;1868;1790;1782;1599;1676;1690;1838;1974;1977;1948;1970;2053;2092;2138
58;1681;1597;1525;2030;1855;1885;1811;1791;1611;1685;1702;1844;1965;1979;1932;1961;2034;2083
59;1736;1685;1607;1534;2031;1853;1895;1819;1784;1618;1691;1715;1849;1948;1975;1931;1952;2019
60;1847;1721;1684;1607;1525;2037;1862;1905;1814;1776;1614;1680;1714;1844;1933;1956;1933;1953
61;1913;1861;1721;1684;1601;1526;2026;1876;1913;1805;1784;1618;1671;1708;1824;1927;1943;1925
62;1995;1906;1854;1722;1669;1602;1526;2022;1893;1917;1806;1776;1623;1668;1709;1818;1914;1930
63;1971;1991;1904;1831;1723;1667;1608;1545;2015;1898;1915;1795;1770;1616;1661;1698;1809;1904
64;1809;1964;1978;1897;1832;1715;1665;1611;1547;2008;1897;1913;1793;1769;1612;1647;1678;1811
65;1759;1792;1963;1966;1887;1817;1716;1672;1607;1536;1998;1883;1903;1780;1764;1610;1640;1670
66;1830;1757;1785;1957;1948;1874;1800;1717;1677;1601;1533;1991;1874;1881;1773;1745;1599;1639
67;1834;1827;1735;1786;1946;1933;1869;1795;1727;1662;1588;1524;1973;1852;1873;1766;1745;1589
68;1739;1825;1800;1737;1778;1933;1917;1876;1796;1710;1651;1572;1511;1955;1835;1871;1761;1729
69;1824;1726;1815;1789;1717;1754;1918;1912;1863;1780;1698;1648;1564;1507;1934;1819;1852;1745
70;1875;1811;1720;1797;1782;1710;1741;1928;1898;1856;1769;1691;1635;1543;1491;1908;1812;1840
71;1929;1865;1802;1693;1779;1767;1688;1724;1922;1882;1834;1750;1676;1619;1528;1474;1876;1783
72;1729;1905;1831;1778;1672;1752;1745;1675;1696;1902;1869;1829;1734;1664;1610;1520;1460;1865
73;1766;1706;1876;1813;1757;1659;1727;1721;1651;1681;1883;1848;1807;1698;1649;1592;1503;1438
74;1844;1733;1683;1861;1793;1726;1641;1721;1695;1625;1668;1863;1827;1782;1678;1624;1576;1486
75;1776;1806;1694;1643;1830;1760;1707;1622;1691;1659;1606;1647;1839;1810;1735;1664;1609;1550
76;1747;1742;1767;1670;1614;1788;1731;1666;1591;1657;1640;1582;1620;1799;1780;1709;1631;1585
77;1703;1695;1701;1715;1627;1580;1744;1691;1631;1558;1631;1597;1545;1592;1770;1752;1678;1596
78;1605;1664;1652;1656;1654;1587;1540;1704;1656;1578;1520;1592;1554;1521;1558;1747;1717;1648
79;1685;1554;1633;1599;1617;1605;1524;1497;1668;1606;1526;1471;1564;1504;1486;1520;1710;1668
80;1494;1639;1499;1568;1538;1579;1556;1482;1458;1618;1554;1488;1437;1505;1467;1448;1476;1659
81;1404;1454;1574;1447;1523;1487;1521;1506;1434;1413;1572;1499;1447;1381;1445;1407;1386;1429
82;853;1342;1370;1511;1383;1466;1430;1441;1442;1368;1362;1510;1434;1394;1332;1382;1351;1322
83;664;807;1284;1295;1441;1319;1400;1370;1377;1383;1321;1311;1459;1382;1328;1265;1326;1291
84;672;629;767;1189;1231;1349;1238;1319;1280;1288;1323;1245;1240;1387;1301;1261;1193;1247
85;837;630;580;731;1121;1150;1271;1148;1222;1196;1207;1224;1162;1177;1306;1228;1186;1146
86;1008;758;575;541;673;1029;1064;1184;1075;1122;1111;1103;1139;1095;1096;1209;1154;1117
87;855;919;702;540;489;616;932;968;1072;985;1040;1024;990;1057;991;1003;1100;1060
88;809;778;806;626;494;447;551;836;843;951;894;946;942;915;966;892;908;1003
89;692;701;633;703;556;448;397;476;750;766;827;808;851;861;830;875;791;807
90;561;603;579;543;585;487;399;342;426;655;674;747;717;764;753;730;754;683
91;459;508;501;523;463;509;404;343;276;356;568;558;658;601;635;654;641;646
92;344;370;405;420;436;374;435;339;293;230;306;482;477;563;512;529;557;527
93;243;277;299;336;344;364;305;358;277;246;196;244;396;400;459;443;434;468
94;216;200;209;249;260;259;303;236;294;230;193;141;217;326;326;364;368;354
95;138;169;149;163;207;199;210;249;196;241;186;149;114;169;236;251;286;278
96;100;105;124;110;105;154;148;153;196;167;185;138;116;92;121;187;187;230
97;87;67;72;99;84;68;114;110;104;149;130;144;99;88;69;89;140;144
98;37;68;44;51;67;64;51;85;76;78;109;91;94;77;63;48;65;94
99;32;24;40;28;26;51;37;34;63;54;57;79;62;64;52;44;37;49
100 e oltre;45;46;46;66;58;50;57;67;57;84;93;82;106;112;106;115;99;79
Totale;136375;137126;138718;140069;141026;142132;143755;145810;146750;147499;148110;148262;148373;147936;147222;146836;146439;146084

"Ricostruzione della popolazione intercensuaria - Popolazione al 1° gennaio per età"
"Cittadinanza italiana - Provincia: Piacenza"
Età/Anno;2002;2003;2004;2005;2006;2007;2008;2009;2010;2011;2012;2013;2014;2015;2016;2017;2018;2019
Età;Totale
0;1760;1850;1872;1818;1811;1830;1852;1824;1839;1739;1661;1582;1610;1590;1554;1519;1394;1489
1;1865;1790;1862;1897;1824;1827;1840;1869;1832;1831;1758;1668;1603;1644;1650;1628;1551;1445
2;1792;1883;1820;1873;1928;1849;1837;1852;1870;1840;1820;1750;1679;1626;1674;1699;1665;1594
3;1815;1809;1900;1835;1883;1936;1875;1865;1847;1881;1856;1831;1763;1698;1671;1748;1720;1687
4;1829;1851;1823;1915;1866;1883;1938;1891;1872;1855;1893;1848;1852;1788;1737;1743;1761;1743
5;1795;1863;1864;1824;1946;1880;1896;1945;1906;1870;1861;1887;1858;1873;1840;1803;1789;1793
6;1815;1819;1872;1890;1841;1945;1897;1924;1947;1899;1871;1862;1915;1894;1912;1887;1837;1813
7;1783;1841;1823;1882;1912;1855;1944;1910;1928;1961;1903;1877;1894;1947;1953;1993;1926;1855
8;1831;1803;1854;1840;1907;1925;1869;1967;1903;1935;1973;1925;1901;1930;1995;2016;2021;1961
9;1920;1854;1813;1872;1858;1918;1941;1887;1978;1913;1935;1980;1950;1938;2000;2064;2051;2051
10;1949;1929;1863;1824;1874;1869;1939;1959;1903;1987;1916;1952;2007;1981;1981;2058;2086;2062
11;1980;1968;1940;1866;1846;1882;1877;1949;1972;1907;1992;1921;1964;2037;2021;2041;2075;2094
12;1898;1993;1973;1950;1882;1858;1890;1895;1953;1974;1908;1991;1943;1981;2068;2055;2052;2105
13;1856;1906;1997;1985;1955;1896;1860;1903;1900;1958;1973;1907;1997;1962;2022;2103;2070;2066
14;1790;1863;1916;2011;1992;1964;1909;1880;1905;1917;1957;1984;1924;2017;1996;2068;2117;2083
15;1794;1804;1880;1917;2005;1987;1974;1923;1893;1909;1925;1959;1990;1939;2033;2029;2082;2123
16;1806;1811;1815;1884;1927;2009;1997;1987;1940;1904;1910;1925;1972;2000;1956;2069;2044;2087
17;1871;1810;1814;1823;1890;1934;2013;2009;1987;1949;1911;1904;1934;1994;2013;1985;2061;2063
18;1962;1876;1820;1831;1835;1901;1943;2015;2028;2005;1968;1928;1944;1980;2048;2084;2039;2133
19;2017;1973;1886;1830;1838;1839;1901;1959;2030;2048;2015;1989;1934;1951;2009;2079;2109;2074
20;2013;2027;1982;1908;1842;1854;1852;1920;1965;2022;2045;2013;1993;1927;1958;2014;2077;2098
21;2182;2036;2044;1994;1920;1844;1848;1872;1924;1962;2033;2041;2013;1990;1930;1975;2012;2086
22;2213;2204;2048;2057;2009;1940;1854;1862;1885;1932;1972;2035;2055;2021;2011;1960;1989;2026
23;2473;2259;2212;2074;2071;2021;1949;1869;1866;1911;1941;1982;2048;2054;2050;2037;1971;2000
24;2608;2518;2284;2223;2106;2114;2035;1977;1876;1876;1931;1957;2007;2062;2092;2085;2058;1991
25;2850;2658;2540;2324;2242;2133;2161;2083;2006;1902;1912;1945;1976;2016;2080;2135;2132;2071
26;3059;2891;2682;2603;2341;2259;2152;2209;2108;2033;1917;1923;1957;1952;2024;2098;2156;2169
27;3431;3107;2919;2725;2640;2362;2273;2184;2223;2102;2036;1946;1937;1945;1962;2080;2133;2183
28;3457;3444;3122;2942;2748;2686;2390;2308;2184;2235;2129;2068;1967;1956;1953;2031;2102;2166
29;3479;3473;3490;3159;2972;2812;2716;2409;2341;2206;2279;2166;2091;1981;1973;2015;2043;2110
30;3652;3517;3503;3506;3178;3004;2825;2747;2411;2363;2246;2274;2189;2099;1999;2021;2022;2072
31;3707;3674;3526;3540;3534;3218;3025;2859;2758;2419;2374;2310;2271;2181;2134;2062;2033;2056
32;3727;3719;3676;3532;3532;3522;3226;3044;2833;2747;2394;2388;2306;2273;2185;2182;2068;2065
33;3867;3761;3702;3671;3536;3559;3569;3258;3077;2849;2762;2443;2389;2304;2281;2218;2197;2107
34;3756;3882;3748;3709;3670;3571;3598;3601;3264;3097;2866;2778;2454;2396;2323;2337;2233;2223
35;4014;3835;3902;3784;3708;3718;3597;3643;3624;3312;3131;2875;2788;2440;2420;2371;2354;2246
36;4009;4084;3882;3930;3795;3740;3734;3624;3686;3652;3350;3149;2901;2788;2489;2457;2394;2375
37;4005;4050;4107;3898;3974;3817;3754;3781;3623;3698;3673;3366;3155;2906;2814;2530;2469;2413
38;3895;4028;4069;4120;3891;3983;3836;3773;3796;3643;3703;3696;3375;3154;2930;2865;2540;2484
39;3786;3916;4032;4074;4119;3924;3968;3845;3792;3821;3652;3710;3700;3396;3189;2960;2865;2576
40;3840;3805;3940;4056;4069;4133;3939;3971;3845;3796;3828;3675;3707;3701;3429;3253;2996;2892
41;3643;3846;3811;3962;4078;4073;4148;3942;3983;3869;3802;3845;3716;3721;3745;3481;3271;3015
42;3591;3654;3867;3810;3983;4100;4101;4174;3964;3990;3887;3841;3883;3721;3752;3805;3515;3301
43;3581;3628;3681;3880;3831;4004;4137;4128;4183;3979;4021;3920;3866;3898;3743;3809;3825;3543
44;3496;3613;3628;3704;3901;3850;4008;4172;4135;4224;4016;4030;3943;3879;3921;3792;3836;3833
45;3610;3513;3628;3627;3721;3898;3855;4009;4184;4139;4232;4034;4040;3961;3907;3956;3807;3860
46;3496;3623;3526;3635;3630;3732;3894;3861;4012;4181;4151;4248;4044;4075;3984;3952;3971;3826
47;3329;3507;3636;3535;3653;3632;3732;3895;3854;4019;4181;4161;4257;4062;4088;4018;3958;3986
48;3155;3357;3516;3633;3552;3661;3653;3745;3896;3868;4027;4186;4188;4269;4079;4139;4016;3960
49;3221;3171;3368;3521;3640;3558;3660;3647;3742;3904;3869;4027;4207;4198;4273;4117;4146;4014
50;3149;3224;3171;3376;3525;3636;3566;3670;3646;3741;3903;3870;4021;4217;4237;4298;4125;4141
51;3407;3155;3216;3166;3382;3518;3625;3569;3658;3660;3751;3901;3868;4033;4230;4261;4311;4133
52;3421;3411;3157;3213;3171;3391;3523;3624;3577;3656;3645;3749;3908;3883;4068;4251;4260;4313
53;3554;3419;3406;3154;3199;3178;3401;3516;3617;3588;3657;3649;3747;3919;3884;4089;4252;4254
54;3649;3555;3433;3397;3141;3194;3172;3407;3511;3644;3589;3649;3640;3747;3917;3899;4092;4262
55;3886;3662;3560;3451;3407;3144;3193;3175;3393;3518;3646;3586;3655;3656;3751;3921;3889;4089
56;2932;3892;3674;3559;3436;3405;3126;3195;3151;3391;3507;3645;3572;3651;3658;3762;3929;3879
57;3175;2921;3891;3673;3550;3441;3378;3132;3182;3139;3401;3506;3639;3585;3641;3657;3761;3927
58;3320;3174;2915;3879;3668;3557;3442;3364;3117;3182;3122;3394;3492;3644;3583;3637;3647;3748
59;3463;3312;3170;2893;3878;3656;3561;3431;3352;3106;3181;3112;3385;3484;3637;3572;3628;3622
60;3566;3440;3301;3160;2887;3875;3653;3559;3406;3348;3101;3159;3117;3380;3472;3638;3568;3620
61;3706;3570;3430;3269;3136;2870;3857;3659;3541;3400;3345;3094;3138;3102;3356;3478;3617;3572
62;3806;3680;3555;3422;3240;3116;2858;3822;3658;3526;3385;3328;3088;3131;3106;3347;3465;3582
63;3789;3795;3667;3509;3404;3216;3106;2848;3810;3638;3504;3360;3308;3067;3118;3084;3329;3443
64;3492;3775;3773;3651;3490;3380;3208;3078;2829;3791;3619;3492;3330;3287;3052;3094;3068;3309
65;3327;3465;3759;3744;3622;3469;3353;3188;3056;2806;3762;3591;3452;3298;3264;3032;3066;3044
66;3428;3301;3446;3722;3686;3594;3434;3330;3163;3029;2788;3744;3559;3425;3285;3237;3012;3049
67;3419;3398;3248;3421;3674;3647;3570;3405;3309;3127;2991;2755;3698;3519;3402;3262;3218;2979
68;3283;3378;3346;3226;3372;3646;3582;3554;3377;3271;3092;2961;2733;3656;3473;3385;3244;3182
69;3351;3237;3334;3311;3180;3321;3615;3541;3514;3321;3225;3066;2939;2718;3623;3432;3353;3212
70;3367;3305;3205;3286;3269;3136;3277;3563;3507;3476;3284;3194;3020;2910;2679;3575;3403;3313
71;3463;3326;3264;3141;3231;3232;3080;3233;3501;3451;3422;3234;3163;2981;2875;2640;3514;3365
72;3191;3408;3250;3193;3095;3179;3185;3024;3170;3433;3413;3382;3183;3122;2953;2835;2603;3473
73;3124;3112;3328;3183;3130;3046;3124;3112;2948;3123;3381;3339;3320;3120;3066;2906;2782;2555
74;3169;3051;3029;3261;3116;3060;2985;3069;3050;2890;3070;3317;3283;3263;3067;3012;2840;2743
75;2977;3088;2949;2937;3169;3038;3000;2931;2970;2982;2841;2985;3252;3227;3171;3011;2955;2789
76;2927;2909;3002;2857;2858;3070;2947;2906;2844;2890;2915;2784;2917;3183;3145;3099;2931;2891
77;2793;2832;2808;2895;2747;2770;2976;2858;2817;2762;2818;2832;2693;2844;3101;3082;3030;2862
78;2666;2686;2734;2701;2767;2656;2673;2874;2789;2709;2686;2715;2734;2630;2746;3025;2998;2956
79;2670;2546;2598;2621;2617;2665;2546;2561;2789;2682;2588;2573;2633;2628;2536;2668;2939;2906
80;2382;2550;2403;2465;2497;2533;2544;2429;2457;2681;2566;2494;2484;2517;2529;2440;2577;2827
81;2235;2276;2394;2267;2356;2376;2394;2443;2313;2368;2563;2445;2366;2356;2416;2413;2327;2469
82;1370;2085;2114;2257;2112;2219;2249;2259;2317;2180;2245;2438;2322;2246;2241;2300;2292;2207
83;1060;1274;1948;1968;2110;1980;2076;2107;2125;2168;2070;2117;2329;2199;2111;2101;2179;2162
84;1028;979;1176;1794;1852;1964;1837;1947;1933;1948;2027;1919;1967;2190;2052;1988;1971;2018
85;1221;950;892;1101;1670;1701;1823;1685;1789;1779;1807;1852;1780;1829;2036;1913;1834;1857
86;1470;1088;861;811;998;1515;1537;1685;1555;1641;1631;1636;1705;1647;1674;1856;1766;1706
87;1218;1318;979;784;729;893;1359;1400;1514;1415;1501;1478;1459;1556;1467;1515;1690;1612
88;1145;1066;1149;869;704;646;781;1194;1215;1339;1277;1336;1331;1308;1398;1309;1338;1531
89;962;993;872;990;755;611;565;670;1063;1092;1163;1137;1178;1174;1170;1238;1146;1181
90;784;837;822;738;837;652;532;477;593;930;934;1028;984;1021;1006;1018;1057;975
91;625;689;697;724;623;712;534;456;396;495;795;759;895;826;851;875;871;895
92;450;506;544;567;597;495;582;439;387;326;415;661;632;753;687;711;735;722
93;326;354;410;445;469;474;404;471;360;325;272;333;533;524;601;581;577;611
94;275;266;266;335;344;354;387;316;385;289;252;204;283;428;421;472;475;455
95;170;214;196;199;266;262;285;307;251;308;235;193;164;220;301;321;369;351
96;121;126;156;145;133;198;194;210;234;209;231;178;144;132;155;236;234;287
97;102;84;87;121;109;86;152;137;138;172;163;177;131;109;97;113;170;177
98;49;79;50;64;83;79;60;99;94;103;127;114;119;95;74;72;79;119
99;39;29;46;32;34;60;47;42;73;65;75;93;77;85;62;51;54;59
100 e oltre;51;53;53;80;71;63;73;85;74;97;111;101;127;133;127;130;114;97
Totale;254826;254939;254212;253730;253102;252688;252112;251881;250991;250243;249458;248361;247554;246754;246423;247268;246323;245599
Età/Anno;2002;2003;2004;2005;2006;2007;2008;2009;2010;2011;2012;2013;2014;2015;2016;2017;2018;2019
Età;Maschi
0;887;934;955;931;901;914;972;949;941;899;849;825;778;844;803;777;733;808
1;940;905;939;973;935;911;915;986;952;928;920;856;832;790;880;840;798;766
2;933;953;917;941;990;945;917;932;989;952;921;921;858;835;806;899;852;824
3;950;942;960;926;958;995;957;940;937;1004;963;936;924;872;853;854;914;871
4;929;966;943;969;947;955;999;967;940;940;1012;959;946;933;890;890;861;929
5;910;946;978;938;986;957;965;996;973;937;943;1000;965;950;960;930;921;881
6;928;927;955;987;951;995;963;979;999;975;943;943;1011;981;967;991;939;930
7;912;939;929;961;993;964;992;975;985;1007;974;945;963;1025;1004;1002;1013;941
8;916;921;944;935;976;1002;972;1008;970;986;1010;984;954;979;1045;1042;1017;1027
9;982;925;926;957;948;980;1011;975;1013;977;985;1016;997;968;1015;1084;1067;1041
10;1026;988;941;936;957;952;988;1025;981;1020;980;1001;1033;1012;987;1044;1097;1076
11;1025;1038;995;946;941;965;955;995;1035;985;1027;983;1010;1049;1029;1020;1048;1104
12;987;1034;1042;995;953;949;972;961;998;1035;981;1028;994;1020;1064;1043;1021;1058
13;969;990;1041;1042;1000;959;958;982;965;999;1031;989;1031;1009;1033;1090;1052;1024
14;902;969;994;1049;1042;1006;968;974;987;979;1000;1040;998;1040;1024;1056;1095;1053
15;907;911;981;996;1044;1036;1004;982;985;991;981;1003;1041;1004;1052;1046;1068;1108
16;916;915;918;983;999;1041;1043;1004;986;993;991;982;1015;1045;1010;1074;1053;1068
17;989;914;915;925;987;1005;1048;1047;1004;992;998;986;985;1026;1057;1026;1066;1063
18;1006;987;922;920;938;1000;1009;1055;1052;1018;1005;1006;999;1009;1057;1095;1058;1102
19;1088;1011;997;918;921;941;1007;1017;1068;1070;1020;1026;1006;1002;1027;1068;1107;1075
20;1037;1096;1018;1013;923;931;950;1022;1024;1064;1065;1023;1035;1001;1014;1032;1068;1103
21;1089;1041;1101;1032;1014;930;929;962;1024;1025;1075;1066;1032;1032;1004;1025;1033;1077
22;1144;1098;1048;1112;1039;1031;929;939;962;1024;1031;1081;1070;1047;1043;1013;1030;1041
23;1233;1168;1112;1055;1124;1056;1033;939;943;968;1032;1045;1093;1074;1063;1056;1016;1040
24;1324;1253;1172;1113;1077;1153;1073;1046;948;949;974;1044;1062;1095;1093;1079;1058;1031
25;1492;1355;1259;1192;1126;1088;1183;1089;1060;961;965;979;1059;1066;1100;1115;1099;1066
26;1574;1523;1372;1295;1191;1133;1099;1208;1099;1076;971;984;983;1052;1078;1106;1133;1126
27;1764;1605;1547;1390;1318;1207;1140;1120;1204;1101;1074;978;995;979;1064;1098;1119;1143
28;1732;1778;1630;1560;1416;1340;1232;1170;1120;1211;1124;1108;992;1012;977;1096;1113;1133
29;1794;1736;1800;1645;1570;1445;1347;1242;1196;1134;1237;1149;1115;998;1008;1011;1107;1124
30;1824;1822;1748;1818;1655;1587;1442;1370;1248;1202;1152;1239;1163;1121;1004;1026;1022;1113
31;1869;1847;1836;1773;1835;1677;1602;1462;1367;1244;1205;1181;1228;1166;1130;1036;1025;1048
32;1909;1880;1858;1851;1796;1851;1699;1631;1448;1356;1242;1215;1179;1227;1168;1153;1042;1030
33;1992;1914;1878;1863;1860;1806;1869;1729;1648;1447;1348;1254;1208;1176;1235;1182;1155;1056
34;1968;1981;1890;1869;1850;1869;1800;1858;1704;1643;1441;1350;1257;1200;1178;1251;1180;1156
35;1989;1992;1984;1893;1858;1872;1868;1811;1857;1698;1634;1441;1365;1248;1211;1211;1258;1182
36;2061;2020;2021;2002;1889;1872;1863;1863;1815;1868;1712;1644;1451;1375;1273;1228;1223;1267
37;2064;2080;2030;2031;2024;1903;1864;1886;1853;1822;1871;1719;1647;1454;1387;1292;1227;1228
38;1945;2060;2086;2035;2021;2025;1906;1868;1898;1852;1821;1883;1719;1647;1471;1412;1293;1231
39;1894;1957;2061;2085;2038;2041;2008;1911;1879;1915;1849;1810;1878;1722;1659;1481;1426;1309
40;1972;1897;1969;2062;2069;2043;2054;2016;1917;1889;1921;1860;1808;1884;1736;1698;1498;1433
41;1826;1979;1897;1983;2071;2056;2047;2044;2024;1939;1888;1930;1891;1807;1899;1767;1711;1504
42;1819;1831;1988;1900;1986;2086;2071;2059;2063;2037;1954;1905;1950;1897;1819;1943;1789;1732
43;1838;1838;1854;1998;1919;1998;2113;2085;2073;2086;2062;1977;1923;1960;1905;1852;1951;1805
44;1805;1850;1834;1872;2023;1936;2001;2133;2091;2098;2113;2064;1991;1934;1967;1934;1866;1952
45;1863;1811;1861;1833;1884;2017;1942;1997;2134;2096;2108;2125;2074;2010;1943;1978;1941;1880
46;1750;1859;1820;1868;1834;1884;2014;1937;1995;2131;2097;2121;2133;2094;2023;1968;1987;1943
47;1689;1751;1870;1819;1881;1839;1878;2019;1931;1998;2130;2106;2120;2136;2105;2043;1977;2001
48;1592;1700;1760;1865;1827;1879;1841;1885;2012;1927;2002;2132;2120;2134;2148;2134;2041;1974
49;1656;1605;1698;1763;1864;1827;1878;1837;1880;2007;1927;2008;2148;2122;2134;2168;2142;2038
50;1647;1655;1605;1706;1766;1857;1831;1881;1828;1875;2004;1926;2008;2151;2154;2147;2174;2136
51;1699;1650;1655;1607;1708;1760;1855;1824;1873;1832;1886;2002;1927;2015;2158;2173;2158;2174
52;1705;1697;1646;1649;1613;1705;1766;1860;1820;1868;1825;1888;2008;1945;2033;2170;2174;2150
53;1732;1708;1697;1636;1636;1611;1701;1758;1856;1828;1871;1827;1883;2021;1948;2048;2168;2173
54;1850;1729;1718;1697;1627;1632;1608;1704;1757;1867;1827;1863;1823;1885;2014;1951;2054;2168
55;1878;1858;1731;1727;1702;1627;1624;1608;1694;1758;1868;1830;1866;1833;1890;2019;1943;2058
56;1435;1884;1864;1728;1716;1698;1609;1624;1591;1688;1747;1863;1827;1865;1832;1900;2017;1938
57;1591;1424;1885;1864;1720;1717;1687;1611;1616;1589;1695;1739;1855;1836;1856;1831;1897;2014
58;1653;1593;1416;1879;1858;1713;1714;1680;1597;1616;1572;1689;1728;1860;1833;1847;1827;1888
59;1748;1649;1585;1392;1885;1849;1715;1708;1673;1597;1607;1554;1683;1727;1852;1823;1840;1814
60;1737;1739;1640;1578;1394;1877;1847;1715;1693;1675;1595;1598;1556;1684;1717;1862;1811;1836
61;1814;1725;1731;1613;1559;1384;1871;1847;1693;1697;1672;1587;1585;1543;1675;1719;1850;1812
62;1825;1801;1718;1724;1599;1543;1375;1854;1836;1674;1685;1665;1584;1578;1539;1668;1714;1827
63;1829;1818;1791;1700;1709;1579;1535;1361;1850;1822;1660;1669;1655;1571;1571;1522;1655;1699
64;1695;1823;1810;1781;1681;1692;1574;1512;1343;1836;1806;1657;1645;1635;1555;1557;1511;1640
65;1582;1684;1807;1796;1768;1673;1666;1564;1496;1327;1816;1792;1634;1620;1617;1533;1535;1493
66;1607;1556;1672;1780;1757;1752;1656;1652;1539;1472;1313;1803;1769;1626;1608;1600;1522;1520
67;1596;1578;1526;1647;1747;1733;1737;1638;1627;1520;1451;1292;1778;1747;1607;1587;1586;1497
68;1553;1563;1554;1509;1609;1733;1687;1723;1614;1604;1497;1436;1281;1752;1715;1595;1581;1565
69;1536;1519;1529;1530;1483;1581;1719;1662;1695;1576;1572;1475;1424;1272;1735;1687;1578;1561
70;1500;1504;1494;1497;1500;1446;1549;1672;1646;1668;1550;1546;1442;1407;1246;1710;1663;1550
71;1541;1469;1474;1456;1462;1477;1411;1523;1618;1605;1639;1519;1526;1418;1386;1225;1680;1647
72;1467;1508;1428;1427;1431;1436;1451;1373;1487;1567;1583;1605;1486;1498;1398;1356;1199;1648
73;1367;1412;1457;1382;1385;1398;1407;1407;1325;1458;1534;1529;1568;1456;1456;1369;1320;1170
74;1330;1326;1354;1408;1338;1347;1355;1362;1370;1292;1420;1490;1496;1529;1420;1425;1318;1295
75;1205;1287;1262;1301;1347;1293;1306;1319;1292;1337;1261;1356;1446;1457;1477;1377;1387;1288
76;1188;1170;1242;1196;1250;1289;1230;1253;1265;1244;1289;1227;1314;1411;1400;1431;1330;1348
77;1094;1145;1112;1188;1129;1198;1240;1184;1200;1215;1198;1250;1172;1268;1356;1365;1391;1293
78;1066;1027;1090;1050;1120;1075;1141;1178;1148;1146;1178;1135;1192;1133;1204;1305;1315;1347
79;988;997;971;1027;1005;1066;1027;1071;1129;1091;1077;1114;1083;1136;1072;1165;1254;1269
80;888;915;911;902;963;960;994;954;1008;1070;1028;1022;1060;1024;1075;1013;1118;1190
81;834;822;825;825;840;893;880;943;886;964;998;961;936;989;982;1016;961;1060
82;517;746;745;752;735;760;822;825;881;819;891;935;903;865;920;930;950;903
83;396;467;667;675;675;666;681;739;755;790;755;815;877;830;793;845;864;879
84;357;350;409;608;623;621;604;633;655;666;709;680;735;811;761;737;785;780
85;385;321;312;370;552;553;558;541;572;584;606;632;624;660;735;696;659;718
86;464;331;287;270;325;491;475;507;484;523;520;539;570;558;587;653;621;599
87;366;399;278;245;240;277;430;433;447;432;465;454;475;503;480;519;597;561
88;337;290;343;243;211;199;230;360;374;391;384;394;391;399;436;422;439;534
89;272;293;240;287;200;164;168;194;316;328;338;329;331;315;344;367;359;379
90;225;236;243;196;252;167;134;135;168;277;261;283;267;260;255;291;307;296
91;166;182;198;201;161;203;132;113;120;140;229;202;239;225;219;222;233;252
92;106;136;140;150;161;123;147;102;94;96;110;181;156;193;175;184;179;196
93;83;77;111;109;128;110;101;113;84;79;76;90;139;126;145;139;145;144
94;59;66;57;86;84;96;85;82;91;60;59;63;67;105;97;110;108;102
95;32;45;47;36;60;63;77;59;58;67;49;44;50;52;68;71;85;74
96;21;21;32;35;28;44;46;57;39;44;46;40;28;40;35;51;48;59
97;15;17;15;22;25;18;38;27;34;23;35;33;32;21;28;24;31;33
98;12;11;6;13;16;15;9;14;18;25;18;25;25;18;11;24;14;25
99;7;5;6;4;8;9;10;8;10;11;18;14;16;21;10;7;17;10
100 e oltre;6;7;7;14;13;13;16;18;17;13;18;19;21;21;21;15;15;18
Totale;122616;122677;122537;122336;122153;122040;121821;121872;121459;121201;120870;120531;120215;119978;119903;120562;120297;120145
Età/Anno;2002;2003;2004;2005;2006;2007;2008;2009;2010;2011;2012;2013;2014;2015;2016;2017;2018;2019
Età;Femmine
0;873;916;917;887;910;916;880;875;898;840;812;757;832;746;751;742;661;681
1;925;885;923;924;889;916;925;883;880;903;838;812;771;854;770;788;753;679
2;859;930;903;932;938;904;920;920;881;888;899;829;821;791;868;800;813;770
3;865;867;940;909;925;941;918;925;910;877;893;895;839;826;818;894;806;816
4;900;885;880;946;919;928;939;924;932;915;881;889;906;855;847;853;900;814
5;885;917;886;886;960;923;931;949;933;933;918;887;893;923;880;873;868;912
6;887;892;917;903;890;950;934;945;948;924;928;919;904;913;945;896;898;883
7;871;902;894;921;919;891;952;935;943;954;929;932;931;922;949;991;913;914
8;915;882;910;905;931;923;897;959;933;949;963;941;947;951;950;974;1004;934
9;938;929;887;915;910;938;930;912;965;936;950;964;953;970;985;980;984;1010
10;923;941;922;888;917;917;951;934;922;967;936;951;974;969;994;1014;989;986
11;955;930;945;920;905;917;922;954;937;922;965;938;954;988;992;1021;1027;990
12;911;959;931;955;929;909;918;934;955;939;927;963;949;961;1004;1012;1031;1047
13;887;916;956;943;955;937;902;921;935;959;942;918;966;953;989;1013;1018;1042
14;888;894;922;962;950;958;941;906;918;938;957;944;926;977;972;1012;1022;1030
15;887;893;899;921;961;951;970;941;908;918;944;956;949;935;981;983;1014;1015
16;890;896;897;901;928;968;954;983;954;911;919;943;957;955;946;995;991;1019
17;882;896;899;898;903;929;965;962;983;957;913;918;949;968;956;959;995;1000
18;956;889;898;911;897;901;934;960;976;987;963;922;945;971;991;989;981;1031
19;929;962;889;912;917;898;894;942;962;978;995;963;928;949;982;1011;1002;999
20;976;931;964;895;919;923;902;898;941;958;980;990;958;926;944;982;1009;995
21;1093;995;943;962;906;914;919;910;900;937;958;975;981;958;926;950;979;1009
22;1069;1106;1000;945;970;909;925;923;923;908;941;954;985;974;968;947;959;985
23;1240;1091;1100;1019;947;965;916;930;923;943;909;937;955;980;987;981;955;960
24;1284;1265;1112;1110;1029;961;962;931;928;927;957;913;945;967;999;1006;1000;960
25;1358;1303;1281;1132;1116;1045;978;994;946;941;947;966;917;950;980;1020;1033;1005
26;1485;1368;1310;1308;1150;1126;1053;1001;1009;957;946;939;974;900;946;992;1023;1043
27;1667;1502;1372;1335;1322;1155;1133;1064;1019;1001;962;968;942;966;898;982;1014;1040
28;1725;1666;1492;1382;1332;1346;1158;1138;1064;1024;1005;960;975;944;976;935;989;1033
29;1685;1737;1690;1514;1402;1367;1369;1167;1145;1072;1042;1017;976;983;965;1004;936;986
30;1828;1695;1755;1688;1523;1417;1383;1377;1163;1161;1094;1035;1026;978;995;995;1000;959
31;1838;1827;1690;1767;1699;1541;1423;1397;1391;1175;1169;1129;1043;1015;1004;1026;1008;1008
32;1818;1839;1818;1681;1736;1671;1527;1413;1385;1391;1152;1173;1127;1046;1017;1029;1026;1035
33;1875;1847;1824;1808;1676;1753;1700;1529;1429;1402;1414;1189;1181;1128;1046;1036;1042;1051
34;1788;1901;1858;1840;1820;1702;1798;1743;1560;1454;1425;1428;1197;1196;1145;1086;1053;1067
35;2025;1843;1918;1891;1850;1846;1729;1832;1767;1614;1497;1434;1423;1192;1209;1160;1096;1064
36;1948;2064;1861;1928;1906;1868;1871;1761;1871;1784;1638;1505;1450;1413;1216;1229;1171;1108
37;1941;1970;2077;1867;1950;1914;1890;1895;1770;1876;1802;1647;1508;1452;1427;1238;1242;1185
38;1950;1968;1983;2085;1870;1958;1930;1905;1898;1791;1882;1813;1656;1507;1459;1453;1247;1253
39;1892;1959;1971;1989;2081;1883;1960;1934;1913;1906;1803;1900;1822;1674;1530;1479;1439;1267
40;1868;1908;1971;1994;2000;2090;1885;1955;1928;1907;1907;1815;1899;1817;1693;1555;1498;1459
41;1817;1867;1914;1979;2007;2017;2101;1898;1959;1930;1914;1915;1825;1914;1846;1714;1560;1511
42;1772;1823;1879;1910;1997;2014;2030;2115;1901;1953;1933;1936;1933;1824;1933;1862;1726;1569
43;1743;1790;1827;1882;1912;2006;2024;2043;2110;1893;1959;1943;1943;1938;1838;1957;1874;1738
44;1691;1763;1794;1832;1878;1914;2007;2039;2044;2126;1903;1966;1952;1945;1954;1858;1970;1881
45;1747;1702;1767;1794;1837;1881;1913;2012;2050;2043;2124;1909;1966;1951;1964;1978;1866;1980
46;1746;1764;1706;1767;1796;1848;1880;1924;2017;2050;2054;2127;1911;1981;1961;1984;1984;1883
47;1640;1756;1766;1716;1772;1793;1854;1876;1923;2021;2051;2055;2137;1926;1983;1975;1981;1985
48;1563;1657;1756;1768;1725;1782;1812;1860;1884;1941;2025;2054;2068;2135;1931;2005;1975;1986
49;1565;1566;1670;1758;1776;1731;1782;1810;1862;1897;1942;2019;2059;2076;2139;1949;2004;1976
50;1502;1569;1566;1670;1759;1779;1735;1789;1818;1866;1899;1944;2013;2066;2083;2151;1951;2005
51;1708;1505;1561;1559;1674;1758;1770;1745;1785;1828;1865;1899;1941;2018;2072;2088;2153;1959
52;1716;1714;1511;1564;1558;1686;1757;1764;1757;1788;1820;1861;1900;1938;2035;2081;2086;2163
53;1822;1711;1709;1518;1563;1567;1700;1758;1761;1760;1786;1822;1864;1898;1936;2041;2084;2081
54;1799;1826;1715;1700;1514;1562;1564;1703;1754;1777;1762;1786;1817;1862;1903;1948;2038;2094
55;2008;1804;1829;1724;1705;1517;1569;1567;1699;1760;1778;1756;1789;1823;1861;1902;1946;2031
56;1497;2008;1810;1831;1720;1707;1517;1571;1560;1703;1760;1782;1745;1786;1826;1862;1912;1941
57;1584;1497;2006;1809;1830;1724;1691;1521;1566;1550;1706;1767;1784;1749;1785;1826;1864;1913
58;1667;1581;1499;2000;1810;1844;1728;1684;1520;1566;1550;1705;1764;1784;1750;1790;1820;1860
59;1715;1663;1585;1501;1993;1807;1846;1723;1679;1509;1574;1558;1702;1757;1785;1749;1788;1808
60;1829;1701;1661;1582;1493;1998;1806;1844;1713;1673;1506;1561;1561;1696;1755;1776;1757;1784
61;1892;1845;1699;1656;1577;1486;1986;1812;1848;1703;1673;1507;1553;1559;1681;1759;1767;1760
62;1981;1879;1837;1698;1641;1573;1483;1968;1822;1852;1700;1663;1504;1553;1567;1679;1751;1755
63;1960;1977;1876;1809;1695;1637;1571;1487;1960;1816;1844;1691;1653;1496;1547;1562;1674;1744
64;1797;1952;1963;1870;1809;1688;1634;1566;1486;1955;1813;1835;1685;1652;1497;1537;1557;1669
65;1745;1781;1952;1948;1854;1796;1687;1624;1560;1479;1946;1799;1818;1678;1647;1499;1531;1551
66;1821;1745;1774;1942;1929;1842;1778;1678;1624;1557;1475;1941;1790;1799;1677;1637;1490;1529
67;1823;1820;1722;1774;1927;1914;1833;1767;1682;1607;1540;1463;1920;1772;1795;1675;1632;1482
68;1730;1815;1792;1717;1763;1913;1895;1831;1763;1667;1595;1525;1452;1904;1758;1790;1663;1617
69;1815;1718;1805;1781;1697;1740;1896;1879;1819;1745;1653;1591;1515;1446;1888;1745;1775;1651
70;1867;1801;1711;1789;1769;1690;1728;1891;1861;1808;1734;1648;1578;1503;1433;1865;1740;1763
71;1922;1857;1790;1685;1769;1755;1669;1710;1883;1846;1783;1715;1637;1563;1489;1415;1834;1718
72;1724;1900;1822;1766;1664;1743;1734;1651;1683;1866;1830;1777;1697;1624;1555;1479;1404;1825
73;1757;1700;1871;1801;1745;1648;1717;1705;1623;1665;1847;1810;1752;1664;1610;1537;1462;1385
74;1839;1725;1675;1853;1778;1713;1630;1707;1680;1598;1650;1827;1787;1734;1647;1587;1522;1448
75;1772;1801;1687;1636;1822;1745;1694;1612;1678;1645;1580;1629;1806;1770;1694;1634;1568;1501
76;1739;1739;1760;1661;1608;1781;1717;1653;1579;1646;1626;1557;1603;1772;1745;1668;1601;1543
77;1699;1687;1696;1707;1618;1572;1736;1674;1617;1547;1620;1582;1521;1576;1745;1717;1639;1569
78;1600;1659;1644;1651;1647;1581;1532;1696;1641;1563;1508;1580;1542;1497;1542;1720;1683;1609
79;1682;1549;1627;1594;1612;1599;1519;1490;1660;1591;1511;1459;1550;1492;1464;1503;1685;1637
80;1494;1635;1492;1563;1534;1573;1550;1475;1449;1611;1538;1472;1424;1493;1454;1427;1459;1637
81;1401;1454;1569;1442;1516;1483;1514;1500;1427;1404;1565;1484;1430;1367;1434;1397;1366;1409
82;853;1339;1369;1505;1377;1459;1427;1434;1436;1361;1354;1503;1419;1381;1321;1370;1342;1304
83;664;807;1281;1293;1435;1314;1395;1368;1370;1378;1315;1302;1452;1369;1318;1256;1315;1283
84;671;629;767;1186;1229;1343;1233;1314;1278;1282;1318;1239;1232;1379;1291;1251;1186;1238
85;836;629;580;731;1118;1148;1265;1144;1217;1195;1201;1220;1156;1169;1301;1217;1175;1139
86;1006;757;574;541;673;1024;1062;1178;1071;1118;1111;1097;1135;1089;1087;1203;1145;1107
87;852;919;701;539;489;616;929;967;1067;983;1036;1024;984;1053;987;996;1093;1051
88;808;776;806;626;493;447;551;834;841;948;893;942;940;909;962;887;899;997
89;690;700;632;703;555;447;397;476;747;764;825;808;847;859;826;871;787;802
90;559;601;579;542;585;485;398;342;425;653;673;745;717;761;751;727;750;679
91;459;507;499;523;462;509;402;343;276;355;566;557;656;601;632;653;638;643
92;344;370;404;417;436;372;435;337;293;230;305;480;476;560;512;527;556;526
93;243;277;299;336;341;364;303;358;276;246;196;243;394;398;456;442;432;467
94;216;200;209;249;260;258;302;234;294;229;193;141;216;323;324;362;367;353
95;138;169;149;163;206;199;208;248;193;241;186;149;114;168;233;250;284;277
96;100;105;124;110;105;154;148;153;195;165;185;138;116;92;120;185;186;228
97;87;67;72;99;84;68;114;110;104;149;128;144;99;88;69;89;139;144
98;37;68;44;51;67;64;51;85;76;78;109;89;94;77;63;48;65;94
99;32;24;40;28;26;51;37;34;63;54;57;79;61;64;52;44;37;49
100 e oltre;45;46;46;66;58;50;57;67;57;84;93;82;106;112;106;115;99;79
Totale;132210;132262;131675;131394;130949;130648;130291;130009;129532;129042;128588;127830;127339;126776;126520;126706;126026;125454

"Ricostruzione della popolazione intercensuaria - Popolazione al 1° gennaio per età"
"Cittadinanza straniera - Provincia: Piacenza"
Età/Anno;2002;2003;2004;2005;2006;2007;2008;2009;2010;2011;2012;2013;2014;2015;2016;2017;2018;2019
Età;Totale
0;218;286;289;431;478;547;560;666;789;684;731;790;765;713;701;636;640;646
1;205;242;309;322;444;492;564;587;680;812;688;758;798;756;686;662;621;635
2;167;211;272;322;336;449;520;595;594;673;812;718;757;774;705;651;640;607
3;171;176;241;293;342;352;458;554;627;611;678;834;728;724;725;646;646;619
4;160;188;196;257;325;363;381;492;587;645;615;683;819;707;658;664;635;640
5;135;176;215;222;287;349;379;418;510;594;656;622;658;785;642;587;644;630
6;124;157;208;248;255;317;369;422;442;512;613;677;606;637;727;570;576;639
7;112;139;184;224;270;279;341;412;437;453;520;614;652;581;567;631;541;559
8;94;127;158;226;263;300;322;371;431;443;463;519;586;615;536;497;595;526
9;98;109;153;188;251;304;321;386;398;438;458;474;496;542;549;464;468;581
10;109;114;130;183;223;290;341;372;410;423;456;457;460;470;488;470;445;450
11;86;127;151;170;217;262;308;389;392;424;462;464;451;439;422;426;455;450
12;98;93;150;186;208;247;289;361;434;413;428;482;454;429;387;385;406;435
13;75;123;112;169;246;241;281;334;387;452;439;442;471;436;401;345;385;417
14;70;84;151;149;211;272;267;337;371;400;481;453;447;463;386;373;347;388
15;79;87;102;191;198;247;324;327;369;387;421;496;458;447;431;353;376;368
16;77;100;117;135;224;244;295;379;354;397;411;444;499;457;439;408;357;375
17;101;105;145;154;183;279;307;360;410;398;418;424;448;496;444;427;416;384
18;95;134;142;190;201;231;350;389;446;447;427;418;414;412;469;417;439;382
19;102;122;183;197;241;271;302;447;457;504;491;442;447;430;419;491;508;457
20;106;140;195;223;228;279;374;384;519;513;552;535;469;472;467;445;586;559
21;130;125;229;246;257;304;375;478;447;602;588;598;558;487;513;473;546;622
22;150;142;220;297;278;325;424;475;561;528;662;643;625;582;513;526;556;556
23;161;182;255;295;357;337;457;549;563;622;612;712;700;647;599;544;599;596
24;184;178;350;343;350;402;445;628;648;656;696;680;736;715;653;617;620;640
25;194;227;317;433;395;427;507;584;706;715;709;757;734;760;745;650;667;652
26;221;254;403;425;518;466;548;624;657;805;797;778;810;753;796;766;726;719
27;233;278;408;497;512;589;579;658;699;708;868;838;825;814;770;806;849;753
28;240;307;470;537;593;588;723;708;727;782;784;919;878;805;816;786;900;866
29;254;301;494;594;645;651;707;805;773;791;824;813;943;868;821;848;840;909
30;264;342;489;606;707;710;779;837;867;841;845;861;846;942;895;844;908;863
31;298;308;494;596;725;764;797;906;872;907;848;858;863;849;947;884;886;923
32;317;333;424;570;644;741;850;891;900;900;940;893;850;862;841;949;898;918
33;268;349;416;522;601;678;815;919;882;900;905;950;931;864;863;819;961;911
34;292;303;455;473;572;628;713;876;891;862;869;905;953;931;877;839;817;968
35;287;312;416;507;515;600;684;768;838;871;827;885;909;956;934;853;847;818
36;274;323;407;476;536;535;656;769;782;897;872;842;900;906;930;919;841;849
37;265;316;428;489;521;596;605;706;783;786;902;884;860;880;893;895;906;835
38;223;288;398;477;517;572;679;665;735;802;805;897;887;857;854;857;884;901
39;225;240;370;447;510;550;639;760;707;765;809;809;899;875;836;802;845;880
40;196;249;336;438;484;536;624;693;781;729;769;828;821;879;834;775;772;842
41;197;221;323;398;472;510;593;679;725;797;731;759;818;817;819;782;745;771
42;145;205;288;367;411;506;561;626;674;742;786;744;768;787;766;779;754;743
43;145;142;266;313;368;410;523;589;614;658;725;788;741;747;749;724;761;749
44;110;162;203;299;322;392;469;552;586;610;655;733;783;711;706;701;701;772
45;115;122;200;241;303;340;438;508;562;579;597;659;738;755;665;643;671;710
46;101;124;174;227;254;319;385;489;521;570;584;599;662;720;718;614;632;668
47;110;119;171;197;241;283;362;447;496;513;580;593;587;637;682;666;600;628
48;77;116;160;196;217;252;309;395;469;504;526;590;573;554;610;635;648;592
49;65;83;149;180;203;219;287;346;412;470;501;531;574;551;518;580;628;641
50;50;68;114;165;193;209;249;321;367;411;481;512;546;548;516;478;562;627
51;60;52;90;141;164;207;241;289;344;376;411;487;514;536;513;505;468;555
52;53;65;74;104;145;176;235;280;304;358;398;411;484;490;514;478;486;470
53;34;76;95;92;109;153;204;262;292;307;358;405;415;468;467;488;477;492
54;54;41;79;119;93;116;185;222;275;292;319;358;399;422;437;449;472;479
55;28;49;50;97;120;98;139;214;238;288;300;333;352;390;406;411;440;461
56;27;38;61;67;103;124;113;161;220;248;306;311;331;344;373;387;399;417
57;30;33;48;69;73;107;137;127;165;230;237;311;310;325;322;363;391;386
58;28;33;42;56;75;79;129;171;145;171;243;246;305;309;295;295;350;372
59;26;38;40;49;65;76;89;149;165;166;171;252;250;290;290;295;285;348
60;25;27;40;46;51;66;86;104;158;162;162;170;250;250;270;273;284;287
61;33;29;31;46;52;60;70;106;105;155;172;167;166;240;242;254;266;267
62;24;42;30;33;45;60;64;88;114;102;160;175;177;160;228;237;244;263
63;17;23;44;36;36;46;67;82;91;123;107;158;178;172;155;221;228;241
64;24;19;27;44;43;38;50;86;88;86;129;116;158;177;162;149;202;228
65;18;21;18;33;52;42;48;77;90;84;86;130;120;153;175;154;143;198
66;17;19;20;23;38;55;47;66;83;87;82;84;126;122;142;164;146;146
67;13;17;20;22;28;34;61;58;73;86;93;87;82;122;119;137;171;148
68;14;13;20;29;25;29;37;78;68;72;88;89;81;80;116;119;144;170
69;17;15;13;19;33;26;35;55;81;68;74;87;87;86;72;109;114;140
70;16;17;16;14;22;34;28;57;60;81;68;71;88;77;81;71;106;112
71;13;18;22;15;18;23;32;31;58;58;86;65;64;86;74;83;69;98
72;11;14;19;24;14;18;27;44;32;57;61;85;63;66;81;73;78;67
73;12;10;15;21;26;17;20;37;49;34;58;59;89;60;60;82;75;75
74;6;12;12;17;26;26;19;23;37;47;36;56;62;80;57;58;78;70
75;7;6;13;12;16;24;25;20;21;33;46;36;53;62;69;54;61;75
76;9;7;9;17;11;15;21;26;25;18;33;42;34;46;57;67;54;64
77;5;9;8;9;17;13;16;26;26;24;19;34;40;32;44;58;60;46
78;9;6;9;9;8;14;14;18;25;28;25;19;28;39;32;44;53;59
79;7;12;6;7;9;7;14;14;17;23;29;25;23;27;36;30;41;46
80;2;8;14;5;5;10;8;16;15;13;23;28;25;19;30;30;29;38
81;3;2;8;13;7;5;9;10;14;14;12;21;28;25;18;27;29;31
82;1;3;5;9;13;7;4;9;8;13;14;12;22;24;23;20;24;26
83;1;1;4;7;10;14;6;2;9;6;11;14;11;20;19;18;18;22
84;2;1;1;3;6;9;14;6;2;7;5;11;13;12;17;19;16;17
85;1;1;2;1;3;7;8;13;6;1;7;4;12;13;11;17;18;16
86;3;1;1;2;2;5;6;8;13;5;0;7;4;11;13;11;15;17
87;3;1;1;2;2;2;3;4;7;9;5;0;9;4;9;11;12;12
88;1;2;1;0;2;1;2;2;5;4;8;4;3;9;4;7;13;11
89;2;1;1;1;1;2;1;2;3;4;3;5;4;3;6;4;6;8
90;2;2;0;1;1;2;1;2;2;3;4;3;4;3;3;5;4;6
91;0;1;2;0;1;1;2;0;1;2;3;3;3;4;3;2;5;3
92;0;0;1;3;0;2;1;2;0;1;1;3;3;4;4;2;2;3
93;0;0;0;0;3;0;2;1;1;0;1;1;3;4;4;3;2;1
94;0;0;0;0;0;1;1;2;1;1;0;0;1;3;3;3;2;1
95;0;0;0;0;1;0;2;1;3;1;0;0;0;1;3;2;3;2
96;0;0;0;0;0;0;0;0;1;2;1;0;0;0;1;2;1;3
97;0;0;0;0;0;0;0;0;0;0;2;1;0;0;0;0;1;0
98;0;0;0;0;0;0;0;0;0;0;0;2;1;0;0;0;0;0
99;0;0;0;0;0;0;0;0;0;0;0;0;1;1;0;0;0;0
100 e oltre;0;0;0;0;0;0;0;0;0;0;0;0;0;0;1;1;0;0
Totale;8931;10544;14642;17848;20426;22905;26758;31284;33829;35896;37774;39592;40677;40715;39989;38894;39881;40666
Età/Anno;2002;2003;2004;2005;2006;2007;2008;2009;2010;2011;2012;2013;2014;2015;2016;2017;2018;2019
Età;Maschi
0;123;164;152;203;250;268;280;362;401;367;377;414;381;379;359;331;329;338
1;101;137;172;174;210;249;278;294;365;410;361;400;420;375;364;337;323;334
2;88;107;153;177;178;209;261;292;293;363;417;371;399;408;354;331;321;313
3;86;94;121;161;187;190;222;280;301;300;370;421;387;376;384;330;328;309
4;85;99;106;131;178;202;205;239;301;314;299;365;417;376;346;356;324;320
5;71;94;108;118;143;186;213;217;247;300;313;300;348;405;346;301;345;315
6;58;79;119;126;136;160;192;239;226;247;308;320;299;336;383;313;293;340
7;57;62;94;129;140;152;172;222;246;230;250;310;307;298;304;332;291;290
8;58;65;70;123;149;151;176;182;231;250;234;258;291;295;279;267;317;276
9;54;65;73;85;134;171;161;207;191;225;252;242;249;268;267;235;253;307
10;62;58;70;80;99;150;192;190;218;208;232;243;236;237;248;227;229;245
11;41;75;74;93;102;116;165;222;202;229;228;227;239;226;215;212;213;233
12;54;47;81;95;115;114;132;194;248;214;231;242;220;230;204;196;204;201
13;38;73;54;91;121;140;135;163;205;261;226;237;232;216;219;185;192;211
14;34;44;86;65;117;135;152;164;181;207;281;234;237;223;195;202;187;195
15;44;47;54;107;91;139;156;177;190;188;219;297;239;235;216;182;206;202
16;37;59;67;76;130;118;155;176;193;209;205;234;295;243;234;201;186;210
17;65;51;84;82;101;165;158;201;203;225;225;215;243;296;240;232;212;201
18;56;82;70;106;109;130;206;210;258;235;240;220;211;231;281;225;259;202
19;60;67;108;90;120;143;164;244;233;278;248;242;231;220;231;299;303;278
20;58;83;106;121;102;130;201;190;270;239;297;268;249;243;237;246;372;345
21;55;60;129;133;126;121;173;243;221;291;264;314;279;256;259;244;320;397
22;59;59;104;159;137;147;171;228;270;254;312;299;323;294;268;272;298;321
23;81;80;122;133;183;158;207;230;267;291;291;328;321;331;302;274;325;311
24;87;80;154;169;150;202;197;274;285;305;322;307;337;317;328;304;321;348
25;85;101;148;203;190;182;250;272;305;314;333;360;316;346;334;333;336;334
26;100;112;168;201;234;210;225;306;299;355;345;364;382;322;374;358;383;365
27;94;118;193;212;234;254;276;277;340;316;385;370;382;371;335;387;404;401
28;92;120;199;255;255;263;311;334;307;380;363;422;387;362;374;344;432;419
29;127;127;218;270;309;274;323;347;370;342;397;387;443;390;377;403;385;447
30;135;175;222;270;315;327;334;390;380;408;386;420;413;437;400;401;434;407
31;164;156;254;287;333;336;376;407;409;416;411;399;424;404;440;412;409;452
32;186;187;206;284;310;346;387;437;412;425;438;445;407;414;392;451;436;428
33;153;198;222;259;295;327;396;422;444;426;435;459;463;420;420;389;474;448
34;182;173;240;251;272;293;357;428;406;435;410;431;458;463;435;410;397;495
35;182;205;236;272;284;294;324;383;403;417;433;423;438;457;469;429;414;413
36;169;219;253;270;284;297;341;385;393;432;425;453;438;438;446;450;425;419
37;168;192;277;299;287;321;340;369;397;387;440;431;469;420;438;429;453;432
38;123;190;232;304;315;311;365;368;387;401;390;447;446;469;424;421;427;447
39;139;141;228;261;320;326;345;406;388;390;405;396;453;437;458;399;415;435
40;115;159;189;270;282;332;366;369;410;389;387;417;407;440;419;414;385;421
41;123;137;192;225;287;293;367;393;382;401;383;386;405;394;410;392;390;387
42;78;129;168;227;227;308;310;371;382;380;396;391;393;382;370;389;377;390
43;96;82;152;181;229;219;312;316;352;352;349;398;390;376;367;355;378;374
44;68;102;110;167;181;238;235;310;301;338;336;344;399;370;355;344;345;384
45;65;75;115;122;163;189;253;260;305;286;323;334;339;376;345;318;327;354
46;58;73;97;131;124;166;200;285;260;295;278;317;329;339;352;314;312;317
47;61;64;90;109;135;132;181;228;273;246;291;280;306;307;319;325;308;316
48;45;66;74;100;118;138;143;188;233;263;246;290;257;278;286;298;311;307
49;36;48;78;73;107;114;148;154;192;222;255;240;272;242;256;275;289;305
50;29;38;59;85;79;109;127;157;166;188;220;255;245;256;223;228;266;292
51;34;31;44;67;88;88;122;138;166;166;192;223;248;237;230;215;231;258
52;28;34;36;47;65;87;100;135;144;163;174;188;220;228;223;207;212;224
53;18;41;40;38;46;65;92;100;130;136;156;175;184;203;211;206;207;218
54;24;24;40;46;41;47;80;101;98;124;137;154;172;179;189;198;192;211
55;12;23;26;41;44;41;52;89;105;101;120;140;154;163;170;172;193;194
56;12;18;28;33;38;43;44;56;90;112;104;118;136;145;151;160;163;177
57;17;13;23;28;35;41;46;49;55;90;105;104;117;126;137;136;163;161
58;14;17;16;26;30;38;46;64;54;52;91;107;104;114;113;124;136;149
59;5;16;18;16;27;30;40;53;60;57;54;95;103;99;100;113;121;137
60;7;7;17;21;19;27;30;43;57;59;54;51;97;102;92;93;108;118
61;12;13;9;18;28;20;30;42;40;53;61;56;48;91;99;86;90;102
62;10;15;13;9;17;31;21;34;43;37;54;62;58;45;86;98;81;88
63;6;9;16;14;8;16;30;24;36;41;36;54;61;52;41;85;93;81
64;12;7;12;17;20;11;19;41;27;33;45;38;50;60;47;39;81;86
65;4;10;7;15;19;21;19;29;43;27;34;46;35;51;58;43;34;79
66;8;7;9;8;19;23;25;27;30;43;24;34;42;40;46;56;37;36
67;2;10;7;10;9;15;25;30;28;31;45;26;29;42;41;46;58;41
68;5;3;12;9;10;9;15;33;35;29;32;42;22;29;39;38;46;58
69;8;7;3;11;13;12;13;22;37;33;29;30;38;25;26;35;37;46
70;8;7;7;6;9;14;15;20;23;33;33;28;31;37;23;28;34;35
71;6;10;10;7;8;11;13;17;19;22;35;30;25;30;35;24;27;33
72;6;9;10;12;6;9;16;20;19;21;22;33;26;26;26;32;22;27
73;3;4;10;9;14;6;10;21;21;18;22;21;34;26;21;27;34;22
74;1;4;4;9;11;13;8;9;22;20;18;20;22;32;26;21;24;32
75;3;1;6;5;8;9;12;10;8;19;20;18;20;22;28;24;20;26
76;1;4;2;8;5;8;7;13;13;7;19;17;17;19;22;26;24;22
77;1;1;3;1;8;5;8;9;12;13;8;19;16;16;19;23;21;19
78;4;1;1;4;1;8;6;10;10;13;13;7;16;15;16;17;19;20
79;4;7;0;2;4;1;9;7;9;8;14;13;9;15;14;13;16;15
80;2;4;7;0;1;4;2;9;6;6;7;12;12;7;17;9;12;16
81;0;2;3;8;0;1;2;4;7;5;5;6;11;11;7;17;9;11
82;1;0;4;3;7;0;1;2;2;6;6;5;7;11;12;8;15;8
83;1;1;1;5;4;9;1;0;2;1;5;5;4;7;9;9;7;14
84;1;1;1;0;4;3;9;1;0;1;0;5;5;4;7;9;9;8
85;0;0;2;1;0;5;2;9;1;0;1;0;6;5;6;6;7;9
86;1;0;0;2;2;0;4;2;9;1;0;1;0;5;4;5;6;7
87;0;1;0;1;2;2;0;3;2;7;1;0;3;0;5;4;5;3
88;0;0;1;0;1;1;2;0;3;1;7;0;1;3;0;2;4;5
89;0;0;0;1;0;1;1;2;0;2;1;5;0;1;2;0;2;3
90;0;0;0;0;1;0;0;2;1;1;3;1;4;0;1;2;0;2
91;0;0;0;0;0;1;0;0;1;1;1;2;1;4;0;1;2;0
92;0;0;0;0;0;0;1;0;0;1;0;1;2;1;4;0;1;2
93;0;0;0;0;0;0;0;1;0;0;1;0;1;2;1;2;0;0
94;0;0;0;0;0;0;0;0;1;0;0;0;0;0;1;1;1;0
95;0;0;0;0;0;0;0;0;0;1;0;0;0;0;0;1;1;1
96;0;0;0;0;0;0;0;0;0;0;1;0;0;0;0;0;0;1
97;0;0;0;0;0;0;0;0;0;0;0;1;0;0;0;0;0;0
98;0;0;0;0;0;0;0;0;0;0;0;0;1;0;0;0;0;0
99;0;0;0;0;0;0;0;0;0;0;0;0;0;1;0;0;0;0
100 e oltre;0;0;0;0;0;0;0;0;0;0;0;0;0;0;1;1;0;0
Totale;4766;5680;7599;9173;10349;11421;13294;15483;16611;17439;18252;19160;19643;19555;19287;18764;19468;20036
Età/Anno;2002;2003;2004;2005;2006;2007;2008;2009;2010;2011;2012;2013;2014;2015;2016;2017;2018;2019
Età;Femmine
0;95;122;137;228;228;279;280;304;388;317;354;376;384;334;342;305;311;308
1;104;105;137;148;234;243;286;293;315;402;327;358;378;381;322;325;298;301
2;79;104;119;145;158;240;259;303;301;310;395;347;358;366;351;320;319;294
3;85;82;120;132;155;162;236;274;326;311;308;413;341;348;341;316;318;310
4;75;89;90;126;147;161;176;253;286;331;316;318;402;331;312;308;311;320
5;64;82;107;104;144;163;166;201;263;294;343;322;310;380;296;286;299;315
6;66;78;89;122;119;157;177;183;216;265;305;357;307;301;344;257;283;299
7;55;77;90;95;130;127;169;190;191;223;270;304;345;283;263;299;250;269
8;36;62;88;103;114;149;146;189;200;193;229;261;295;320;257;230;278;250
9;44;44;80;103;117;133;160;179;207;213;206;232;247;274;282;229;215;274
10;47;56;60;103;124;140;149;182;192;215;224;214;224;233;240;243;216;205
11;45;52;77;77;115;146;143;167;190;195;234;237;212;213;207;214;242;217
12;44;46;69;91;93;133;157;167;186;199;197;240;234;199;183;189;202;234
13;37;50;58;78;125;101;146;171;182;191;213;205;239;220;182;160;193;206
14;36;40;65;84;94;137;115;173;190;193;200;219;210;240;191;171;160;193
15;35;40;48;84;107;108;168;150;179;199;202;199;219;212;215;171;170;166
16;40;41;50;59;94;126;140;203;161;188;206;210;204;214;205;207;171;165
17;36;54;61;72;82;114;149;159;207;173;193;209;205;200;204;195;204;183
18;39;52;72;84;92;101;144;179;188;212;187;198;203;181;188;192;180;180
19;42;55;75;107;121;128;138;203;224;226;243;200;216;210;188;192;205;179
20;48;57;89;102;126;149;173;194;249;274;255;267;220;229;230;199;214;214
21;75;65;100;113;131;183;202;235;226;311;324;284;279;231;254;229;226;225
22;91;83;116;138;141;178;253;247;291;274;350;344;302;288;245;254;258;235
23;80;102;133;162;174;179;250;319;296;331;321;384;379;316;297;270;274;285
24;97;98;196;174;200;200;248;354;363;351;374;373;399;398;325;313;299;292
25;109;126;169;230;205;245;257;312;401;401;376;397;418;414;411;317;331;318
26;121;142;235;224;284;256;323;318;358;450;452;414;428;431;422;408;343;354
27;139;160;215;285;278;335;303;381;359;392;483;468;443;443;435;419;445;352
28;148;187;271;282;338;325;412;374;420;402;421;497;491;443;442;442;468;447
29;127;174;276;324;336;377;384;458;403;449;427;426;500;478;444;445;455;462
30;129;167;267;336;392;383;445;447;487;433;459;441;433;505;495;443;474;456
31;134;152;240;309;392;428;421;499;463;491;437;459;439;445;507;472;477;471
32;131;146;218;286;334;395;463;454;488;475;502;448;443;448;449;498;462;490
33;115;151;194;263;306;351;419;497;438;474;470;491;468;444;443;430;487;463
34;110;130;215;222;300;335;356;448;485;427;459;474;495;468;442;429;420;473
35;105;107;180;235;231;306;360;385;435;454;394;462;471;499;465;424;433;405
36;105;104;154;206;252;238;315;384;389;465;447;389;462;468;484;469;416;430
37;97;124;151;190;234;275;265;337;386;399;462;453;391;460;455;466;453;403
38;100;98;166;173;202;261;314;297;348;401;415;450;441;388;430;436;457;454
39;86;99;142;186;190;224;294;354;319;375;404;413;446;438;378;403;430;445
40;81;90;147;168;202;204;258;324;371;340;382;411;414;439;415;361;387;421
41;74;84;131;173;185;217;226;286;343;396;348;373;413;423;409;390;355;384
42;67;76;120;140;184;198;251;255;292;362;390;353;375;405;396;390;377;353
43;49;60;114;132;139;191;211;273;262;306;376;390;351;371;382;369;383;375
44;42;60;93;132;141;154;234;242;285;272;319;389;384;341;351;357;356;388
45;50;47;85;119;140;151;185;248;257;293;274;325;399;379;320;325;344;356
46;43;51;77;96;130;153;185;204;261;275;306;282;333;381;366;300;320;351
47;49;55;81;88;106;151;181;219;223;267;289;313;281;330;363;341;292;312
48;32;50;86;96;99;114;166;207;236;241;280;300;316;276;324;337;337;285
49;29;35;71;107;96;105;139;192;220;248;246;291;302;309;262;305;339;336
50;21;30;55;80;114;100;122;164;201;223;261;257;301;292;293;250;296;335
51;26;21;46;74;76;119;119;151;178;210;219;264;266;299;283;290;237;297
52;25;31;38;57;80;89;135;145;160;195;224;223;264;262;291;271;274;246
53;16;35;55;54;63;88;112;162;162;171;202;230;231;265;256;282;270;274
54;30;17;39;73;52;69;105;121;177;168;182;204;227;243;248;251;280;268
55;16;26;24;56;76;57;87;125;133;187;180;193;198;227;236;239;247;267
56;15;20;33;34;65;81;69;105;130;136;202;193;195;199;222;227;236;240
57;13;20;25;41;38;66;91;78;110;140;132;207;193;199;185;227;228;225
58;14;16;26;30;45;41;83;107;91;119;152;139;201;195;182;171;214;223
59;21;22;22;33;38;46;49;96;105;109;117;157;147;191;190;182;164;211
60;18;20;23;25;32;39;56;61;101;103;108;119;153;148;178;180;176;169
61;21;16;22;28;24;40;40;64;65;102;111;111;118;149;143;168;176;165
62;14;27;17;24;28;29;43;54;71;65;106;113;119;115;142;139;163;175
63;11;14;28;22;28;30;37;58;55;82;71;104;117;120;114;136;135;160
64;12;12;15;27;23;27;31;45;61;53;84;78;108;117;115;110;121;142
65;14;11;11;18;33;21;29;48;47;57;52;84;85;102;117;111;109;119
66;9;12;11;15;19;32;22;39;53;44;58;50;84;82;96;108;109;110
67;11;7;13;12;19;19;36;28;45;55;48;61;53;80;78;91;113;107
68;9;10;8;20;15;20;22;45;33;43;56;47;59;51;77;81;98;112
69;9;8;10;8;20;14;22;33;44;35;45;57;49;61;46;74;77;94
70;8;10;9;8;13;20;13;37;37;48;35;43;57;40;58;43;72;77
71;7;8;12;8;10;12;19;14;39;36;51;35;39;56;39;59;42;65
72;5;5;9;12;8;9;11;24;13;36;39;52;37;40;55;41;56;40
73;9;6;5;12;12;11;10;16;28;16;36;38;55;34;39;55;41;53
74;5;8;8;8;15;13;11;14;15;27;18;36;40;48;31;37;54;38
75;4;5;7;7;8;15;13;10;13;14;26;18;33;40;41;30;41;49
76;8;3;7;9;6;7;14;13;12;11;14;25;17;27;35;41;30;42
77;4;8;5;8;9;8;8;17;14;11;11;15;24;16;25;35;39;27
78;5;5;8;5;7;6;8;8;15;15;12;12;12;24;16;27;34;39
79;3;5;6;5;5;6;5;7;8;15;15;12;14;12;22;17;25;31
80;0;4;7;5;4;6;6;7;9;7;16;16;13;12;13;21;17;22
81;3;0;5;5;7;4;7;6;7;9;7;15;17;14;11;10;20;20
82;0;3;1;6;6;7;3;7;6;7;8;7;15;13;11;12;9;18
83;0;0;3;2;6;5;5;2;7;5;6;9;7;13;10;9;11;8
84;1;0;0;3;2;6;5;5;2;6;5;6;8;8;10;10;7;9
85;1;1;0;0;3;2;6;4;5;1;6;4;6;8;5;11;11;7
86;2;1;1;0;0;5;2;6;4;4;0;6;4;6;9;6;9;10
87;3;0;1;1;0;0;3;1;5;2;4;0;6;4;4;7;7;9
88;1;2;0;0;1;0;0;2;2;3;1;4;2;6;4;5;9;6
89;2;1;1;0;1;1;0;0;3;2;2;0;4;2;4;4;4;5
90;2;2;0;1;0;2;1;0;1;2;1;2;0;3;2;3;4;4
91;0;1;2;0;1;0;2;0;0;1;2;1;2;0;3;1;3;3
92;0;0;1;3;0;2;0;2;0;0;1;2;1;3;0;2;1;1
93;0;0;0;0;3;0;2;0;1;0;0;1;2;2;3;1;2;1
94;0;0;0;0;0;1;1;2;0;1;0;0;1;3;2;2;1;1
95;0;0;0;0;1;0;2;1;3;0;0;0;0;1;3;1;2;1
96;0;0;0;0;0;0;0;0;1;2;0;0;0;0;1;2;1;2
97;0;0;0;0;0;0;0;0;0;0;2;0;0;0;0;0;1;0
98;0;0;0;0;0;0;0;0;0;0;0;2;0;0;0;0;0;0
99;0;0;0;0;0;0;0;0;0;0;0;0;1;0;0;0;0;0
100 e oltre;0;0;0;0;0;0;0;0;0;0;0;0;0;0;0;0;0;0
Totale;4165;4864;7043;8675;10077;11484;13464;15801;17218;18457;19522;20432;21034;21160;20702;20130;20413;20630
