"Popolazione per età, vista per singola area - Provincia: Campobasso"

"Ricostruzione della popolazione intercensuaria - Popolazione al 1° gennaio per età"
"Tutte le cittadinanze - Provincia: Campobasso"
Età/Anno;2002;2003;2004;2005;2006;2007;2008;2009;2010;2011;2012;2013;2014;2015;2016;2017;2018;2019
Età;Totale
0;1885;1889;1925;1877;1813;1808;1811;1799;1679;1824;1706;1661;1615;1555;1529;1482;1490;1294
1;1943;1884;1893;1929;1857;1817;1811;1811;1798;1654;1809;1708;1637;1604;1560;1544;1475;1504
2;2112;1974;1894;1901;1910;1866;1839;1814;1812;1808;1657;1821;1714;1624;1579;1567;1528;1470
3;2009;2130;1973;1908;1905;1900;1872;1847;1810;1809;1808;1678;1818;1705;1620;1591;1563;1525
4;2029;2008;2135;1973;1933;1916;1924;1877;1849;1822;1811;1821;1678;1810;1709;1621;1591;1564
5;2026;2036;2013;2118;1976;1942;1936;1942;1883;1859;1826;1812;1845;1677;1810;1705;1616;1590
6;2168;2025;2041;2035;2131;2000;1952;1945;1957;1897;1869;1828;1832;1850;1687;1806;1692;1635
7;2187;2167;2042;2056;2042;2140;2026;1977;1942;1956;1904;1881;1825;1835;1837;1678;1794;1701
8;2290;2202;2172;2040;2062;2050;2154;2048;1980;1950;1963;1910;1881;1840;1824;1834;1670;1789
9;2430;2280;2216;2190;2045;2069;2065;2160;2063;1984;1951;1965;1929;1890;1844;1826;1831;1654
10;2405;2430;2291;2214;2189;2065;2094;2094;2170;2075;2000;1956;1985;1932;1890;1842;1825;1833
11;2430;2420;2433;2292;2232;2209;2083;2110;2101;2180;2086;2006;1974;1985;1928;1882;1837;1825
12;2398;2425;2427;2449;2296;2236;2219;2110;2111;2107;2192;2094;2020;1974;1985;1929;1870;1835
13;2468;2399;2412;2434;2459;2302;2248;2231;2116;2124;2109;2196;2101;2020;1981;1987;1925;1876
14;2429;2476;2397;2401;2437;2467;2316;2271;2235;2126;2141;2110;2198;2091;2022;1977;1983;1927
15;2424;2432;2476;2401;2405;2439;2481;2342;2286;2238;2137;2153;2113;2190;2094;2030;1975;1966
16;2562;2430;2437;2481;2402;2404;2459;2504;2340;2292;2251;2143;2161;2116;2201;2093;2026;1972
17;2615;2561;2420;2451;2478;2409;2412;2464;2501;2345;2311;2270;2155;2159;2130;2208;2118;2023
18;2735;2614;2575;2417;2444;2495;2423;2419;2474;2508;2350;2316;2273;2162;2187;2194;2249;2141
19;2776;2739;2613;2585;2415;2460;2508;2452;2425;2481;2510;2361;2332;2263;2210;2231;2359;2267
20;2823;2751;2732;2608;2579;2407;2486;2527;2453;2436;2485;2522;2387;2329;2314;2241;2317;2367
21;2798;2823;2759;2730;2602;2566;2409;2537;2558;2461;2459;2504;2545;2378;2366;2311;2301;2322
22;2921;2797;2813;2767;2730;2614;2582;2427;2544;2565;2478;2475;2504;2567;2418;2394;2354;2285
23;2980;2930;2800;2803;2742;2731;2659;2617;2431;2532;2578;2514;2496;2507;2578;2444;2417;2377
24;3020;2993;2961;2781;2790;2729;2725;2679;2628;2439;2550;2578;2510;2504;2528;2592;2463;2399
25;3104;3021;3011;2982;2775;2827;2765;2718;2690;2637;2426;2571;2557;2523;2513;2549;2579;2463
26;3331;3113;3078;3000;2988;2787;2862;2758;2717;2680;2645;2445;2592;2558;2571;2536;2559;2562
27;3415;3360;3148;3067;2974;2976;2806;2855;2750;2700;2677;2647;2458;2576;2578;2550;2535;2523
28;3231;3435;3411;3149;3049;2975;3009;2796;2789;2744;2701;2671;2650;2421;2590;2560;2507;2491
29;3358;3239;3452;3422;3127;3032;3009;2993;2766;2753;2731;2692;2648;2636;2442;2563;2509;2468
30;3258;3399;3279;3458;3375;3123;3118;3028;2966;2726;2756;2698;2694;2638;2617;2429;2516;2443
31;3313;3264;3409;3277;3419;3366;3133;3100;3007;2936;2717;2734;2706;2666;2618;2595;2396;2484
32;3461;3307;3242;3327;3230;3377;3354;3093;3051;2960;2879;2699;2717;2681;2661;2550;2545;2351
33;3342;3447;3301;3210;3292;3179;3365;3316;3052;3014;2914;2871;2689;2690;2702;2631;2526;2495
34;3423;3313;3449;3261;3177;3265;3199;3360;3277;3003;2977;2893;2861;2647;2687;2683;2600;2478
35;3535;3429;3292;3469;3223;3142;3275;3213;3338;3242;2975;2975;2887;2842;2609;2641;2665;2544
36;3538;3550;3468;3324;3448;3243;3184;3299;3208;3324;3258;2969;2941;2875;2833;2604;2616;2627
37;3564;3549;3559;3494;3318;3445;3270;3204;3304;3208;3324;3255;2994;2933;2879;2814;2604;2609
38;3371;3578;3559;3568;3492;3332;3493;3271;3208;3295;3194;3311;3260;2972;2950;2878;2808;2593
39;3376;3347;3603;3568;3572;3494;3389;3500;3287;3197;3303;3195;3316;3257;2961;2942;2867;2780
40;3394;3382;3356;3620;3570;3581;3510;3415;3500;3304;3207;3320;3213;3326;3261;2956;2907;2850
41;3402;3392;3412;3345;3627;3552;3579;3521;3414;3489;3299;3196;3333;3205;3322;3229;2951;2897
42;3179;3398;3402;3414;3336;3623;3559;3585;3528;3415;3505;3304;3206;3331;3209;3296;3231;2937
43;3062;3186;3406;3405;3416;3346;3625;3572;3595;3536;3414;3535;3305;3200;3332;3198;3291;3224
44;3069;3093;3213;3397;3397;3425;3358;3646;3563;3605;3526;3416;3554;3302;3212;3322;3174;3275
45;3049;3074;3109;3211;3392;3395;3435;3356;3663;3578;3610;3535;3431;3544;3323;3203;3319;3164
46;3077;3055;3090;3108;3212;3400;3391;3433;3364;3657;3559;3614;3551;3432;3529;3314;3193;3312
47;3122;3081;3066;3084;3112;3224;3409;3397;3432;3380;3635;3571;3616;3550;3443;3509;3304;3191
48;2805;3107;3096;3084;3082;3108;3249;3409;3391;3416;3384;3651;3591;3618;3552;3434;3488;3300
49;3003;2802;3132;3099;3098;3085;3124;3251;3389;3372;3413;3398;3656;3578;3606;3542;3437;3485
50;2767;3001;2802;3129;3101;3092;3097;3131;3249;3376;3387;3405;3416;3654;3574;3596;3523;3426
51;3053;2771;3001;2801;3111;3094;3098;3092;3137;3234;3370;3384;3402;3420;3674;3577;3580;3502
52;3191;3042;2775;2988;2793;3097;3081;3103;3075;3127;3241;3382;3384;3381;3416;3669;3562;3566
53;3144;3189;3041;2777;2980;2797;3102;3075;3098;3076;3124;3231;3394;3378;3363;3413;3665;3574
54;2869;3133;3205;3036;2770;2975;2808;3096;3057;3088;3080;3125;3243;3385;3383;3350;3405;3663
55;2794;2878;3137;3173;3030;2758;2964;2805;3098;3061;3081;3089;3115;3240;3381;3373;3341;3386
56;2214;2796;2894;3130;3155;3007;2745;2950;2787;3088;3050;3088;3081;3106;3222;3369;3366;3349
57;2220;2217;2804;2909;3131;3147;2999;2744;2941;2780;3087;3042;3070;3059;3095;3208;3350;3332
58;2158;2228;2216;2779;2907;3129;3140;2999;2741;2922;2763;3081;3050;3057;3051;3078;3202;3346
59;2042;2145;2214;2213;2788;2899;3112;3119;2968;2734;2907;2749;3070;3026;3038;3037;3048;3183
60;2344;2046;2130;2205;2209;2767;2894;3098;3099;2950;2729;2905;2733;3049;3017;3019;3016;3037
61;2733;2333;2028;2118;2188;2208;2746;2887;3082;3093;2947;2727;2906;2711;3021;3018;2999;2998
62;2939;2740;2325;2015;2097;2173;2185;2737;2862;3064;3071;2949;2727;2896;2696;3001;2987;2988
63;2510;2935;2715;2308;2003;2083;2164;2168;2719;2847;3047;3080;2937;2704;2884;2687;2977;2966
64;2609;2494;2910;2695;2285;1982;2069;2148;2154;2706;2839;3020;3059;2919;2676;2883;2680;2953
65;2708;2612;2478;2901;2683;2280;1973;2054;2131;2148;2691;2813;2996;3042;2912;2653;2857;2657
66;2836;2695;2606;2469;2878;2644;2263;1966;2047;2112;2134;2674;2799;2987;3032;2888;2638;2832
67;2777;2809;2666;2586;2453;2847;2612;2245;1940;2035;2095;2111;2646;2772;2953;2997;2858;2618
68;2784;2735;2773;2623;2559;2420;2814;2580;2220;1918;2011;2082;2100;2617;2745;2928;2952;2841
69;2606;2745;2705;2729;2579;2520;2390;2780;2545;2182;1899;1988;2053;2076;2590;2716;2896;2924
70;2653;2572;2701;2670;2658;2537;2502;2366;2749;2514;2166;1884;1981;2021;2048;2573;2684;2853
71;2810;2593;2521;2646;2643;2617;2498;2454;2338;2692;2472;2131;1881;1935;1999;2019;2540;2644
72;2437;2750;2532;2489;2575;2616;2573;2453;2401;2297;2658;2444;2093;1846;1912;1974;1986;2503
73;2381;2386;2707;2467;2413;2516;2561;2512;2392;2355;2263;2625;2390;2049;1803;1887;1936;1952
74;2400;2337;2314;2640;2382;2362;2471;2497;2447;2340;2302;2229;2579;2354;2010;1778;1854;1908
75;2364;2361;2272;2250;2547;2319;2287;2401;2447;2382;2286;2254;2179;2525;2291;1962;1735;1813
76;2164;2296;2301;2189;2172;2461;2241;2214;2341;2371;2305;2226;2216;2126;2438;2238;1911;1685
77;1967;2094;2222;2220;2109;2093;2378;2154;2142;2271;2285;2245;2155;2162;2061;2376;2184;1872
78;1929;1907;2008;2129;2147;2016;2008;2295;2090;2071;2195;2226;2188;2095;2081;2005;2307;2112
79;1888;1860;1840;1934;2028;2089;1939;1919;2201;1991;1989;2123;2168;2119;2013;2019;1943;2231
80;1873;1816;1774;1746;1842;1930;1999;1843;1841;2097;1914;1916;2036;2085;2024;1941;1937;1857
81;1753;1759;1695;1646;1654;1733;1829;1919;1755;1770;1976;1849;1844;1940;1965;1932;1859;1856
82;970;1614;1660;1607;1537;1533;1632;1720;1822;1666;1672;1862;1740;1747;1817;1863;1825;1767
83;639;917;1477;1565;1505;1416;1406;1485;1579;1683;1581;1579;1763;1646;1637;1705;1773;1716
84;666;588;842;1377;1470;1390;1288;1318;1349;1455;1531;1458;1481;1661;1510;1524;1583;1667
85;809;598;537;759;1246;1326;1288;1183;1212;1259;1330;1414;1349;1371;1540;1394;1414;1482
86;1015;739;539;490;669;1123;1197;1174;1099;1113;1114;1212;1296;1222;1249;1432;1272;1288
87;715;881;678;478;425;596;982;1061;1055;990;992;1005;1080;1197;1102;1177;1298;1160
88;694;614;767;590;434;373;536;863;910;925;872;872;897;984;1076;986;1042;1167
89;610;580;504;642;525;380;325;455;779;814;793;757;772;790;851;945;862;919
90;481;509;481;409;538;446;321;287;388;665;715;690;659;687;670;745;827;746
91;451;395;416;403;329;441;377;266;243;320;565;613;597;566;576;555;636;704
92;256;368;311;335;325;261;368;305;221;205;276;463;512;490;431;488;467;539
93;193;207;292;243;278;265;206;314;253;169;167;215;380;418;393;365;392;390
94;140;152;154;233;193;217;213;191;248;202;142;138;173;312;316;318;287;322
95;95;116;120;119;183;160;165;175;150;191;167;112;115;151;227;259;245;232
96;87;75;79;101;90;136;114;129;124;116;155;133;90;89;110;191;193;194
97;54;65;54;60;76;62;93;78;92;92;95;121;89;70;68;87;138;148
98;27;35;44;41;44;50;54;61;56;70;70;66;90;66;59;44;56;99
99;21;23;23;25;31;27;38;36;40;48;56;52;44;64;41;44;33;40
100 e oltre;24;28;33;37;41;43;48;44;61;67;76;77;86;74;85;80;76;69
Totale;230509;230515;230716;230308;229384;228796;229157;229042;228170;227385;226703;226365;226058;224909;223957;222903;221593;219763
Età/Anno;2002;2003;2004;2005;2006;2007;2008;2009;2010;2011;2012;2013;2014;2015;2016;2017;2018;2019
Età;Maschi
0;974;963;997;1000;971;921;936;951;864;951;858;865;833;826;785;768;787;663
1;965;973;967;1001;998;979;926;938;951;857;943;856;846;827;836;787;762;790
2;1092;985;971;976;989;993;983;928;942;947;854;943;854;839;809;847;784;756
3;1043;1102;989;981;984;986;1000;987;924;939;942;867;949;845;843;817;845;780
4;1055;1052;1101;991;999;987;992;1007;991;935;941;945;865;945;852;837;820;846
5;1020;1061;1049;1096;993;998;989;1003;1008;995;935;934;964;862;949;850;837;808
6;1097;1012;1071;1061;1105;1004;1005;990;1011;1021;1000;932;948;971;866;950;850;853
7;1114;1098;1020;1084;1066;1105;1015;1013;990;1014;1020;1006;930;947;971;856;947;853
8;1184;1121;1099;1022;1086;1078;1110;1030;1017;993;1015;1023;1007;944;942;968;854;940
9;1256;1180;1130;1108;1025;1085;1077;1119;1040;1021;999;1013;1030;1014;951;939;963;852
10;1251;1249;1187;1131;1108;1042;1099;1090;1128;1049;1030;997;1028;1033;1013;946;941;962
11;1236;1266;1253;1178;1138;1112;1054;1101;1099;1129;1051;1032;1008;1029;1029;1013;945;938
12;1231;1237;1270;1260;1179;1143;1115;1069;1099;1100;1140;1055;1042;1011;1023;1029;1003;940
13;1245;1232;1229;1271;1263;1185;1151;1125;1070;1099;1100;1141;1055;1040;1015;1022;1032;1002
14;1285;1250;1231;1228;1270;1264;1194;1164;1125;1071;1109;1100;1140;1051;1044;1012;1019;1035
15;1264;1283;1248;1227;1233;1274;1266;1209;1183;1128;1077;1116;1100;1135;1049;1043;1014;1008
16;1282;1268;1293;1254;1223;1231;1286;1280;1204;1190;1132;1085;1125;1103;1145;1056;1045;1006
17;1284;1282;1257;1306;1255;1226;1233;1290;1282;1203;1203;1146;1092;1131;1110;1151;1079;1045
18;1408;1280;1290;1252;1303;1264;1228;1240;1295;1288;1205;1202;1143;1098;1157;1166;1194;1095
19;1401;1403;1283;1298;1250;1303;1272;1246;1245;1306;1287;1206;1211;1145;1145;1207;1331;1215
20;1467;1391;1403;1291;1299;1243;1322;1279;1243;1249;1300;1297;1219;1210;1190;1173;1283;1326
21;1396;1466;1394;1400;1282;1289;1243;1342;1295;1243;1259;1307;1303;1224;1248;1203;1211;1283
22;1468;1402;1455;1392;1394;1280;1304;1253;1345;1296;1255;1260;1308;1321;1258;1276;1237;1194
23;1509;1478;1403;1443;1377;1391;1299;1318;1258;1345;1302;1273;1270;1306;1343;1286;1296;1255
24;1503;1526;1487;1387;1426;1372;1387;1303;1323;1252;1357;1307;1266;1269;1340;1361;1297;1281
25;1620;1494;1537;1494;1385;1454;1382;1386;1306;1324;1242;1377;1298;1276;1286;1361;1359;1299
26;1646;1638;1531;1524;1481;1396;1465;1363;1380;1297;1336;1259;1390;1290;1319;1300;1388;1359
27;1720;1649;1654;1527;1513;1485;1410;1457;1371;1380;1293;1346;1260;1385;1314;1326;1316;1374
28;1618;1738;1678;1634;1508;1503;1478;1387;1433;1371;1382;1280;1349;1254;1408;1309;1316;1300
29;1626;1608;1749;1694;1643;1502;1515;1472;1371;1404;1366;1375;1275;1337;1298;1406;1298;1296
30;1647;1648;1628;1760;1678;1651;1546;1522;1454;1373;1412;1352;1368;1289;1341;1289;1369;1258
31;1678;1660;1666;1628;1741;1685;1656;1535;1510;1448;1364;1403;1353;1350;1311;1335;1268;1342
32;1777;1702;1660;1656;1630;1732;1694;1656;1537;1491;1445;1363;1384;1337;1365;1284;1303;1251
33;1662;1768;1705;1651;1662;1617;1727;1672;1644;1525;1477;1445;1360;1378;1354;1353;1278;1276
34;1665;1633;1750;1664;1606;1622;1587;1711;1640;1601;1486;1461;1444;1320;1377;1343;1346;1263
35;1719;1677;1625;1746;1635;1591;1609;1602;1700;1615;1578;1479;1454;1432;1305;1356;1339;1323
36;1768;1724;1696;1641;1742;1654;1611;1622;1599;1690;1639;1590;1456;1441;1430;1316;1338;1327
37;1815;1781;1732;1711;1647;1751;1664;1628;1631;1601;1690;1640;1599;1455;1443;1420;1319;1335
38;1695;1823;1779;1732;1720;1646;1780;1660;1612;1639;1595;1682;1647;1578;1483;1441;1411;1315
39;1683;1689;1832;1782;1732;1720;1669;1768;1662;1608;1639;1593;1679;1648;1565;1477;1437;1395
40;1741;1689;1697;1839;1785;1739;1729;1683;1763;1666;1616;1651;1604;1677;1646;1558;1444;1439
41;1692;1735;1704;1694;1844;1773;1738;1730;1687;1754;1664;1618;1654;1598;1676;1627;1562;1436
42;1559;1696;1741;1715;1691;1834;1786;1740;1740;1692;1765;1673;1627;1649;1601;1661;1630;1548
43;1439;1563;1697;1735;1710;1697;1835;1795;1739;1737;1695;1775;1667;1626;1657;1596;1658;1618
44;1552;1455;1572;1694;1733;1711;1700;1843;1789;1736;1736;1697;1780;1665;1631;1656;1576;1646
45;1554;1553;1461;1564;1696;1734;1707;1703;1852;1796;1733;1736;1706;1779;1684;1629;1642;1562
46;1557;1556;1549;1463;1561;1702;1725;1698;1701;1850;1783;1733;1738;1714;1772;1679;1615;1638
47;1522;1564;1558;1543;1459;1560;1704;1724;1693;1712;1827;1789;1736;1744;1725;1756;1667;1617
48;1429;1514;1578;1567;1534;1458;1568;1697;1720;1691;1718;1825;1791;1743;1740;1714;1745;1656
49;1477;1427;1523;1581;1577;1540;1461;1563;1694;1708;1692;1728;1836;1782;1740;1739;1712;1737
50;1374;1479;1422;1516;1582;1571;1539;1468;1567;1685;1719;1681;1739;1833;1780;1734;1721;1709
51;1529;1375;1478;1419;1509;1567;1568;1530;1474;1552;1682;1714;1686;1739;1849;1783;1717;1699
52;1623;1528;1368;1470;1414;1504;1562;1567;1522;1463;1550;1684;1717;1677;1735;1844;1772;1713
53;1585;1611;1524;1364;1468;1419;1505;1562;1563;1522;1457;1549;1685;1711;1667;1735;1846;1779
54;1420;1581;1616;1521;1356;1459;1417;1504;1542;1557;1523;1458;1558;1679;1713;1658;1732;1841
55;1436;1426;1578;1598;1512;1350;1452;1411;1501;1544;1550;1524;1450;1558;1675;1709;1651;1714
56;1103;1433;1427;1577;1588;1495;1350;1438;1402;1494;1537;1547;1514;1447;1550;1666;1711;1650
57;1098;1101;1431;1441;1575;1580;1499;1344;1435;1393;1490;1533;1537;1508;1440;1540;1659;1691
58;1081;1106;1094;1412;1432;1578;1566;1501;1343;1429;1387;1483;1533;1522;1503;1426;1540;1658
59;1003;1074;1101;1084;1411;1424;1563;1547;1483;1337;1414;1381;1476;1518;1513;1488;1415;1529
60;1138;1003;1066;1091;1079;1409;1422;1558;1542;1469;1340;1414;1370;1462;1508;1499;1483;1411
61;1325;1131;989;1056;1085;1075;1393;1407;1546;1537;1470;1337;1410;1352;1442;1509;1491;1465
62;1388;1328;1120;981;1043;1083;1062;1384;1392;1533;1525;1466;1337;1405;1338;1434;1484;1475
63;1230;1385;1318;1111;977;1027;1075;1049;1369;1381;1521;1525;1455;1328;1398;1333;1413;1465
64;1216;1217;1365;1303;1098;963;1018;1062;1038;1362;1377;1509;1510;1445;1312;1396;1325;1396
65;1236;1218;1201;1360;1295;1090;952;1009;1049;1040;1348;1361;1491;1497;1437;1293;1376;1304
66;1302;1230;1209;1200;1339;1269;1082;947;998;1033;1032;1340;1357;1482;1493;1422;1284;1360
67;1299;1280;1210;1187;1188;1322;1245;1077;933;987;1020;1018;1319;1338;1455;1476;1410;1274
68;1288;1275;1267;1181;1176;1164;1295;1226;1063;922;976;1017;1005;1303;1325;1438;1443;1401
69;1243;1274;1258;1244;1154;1162;1144;1268;1200;1041;909;962;996;989;1291;1298;1414;1422
70;1262;1219;1245;1240;1199;1136;1156;1130;1252;1177;1026;894;964;971;972;1272;1280;1387
71;1252;1228;1175;1212;1230;1175;1110;1117;1115;1217;1154;1001;891;939;956;955;1256;1259
72;1082;1211;1186;1153;1166;1218;1152;1091;1080;1088;1196;1133;976;869;927;936;935;1232
73;1041;1039;1194;1140;1109;1125;1188;1117;1060;1052;1066;1174;1094;950;839;906;913;910
74;1048;1012;995;1161;1087;1074;1097;1142;1072;1035;1024;1048;1151;1072;925;827;880;902
75;1001;1012;967;950;1099;1048;1022;1066;1112;1036;1005;995;1019;1112;1032;891;799;845
76;927;964;975;921;909;1049;1001;973;1026;1069;986;964;976;987;1063;1000;858;766
77;825;887;928;928;870;875;996;948;927;981;1015;947;938;944;951;1032;959;835
78;810;791;846;879;896;821;833;947;904;897;940;988;919;898;894;919;995;923
79;728;763;757;814;834;859;777;786;893;852;848;893;951;872;844;856;877;956
80;729;693;715;709;768;782;820;718;752;833;804;800;841;899;821;799;816;826
81;686;665;631;640;656;717;742;777;682;729;776;774;755;796;829;776;753;776
82;354;597;619;572;573;578;659;675;725;635;673;726;725;711;723;782;727;697
83;244;321;507;568;531;510;500;574;594;631;596;616;680;667;658;673;738;667
84;242;219;289;465;523;467;459;450;505;520;539;538;565;624;596;603;608;678
85;307;215;191;251;404;468;421;417;411;468;463;492;474;509;557;528;546;562
86;355;265;190;175;208;363;417;376;392;383;404;411;441;420;457;503;471;483
87;284;300;246;164;148;186;307;361;338;347;334;352;360;392;366;419;433;422
88;221;246;264;213;141;124;165;280;313;293;294;281;308;317;333;321;365;371
89;198;194;210;211;182;120;103;136;251;265;258;242;245;259;263;287;268;318
90;152;168;156;171;162;159;95;87;113;209;225;226;199;214;212;221;250;215
91;139;130;128;127;131;133;135;78;78;96;171;184;187;164;178;167;176;199
92;78;109;100;100;104;92;103;93;58;57;78;130;153;142;112;142;136;140
93;66;62;90;76;76;83;72;81;74;44;47;60;100;121;116;94;112;114
94;33;48;44;62;58;54;61;62;57;61;39;36;47;84;79;88;68;88
95;22;28;36;34;48;45;37;48;44;41;51;31;26;41;59;67;66;57
96;23;15;21;34;29;35;34;23;33;30;33;42;29;17;30;50;50;47
97;10;19;12;14;26;21;26;16;11;22;25;23;26;20;13;24;36;39
98;7;4;15;8;10;16;18;12;13;6;16;15;14;23;15;10;13;18
99;5;5;3;8;5;8;11;10;10;10;5;13;11;11;15;10;9;10
100 e oltre;3;8;9;6;10;11;14;17;18;22;18;15;19;13;15;20;18;13
Totale;111942;112036;112165;111999;111602;111375;111472;111359;111035;110717;110423;110325;110220;109724;109658;109353;109010;108047
Età/Anno;2002;2003;2004;2005;2006;2007;2008;2009;2010;2011;2012;2013;2014;2015;2016;2017;2018;2019
Età;Femmine
0;911;926;928;877;842;887;875;848;815;873;848;796;782;729;744;714;703;631
1;978;911;926;928;859;838;885;873;847;797;866;852;791;777;724;757;713;714
2;1020;989;923;925;921;873;856;886;870;861;803;878;860;785;770;720;744;714
3;966;1028;984;927;921;914;872;860;886;870;866;811;869;860;777;774;718;745
4;974;956;1034;982;934;929;932;870;858;887;870;876;813;865;857;784;771;718
5;1006;975;964;1022;983;944;947;939;875;864;891;878;881;815;861;855;779;782
6;1071;1013;970;974;1026;996;947;955;946;876;869;896;884;879;821;856;842;782
7;1073;1069;1022;972;976;1035;1011;964;952;942;884;875;895;888;866;822;847;848
8;1106;1081;1073;1018;976;972;1044;1018;963;957;948;887;874;896;882;866;816;849
9;1174;1100;1086;1082;1020;984;988;1041;1023;963;952;952;899;876;893;887;868;802
10;1154;1181;1104;1083;1081;1023;995;1004;1042;1026;970;959;957;899;877;896;884;871
11;1194;1154;1180;1114;1094;1097;1029;1009;1002;1051;1035;974;966;956;899;869;892;887
12;1167;1188;1157;1189;1117;1093;1104;1041;1012;1007;1052;1039;978;963;962;900;867;895
13;1223;1167;1183;1163;1196;1117;1097;1106;1046;1025;1009;1055;1046;980;966;965;893;874
14;1144;1226;1166;1173;1167;1203;1122;1107;1110;1055;1032;1010;1058;1040;978;965;964;892
15;1160;1149;1228;1174;1172;1165;1215;1133;1103;1110;1060;1037;1013;1055;1045;987;961;958
16;1280;1162;1144;1227;1179;1173;1173;1224;1136;1102;1119;1058;1036;1013;1056;1037;981;966
17;1331;1279;1163;1145;1223;1183;1179;1174;1219;1142;1108;1124;1063;1028;1020;1057;1039;978
18;1327;1334;1285;1165;1141;1231;1195;1179;1179;1220;1145;1114;1130;1064;1030;1028;1055;1046
19;1375;1336;1330;1287;1165;1157;1236;1206;1180;1175;1223;1155;1121;1118;1065;1024;1028;1052
20;1356;1360;1329;1317;1280;1164;1164;1248;1210;1187;1185;1225;1168;1119;1124;1068;1034;1041
21;1402;1357;1365;1330;1320;1277;1166;1195;1263;1218;1200;1197;1242;1154;1118;1108;1090;1039
22;1453;1395;1358;1375;1336;1334;1278;1174;1199;1269;1223;1215;1196;1246;1160;1118;1117;1091
23;1471;1452;1397;1360;1365;1340;1360;1299;1173;1187;1276;1241;1226;1201;1235;1158;1121;1122
24;1517;1467;1474;1394;1364;1357;1338;1376;1305;1187;1193;1271;1244;1235;1188;1231;1166;1118
25;1484;1527;1474;1488;1390;1373;1383;1332;1384;1313;1184;1194;1259;1247;1227;1188;1220;1164
26;1685;1475;1547;1476;1507;1391;1397;1395;1337;1383;1309;1186;1202;1268;1252;1236;1171;1203
27;1695;1711;1494;1540;1461;1491;1396;1398;1379;1320;1384;1301;1198;1191;1264;1224;1219;1149
28;1613;1697;1733;1515;1541;1472;1531;1409;1356;1373;1319;1391;1301;1167;1182;1251;1191;1191
29;1732;1631;1703;1728;1484;1530;1494;1521;1395;1349;1365;1317;1373;1299;1144;1157;1211;1172
30;1611;1751;1651;1698;1697;1472;1572;1506;1512;1353;1344;1346;1326;1349;1276;1140;1147;1185
31;1635;1604;1743;1649;1678;1681;1477;1565;1497;1488;1353;1331;1353;1316;1307;1260;1128;1142
32;1684;1605;1582;1671;1600;1645;1660;1437;1514;1469;1434;1336;1333;1344;1296;1266;1242;1100
33;1680;1679;1596;1559;1630;1562;1638;1644;1408;1489;1437;1426;1329;1312;1348;1278;1248;1219
34;1758;1680;1699;1597;1571;1643;1612;1649;1637;1402;1491;1432;1417;1327;1310;1340;1254;1215
35;1816;1752;1667;1723;1588;1551;1666;1611;1638;1627;1397;1496;1433;1410;1304;1285;1326;1221
36;1770;1826;1772;1683;1706;1589;1573;1677;1609;1634;1619;1379;1485;1434;1403;1288;1278;1300
37;1749;1768;1827;1783;1671;1694;1606;1576;1673;1607;1634;1615;1395;1478;1436;1394;1285;1274
38;1676;1755;1780;1836;1772;1686;1713;1611;1596;1656;1599;1629;1613;1394;1467;1437;1397;1278
39;1693;1658;1771;1786;1840;1774;1720;1732;1625;1589;1664;1602;1637;1609;1396;1465;1430;1385
40;1653;1693;1659;1781;1785;1842;1781;1732;1737;1638;1591;1669;1609;1649;1615;1398;1463;1411
41;1710;1657;1708;1651;1783;1779;1841;1791;1727;1735;1635;1578;1679;1607;1646;1602;1389;1461
42;1620;1702;1661;1699;1645;1789;1773;1845;1788;1723;1740;1631;1579;1682;1608;1635;1601;1389
43;1623;1623;1709;1670;1706;1649;1790;1777;1856;1799;1719;1760;1638;1574;1675;1602;1633;1606
44;1517;1638;1641;1703;1664;1714;1658;1803;1774;1869;1790;1719;1774;1637;1581;1666;1598;1629
45;1495;1521;1648;1647;1696;1661;1728;1653;1811;1782;1877;1799;1725;1765;1639;1574;1677;1602
46;1520;1499;1541;1645;1651;1698;1666;1735;1663;1807;1776;1881;1813;1718;1757;1635;1578;1674
47;1600;1517;1508;1541;1653;1664;1705;1673;1739;1668;1808;1782;1880;1806;1718;1753;1637;1574
48;1376;1593;1518;1517;1548;1650;1681;1712;1671;1725;1666;1826;1800;1875;1812;1720;1743;1644
49;1526;1375;1609;1518;1521;1545;1663;1688;1695;1664;1721;1670;1820;1796;1866;1803;1725;1748
50;1393;1522;1380;1613;1519;1521;1558;1663;1682;1691;1668;1724;1677;1821;1794;1862;1802;1717
51;1524;1396;1523;1382;1602;1527;1530;1562;1663;1682;1688;1670;1716;1681;1825;1794;1863;1803
52;1568;1514;1407;1518;1379;1593;1519;1536;1553;1664;1691;1698;1667;1704;1681;1825;1790;1853
53;1559;1578;1517;1413;1512;1378;1597;1513;1535;1554;1667;1682;1709;1667;1696;1678;1819;1795
54;1449;1552;1589;1515;1414;1516;1391;1592;1515;1531;1557;1667;1685;1706;1670;1692;1673;1822
55;1358;1452;1559;1575;1518;1408;1512;1394;1597;1517;1531;1565;1665;1682;1706;1664;1690;1672
56;1111;1363;1467;1553;1567;1512;1395;1512;1385;1594;1513;1541;1567;1659;1672;1703;1655;1699
57;1122;1116;1373;1468;1556;1567;1500;1400;1506;1387;1597;1509;1533;1551;1655;1668;1691;1641
58;1077;1122;1122;1367;1475;1551;1574;1498;1398;1493;1376;1598;1517;1535;1548;1652;1662;1688
59;1039;1071;1113;1129;1377;1475;1549;1572;1485;1397;1493;1368;1594;1508;1525;1549;1633;1654
60;1206;1043;1064;1114;1130;1358;1472;1540;1557;1481;1389;1491;1363;1587;1509;1520;1533;1626
61;1408;1202;1039;1062;1103;1133;1353;1480;1536;1556;1477;1390;1496;1359;1579;1509;1508;1533
62;1551;1412;1205;1034;1054;1090;1123;1353;1470;1531;1546;1483;1390;1491;1358;1567;1503;1513
63;1280;1550;1397;1197;1026;1056;1089;1119;1350;1466;1526;1555;1482;1376;1486;1354;1564;1501
64;1393;1277;1545;1392;1187;1019;1051;1086;1116;1344;1462;1511;1549;1474;1364;1487;1355;1557
65;1472;1394;1277;1541;1388;1190;1021;1045;1082;1108;1343;1452;1505;1545;1475;1360;1481;1353
66;1534;1465;1397;1269;1539;1375;1181;1019;1049;1079;1102;1334;1442;1505;1539;1466;1354;1472
67;1478;1529;1456;1399;1265;1525;1367;1168;1007;1048;1075;1093;1327;1434;1498;1521;1448;1344
68;1496;1460;1506;1442;1383;1256;1519;1354;1157;996;1035;1065;1095;1314;1420;1490;1509;1440
69;1363;1471;1447;1485;1425;1358;1246;1512;1345;1141;990;1026;1057;1087;1299;1418;1482;1502
70;1391;1353;1456;1430;1459;1401;1346;1236;1497;1337;1140;990;1017;1050;1076;1301;1404;1466
71;1558;1365;1346;1434;1413;1442;1388;1337;1223;1475;1318;1130;990;996;1043;1064;1284;1385
72;1355;1539;1346;1336;1409;1398;1421;1362;1321;1209;1462;1311;1117;977;985;1038;1051;1271
73;1340;1347;1513;1327;1304;1391;1373;1395;1332;1303;1197;1451;1296;1099;964;981;1023;1042
74;1352;1325;1319;1479;1295;1288;1374;1355;1375;1305;1278;1181;1428;1282;1085;951;974;1006
75;1363;1349;1305;1300;1448;1271;1265;1335;1335;1346;1281;1259;1160;1413;1259;1071;936;968
76;1237;1332;1326;1268;1263;1412;1240;1241;1315;1302;1319;1262;1240;1139;1375;1238;1053;919
77;1142;1207;1294;1292;1239;1218;1382;1206;1215;1290;1270;1298;1217;1218;1110;1344;1225;1037
78;1119;1116;1162;1250;1251;1195;1175;1348;1186;1174;1255;1238;1269;1197;1187;1086;1312;1189
79;1160;1097;1083;1120;1194;1230;1162;1133;1308;1139;1141;1230;1217;1247;1169;1163;1066;1275
80;1144;1123;1059;1037;1074;1148;1179;1125;1089;1264;1110;1116;1195;1186;1203;1142;1121;1031
81;1067;1094;1064;1006;998;1016;1087;1142;1073;1041;1200;1075;1089;1144;1136;1156;1106;1080
82;616;1017;1041;1035;964;955;973;1045;1097;1031;999;1136;1015;1036;1094;1081;1098;1070
83;395;596;970;997;974;906;906;911;985;1052;985;963;1083;979;979;1032;1035;1049
84;424;369;553;912;947;923;829;868;844;935;992;920;916;1037;914;921;975;989
85;502;383;346;508;842;858;867;766;801;791;867;922;875;862;983;866;868;920
86;660;474;349;315;461;760;780;798;707;730;710;801;855;802;792;929;801;805
87;431;581;432;314;277;410;675;700;717;643;658;653;720;805;736;758;865;738
88;473;368;503;377;293;249;371;583;597;632;578;591;589;667;743;665;677;796
89;412;386;294;431;343;260;222;319;528;549;535;515;527;531;588;658;594;601
90;329;341;325;238;376;287;226;200;275;456;490;464;460;473;458;524;577;531
91;312;265;288;276;198;308;242;188;165;224;394;429;410;402;398;388;460;505
92;178;259;211;235;221;169;265;212;163;148;198;333;359;348;319;346;331;399
93;127;145;202;167;202;182;134;233;179;125;120;155;280;297;277;271;280;276
94;107;104;110;171;135;163;152;129;191;141;103;102;126;228;237;230;219;234
95;73;88;84;85;135;115;128;127;106;150;116;81;89;110;168;192;179;175
96;64;60;58;67;61;101;80;106;91;86;122;91;61;72;80;141;143;147
97;44;46;42;46;50;41;67;62;81;70;70;98;63;50;55;63;102;109
98;20;31;29;33;34;34;36;49;43;64;54;51;76;43;44;34;43;81
99;16;18;20;17;26;19;27;26;30;38;51;39;33;53;26;34;24;30
100 e oltre;21;20;24;31;31;32;34;27;43;45;58;62;67;61;70;60;58;56
Totale;118567;118479;118551;118309;117782;117421;117685;117683;117135;116668;116280;116040;115838;115185;114299;113550;112583;111716

"Ricostruzione della popolazione intercensuaria - Popolazione al 1° gennaio per età"
"Cittadinanza italiana - Provincia: Campobasso"
Età/Anno;2002;2003;2004;2005;2006;2007;2008;2009;2010;2011;2012;2013;2014;2015;2016;2017;2018;2019
Età;Totale
0;1863;1871;1900;1843;1777;1762;1759;1735;1591;1734;1626;1561;1523;1465;1439;1371;1397;1208
1;1928;1863;1868;1901;1830;1778;1761;1753;1731;1569;1716;1617;1532;1512;1464;1444;1360;1392
2;2103;1951;1863;1875;1880;1833;1785;1762;1753;1732;1571;1716;1614;1515;1493;1474;1439;1359
3;1993;2116;1947;1872;1869;1867;1835;1791;1755;1743;1731;1578;1714;1604;1510;1503;1476;1431
4;2019;1989;2119;1945;1893;1882;1878;1833;1790;1757;1744;1738;1584;1706;1608;1513;1508;1474
5;2010;2025;1991;2101;1944;1902;1891;1891;1838;1793;1752;1736;1749;1587;1706;1610;1517;1507
6;2148;2007;2026;2010;2113;1963;1903;1895;1893;1847;1798;1750;1743;1756;1597;1709;1609;1531
7;2168;2146;2024;2035;2015;2113;1974;1913;1888;1891;1848;1804;1752;1747;1739;1594;1707;1613
8;2270;2177;2147;2017;2035;2018;2117;1987;1910;1893;1896;1849;1802;1762;1746;1742;1591;1708
9;2410;2259;2186;2161;2019;2038;2023;2111;1997;1917;1889;1895;1861;1810;1769;1745;1739;1582
10;2386;2407;2265;2182;2159;2024;2052;2041;2113;2001;1920;1889;1909;1858;1807;1770;1749;1744
11;2410;2399;2407;2261;2198;2170;2034;2069;2044;2118;2005;1921;1894;1911;1857;1802;1768;1751
12;2386;2402;2403;2421;2261;2200;2174;2056;2068;2048;2116;2009;1936;1898;1907;1861;1799;1761
13;2449;2387;2388;2409;2426;2263;2202;2179;2060;2077;2046;2120;2019;1938;1905;1908;1856;1795
14;2407;2454;2383;2378;2408;2433;2270;2219;2181;2064;2088;2042;2116;2013;1940;1910;1903;1849
15;2411;2411;2451;2386;2375;2408;2438;2290;2222;2181;2071;2090;2043;2110;2017;1944;1908;1894
16;2546;2416;2413;2455;2386;2375;2415;2455;2286;2220;2185;2069;2098;2046;2116;2012;1938;1899
17;2604;2542;2409;2422;2450;2384;2375;2415;2450;2287;2224;2200;2074;2092;2057;2112;2019;1926
18;2717;2598;2549;2405;2412;2460;2391;2374;2413;2450;2289;2234;2205;2078;2094;2069;2119;2020
19;2758;2720;2586;2554;2395;2419;2466;2406;2373;2413;2444;2294;2231;2195;2082;2092;2079;2108
20;2811;2730;2706;2584;2545;2381;2416;2462;2392;2369;2401;2442;2307;2227;2193;2073;2089;2077
21;2777;2811;2720;2700;2571;2530;2354;2432;2467;2388;2379;2405;2449;2293;2220;2173;2064;2084
22;2901;2778;2787;2724;2688;2565;2517;2332;2427;2454;2385;2376;2398;2451;2293;2207;2151;2046
23;2942;2909;2761;2771;2700;2680;2571;2529;2323;2414;2451;2388;2383;2396;2438;2277;2197;2162
24;2985;2959;2919;2740;2748;2685;2654;2561;2531;2310;2410;2438;2371;2380;2379;2405;2268;2182
25;3065;2987;2960;2930;2727;2766;2679;2618;2555;2523;2284;2410;2410;2361;2368;2367;2367;2248
26;3287;3065;3023;2952;2914;2716;2752;2649;2607;2525;2511;2283;2397;2402;2343;2337;2338;2333
27;3377;3307;3089;2990;2920;2892;2710;2735;2621;2580;2501;2501;2265;2382;2373;2303;2309;2303
28;3179;3387;3329;3060;2950;2896;2888;2667;2669;2589;2559;2479;2470;2223;2347;2321;2245;2257
29;3317;3179;3379;3319;3022;2924;2886;2865;2629;2625;2565;2537;2435;2453;2189;2286;2277;2202
30;3207;3337;3176;3347;3258;2993;2949;2858;2811;2567;2592;2537;2535;2415;2399;2159;2251;2217
31;3261;3206;3318;3159;3302;3245;2968;2923;2842;2778;2541;2562;2523;2497;2365;2351;2129;2222
32;3407;3246;3156;3230;3095;3255;3214;2938;2880;2796;2724;2519;2533;2495;2463;2300;2322;2079
33;3296;3403;3227;3123;3187;3044;3219;3180;2901;2857;2761;2706;2490;2509;2484;2424;2283;2275
34;3368;3270;3394;3182;3088;3159;3040;3193;3142;2856;2824;2733;2690;2445;2482;2449;2388;2239
35;3487;3379;3244;3396;3147;3065;3142;3064;3189;3112;2836;2819;2709;2671;2398;2440;2435;2341
36;3482;3498;3415;3274;3375;3163;3088;3167;3072;3184;3118;2822;2786;2699;2639;2392;2411;2405
37;3504;3499;3493;3428;3258;3365;3168;3110;3166;3069;3177;3115;2816;2771;2685;2630;2391;2411
38;3315;3515;3489;3497;3419;3263;3379;3163;3104;3160;3057;3162;3116;2799;2777;2677;2621;2383
39;3333;3296;3535;3492;3480;3418;3283;3370;3178;3088;3166;3048;3148;3110;2786;2774;2666;2601
40;3349;3339;3295;3552;3490;3483;3412;3282;3371;3182;3093;3170;3062;3150;3106;2783;2750;2654
41;3351;3353;3354;3283;3556;3479;3480;3407;3277;3365;3179;3086;3170;3050;3149;3073;2781;2737
42;3143;3351;3354;3358;3279;3551;3479;3485;3413;3285;3377;3183;3086;3165;3051;3127;3078;2769
43;3038;3151;3352;3357;3362;3286;3548;3484;3501;3425;3281;3395;3185;3078;3161;3042;3119;3073
44;3031;3064;3169;3351;3348;3362;3278;3564;3475;3503;3414;3277;3409;3177;3087;3147;3029;3117
45;3032;3039;3063;3171;3347;3343;3364;3278;3577;3487;3499;3413;3290;3394;3189;3084;3142;3024
46;3047;3040;3044;3064;3174;3347;3332;3354;3272;3568;3474;3498;3407;3281;3385;3181;3071;3139
47;3102;3047;3040;3034;3067;3180;3338;3330;3350;3293;3555;3479;3492;3401;3287;3366;3179;3061
48;2789;3092;3057;3054;3031;3062;3187;3325;3312;3339;3296;3562;3489;3495;3413;3285;3346;3176
49;2986;2786;3103;3054;3058;3036;3062;3183;3311;3293;3336;3304;3559;3480;3488;3407;3292;3337
50;2751;2980;2780;3100;3058;3054;3026;3061;3182;3304;3306;3326;3315;3556;3474;3476;3398;3284
51;3039;2755;2971;2777;3083;3052;3049;3023;3070;3176;3295;3303;3320;3321;3572;3474;3467;3373
52;3168;3030;2746;2960;2769;3072;3034;3052;3007;3067;3177;3301;3297;3305;3316;3564;3461;3457
53;3134;3168;3029;2745;2957;2772;3070;3026;3050;3011;3060;3167;3300;3293;3287;3316;3561;3469
54;2862;3126;3176;3023;2737;2950;2779;3056;3001;3044;3015;3056;3174;3297;3300;3266;3312;3555
55;2779;2870;3126;3151;3016;2725;2938;2773;3058;3006;3034;3020;3043;3168;3292;3287;3255;3295
56;2208;2783;2882;3119;3133;2986;2713;2927;2759;3052;2997;3038;3012;3036;3154;3282;3280;3258
57;2213;2209;2785;2896;3118;3122;2975;2713;2918;2752;3048;2984;3014;2994;3024;3139;3263;3253
58;2148;2221;2206;2762;2894;3115;3115;2974;2712;2899;2733;3041;2986;3003;2986;3009;3133;3258
59;2031;2136;2208;2203;2765;2885;3095;3097;2947;2706;2882;2715;3027;2965;2987;2974;2979;3115
60;2342;2036;2121;2199;2199;2751;2881;3080;3074;2929;2699;2876;2699;3006;2960;2964;2948;2965
61;2724;2329;2021;2109;2181;2199;2732;2873;3063;3072;2926;2690;2872;2672;2982;2960;2943;2927
62;2934;2730;2319;2008;2092;2166;2175;2723;2849;3046;3050;2923;2687;2860;2655;2960;2923;2928
63;2502;2931;2707;2299;1995;2075;2158;2158;2701;2834;3029;3055;2908;2663;2849;2646;2939;2903
64;2603;2487;2904;2682;2278;1974;2061;2142;2143;2689;2826;3002;3034;2891;2644;2843;2635;2913
65;2701;2605;2473;2885;2669;2275;1963;2045;2125;2137;2672;2797;2974;3019;2883;2618;2815;2611
66;2829;2688;2597;2464;2862;2632;2257;1956;2037;2108;2123;2652;2781;2966;3006;2860;2605;2792
67;2768;2800;2658;2580;2448;2833;2601;2241;1929;2023;2090;2099;2624;2753;2934;2972;2829;2585
68;2780;2725;2765;2613;2550;2414;2800;2569;2216;1907;1998;2073;2089;2595;2724;2907;2928;2815
69;2601;2740;2694;2720;2571;2508;2384;2772;2535;2178;1886;1974;2042;2066;2566;2691;2876;2902
70;2650;2567;2698;2661;2651;2530;2489;2359;2741;2505;2158;1872;1965;2013;2038;2548;2663;2832
71;2800;2589;2518;2639;2633;2612;2493;2441;2328;2685;2463;2123;1867;1921;1992;2007;2514;2622
72;2430;2741;2525;2488;2568;2603;2567;2448;2387;2289;2649;2434;2086;1833;1896;1966;1975;2479
73;2379;2383;2698;2459;2412;2511;2548;2504;2387;2343;2256;2617;2376;2041;1790;1873;1927;1938
74;2394;2331;2313;2633;2374;2361;2464;2486;2442;2335;2290;2223;2571;2339;2003;1767;1841;1896
75;2364;2355;2267;2249;2538;2310;2286;2395;2437;2377;2282;2240;2170;2520;2277;1954;1725;1803
76;2163;2295;2295;2185;2170;2453;2234;2213;2334;2363;2299;2222;2201;2118;2435;2222;1904;1674
77;1967;2093;2221;2213;2107;2091;2372;2151;2140;2264;2276;2240;2151;2148;2053;2371;2168;1865
78;1926;1906;2008;2128;2141;2014;2006;2291;2086;2068;2189;2216;2183;2091;2067;1995;2303;2098
79;1887;1858;1838;1932;2026;2083;1937;1917;2198;1987;1987;2117;2157;2114;2008;2006;1933;2228
80;1873;1815;1771;1743;1840;1929;1994;1841;1840;2095;1910;1915;2031;2073;2019;1935;1925;1848
81;1751;1759;1694;1644;1653;1731;1827;1914;1753;1770;1974;1845;1843;1934;1955;1926;1852;1846
82;970;1611;1660;1606;1535;1533;1631;1718;1818;1664;1672;1860;1736;1746;1812;1856;1820;1760
83;639;917;1474;1565;1505;1414;1406;1484;1577;1680;1579;1579;1756;1642;1636;1700;1766;1711
84;666;588;842;1373;1470;1390;1287;1318;1348;1454;1528;1456;1481;1654;1506;1523;1578;1660
85;806;598;537;759;1242;1326;1288;1182;1212;1258;1329;1411;1347;1371;1533;1390;1413;1477
86;1014;736;539;490;668;1119;1197;1174;1098;1113;1114;1211;1293;1220;1247;1425;1268;1287
87;715;880;676;478;425;595;978;1061;1055;990;992;1004;1078;1194;1100;1176;1292;1156
88;693;614;767;589;434;372;536;859;910;925;872;872;896;982;1072;984;1041;1163
89;610;579;504;642;524;380;325;455;775;814;793;757;771;789;849;941;860;918
90;480;509;481;409;538;445;321;287;388;662;715;690;659;686;670;743;823;745
91;451;394;416;403;329;441;376;266;243;320;563;613;597;566;575;555;634;700
92;256;368;311;335;325;261;368;304;221;205;276;461;512;490;430;487;467;537
93;193;207;292;243;278;265;206;314;252;169;167;215;379;418;393;365;391;390
94;140;152;154;233;193;217;213;191;248;201;142;138;173;311;316;318;287;321
95;95;116;119;119;183;160;165;175;150;191;166;112;115;151;226;259;245;232
96;87;75;79;100;90;136;114;129;124;116;155;132;90;89;110;190;193;194
97;54;65;54;59;75;62;93;78;92;92;95;121;88;70;68;87;137;148
98;27;34;44;41;44;49;54;61;56;70;70;66;90;65;59;44;56;98
99;21;23;22;25;31;27;38;36;40;48;56;52;44;64;40;44;33;40
100 e oltre;24;28;33;36;40;42;47;43;60;66;75;76;85;74;85;80;76;69
Totale;228797;228698;228294;227583;226368;225448;224766;224039;222837;221778;220643;219743;218768;217409;215645;213970;212130;210099
Età/Anno;2002;2003;2004;2005;2006;2007;2008;2009;2010;2011;2012;2013;2014;2015;2016;2017;2018;2019
Età;Maschi
0;967;956;982;981;954;892;909;917;823;905;823;812;780;766;736;712;736;628
1;958;966;953;984;983;959;896;906;914;814;896;815;790;776;772;734;703;731
2;1089;973;958;960;970;974;954;897;909;909;812;892;806;777;763;788;736;695
3;1036;1096;973;963;963;966;981;956;892;904;906;815;894;804;781;769;790;731
4;1048;1043;1095;974;977;968;966;984;960;896;906;911;813;893;811;782;775;793
5;1011;1055;1039;1089;976;976;968;974;983;964;891;900;922;814;898;810;785;766
6;1086;1002;1062;1049;1096;985;979;966;977;992;965;886;906;930;821;901;811;799
7;1103;1089;1010;1071;1054;1091;990;983;965;977;988;968;886;904;928;815;901;813
8;1173;1107;1089;1010;1070;1063;1094;1005;984;967;978;991;967;894;902;925;812;901
9;1244;1170;1114;1097;1013;1069;1057;1095;1011;990;970;980;993;972;903;901;922;813
10;1243;1239;1175;1114;1094;1023;1077;1065;1098;1018;991;968;991;992;970;903;904;922
11;1226;1256;1240;1165;1121;1095;1030;1080;1072;1097;1018;992;968;994;988;970;905;903
12;1224;1227;1257;1248;1163;1124;1100;1040;1076;1073;1100;1021;1002;973;989;991;964;898
13;1235;1224;1219;1259;1249;1167;1126;1103;1041;1076;1073;1099;1025;1003;976;988;993;961
14;1269;1238;1221;1219;1253;1251;1170;1138;1100;1040;1083;1071;1092;1021;1008;979;984;989
15;1260;1268;1234;1219;1219;1257;1251;1183;1147;1101;1044;1084;1073;1089;1014;1003;981;977
16;1271;1260;1277;1238;1213;1220;1261;1261;1178;1150;1103;1044;1091;1074;1095;1017;1001;974
17;1277;1268;1250;1283;1236;1211;1221;1263;1259;1177;1154;1112;1046;1094;1077;1092;1020;997
18;1398;1270;1272;1246;1280;1239;1212;1222;1259;1262;1180;1156;1108;1048;1093;1084;1099;1013
19;1394;1393;1265;1278;1240;1278;1245;1228;1223;1268;1258;1177;1146;1106;1045;1097;1086;1099
20;1458;1379;1393;1275;1277;1230;1284;1243;1219;1218;1257;1259;1190;1146;1105;1041;1098;1085
21;1383;1456;1371;1391;1263;1268;1217;1288;1248;1215;1225;1262;1258;1192;1142;1101;1039;1094
22;1459;1391;1442;1372;1379;1256;1269;1207;1285;1242;1217;1217;1268;1259;1190;1136;1090;1032
23;1498;1470;1381;1429;1362;1370;1260;1276;1208;1284;1244;1220;1223;1268;1258;1183;1139;1098
24;1492;1515;1466;1364;1409;1355;1359;1254;1282;1200;1290;1244;1209;1217;1261;1242;1181;1134
25;1609;1484;1515;1471;1360;1430;1351;1344;1248;1285;1187;1301;1232;1212;1211;1255;1224;1167
26;1638;1618;1506;1506;1452;1367;1418;1326;1336;1234;1286;1193;1299;1223;1198;1183;1247;1213
27;1715;1639;1627;1496;1492;1451;1371;1410;1321;1327;1224;1285;1182;1293;1204;1189;1175;1242
28;1598;1729;1660;1610;1475;1479;1439;1340;1389;1318;1318;1210;1269;1166;1282;1171;1164;1151
29;1615;1588;1731;1664;1613;1463;1474;1423;1317;1364;1308;1305;1199;1259;1159;1245;1156;1148
30;1620;1631;1592;1721;1640;1610;1481;1457;1398;1300;1350;1298;1296;1205;1231;1141;1220;1117
31;1658;1631;1637;1593;1704;1639;1603;1462;1447;1391;1285;1338;1286;1274;1190;1205;1126;1199
32;1750;1678;1619;1619;1587;1696;1640;1607;1467;1423;1387;1277;1316;1273;1251;1163;1190;1100
33;1642;1744;1672;1610;1614;1570;1681;1620;1586;1460;1413;1376;1265;1311;1265;1234;1156;1170
34;1644;1612;1719;1632;1572;1581;1540;1654;1589;1547;1424;1395;1367;1232;1291;1238;1217;1138
35;1699;1653;1602;1704;1603;1561;1555;1550;1643;1564;1521;1415;1381;1360;1205;1273;1230;1206
36;1748;1701;1667;1619;1706;1617;1571;1569;1550;1640;1574;1528;1391;1370;1337;1210;1250;1219
37;1792;1759;1702;1675;1618;1709;1618;1591;1573;1554;1634;1578;1523;1385;1361;1335;1208;1250
38;1676;1796;1750;1697;1681;1615;1722;1610;1572;1581;1549;1628;1581;1503;1393;1349;1322;1203
39;1668;1673;1800;1751;1685;1680;1628;1710;1613;1567;1581;1538;1616;1582;1486;1385;1347;1306
40;1722;1671;1669;1804;1749;1691;1679;1631;1709;1615;1574;1588;1544;1611;1573;1479;1365;1351
41;1662;1716;1680;1666;1806;1742;1687;1675;1634;1702;1614;1576;1583;1537;1603;1556;1482;1358
42;1537;1668;1718;1691;1667;1793;1752;1686;1684;1640;1715;1620;1576;1577;1533;1589;1561;1471
43;1433;1541;1671;1716;1691;1672;1797;1753;1694;1687;1643;1724;1614;1575;1582;1527;1581;1554
44;1539;1447;1552;1670;1713;1691;1669;1809;1748;1694;1689;1645;1730;1611;1575;1579;1518;1578
45;1546;1539;1448;1547;1672;1714;1686;1673;1816;1757;1689;1686;1657;1724;1621;1575;1567;1508
46;1548;1550;1534;1451;1545;1674;1703;1674;1666;1812;1747;1688;1679;1658;1720;1615;1562;1560
47;1511;1550;1551;1522;1446;1545;1672;1699;1670;1679;1796;1753;1684;1682;1664;1704;1608;1559
48;1419;1505;1563;1557;1515;1445;1547;1663;1690;1671;1683;1794;1758;1694;1684;1657;1696;1599
49;1468;1416;1510;1563;1564;1522;1441;1541;1661;1676;1673;1690;1798;1750;1692;1682;1657;1690
50;1367;1466;1411;1504;1565;1560;1510;1447;1544;1654;1687;1662;1697;1794;1749;1687;1673;1654
51;1525;1369;1463;1407;1499;1555;1552;1502;1455;1535;1647;1683;1665;1702;1807;1752;1676;1653
52;1610;1524;1359;1456;1401;1496;1544;1553;1494;1449;1532;1648;1683;1656;1696;1804;1742;1670
53;1583;1600;1523;1356;1458;1405;1495;1541;1551;1499;1442;1530;1645;1678;1647;1698;1808;1743
54;1417;1580;1602;1518;1347;1449;1403;1491;1521;1546;1500;1440;1537;1643;1680;1634;1697;1801
55;1430;1422;1577;1586;1510;1341;1443;1400;1485;1525;1537;1504;1433;1535;1637;1673;1625;1680
56;1101;1428;1422;1575;1577;1492;1340;1430;1395;1481;1518;1533;1491;1430;1528;1631;1673;1622
57;1096;1098;1423;1434;1571;1566;1495;1333;1427;1389;1475;1512;1521;1486;1422;1518;1623;1654
58;1079;1104;1091;1405;1425;1573;1552;1495;1333;1419;1381;1468;1510;1506;1479;1409;1517;1624
59;1001;1071;1099;1080;1402;1417;1558;1535;1479;1328;1405;1372;1461;1496;1499;1464;1398;1506
60;1136;1001;1063;1088;1074;1404;1417;1551;1528;1465;1331;1403;1360;1446;1487;1485;1456;1392
61;1322;1130;988;1053;1080;1070;1387;1402;1541;1527;1465;1327;1398;1339;1427;1488;1473;1441
62;1386;1327;1119;980;1041;1079;1058;1378;1389;1528;1514;1459;1328;1392;1323;1417;1461;1458
63;1226;1383;1317;1108;976;1025;1071;1046;1360;1378;1516;1512;1449;1317;1385;1315;1397;1443
64;1215;1213;1361;1301;1096;962;1016;1058;1035;1355;1373;1504;1497;1439;1302;1381;1306;1380
65;1234;1217;1199;1351;1293;1089;950;1007;1046;1035;1340;1354;1485;1487;1429;1283;1361;1286
66;1301;1227;1208;1197;1330;1267;1079;945;994;1031;1028;1329;1348;1475;1483;1415;1275;1343
67;1294;1279;1206;1186;1185;1316;1243;1075;930;982;1017;1013;1310;1330;1450;1467;1401;1264
68;1285;1271;1265;1176;1173;1160;1288;1223;1061;918;970;1012;1000;1294;1317;1433;1435;1394
69;1242;1271;1253;1241;1150;1157;1140;1265;1198;1039;905;956;991;985;1281;1288;1409;1414
70;1262;1218;1243;1235;1198;1132;1151;1126;1249;1175;1021;891;957;967;968;1263;1273;1382
71;1247;1227;1174;1208;1224;1175;1107;1112;1110;1214;1152;996;886;933;954;949;1246;1252
72;1081;1207;1184;1153;1162;1210;1151;1088;1075;1084;1192;1131;970;865;920;933;929;1223
73;1041;1038;1190;1138;1109;1122;1180;1116;1057;1047;1062;1171;1089;944;834;901;910;904
74;1045;1007;995;1158;1085;1074;1094;1136;1072;1033;1020;1044;1148;1067;920;822;874;896
75;1001;1008;964;950;1095;1046;1022;1063;1106;1036;1004;991;1015;1110;1028;885;794;841
76;927;964;971;919;909;1046;1000;973;1023;1065;986;963;972;983;1063;994;854;760
77;825;887;928;924;869;875;995;948;926;978;1010;947;937;940;947;1031;953;832
78;809;791;846;879;893;820;833;946;904;896;937;982;919;897;890;913;994;918
79;727;763;757;812;834;856;776;786;893;851;848;890;945;872;843;852;872;956
80;729;692;715;708;766;782;817;717;752;833;803;800;839;892;820;798;811;822
81;686;665;630;640;655;715;742;774;681;729;776;773;755;793;824;775;751;772
82;354;596;619;571;573;578;659;675;723;634;673;726;724;711;721;779;725;695
83;244;321;507;568;531;510;500;574;594;630;595;616;677;666;658;671;735;666
84;242;219;289;464;523;467;459;450;505;520;538;537;565;621;595;603;606;675
85;305;215;191;251;403;468;421;417;411;468;463;491;473;509;554;527;546;560
86;355;263;190;175;208;362;417;376;392;383;404;411;440;419;457;500;470;483
87;284;300;245;164;148;186;306;361;338;347;334;352;360;391;365;419;430;421
88;221;246;264;212;141;124;165;279;313;293;294;281;308;317;331;320;365;369
89;198;194;210;211;181;120;103;136;250;265;258;242;245;259;263;285;267;318
90;152;168;156;171;162;158;95;87;113;208;225;226;199;214;212;221;248;215
91;139;130;128;127;131;133;134;78;78;96;170;184;187;164;178;167;176;197
92;78;109;100;100;104;92;103;92;58;57;78;129;153;142;112;142;136;140
93;66;62;90;76;76;83;72;81;73;44;47;60;99;121;116;94;112;114
94;33;48;44;62;58;54;61;62;57;60;39;36;47;83;79;88;68;88
95;22;28;36;34;48;45;37;48;44;41;50;31;26;41;58;67;66;57
96;23;15;21;34;29;35;34;23;33;30;33;41;29;17;30;49;50;47
97;10;19;12;13;26;21;26;16;11;22;25;23;25;20;13;24;35;39
98;7;4;15;8;10;16;18;12;13;6;16;15;14;22;15;10;13;17
99;5;5;3;8;5;8;11;10;10;10;5;13;11;11;14;10;9;10
100 e oltre;3;8;9;6;10;11;14;17;18;22;18;15;19;13;15;20;18;13
Totale;111230;111248;111108;110814;110303;109951;109645;109267;108782;108387;107895;107554;107115;106507;105662;104857;104026;103007
Età/Anno;2002;2003;2004;2005;2006;2007;2008;2009;2010;2011;2012;2013;2014;2015;2016;2017;2018;2019
Età;Femmine
0;896;915;918;862;823;870;850;818;768;829;803;749;743;699;703;659;661;580
1;970;897;915;917;847;819;865;847;817;755;820;802;742;736;692;710;657;661
2;1014;978;905;915;910;859;831;865;844;823;759;824;808;738;730;686;703;664
3;957;1020;974;909;906;901;854;835;863;839;825;763;820;800;729;734;686;700
4;971;946;1024;971;916;914;912;849;830;861;838;827;771;813;797;731;733;681
5;999;970;952;1012;968;926;923;917;855;829;861;836;827;773;808;800;732;741
6;1062;1005;964;961;1017;978;924;929;916;855;833;864;837;826;776;808;798;732
7;1065;1057;1014;964;961;1022;984;930;923;914;860;836;866;843;811;779;806;800
8;1097;1070;1058;1007;965;955;1023;982;926;926;918;858;835;868;844;817;779;807
9;1166;1089;1072;1064;1006;969;966;1016;986;927;919;915;868;838;866;844;817;769
10;1143;1168;1090;1068;1065;1001;975;976;1015;983;929;921;918;866;837;867;845;822
11;1184;1143;1167;1096;1077;1075;1004;989;972;1021;987;929;926;917;869;832;863;848
12;1162;1175;1146;1173;1098;1076;1074;1016;992;975;1016;988;934;925;918;870;835;863
13;1214;1163;1169;1150;1177;1096;1076;1076;1019;1001;973;1021;994;935;929;920;863;834
14;1138;1216;1162;1159;1155;1182;1100;1081;1081;1024;1005;971;1024;992;932;931;919;860
15;1151;1143;1217;1167;1156;1151;1187;1107;1075;1080;1027;1006;970;1021;1003;941;927;917
16;1275;1156;1136;1217;1173;1155;1154;1194;1108;1070;1082;1025;1007;972;1021;995;937;925
17;1327;1274;1159;1139;1214;1173;1154;1152;1191;1110;1070;1088;1028;998;980;1020;999;929
18;1319;1328;1277;1159;1132;1221;1179;1152;1154;1188;1109;1078;1097;1030;1001;985;1020;1007
19;1364;1327;1321;1276;1155;1141;1221;1178;1150;1145;1186;1117;1085;1089;1037;995;993;1009
20;1353;1351;1313;1309;1268;1151;1132;1219;1173;1151;1144;1183;1117;1081;1088;1032;991;992
21;1394;1355;1349;1309;1308;1262;1137;1144;1219;1173;1154;1143;1191;1101;1078;1072;1025;990
22;1442;1387;1345;1352;1309;1309;1248;1125;1142;1212;1168;1159;1130;1192;1103;1071;1061;1014
23;1444;1439;1380;1342;1338;1310;1311;1253;1115;1130;1207;1168;1160;1128;1180;1094;1058;1064
24;1493;1444;1453;1376;1339;1330;1295;1307;1249;1110;1120;1194;1162;1163;1118;1163;1087;1048
25;1456;1503;1445;1459;1367;1336;1328;1274;1307;1238;1097;1109;1178;1149;1157;1112;1143;1081
26;1649;1447;1517;1446;1462;1349;1334;1323;1271;1291;1225;1090;1098;1179;1145;1154;1091;1120
27;1662;1668;1462;1494;1428;1441;1339;1325;1300;1253;1277;1216;1083;1089;1169;1114;1134;1061
28;1581;1658;1669;1450;1475;1417;1449;1327;1280;1271;1241;1269;1201;1057;1065;1150;1081;1106
29;1702;1591;1648;1655;1409;1461;1412;1442;1312;1261;1257;1232;1236;1194;1030;1041;1121;1054
30;1587;1706;1584;1626;1618;1383;1468;1401;1413;1267;1242;1239;1239;1210;1168;1018;1031;1100
31;1603;1575;1681;1566;1598;1606;1365;1461;1395;1387;1256;1224;1237;1223;1175;1146;1003;1023
32;1657;1568;1537;1611;1508;1559;1574;1331;1413;1373;1337;1242;1217;1222;1212;1137;1132;979
33;1654;1659;1555;1513;1573;1474;1538;1560;1315;1397;1348;1330;1225;1198;1219;1190;1127;1105
34;1724;1658;1675;1550;1516;1578;1500;1539;1553;1309;1400;1338;1323;1213;1191;1211;1171;1101
35;1788;1726;1642;1692;1544;1504;1587;1514;1546;1548;1315;1404;1328;1311;1193;1167;1205;1135
36;1734;1797;1748;1655;1669;1546;1517;1598;1522;1544;1544;1294;1395;1329;1302;1182;1161;1186
37;1712;1740;1791;1753;1640;1656;1550;1519;1593;1515;1543;1537;1293;1386;1324;1295;1183;1161
38;1639;1719;1739;1800;1738;1648;1657;1553;1532;1579;1508;1534;1535;1296;1384;1328;1299;1180
39;1665;1623;1735;1741;1795;1738;1655;1660;1565;1521;1585;1510;1532;1528;1300;1389;1319;1295
40;1627;1668;1626;1748;1741;1792;1733;1651;1662;1567;1519;1582;1518;1539;1533;1304;1385;1303
41;1689;1637;1674;1617;1750;1737;1793;1732;1643;1663;1565;1510;1587;1513;1546;1517;1299;1379
42;1606;1683;1636;1667;1612;1758;1727;1799;1729;1645;1662;1563;1510;1588;1518;1538;1517;1298
43;1605;1610;1681;1641;1671;1614;1751;1731;1807;1738;1638;1671;1571;1503;1579;1515;1538;1519
44;1492;1617;1617;1681;1635;1671;1609;1755;1727;1809;1725;1632;1679;1566;1512;1568;1511;1539
45;1486;1500;1615;1624;1675;1629;1678;1605;1761;1730;1810;1727;1633;1670;1568;1509;1575;1516
46;1499;1490;1510;1613;1629;1673;1629;1680;1606;1756;1727;1810;1728;1623;1665;1566;1509;1579
47;1591;1497;1489;1512;1621;1635;1666;1631;1680;1614;1759;1726;1808;1719;1623;1662;1571;1502
48;1370;1587;1494;1497;1516;1617;1640;1662;1622;1668;1613;1768;1731;1801;1729;1628;1650;1577
49;1518;1370;1593;1491;1494;1514;1621;1642;1650;1617;1663;1614;1761;1730;1796;1725;1635;1647
50;1384;1514;1369;1596;1493;1494;1516;1614;1638;1650;1619;1664;1618;1762;1725;1789;1725;1630
51;1514;1386;1508;1370;1584;1497;1497;1521;1615;1641;1648;1620;1655;1619;1765;1722;1791;1720
52;1558;1506;1387;1504;1368;1576;1490;1499;1513;1618;1645;1653;1614;1649;1620;1760;1719;1787
53;1551;1568;1506;1389;1499;1367;1575;1485;1499;1512;1618;1637;1655;1615;1640;1618;1753;1726
54;1445;1546;1574;1505;1390;1501;1376;1565;1480;1498;1515;1616;1637;1654;1620;1632;1615;1754
55;1349;1448;1549;1565;1506;1384;1495;1373;1573;1481;1497;1516;1610;1633;1655;1614;1630;1615
56;1107;1355;1460;1544;1556;1494;1373;1497;1364;1571;1479;1505;1521;1606;1626;1651;1607;1636
57;1117;1111;1362;1462;1547;1556;1480;1380;1491;1363;1573;1472;1493;1508;1602;1621;1640;1599
58;1069;1117;1115;1357;1469;1542;1563;1479;1379;1480;1352;1573;1476;1497;1507;1600;1616;1634
59;1030;1065;1109;1123;1363;1468;1537;1562;1468;1378;1477;1343;1566;1469;1488;1510;1581;1609
60;1206;1035;1058;1111;1125;1347;1464;1529;1546;1464;1368;1473;1339;1560;1473;1479;1492;1573
61;1402;1199;1033;1056;1101;1129;1345;1471;1522;1545;1461;1363;1474;1333;1555;1472;1470;1486
62;1548;1403;1200;1028;1051;1087;1117;1345;1460;1518;1536;1464;1359;1468;1332;1543;1462;1470
63;1276;1548;1390;1191;1019;1050;1087;1112;1341;1456;1513;1543;1459;1346;1464;1331;1542;1460
64;1388;1274;1543;1381;1182;1012;1045;1084;1108;1334;1453;1498;1537;1452;1342;1462;1329;1533
65;1467;1388;1274;1534;1376;1186;1013;1038;1079;1102;1332;1443;1489;1532;1454;1335;1454;1325
66;1528;1461;1389;1267;1532;1365;1178;1011;1043;1077;1095;1323;1433;1491;1523;1445;1330;1449
67;1474;1521;1452;1394;1263;1517;1358;1166;999;1041;1073;1086;1314;1423;1484;1505;1428;1321
68;1495;1454;1500;1437;1377;1254;1512;1346;1155;989;1028;1061;1089;1301;1407;1474;1493;1421
69;1359;1469;1441;1479;1421;1351;1244;1507;1337;1139;981;1018;1051;1081;1285;1403;1467;1488
70;1388;1349;1455;1426;1453;1398;1338;1233;1492;1330;1137;981;1008;1046;1070;1285;1390;1450
71;1553;1362;1344;1431;1409;1437;1386;1329;1218;1471;1311;1127;981;988;1038;1058;1268;1370
72;1349;1534;1341;1335;1406;1393;1416;1360;1312;1205;1457;1303;1116;968;976;1033;1046;1256
73;1338;1345;1508;1321;1303;1389;1368;1388;1330;1296;1194;1446;1287;1097;956;972;1017;1034
74;1349;1324;1318;1475;1289;1287;1370;1350;1370;1302;1270;1179;1423;1272;1083;945;967;1000
75;1363;1347;1303;1299;1443;1264;1264;1332;1331;1341;1278;1249;1155;1410;1249;1069;931;962
76;1236;1331;1324;1266;1261;1407;1234;1240;1311;1298;1313;1259;1229;1135;1372;1228;1050;914
77;1142;1206;1293;1289;1238;1216;1377;1203;1214;1286;1266;1293;1214;1208;1106;1340;1215;1033
78;1117;1115;1162;1249;1248;1194;1173;1345;1182;1172;1252;1234;1264;1194;1177;1082;1309;1180
79;1160;1095;1081;1120;1192;1227;1161;1131;1305;1136;1139;1227;1212;1242;1165;1154;1061;1272
80;1144;1123;1056;1035;1074;1147;1177;1124;1088;1262;1107;1115;1192;1181;1199;1137;1114;1026
81;1065;1094;1064;1004;998;1016;1085;1140;1072;1041;1198;1072;1088;1141;1131;1151;1101;1074
82;616;1015;1041;1035;962;955;972;1043;1095;1030;999;1134;1012;1035;1091;1077;1095;1065
83;395;596;967;997;974;904;906;910;983;1050;984;963;1079;976;978;1029;1031;1045
84;424;369;553;909;947;923;828;868;843;934;990;919;916;1033;911;920;972;985
85;501;383;346;508;839;858;867;765;801;790;866;920;874;862;979;863;867;917
86;659;473;349;315;460;757;780;798;706;730;710;800;853;801;790;925;798;804
87;431;580;431;314;277;409;672;700;717;643;658;652;718;803;735;757;862;735
88;472;368;503;377;293;248;371;580;597;632;578;591;588;665;741;664;676;794
89;412;385;294;431;343;260;222;319;525;549;535;515;526;530;586;656;593;600
90;328;341;325;238;376;287;226;200;275;454;490;464;460;472;458;522;575;530
91;312;264;288;276;198;308;242;188;165;224;393;429;410;402;397;388;458;503
92;178;259;211;235;221;169;265;212;163;148;198;332;359;348;318;345;331;397
93;127;145;202;167;202;182;134;233;179;125;120;155;280;297;277;271;279;276
94;107;104;110;171;135;163;152;129;191;141;103;102;126;228;237;230;219;233
95;73;88;83;85;135;115;128;127;106;150;116;81;89;110;168;192;179;175
96;64;60;58;66;61;101;80;106;91;86;122;91;61;72;80;141;143;147
97;44;46;42;46;49;41;67;62;81;70;70;98;63;50;55;63;102;109
98;20;30;29;33;34;33;36;49;43;64;54;51;76;43;44;34;43;81
99;16;18;19;17;26;19;27;26;30;38;51;39;33;53;26;34;24;30
100 e oltre;21;20;24;30;30;31;33;26;42;44;57;61;66;61;70;60;58;56
Totale;117567;117450;117186;116769;116065;115497;115121;114772;114055;113391;112748;112189;111653;110902;109983;109113;108104;107092

"Ricostruzione della popolazione intercensuaria - Popolazione al 1° gennaio per età"
"Cittadinanza straniera - Provincia: Campobasso"
Età/Anno;2002;2003;2004;2005;2006;2007;2008;2009;2010;2011;2012;2013;2014;2015;2016;2017;2018;2019
Età;Totale
0;22;18;25;34;36;46;52;64;88;90;80;100;92;90;90;111;93;86
1;15;21;25;28;27;39;50;58;67;85;93;91;105;92;96;100;115;112
2;9;23;31;26;30;33;54;52;59;76;86;105;100;109;86;93;89;111
3;16;14;26;36;36;33;37;56;55;66;77;100;104;101;110;88;87;94
4;10;19;16;28;40;34;46;44;59;65;67;83;94;104;101;108;83;90
5;16;11;22;17;32;40;45;51;45;66;74;76;96;90;104;95;99;83
6;20;18;15;25;18;37;49;50;64;50;71;78;89;94;90;97;83;104
7;19;21;18;21;27;27;52;64;54;65;56;77;73;88;98;84;87;88
8;20;25;25;23;27;32;37;61;70;57;67;61;79;78;78;92;79;81
9;20;21;30;29;26;31;42;49;66;67;62;70;68;80;75;81;92;72
10;19;23;26;32;30;41;42;53;57;74;80;67;76;74;83;72;76;89
11;20;21;26;31;34;39;49;41;57;62;81;85;80;74;71;80;69;74
12;12;23;24;28;35;36;45;54;43;59;76;85;84;76;78;68;71;74
13;19;12;24;25;33;39;46;52;56;47;63;76;82;82;76;79;69;81
14;22;22;14;23;29;34;46;52;54;62;53;68;82;78;82;67;80;78
15;13;21;25;15;30;31;43;52;64;57;66;63;70;80;77;86;67;72
16;16;14;24;26;16;29;44;49;54;72;66;74;63;70;85;81;88;73
17;11;19;11;29;28;25;37;49;51;58;87;70;81;67;73;96;99;97
18;18;16;26;12;32;35;32;45;61;58;61;82;68;84;93;125;130;121
19;18;19;27;31;20;41;42;46;52;68;66;67;101;68;128;139;280;159
20;12;21;26;24;34;26;70;65;61;67;84;80;80;102;121;168;228;290
21;21;12;39;30;31;36;55;105;91;73;80;99;96;85;146;138;237;238
22;20;19;26;43;42;49;65;95;117;111;93;99;106;116;125;187;203;239
23;38;21;39;32;42;51;88;88;108;118;127;126;113;111;140;167;220;215
24;35;34;42;41;42;44;71;118;97;129;140;140;139;124;149;187;195;217
25;39;34;51;52;48;61;86;100;135;114;142;161;147;162;145;182;212;215
26;44;48;55;48;74;71;110;109;110;155;134;162;195;156;228;199;221;229
27;38;53;59;77;54;84;96;120;129;120;176;146;193;194;205;247;226;220
28;52;48;82;89;99;79;121;129;120;155;142;192;180;198;243;239;262;234
29;41;60;73;103;105;108;123;128;137;128;166;155;213;183;253;277;232;266
30;51;62;103;111;117;130;169;170;155;159;164;161;159;223;218;270;265;226
31;52;58;91;118;117;121;165;177;165;158;176;172;183;169;253;244;267;262
32;54;61;86;97;135;122;140;155;171;164;155;180;184;186;198;250;223;272
33;46;44;74;87;105;135;146;136;151;157;153;165;199;181;218;207;243;220
34;55;43;55;79;89;106;159;167;135;147;153;160;171;202;205;234;212;239
35;48;50;48;73;76;77;133;149;149;130;139;156;178;171;211;201;230;203
36;56;52;53;50;73;80;96;132;136;140;140;147;155;176;194;212;205;222
37;60;50;66;66;60;80;102;94;138;139;147;140;178;162;194;184;213;198
38;56;63;70;71;73;69;114;108;104;135;137;149;144;173;173;201;187;210
39;43;51;68;76;92;76;106;130;109;109;137;147;168;147;175;168;201;179
40;45;43;61;68;80;98;98;133;129;122;114;150;151;176;155;173;157;196
41;51;39;58;62;71;73;99;114;137;124;120;110;163;155;173;156;170;160
42;36;47;48;56;57;72;80;100;115;130;128;121;120;166;158;169;153;168
43;24;35;54;48;54;60;77;88;94;111;133;140;120;122;171;156;172;151
44;38;29;44;46;49;63;80;82;88;102;112;139;145;125;125;175;145;158
45;17;35;46;40;45;52;71;78;86;91;111;122;141;150;134;119;177;140
46;30;15;46;44;38;53;59;79;92;89;85;116;144;151;144;133;122;173
47;20;34;26;50;45;44;71;67;82;87;80;92;124;149;156;143;125;130
48;16;15;39;30;51;46;62;84;79;77;88;89;102;123;139;149;142;124
49;17;16;29;45;40;49;62;68;78;79;77;94;97;98;118;135;145;148
50;16;21;22;29;43;38;71;70;67;72;81;79;101;98;100;120;125;142
51;14;16;30;24;28;42;49;69;67;58;75;81;82;99;102;103;113;129
52;23;12;29;28;24;25;47;51;68;60;64;81;87;76;100;105;101;109
53;10;21;12;32;23;25;32;49;48;65;64;64;94;85;76;97;104;105
54;7;7;29;13;33;25;29;40;56;44;65;69;69;88;83;84;93;108
55;15;8;11;22;14;33;26;32;40;55;47;69;72;72;89;86;86;91
56;6;13;12;11;22;21;32;23;28;36;53;50;69;70;68;87;86;91
57;7;8;19;13;13;25;24;31;23;28;39;58;56;65;71;69;87;79
58;10;7;10;17;13;14;25;25;29;23;30;40;64;54;65;69;69;88
59;11;9;6;10;23;14;17;22;21;28;25;34;43;61;51;63;69;68
60;2;10;9;6;10;16;13;18;25;21;30;29;34;43;57;55;68;72
61;9;4;7;9;7;9;14;14;19;21;21;37;34;39;39;58;56;71
62;5;10;6;7;5;7;10;14;13;18;21;26;40;36;41;41;64;60
63;8;4;8;9;8;8;6;10;18;13;18;25;29;41;35;41;38;63
64;6;7;6;13;7;8;8;6;11;17;13;18;25;28;32;40;45;40
65;7;7;5;16;14;5;10;9;6;11;19;16;22;23;29;35;42;46
66;7;7;9;5;16;12;6;10;10;4;11;22;18;21;26;28;33;40
67;9;9;8;6;5;14;11;4;11;12;5;12;22;19;19;25;29;33
68;4;10;8;10;9;6;14;11;4;11;13;9;11;22;21;21;24;26
69;5;5;11;9;8;12;6;8;10;4;13;14;11;10;24;25;20;22
70;3;5;3;9;7;7;13;7;8;9;8;12;16;8;10;25;21;21
71;10;4;3;7;10;5;5;13;10;7;9;8;14;14;7;12;26;22
72;7;9;7;1;7;13;6;5;14;8;9;10;7;13;16;8;11;24
73;2;3;9;8;1;5;13;8;5;12;7;8;14;8;13;14;9;14
74;6;6;1;7;8;1;7;11;5;5;12;6;8;15;7;11;13;12
75;0;6;5;1;9;9;1;6;10;5;4;14;9;5;14;8;10;10
76;1;1;6;4;2;8;7;1;7;8;6;4;15;8;3;16;7;11
77;0;1;1;7;2;2;6;3;2;7;9;5;4;14;8;5;16;7
78;3;1;0;1;6;2;2;4;4;3;6;10;5;4;14;10;4;14
79;1;2;2;2;2;6;2;2;3;4;2;6;11;5;5;13;10;3
80;0;1;3;3;2;1;5;2;1;2;4;1;5;12;5;6;12;9
81;2;0;1;2;1;2;2;5;2;0;2;4;1;6;10;6;7;10
82;0;3;0;1;2;0;1;2;4;2;0;2;4;1;5;7;5;7
83;0;0;3;0;0;2;0;1;2;3;2;0;7;4;1;5;7;5
84;0;0;0;4;0;0;1;0;1;1;3;2;0;7;4;1;5;7
85;3;0;0;0;4;0;0;1;0;1;1;3;2;0;7;4;1;5
86;1;3;0;0;1;4;0;0;1;0;0;1;3;2;2;7;4;1
87;0;1;2;0;0;1;4;0;0;0;0;1;2;3;2;1;6;4
88;1;0;0;1;0;1;0;4;0;0;0;0;1;2;4;2;1;4
89;0;1;0;0;1;0;0;0;4;0;0;0;1;1;2;4;2;1
90;1;0;0;0;0;1;0;0;0;3;0;0;0;1;0;2;4;1
91;0;1;0;0;0;0;1;0;0;0;2;0;0;0;1;0;2;4
92;0;0;0;0;0;0;0;1;0;0;0;2;0;0;1;1;0;2
93;0;0;0;0;0;0;0;0;1;0;0;0;1;0;0;0;1;0
94;0;0;0;0;0;0;0;0;0;1;0;0;0;1;0;0;0;1
95;0;0;1;0;0;0;0;0;0;0;1;0;0;0;1;0;0;0
96;0;0;0;1;0;0;0;0;0;0;0;1;0;0;0;1;0;0
97;0;0;0;1;1;0;0;0;0;0;0;0;1;0;0;0;1;0
98;0;1;0;0;0;1;0;0;0;0;0;0;0;1;0;0;0;1
99;0;0;1;0;0;0;0;0;0;0;0;0;0;0;1;0;0;0
100 e oltre;0;0;0;1;1;1;1;1;1;1;1;1;1;0;0;0;0;0
Totale;1712;1817;2422;2725;3016;3348;4391;5003;5333;5607;6060;6622;7290;7500;8312;8933;9463;9664
Età/Anno;2002;2003;2004;2005;2006;2007;2008;2009;2010;2011;2012;2013;2014;2015;2016;2017;2018;2019
Età;Maschi
0;7;7;15;19;17;29;27;34;41;46;35;53;53;60;49;56;51;35
1;7;7;14;17;15;20;30;32;37;43;47;41;56;51;64;53;59;59
2;3;12;13;16;19;19;29;31;33;38;42;51;48;62;46;59;48;61
3;7;6;16;18;21;20;19;31;32;35;36;52;55;41;62;48;55;49
4;7;9;6;17;22;19;26;23;31;39;35;34;52;52;41;55;45;53
5;9;6;10;7;17;22;21;29;25;31;44;34;42;48;51;40;52;42
6;11;10;9;12;9;19;26;24;34;29;35;46;42;41;45;49;39;54
7;11;9;10;13;12;14;25;30;25;37;32;38;44;43;43;41;46;40
8;11;14;10;12;16;15;16;25;33;26;37;32;40;50;40;43;42;39
9;12;10;16;11;12;16;20;24;29;31;29;33;37;42;48;38;41;39
10;8;10;12;17;14;19;22;25;30;31;39;29;37;41;43;43;37;40
11;10;10;13;13;17;17;24;21;27;32;33;40;40;35;41;43;40;35
12;7;10;13;12;16;19;15;29;23;27;40;34;40;38;34;38;39;42
13;10;8;10;12;14;18;25;22;29;23;27;42;30;37;39;34;39;41
14;16;12;10;9;17;13;24;26;25;31;26;29;48;30;36;33;35;46
15;4;15;14;8;14;17;15;26;36;27;33;32;27;46;35;40;33;31
16;11;8;16;16;10;11;25;19;26;40;29;41;34;29;50;39;44;32
17;7;14;7;23;19;15;12;27;23;26;49;34;46;37;33;59;59;48
18;10;10;18;6;23;25;16;18;36;26;25;46;35;50;64;82;95;82
19;7;10;18;20;10;25;27;18;22;38;29;29;65;39;100;110;245;116
20;9;12;10;16;22;13;38;36;24;31;43;38;29;64;85;132;185;241
21;13;10;23;9;19;21;26;54;47;28;34;45;45;32;106;102;172;189
22;9;11;13;20;15;24;35;46;60;54;38;43;40;62;68;140;147;162
23;11;8;22;14;15;21;39;42;50;61;58;53;47;38;85;103;157;157
24;11;11;21;23;17;17;28;49;41;52;67;63;57;52;79;119;116;147
25;11;10;22;23;25;24;31;42;58;39;55;76;66;64;75;106;135;132
26;8;20;25;18;29;29;47;37;44;63;50;66;91;67;121;117;141;146
27;5;10;27;31;21;34;39;47;50;53;69;61;78;92;110;137;141;132
28;20;9;18;24;33;24;39;47;44;53;64;70;80;88;126;138;152;149
29;11;20;18;30;30;39;41;49;54;40;58;70;76;78;139;161;142;148
30;27;17;36;39;38;41;65;65;56;73;62;54;72;84;110;148;149;141
31;20;29;29;35;37;46;53;73;63;57;79;65;67;76;121;130;142;143
32;27;24;41;37;43;36;54;49;70;68;58;86;68;64;114;121;113;151
33;20;24;33;41;48;47;46;52;58;65;64;69;95;67;89;119;122;106
34;21;21;31;32;34;41;47;57;51;54;62;66;77;88;86;105;129;125
35;20;24;23;42;32;30;54;52;57;51;57;64;73;72;100;83;109;117
36;20;23;29;22;36;37;40;53;49;50;65;62;65;71;93;106;88;108
37;23;22;30;36;29;42;46;37;58;47;56;62;76;70;82;85;111;85
38;19;27;29;35;39;31;58;50;40;58;46;54;66;75;90;92;89;112
39;15;16;32;31;47;40;41;58;49;41;58;55;63;66;79;92;90;89
40;19;18;28;35;36;48;50;52;54;51;42;63;60;66;73;79;79;88
41;30;19;24;28;38;31;51;55;53;52;50;42;71;61;73;71;80;78
42;22;28;23;24;24;41;34;54;56;52;50;53;51;72;68;72;69;77
43;6;22;26;19;19;25;38;42;45;50;52;51;53;51;75;69;77;64
44;13;8;20;24;20;20;31;34;41;42;47;52;50;54;56;77;58;68
45;8;14;13;17;24;20;21;30;36;39;44;50;49;55;63;54;75;54
46;9;6;15;12;16;28;22;24;35;38;36;45;59;56;52;64;53;78
47;11;14;7;21;13;15;32;25;23;33;31;36;52;62;61;52;59;58
48;10;9;15;10;19;13;21;34;30;20;35;31;33;49;56;57;49;57
49;9;11;13;18;13;18;20;22;33;32;19;38;38;32;48;57;55;47
50;7;13;11;12;17;11;29;21;23;31;32;19;42;39;31;47;48;55
51;4;6;15;12;10;12;16;28;19;17;35;31;21;37;42;31;41;46
52;13;4;9;14;13;8;18;14;28;14;18;36;34;21;39;40;30;43
53;2;11;1;8;10;14;10;21;12;23;15;19;40;33;20;37;38;36
54;3;1;14;3;9;10;14;13;21;11;23;18;21;36;33;24;35;40
55;6;4;1;12;2;9;9;11;16;19;13;20;17;23;38;36;26;34
56;2;5;5;2;11;3;10;8;7;13;19;14;23;17;22;35;38;28
57;2;3;8;7;4;14;4;11;8;4;15;21;16;22;18;22;36;37
58;2;2;3;7;7;5;14;6;10;10;6;15;23;16;24;17;23;34
59;2;3;2;4;9;7;5;12;4;9;9;9;15;22;14;24;17;23
60;2;2;3;3;5;5;5;7;14;4;9;11;10;16;21;14;27;19
61;3;1;1;3;5;5;6;5;5;10;5;10;12;13;15;21;18;24
62;2;1;1;1;2;4;4;6;3;5;11;7;9;13;15;17;23;17
63;4;2;1;3;1;2;4;3;9;3;5;13;6;11;13;18;16;22
64;1;4;4;2;2;1;2;4;3;7;4;5;13;6;10;15;19;16
65;2;1;2;9;2;1;2;2;3;5;8;7;6;10;8;10;15;18
66;1;3;1;3;9;2;3;2;4;2;4;11;9;7;10;7;9;17
67;5;1;4;1;3;6;2;2;3;5;3;5;9;8;5;9;9;10
68;3;4;2;5;3;4;7;3;2;4;6;5;5;9;8;5;8;7
69;1;3;5;3;4;5;4;3;2;2;4;6;5;4;10;10;5;8
70;0;1;2;5;1;4;5;4;3;2;5;3;7;4;4;9;7;5
71;5;1;1;4;6;0;3;5;5;3;2;5;5;6;2;6;10;7
72;1;4;2;0;4;8;1;3;5;4;4;2;6;4;7;3;6;9
73;0;1;4;2;0;3;8;1;3;5;4;3;5;6;5;5;3;6
74;3;5;0;3;2;0;3;6;0;2;4;4;3;5;5;5;6;6
75;0;4;3;0;4;2;0;3;6;0;1;4;4;2;4;6;5;4
76;0;0;4;2;0;3;1;0;3;4;0;1;4;4;0;6;4;6
77;0;0;0;4;1;0;1;0;1;3;5;0;1;4;4;1;6;3
78;1;0;0;0;3;1;0;1;0;1;3;6;0;1;4;6;1;5
79;1;0;0;2;0;3;1;0;0;1;0;3;6;0;1;4;5;0
80;0;1;0;1;2;0;3;1;0;0;1;0;2;7;1;1;5;4
81;0;0;1;0;1;2;0;3;1;0;0;1;0;3;5;1;2;4
82;0;1;0;1;0;0;0;0;2;1;0;0;1;0;2;3;2;2
83;0;0;0;0;0;0;0;0;0;1;1;0;3;1;0;2;3;1
84;0;0;0;1;0;0;0;0;0;0;1;1;0;3;1;0;2;3
85;2;0;0;0;1;0;0;0;0;0;0;1;1;0;3;1;0;2
86;0;2;0;0;0;1;0;0;0;0;0;0;1;1;0;3;1;0
87;0;0;1;0;0;0;1;0;0;0;0;0;0;1;1;0;3;1
88;0;0;0;1;0;0;0;1;0;0;0;0;0;0;2;1;0;2
89;0;0;0;0;1;0;0;0;1;0;0;0;0;0;0;2;1;0
90;0;0;0;0;0;1;0;0;0;1;0;0;0;0;0;0;2;0
91;0;0;0;0;0;0;1;0;0;0;1;0;0;0;0;0;0;2
92;0;0;0;0;0;0;0;1;0;0;0;1;0;0;0;0;0;0
93;0;0;0;0;0;0;0;0;1;0;0;0;1;0;0;0;0;0
94;0;0;0;0;0;0;0;0;0;1;0;0;0;1;0;0;0;0
95;0;0;0;0;0;0;0;0;0;0;1;0;0;0;1;0;0;0
96;0;0;0;0;0;0;0;0;0;0;0;1;0;0;0;1;0;0
97;0;0;0;1;0;0;0;0;0;0;0;0;1;0;0;0;1;0
98;0;0;0;0;0;0;0;0;0;0;0;0;0;1;0;0;0;1
99;0;0;0;0;0;0;0;0;0;0;0;0;0;0;1;0;0;0
100 e oltre;0;0;0;0;0;0;0;0;0;0;0;0;0;0;0;0;0;0
Totale;712;788;1057;1185;1299;1424;1827;2092;2253;2330;2528;2771;3105;3217;3996;4496;4984;5040
Età/Anno;2002;2003;2004;2005;2006;2007;2008;2009;2010;2011;2012;2013;2014;2015;2016;2017;2018;2019
Età;Femmine
0;15;11;10;15;19;17;25;30;47;44;45;47;39;30;41;55;42;51
1;8;14;11;11;12;19;20;26;30;42;46;50;49;41;32;47;56;53
2;6;11;18;10;11;14;25;21;26;38;44;54;52;47;40;34;41;50
3;9;8;10;18;15;13;18;25;23;31;41;48;49;60;48;40;32;45
4;3;10;10;11;18;15;20;21;28;26;32;49;42;52;60;53;38;37
5;7;5;12;10;15;18;24;22;20;35;30;42;54;42;53;55;47;41
6;9;8;6;13;9;18;23;26;30;21;36;32;47;53;45;48;44;50
7;8;12;8;8;15;13;27;34;29;28;24;39;29;45;55;43;41;48
8;9;11;15;11;11;17;21;36;37;31;30;29;39;28;38;49;37;42
9;8;11;14;18;14;15;22;25;37;36;33;37;31;38;27;43;51;33
10;11;13;14;15;16;22;20;28;27;43;41;38;39;33;40;29;39;49
11;10;11;13;18;17;22;25;20;30;30;48;45;40;39;30;37;29;39
12;5;13;11;16;19;17;30;25;20;32;36;51;44;38;44;30;32;32
13;9;4;14;13;19;21;21;30;27;24;36;34;52;45;37;45;30;40
14;6;10;4;14;12;21;22;26;29;31;27;39;34;48;46;34;45;32
15;9;6;11;7;16;14;28;26;28;30;33;31;43;34;42;46;34;41
16;5;6;8;10;6;18;19;30;28;32;37;33;29;41;35;42;44;41
17;4;5;4;6;9;10;25;22;28;32;38;36;35;30;40;37;40;49
18;8;6;8;6;9;10;16;27;25;32;36;36;33;34;29;43;35;39
19;11;9;9;11;10;16;15;28;30;30;37;38;36;29;28;29;35;43
20;3;9;16;8;12;13;32;29;37;36;41;42;51;38;36;36;43;49
21;8;2;16;21;12;15;29;51;44;45;46;54;51;53;40;36;65;49
22;11;8;13;23;27;25;30;49;57;57;55;56;66;54;57;47;56;77
23;27;13;17;18;27;30;49;46;58;57;69;73;66;73;55;64;63;58
24;24;23;21;18;25;27;43;69;56;77;73;77;82;72;70;68;79;70
25;28;24;29;29;23;37;55;58;77;75;87;85;81;98;70;76;77;83
26;36;28;30;30;45;42;63;72;66;92;84;96;104;89;107;82;80;83
27;33;43;32;46;33;50;57;73;79;67;107;85;115;102;95;110;85;88
28;32;39;64;65;66;55;82;82;76;102;78;122;100;110;117;101;110;85
29;30;40;55;73;75;69;82;79;83;88;108;85;137;105;114;116;90;118
30;24;45;67;72;79;89;104;105;99;86;102;107;87;139;108;122;116;85
31;32;29;62;83;80;75;112;104;102;101;97;107;116;93;132;114;125;119
32;27;37;45;60;92;86;86;106;101;96;97;94;116;122;84;129;110;121
33;26;20;41;46;57;88;100;84;93;92;89;96;104;114;129;88;121;114
34;34;22;24;47;55;65;112;110;84;93;91;94;94;114;119;129;83;114
35;28;26;25;31;44;47;79;97;92;79;82;92;105;99;111;118;121;86
36;36;29;24;28;37;43;56;79;87;90;75;85;90;105;101;106;117;114
37;37;28;36;30;31;38;56;57;80;92;91;78;102;92;112;99;102;113
38;37;36;41;36;34;38;56;58;64;77;91;95;78;98;83;109;98;98
39;28;35;36;45;45;36;65;72;60;68;79;92;105;81;96;76;111;90
40;26;25;33;33;44;50;48;81;75;71;72;87;91;110;82;94;78;108
41;21;20;34;34;33;42;48;59;84;72;70;68;92;94;100;85;90;82
42;14;19;25;32;33;31;46;46;59;78;78;68;69;94;90;97;84;91
43;18;13;28;29;35;35;39;46;49;61;81;89;67;71;96;87;95;87
44;25;21;24;22;29;43;49;48;47;60;65;87;95;71;69;98;87;90
45;9;21;33;23;21;32;50;48;50;52;67;72;92;95;71;65;102;86
46;21;9;31;32;22;25;37;55;57;51;49;71;85;95;92;69;69;95
47;9;20;19;29;32;29;39;42;59;54;49;56;72;87;95;91;66;72
48;6;6;24;20;32;33;41;50;49;57;53;58;69;74;83;92;93;67
49;8;5;16;27;27;31;42;46;45;47;58;56;59;66;70;78;90;101
50;9;8;11;17;26;27;42;49;44;41;49;60;59;59;69;73;77;87
51;10;10;15;12;18;30;33;41;48;41;40;50;61;62;60;72;72;83
52;10;8;20;14;11;17;29;37;40;46;46;45;53;55;61;65;71;66
53;8;10;11;24;13;11;22;28;36;42;49;45;54;52;56;60;66;69
54;4;6;15;10;24;15;15;27;35;33;42;51;48;52;50;60;58;68
55;9;4;10;10;12;24;17;21;24;36;34;49;55;49;51;50;60;57
56;4;8;7;9;11;18;22;15;21;23;34;36;46;53;46;52;48;63
57;5;5;11;6;9;11;20;20;15;24;24;37;40;43;53;47;51;42
58;8;5;7;10;6;9;11;19;19;13;24;25;41;38;41;52;46;54
59;9;6;4;6;14;7;12;10;17;19;16;25;28;39;37;39;52;45
60;0;8;6;3;5;11;8;11;11;17;21;18;24;27;36;41;41;53
61;6;3;6;6;2;4;8;9;14;11;16;27;22;26;24;37;38;47
62;3;9;5;6;3;3;6;8;10;13;10;19;31;23;26;24;41;43
63;4;2;7;6;7;6;2;7;9;10;13;12;23;30;22;23;22;41
64;5;3;2;11;5;7;6;2;8;10;9;13;12;22;22;25;26;24
65;5;6;3;7;12;4;8;7;3;6;11;9;16;13;21;25;27;28
66;6;4;8;2;7;10;3;8;6;2;7;11;9;14;16;21;24;23
67;4;8;4;5;2;8;9;2;8;7;2;7;13;11;14;16;20;23
68;1;6;6;5;6;2;7;8;2;7;7;4;6;13;13;16;16;19
69;4;2;6;6;4;7;2;5;8;2;9;8;6;6;14;15;15;14
70;3;4;1;4;6;3;8;3;5;7;3;9;9;4;6;16;14;16
71;5;3;2;3;4;5;2;8;5;4;7;3;9;8;5;6;16;15
72;6;5;5;1;3;5;5;2;9;4;5;8;1;9;9;5;5;15
73;2;2;5;6;1;2;5;7;2;7;3;5;9;2;8;9;6;8
74;3;1;1;4;6;1;4;5;5;3;8;2;5;10;2;6;7;6
75;0;2;2;1;5;7;1;3;4;5;3;10;5;3;10;2;5;6
76;1;1;2;2;2;5;6;1;4;4;6;3;11;4;3;10;3;5
77;0;1;1;3;1;2;5;3;1;4;4;5;3;10;4;4;10;4
78;2;1;0;1;3;1;2;3;4;2;3;4;5;3;10;4;3;9
79;0;2;2;0;2;3;1;2;3;3;2;3;5;5;4;9;5;3
80;0;0;3;2;0;1;2;1;1;2;3;1;3;5;4;5;7;5
81;2;0;0;2;0;0;2;2;1;0;2;3;1;3;5;5;5;6
82;0;2;0;0;2;0;1;2;2;1;0;2;3;1;3;4;3;5
83;0;0;3;0;0;2;0;1;2;2;1;0;4;3;1;3;4;4
84;0;0;0;3;0;0;1;0;1;1;2;1;0;4;3;1;3;4
85;1;0;0;0;3;0;0;1;0;1;1;2;1;0;4;3;1;3
86;1;1;0;0;1;3;0;0;1;0;0;1;2;1;2;4;3;1
87;0;1;1;0;0;1;3;0;0;0;0;1;2;2;1;1;3;3
88;1;0;0;0;0;1;0;3;0;0;0;0;1;2;2;1;1;2
89;0;1;0;0;0;0;0;0;3;0;0;0;1;1;2;2;1;1
90;1;0;0;0;0;0;0;0;0;2;0;0;0;1;0;2;2;1
91;0;1;0;0;0;0;0;0;0;0;1;0;0;0;1;0;2;2
92;0;0;0;0;0;0;0;0;0;0;0;1;0;0;1;1;0;2
93;0;0;0;0;0;0;0;0;0;0;0;0;0;0;0;0;1;0
94;0;0;0;0;0;0;0;0;0;0;0;0;0;0;0;0;0;1
95;0;0;1;0;0;0;0;0;0;0;0;0;0;0;0;0;0;0
96;0;0;0;1;0;0;0;0;0;0;0;0;0;0;0;0;0;0
97;0;0;0;0;1;0;0;0;0;0;0;0;0;0;0;0;0;0
98;0;1;0;0;0;1;0;0;0;0;0;0;0;0;0;0;0;0
99;0;0;1;0;0;0;0;0;0;0;0;0;0;0;0;0;0;0
100 e oltre;0;0;0;1;1;1;1;1;1;1;1;1;1;0;0;0;0;0
Totale;1000;1029;1365;1540;1717;1924;2564;2911;3080;3277;3532;3851;4185;4283;4316;4437;4479;4624
