"Popolazione per età, vista per singola area - Provincia: Matera"

"Ricostruzione della popolazione intercensuaria - Popolazione al 1° gennaio per età"
"Tutte le cittadinanze - Provincia: Matera"
Età/Anno;2002;2003;2004;2005;2006;2007;2008;2009;2010;2011;2012;2013;2014;2015;2016;2017;2018;2019
Età;Totale
0;1914;1939;1940;1940;1749;1756;1735;1767;1623;1653;1620;1576;1515;1505;1438;1486;1389;1361
1;2053;1901;1932;1923;1914;1759;1774;1724;1756;1635;1640;1602;1579;1530;1487;1443;1487;1373
2;1938;2043;1909;1922;1926;1910;1765;1775;1712;1756;1637;1645;1590;1591;1536;1484;1442;1485
3;1935;1915;2013;1905;1905;1913;1914;1757;1771;1694;1759;1645;1658;1602;1609;1522;1485;1438
4;2026;1931;1917;2018;1910;1915;1906;1911;1752;1783;1701;1771;1660;1671;1604;1610;1511;1487
5;2048;2026;1935;1929;2014;1909;1923;1910;1913;1755;1790;1700;1772;1658;1669;1619;1613;1514
6;2016;2033;2017;1945;1927;2022;1915;1927;1922;1927;1770;1796;1699;1771;1672;1667;1604;1600
7;2042;2006;2036;2021;1944;1926;2033;1918;1925;1934;1934;1771;1802;1699;1780;1660;1672;1615
8;2169;2043;2009;2045;2012;1938;1939;2029;1932;1942;1940;1938;1780;1801;1700;1773;1669;1668
9;2304;2158;2046;2005;2043;2012;1938;1950;2026;1934;1944;1942;1944;1778;1797;1703;1765;1667
10;2369;2293;2155;2044;1997;2035;2024;1941;1963;2039;1940;1945;1948;1941;1780;1799;1713;1772
11;2533;2354;2294;2158;2046;1991;2033;2036;1942;1970;2052;1945;1950;1946;1947;1780;1801;1711
12;2396;2524;2347;2286;2145;2045;1993;2042;2044;1955;1984;2051;1936;1944;1942;1944;1776;1814
13;2450;2383;2515;2337;2287;2148;2052;2005;2050;2054;1960;1979;2061;1925;1944;1948;1931;1790
14;2458;2431;2390;2512;2330;2289;2154;2059;2012;2061;2059;1959;1990;2053;1922;1944;1956;1934
15;2413;2452;2431;2389;2500;2311;2293;2160;2069;2017;2070;2058;1970;1994;2048;1922;1966;1959
16;2560;2405;2459;2425;2397;2494;2316;2324;2175;2082;2032;2072;2070;1976;1995;2054;1940;1984
17;2656;2552;2403;2459;2428;2386;2504;2335;2333;2197;2096;2031;2090;2085;1988;2000;2101;1958
18;2736;2655;2549;2401;2471;2431;2398;2517;2351;2356;2211;2108;2049;2112;2100;2023;2041;2124
19;2753;2717;2648;2536;2388;2459;2446;2413;2530;2373;2373;2225;2118;2074;2117;2118;2060;2071
20;2882;2741;2686;2614;2519;2342;2462;2429;2416;2520;2385;2368;2241;2121;2081;2150;2117;2062
21;2876;2849;2725;2668;2579;2497;2341;2452;2426;2413;2537;2409;2369;2257;2123;2083;2137;2156
22;2932;2825;2828;2708;2642;2545;2492;2332;2453;2435;2435;2571;2420;2378;2262;2125;2091;2147
23;3008;2874;2803;2810;2687;2611;2563;2480;2339;2463;2442;2459;2604;2429;2363;2257;2140;2099
24;3004;2973;2858;2777;2768;2648;2614;2558;2467;2367;2467;2456;2462;2608;2433;2363;2273;2145
25;3173;2961;2959;2838;2745;2729;2640;2595;2535;2483;2382;2480;2478;2466;2613;2405;2343;2249
26;3179;3122;2977;2947;2799;2706;2717;2615;2572;2524;2475;2388;2457;2467;2430;2584;2392;2338
27;3189;3122;3114;2965;2943;2754;2683;2681;2578;2567;2525;2450;2394;2441;2447;2408;2549;2365
28;3215;3133;3118;3095;2954;2877;2749;2662;2653;2525;2553;2523;2422;2363;2424;2402;2369;2508
29;3151;3163;3124;3096;3067;2908;2878;2676;2627;2628;2510;2527;2496;2390;2354;2389;2392;2321
30;3112;3094;3155;3116;3055;3023;2913;2842;2648;2554;2631;2506;2489;2479;2387;2312;2339;2365
31;3081;3057;3078;3119;3052;3035;2994;2870;2804;2594;2544;2598;2484;2499;2444;2358;2250;2308
32;3071;3031;3002;3036;3057;3014;2989;2947;2833;2781;2565;2532;2585;2470;2490;2416;2318;2234
33;3041;3000;3013;2972;2989;2997;3046;2970;2924;2816;2767;2549;2505;2555;2439;2461;2397;2302
34;3062;2995;2940;2975;2928;2956;2969;3018;2918;2930;2813;2768;2538;2484;2530;2430;2416;2357
35;3115;3014;2957;2912;2944;2901;2933;2934;3020;2892;2894;2814;2763;2521;2444;2492;2392;2392
36;3086;3078;2984;2959;2896;2926;2905;2916;2906;3011;2874;2904;2779;2758;2526;2425;2477;2360
37;3238;3068;3078;2973;2953;2865;2943;2926;2913;2906;3007;2887;2895;2762;2754;2515;2424;2464
38;2996;3206;3075;3069;2951;2934;2893;2946;2896;2929;2921;3009;2889;2894;2750;2699;2511;2414
39;2954;2980;3207;3060;3048;2936;2958;2889;2960;2895;2937;2929;3005;2885;2872;2705;2703;2507
40;3004;2947;2982;3193;3047;3031;2965;2970;2905;2970;2886;2947;2930;2991;2896;2867;2708;2686
41;2918;2976;2944;2967;3186;3031;3022;2983;2990;2902;2970;2886;2944;2908;2982;2899;2857;2700
42;2902;2905;2977;2941;2957;3154;3043;3030;2991;2984;2904;2977;2900;2933;2890;2984;2892;2869
43;2749;2884;2903;2968;2915;2935;3163;3038;3018;2998;3000;2894;2964;2905;2921;2900;2970;2891
44;2716;2743;2883;2895;2955;2893;2955;3159;3034;3024;3010;3017;2901;2975;2903;2925;2888;2985
45;2873;2717;2739;2870;2877;2927;2920;2953;3133;3029;3019;3017;3016;2901;2963;2894;2938;2887
46;2690;2859;2715;2735;2868;2857;2933;2930;2952;3131;3026;3032;3028;3006;2902;2953;2912;2919
47;2701;2675;2851;2707;2731;2857;2865;2926;2938;2970;3142;3029;3050;3028;3008;2896;2951;2922
48;2465;2688;2687;2844;2691;2718;2868;2867;2923;2951;2978;3143;3057;3038;3034;2993;2890;2941
49;2473;2459;2688;2684;2851;2674;2743;2867;2870;2926;2942;2989;3158;3045;3039;3039;2989;2884
50;2480;2476;2458;2680;2684;2815;2688;2752;2858;2857;2927;2947;2992;3165;3045;3029;3031;3004
51;2683;2469;2469;2446;2678;2680;2823;2684;2758;2871;2848;2929;2943;2978;3160;3045;3025;3014
52;2722;2670;2464;2469;2447;2662;2672;2822;2691;2770;2867;2863;2926;2938;2967;3149;3021;3024
53;2800;2708;2662;2468;2469;2449;2670;2678;2797;2690;2768;2868;2863;2928;2938;2958;3154;3014
54;2561;2798;2701;2654;2466;2460;2442;2673;2689;2789;2701;2769;2873;2865;2925;2924;2946;3135
55;2305;2549;2794;2683;2644;2443;2455;2435;2676;2691;2789;2694;2759;2863;2857;2917;2920;2938
56;1943;2311;2551;2795;2662;2626;2438;2446;2426;2670;2675;2788;2698;2757;2854;2833;2899;2896
57;1893;1937;2308;2542;2806;2658;2609;2436;2433;2424;2672;2672;2781;2694;2750;2850;2810;2890
58;1885;1879;1926;2296;2533;2798;2661;2591;2424;2438;2421;2666;2669;2766;2680;2744;2837;2799
59;1966;1878;1877;1917;2280;2531;2796;2653;2582;2430;2431;2401;2661;2646;2747;2676;2727;2821
60;1850;1946;1865;1865;1911;2263;2520;2793;2638;2573;2425;2424;2392;2645;2641;2736;2649;2716
61;2299;1836;1925;1851;1861;1904;2264;2500;2776;2611;2563;2414;2414;2384;2636;2618;2724;2628
62;2315;2284;1820;1913;1852;1863;1900;2261;2478;2765;2598;2564;2397;2400;2359;2619;2601;2705
63;2260;2290;2262;1797;1907;1844;1858;1898;2242;2466;2752;2598;2543;2382;2387;2337;2602;2582
64;2285;2234;2281;2245;1794;1878;1833;1853;1890;2219;2440;2740;2576;2523;2364;2368;2328;2583
65;2229;2266;2218;2268;2218;1787;1867;1817;1843;1866;2197;2419;2718;2558;2503;2346;2358;2302
66;2180;2204;2242;2195;2263;2183;1768;1848;1795;1824;1849;2171;2402;2695;2533;2477;2324;2334
67;2245;2165;2167;2219;2172;2237;2172;1755;1821;1782;1811;1826;2140;2378;2664;2511;2474;2299
68;2179;2212;2122;2147;2184;2160;2215;2145;1730;1809;1763;1797;1812;2127;2364;2630;2479;2454
69;2133;2153;2159;2101;2115;2149;2120;2180;2118;1710;1799;1758;1777;1786;2085;2329;2596;2442
70;1948;2093;2117;2122;2066;2076;2113;2105;2143;2094;1687;1779;1745;1749;1768;2060;2315;2561
71;2165;1914;2052;2070;2088;2034;2040;2079;2071;2103;2065;1663;1750;1721;1724;1736;2035;2281
72;1838;2120;1874;2010;2035;2038;1988;2001;2039;2034;2070;2033;1630;1729;1694;1699;1702;2007
73;1834;1791;2046;1823;1969;1981;1994;1950;1957;2015;1989;2032;1996;1603;1692;1673;1679;1668
74;1842;1781;1752;1999;1777;1906;1936;1963;1911;1931;1983;1938;1995;1959;1565;1642;1644;1664
75;1669;1791;1731;1706;1948;1736;1861;1890;1906;1866;1893;1943;1888;1960;1912;1525;1605;1614
76;1542;1626;1758;1674;1648;1890;1690;1813;1833;1856;1809;1846;1879;1843;1912;1867;1495;1560
77;1394;1495;1570;1701;1621;1584;1822;1644;1733;1785;1798;1744;1791;1817;1784;1860;1799;1458
78;1423;1342;1429;1508;1636;1565;1521;1770;1580;1660;1731;1738;1683;1737;1760;1716;1802;1739
79;1325;1366;1275;1372;1454;1583;1497;1451;1715;1518;1593;1666;1674;1621;1655;1707;1651;1733
80;1201;1261;1296;1201;1317;1386;1513;1433;1369;1641;1445;1529;1592;1609;1556;1588;1644;1586
81;1161;1136;1191;1222;1124;1248;1327;1438;1379;1306;1549;1372;1462;1535;1544;1493;1514;1584
82;685;1101;1062;1143;1133;1053;1171;1254;1351;1301;1240;1452;1300;1388;1437;1460;1412;1438
83;415;633;1008;998;1054;1038;949;1096;1147;1263;1211;1156;1351;1225;1293;1349;1388;1327
84;448;390;573;932;901;980;956;884;1015;1060;1169;1122;1080;1259;1158;1208;1253;1289
85;473;405;355;534;865;831;896;881;817;944;950;1061;1036;1001;1155;1054;1107;1167
86;555;427;365;322;466;769;756;827;811;770;871;879;987;936;905;1049;971;1024
87;458;477;381;329;293;403;671;656;750;737;696;767;805;874;851;810;944;884
88;458;406;398;341;279;262;364;588;576;647;647;618;670;734;781;742;709;830
89;348;398;344;339;283;239;241;312;519;512;556;551;540;594;625;685;663;655
90;305;301;310;290;290;251;203;203;269;449;437;472;488;450;505;529;573;567
91;265;256;231;260;234;230;211;183;178;226;378;368;406;391;376;425;428;467
92;191;208;201;193;204;185;180;174;142;147;190;309;299;342;314;327;341;367
93;135;142;164;166;150;158;150;150;137;112;118;145;241;249;280;264;263;269
94;90;109;104;119;131;106;118;113;117;113;93;91;120;180;192;230;209;216
95;61;52;79;76;97;94;79;101;84;90;88;80;76;95;137;141;178;167
96;31;45;33;59;54;67;65;63;68;69;70;71;55;57;73;106;112;130
97;21;24;25;26;43;33;47;44;50;50;55;51;56;43;40;51;79;87
98;15;14;17;20;19;28;24;29;36;38;36;35;33;40;32;25;40;48
99;3;13;8;8;12;14;18;17;18;30;28;29;23;26;27;20;18;32
100 e oltre;11;6;17;16;14;19;22;29;31;38;49;50;53;55;48;49;40;34
Totale;204148;203288;203032;202843;202138;201107;201408;201322;200860;200895;200843;200715;200444;199913;199033;198014;197065;196135
Età/Anno;2002;2003;2004;2005;2006;2007;2008;2009;2010;2011;2012;2013;2014;2015;2016;2017;2018;2019
Età;Maschi
0;986;988;1028;965;912;956;898;916;827;826;825;810;796;730;749;748;727;661
1;1104;976;987;1002;947;921;966;894;912;829;821;813;812;808;720;753;747;719
2;1014;1095;986;976;1003;948;924;961;891;916;833;832;811;818;799;720;746;747
3;1017;1003;1081;987;965;992;946;908;961;883;920;833;836;817;827;798;720;750
4;1028;1016;1005;1087;995;968;989;939;913;974;888;926;848;845;814;825;798;718
5;1034;1023;1019;1012;1093;996;969;988;943;914;973;897;928;852;843;814;826;793
6;1022;1034;1016;1022;1010;1101;1003;976;994;950;924;974;896;922;858;847;809;815
7;1009;1021;1035;1022;1027;1008;1098;1002;976;1007;955;920;975;892;927;850;847;810
8;1107;1010;1020;1046;1014;1029;1014;1098;1009;981;1010;956;922;973;893;919;854;844
9;1214;1106;1018;1016;1047;1018;1028;1016;1095;1016;985;1013;954;923;972;893;918;847
10;1220;1210;1102;1016;1014;1044;1025;1027;1018;1106;1019;986;1013;949;921;975;902;923
11;1326;1214;1211;1106;1017;1010;1045;1027;1028;1022;1115;1021;987;1014;951;924;980;898
12;1239;1328;1212;1211;1099;1015;1011;1047;1029;1036;1026;1115;1020;985;1008;951;918;986
13;1237;1233;1324;1209;1212;1106;1022;1016;1051;1032;1037;1029;1119;1018;986;1016;942;926
14;1302;1223;1238;1323;1200;1212;1109;1028;1020;1053;1031;1037;1034;1112;1014;981;1024;939
15;1252;1299;1220;1239;1311;1199;1214;1114;1034;1026;1052;1029;1040;1035;1113;1017;996;1028
16;1317;1254;1309;1222;1249;1300;1195;1228;1122;1045;1034;1054;1036;1040;1037;1117;1029;1006
17;1380;1316;1255;1310;1225;1247;1301;1206;1227;1134;1054;1034;1061;1057;1051;1043;1150;1038
18;1418;1384;1310;1258;1319;1224;1248;1312;1216;1236;1139;1065;1047;1075;1078;1078;1072;1167
19;1378;1404;1383;1297;1252;1308;1231;1262;1313;1229;1243;1146;1066;1059;1079;1084;1106;1092
20;1518;1370;1390;1355;1281;1227;1299;1223;1265;1306;1232;1238;1148;1069;1069;1111;1089;1110
21;1472;1499;1357;1374;1331;1270;1214;1292;1223;1261;1307;1236;1241;1156;1070;1084;1104;1119
22;1483;1440;1496;1345;1352;1317;1248;1211;1296;1224;1276;1316;1238;1251;1153;1074;1094;1114
23;1561;1459;1431;1485;1334;1328;1328;1238;1218;1296;1220;1287;1320;1249;1245;1154;1080;1100
24;1480;1535;1456;1412;1458;1309;1322;1316;1226;1229;1301;1233;1288;1325;1246;1248;1171;1087
25;1623;1456;1518;1439;1400;1439;1306;1322;1303;1236;1235;1313;1231;1290;1341;1237;1237;1165
26;1583;1610;1472;1510;1421;1373;1421;1301;1308;1302;1232;1249;1302;1229;1277;1335;1234;1239
27;1661;1539;1608;1460;1516;1388;1363;1393;1292;1311;1307;1218;1244;1294;1223;1268;1325;1226
28;1649;1626;1554;1603;1448;1476;1392;1353;1365;1275;1307;1323;1216;1229;1291;1208;1251;1310
29;1613;1626;1617;1540;1592;1422;1478;1355;1353;1350;1263;1285;1294;1203;1226;1277;1217;1217
30;1576;1585;1628;1605;1524;1571;1398;1463;1341;1313;1355;1262;1259;1281;1211;1211;1257;1206
31;1542;1570;1579;1622;1576;1514;1563;1385;1438;1320;1305;1344;1246;1267;1264;1193;1179;1235
32;1502;1510;1539;1560;1598;1549;1512;1533;1364;1444;1310;1295;1350;1238;1264;1245;1184;1176
33;1537;1467;1510;1521;1531;1571;1544;1490;1507;1367;1430;1307;1285;1338;1225;1249;1236;1165
34;1511;1493;1432;1492;1495;1510;1534;1529;1450;1504;1351;1436;1313;1270;1325;1222;1218;1215
35;1506;1479;1468;1418;1466;1473;1484;1514;1537;1434;1487;1363;1439;1306;1255;1299;1205;1216
36;1513;1495;1477;1467;1416;1469;1462;1468;1492;1537;1438;1498;1340;1438;1308;1250;1292;1194
37;1637;1509;1503;1468;1473;1404;1466;1461;1462;1490;1540;1452;1496;1336;1437;1299;1254;1271
38;1525;1616;1507;1483;1451;1462;1414;1465;1446;1470;1498;1537;1450;1503;1331;1406;1300;1242
39;1440;1524;1614;1502;1465;1444;1468;1415;1458;1446;1470;1511;1534;1445;1491;1305;1411;1288
40;1460;1444;1529;1603;1504;1457;1457;1484;1420;1465;1442;1472;1516;1528;1439;1486;1311;1396
41;1397;1440;1440;1516;1599;1491;1448;1469;1485;1415;1460;1446;1464;1505;1520;1449;1482;1302
42;1454;1391;1436;1441;1511;1579;1491;1449;1478;1481;1416;1453;1450;1458;1499;1510;1453;1493
43;1362;1445;1393;1434;1433;1500;1579;1477;1447;1476;1486;1417;1448;1448;1450;1507;1506;1456
44;1264;1363;1443;1394;1426;1417;1503;1573;1476;1452;1488;1492;1424;1460;1451;1454;1494;1519
45;1407;1268;1357;1432;1383;1414;1426;1500;1559;1474;1449;1494;1480;1424;1457;1436;1464;1494
46;1327;1397;1266;1361;1429;1380;1409;1435;1499;1548;1470;1458;1496;1471;1428;1454;1451;1452
47;1346;1320;1392;1264;1357;1422;1383;1397;1439;1501;1555;1474;1465;1500;1473;1435;1449;1454
48;1247;1341;1328;1383;1257;1347;1420;1377;1392;1443;1501;1554;1488;1460;1503;1457;1429;1447
49;1217;1246;1336;1327;1398;1245;1351;1412;1369;1391;1440;1509;1564;1485;1461;1507;1453;1425
50;1204;1226;1239;1329;1326;1384;1258;1357;1393;1364;1390;1446;1509;1568;1482;1459;1502;1464
51;1299;1199;1215;1230;1327;1326;1389;1253;1356;1395;1362;1391;1441;1499;1565;1484;1459;1491
52;1355;1291;1196;1208;1228;1319;1312;1385;1253;1359;1395;1361;1387;1431;1491;1552;1473;1460
53;1404;1346;1286;1203;1205;1226;1319;1315;1377;1244;1353;1395;1363;1385;1431;1484;1552;1466
54;1272;1403;1340;1288;1202;1197;1219;1317;1323;1372;1246;1356;1407;1367;1382;1424;1483;1540
55;1163;1262;1403;1335;1284;1184;1187;1211;1314;1328;1372;1242;1351;1401;1358;1373;1419;1473
56;957;1171;1263;1401;1323;1277;1182;1183;1199;1312;1319;1373;1244;1349;1398;1349;1369;1403
57;935;950;1168;1260;1410;1318;1268;1179;1174;1198;1317;1311;1366;1241;1342;1391;1342;1356
58;907;931;943;1159;1251;1408;1312;1262;1169;1172;1196;1311;1310;1361;1239;1338;1382;1331
59;956;904;930;941;1151;1250;1405;1303;1255;1165;1159;1184;1305;1296;1353;1238;1328;1375
60;878;949;889;927;931;1141;1241;1401;1294;1246;1161;1158;1177;1294;1291;1340;1221;1315
61;1093;868;935;885;924;921;1142;1229;1390;1273;1238;1161;1152;1170;1282;1281;1334;1215
62;1101;1093;860;922;886;924;915;1137;1215;1378;1269;1236;1155;1143;1162;1271;1268;1326
63;1047;1089;1077;847;917;884;918;914;1125;1210;1367;1268;1222;1143;1135;1152;1261;1252
64;1085;1033;1075;1064;843;902;876;915;903;1111;1203;1358;1249;1212;1130;1128;1145;1253
65;1037;1070;1020;1063;1052;838;892;863;903;894;1097;1191;1341;1238;1196;1118;1133;1126
66;991;1027;1047;1008;1062;1030;832;880;850;889;878;1083;1180;1330;1225;1180;1101;1115
67;1101;987;1002;1034;1000;1043;1019;823;861;851;881;869;1061;1160;1308;1212;1175;1083
68;1013;1084;962;993;1014;991;1028;1008;803;853;840;871;856;1056;1147;1292;1195;1165
69;1056;994;1049;952;972;984;970;1004;989;789;845;840;862;841;1027;1132;1265;1170
70;913;1026;969;1023;943;949;964;957;986;969;781;833;830;843;828;1014;1129;1250
71;983;893;999;934;998;929;934;950;931;962;958;768;817;815;832;807;997;1102
72;844;963;866;968;908;971;902;901;928;907;943;938;750;801;798;816;791;979
73;847;822;918;831;943;882;943;878;876;913;881;925;920;735;782;782;807;771
74;839;813;806;897;800;907;859;924;859;857;891;850;906;901;715;751;762;792
75;777;809;779;777;870;778;882;826;888;826;834;865;824;888;875;686;730;746
76;713;752;792;742;739;831;755;851;801;861;794;812;832;797;858;847;664;702
77;651;684;730;766;708;707;795;728;798;768;826;761;776;795;760;834;819;641
78;624;617;654;691;725;672;676;764;695;759;739;790;729;744;766;718;799;784
79;559;587;576;623;654;697;644;635;727;663;718;708;753;688;695;741;679;766
80;481;521;556;544;591;615;665;612;587;686;628;684;665;719;652;654;702;645
81;444;441;478;510;503;560;584;622;581;552;637;602;649;624;685;624;615;675
82;283;401;417;455;465;465;520;554;585;544;519;585;564;607;576;637;572;581
83;157;259;353;389;408;425;411;474;480;536;505;479;532;530;559;534;604;524
84;192;146;227;317;342;367;377;378;439;438;478;460;446;484;496;512;484;552
85;191;172;127;214;298;308;341;344;344;417;383;429;414;408;438;454;463;444
86;237;172;150;111;187;265;278;310;314;323;372;344;395;369;360;391;414;424
87;186;198;152;131;98;160;227;240;279;291;286;327;308;347;333;313;346;368
88;179;159;168;131;110;91;138;201;206;236;252;257;278;284;306;280;269;296
89;153;162;135;144;106;91;81;115;171;171;199;203;218;242;237;268;250;243
90;102;133;116;114;121;92;73;70;90;153;142;171;177;186;207;195;216;212
91;96;87;90;97;94;94;79;64;62;75;120;114;142;142;157;166;149;170
92;86;75;68;69;76;73;76;64;41;53;61;95;90;119;107;138;129;121
93;54;59;63;53;53;54;56;66;48;32;39;43;70;70;92;86;107;94
94;30;39;39;39;37;36;43;37;54;40;27;28;33;49;54;73;59;89
95;29;18;26;25;29;27;31;32;26;38;32;22;22;25;36;37;55;46
96;8;22;11;19;16;19;21;24;18;21;28;27;19;19;23;25;27;37
97;8;9;14;6;16;11;12;15;21;15;18;20;23;16;15;14;18;22
98;2;5;7;12;5;10;9;8;12;16;11;12;12;15;9;5;12;10
99;2;2;4;4;8;5;6;9;7;12;9;10;8;11;12;3;4;7
100 e oltre;2;2;4;6;6;10;10;12;11;14;23;21;23;18;17;15;9;6
Totale;100543;100125;100028;99833;99501;99018;98995;98869;98498;98527;98477;98550;98393;98156;97797;97341;97029;96518
Età/Anno;2002;2003;2004;2005;2006;2007;2008;2009;2010;2011;2012;2013;2014;2015;2016;2017;2018;2019
Età;Femmine
0;928;951;912;975;837;800;837;851;796;827;795;766;719;775;689;738;662;700
1;949;925;945;921;967;838;808;830;844;806;819;789;767;722;767;690;740;654
2;924;948;923;946;923;962;841;814;821;840;804;813;779;773;737;764;696;738
3;918;912;932;918;940;921;968;849;810;811;839;812;822;785;782;724;765;688
4;998;915;912;931;915;947;917;972;839;809;813;845;812;826;790;785;713;769
5;1014;1003;916;917;921;913;954;922;970;841;817;803;844;806;826;805;787;721
6;994;999;1001;923;917;921;912;951;928;977;846;822;803;849;814;820;795;785
7;1033;985;1001;999;917;918;935;916;949;927;979;851;827;807;853;810;825;805
8;1062;1033;989;999;998;909;925;931;923;961;930;982;858;828;807;854;815;824
9;1090;1052;1028;989;996;994;910;934;931;918;959;929;990;855;825;810;847;820
10;1149;1083;1053;1028;983;991;999;914;945;933;921;959;935;992;859;824;811;849
11;1207;1140;1083;1052;1029;981;988;1009;914;948;937;924;963;932;996;856;821;813
12;1157;1196;1135;1075;1046;1030;982;995;1015;919;958;936;916;959;934;993;858;828
13;1213;1150;1191;1128;1075;1042;1030;989;999;1022;923;950;942;907;958;932;989;864
14;1156;1208;1152;1189;1130;1077;1045;1031;992;1008;1028;922;956;941;908;963;932;995
15;1161;1153;1211;1150;1189;1112;1079;1046;1035;991;1018;1029;930;959;935;905;970;931
16;1243;1151;1150;1203;1148;1194;1121;1096;1053;1037;998;1018;1034;936;958;937;911;978
17;1276;1236;1148;1149;1203;1139;1203;1129;1106;1063;1042;997;1029;1028;937;957;951;920
18;1318;1271;1239;1143;1152;1207;1150;1205;1135;1120;1072;1043;1002;1037;1022;945;969;957
19;1375;1313;1265;1239;1136;1151;1215;1151;1217;1144;1130;1079;1052;1015;1038;1034;954;979
20;1364;1371;1296;1259;1238;1115;1163;1206;1151;1214;1153;1130;1093;1052;1012;1039;1028;952
21;1404;1350;1368;1294;1248;1227;1127;1160;1203;1152;1230;1173;1128;1101;1053;999;1033;1037
22;1449;1385;1332;1363;1290;1228;1244;1121;1157;1211;1159;1255;1182;1127;1109;1051;997;1033
23;1447;1415;1372;1325;1353;1283;1235;1242;1121;1167;1222;1172;1284;1180;1118;1103;1060;999
24;1524;1438;1402;1365;1310;1339;1292;1242;1241;1138;1166;1223;1174;1283;1187;1115;1102;1058
25;1550;1505;1441;1399;1345;1290;1334;1273;1232;1247;1147;1167;1247;1176;1272;1168;1106;1084
26;1596;1512;1505;1437;1378;1333;1296;1314;1264;1222;1243;1139;1155;1238;1153;1249;1158;1099
27;1528;1583;1506;1505;1427;1366;1320;1288;1286;1256;1218;1232;1150;1147;1224;1140;1224;1139
28;1566;1507;1564;1492;1506;1401;1357;1309;1288;1250;1246;1200;1206;1134;1133;1194;1118;1198
29;1538;1537;1507;1556;1475;1486;1400;1321;1274;1278;1247;1242;1202;1187;1128;1112;1175;1104
30;1536;1509;1527;1511;1531;1452;1515;1379;1307;1241;1276;1244;1230;1198;1176;1101;1082;1159
31;1539;1487;1499;1497;1476;1521;1431;1485;1366;1274;1239;1254;1238;1232;1180;1165;1071;1073
32;1569;1521;1463;1476;1459;1465;1477;1414;1469;1337;1255;1237;1235;1232;1226;1171;1134;1058
33;1504;1533;1503;1451;1458;1426;1502;1480;1417;1449;1337;1242;1220;1217;1214;1212;1161;1137
34;1551;1502;1508;1483;1433;1446;1435;1489;1468;1426;1462;1332;1225;1214;1205;1208;1198;1142
35;1609;1535;1489;1494;1478;1428;1449;1420;1483;1458;1407;1451;1324;1215;1189;1193;1187;1176
36;1573;1583;1507;1492;1480;1457;1443;1448;1414;1474;1436;1406;1439;1320;1218;1175;1185;1166
37;1601;1559;1575;1505;1480;1461;1477;1465;1451;1416;1467;1435;1399;1426;1317;1216;1170;1193
38;1471;1590;1568;1586;1500;1472;1479;1481;1450;1459;1423;1472;1439;1391;1419;1293;1211;1172
39;1514;1456;1593;1558;1583;1492;1490;1474;1502;1449;1467;1418;1471;1440;1381;1400;1292;1219
40;1544;1503;1453;1590;1543;1574;1508;1486;1485;1505;1444;1475;1414;1463;1457;1381;1397;1290
41;1521;1536;1504;1451;1587;1540;1574;1514;1505;1487;1510;1440;1480;1403;1462;1450;1375;1398
42;1448;1514;1541;1500;1446;1575;1552;1581;1513;1503;1488;1524;1450;1475;1391;1474;1439;1376
43;1387;1439;1510;1534;1482;1435;1584;1561;1571;1522;1514;1477;1516;1457;1471;1393;1464;1435
44;1452;1380;1440;1501;1529;1476;1452;1586;1558;1572;1522;1525;1477;1515;1452;1471;1394;1466
45;1466;1449;1382;1438;1494;1513;1494;1453;1574;1555;1570;1523;1536;1477;1506;1458;1474;1393
46;1363;1462;1449;1374;1439;1477;1524;1495;1453;1583;1556;1574;1532;1535;1474;1499;1461;1467
47;1355;1355;1459;1443;1374;1435;1482;1529;1499;1469;1587;1555;1585;1528;1535;1461;1502;1468
48;1218;1347;1359;1461;1434;1371;1448;1490;1531;1508;1477;1589;1569;1578;1531;1536;1461;1494
49;1256;1213;1352;1357;1453;1429;1392;1455;1501;1535;1502;1480;1594;1560;1578;1532;1536;1459
50;1276;1250;1219;1351;1358;1431;1430;1395;1465;1493;1537;1501;1483;1597;1563;1570;1529;1540
51;1384;1270;1254;1216;1351;1354;1434;1431;1402;1476;1486;1538;1502;1479;1595;1561;1566;1523
52;1367;1379;1268;1261;1219;1343;1360;1437;1438;1411;1472;1502;1539;1507;1476;1597;1548;1564
53;1396;1362;1376;1265;1264;1223;1351;1363;1420;1446;1415;1473;1500;1543;1507;1474;1602;1548
54;1289;1395;1361;1366;1264;1263;1223;1356;1366;1417;1455;1413;1466;1498;1543;1500;1463;1595
55;1142;1287;1391;1348;1360;1259;1268;1224;1362;1363;1417;1452;1408;1462;1499;1544;1501;1465
56;986;1140;1288;1394;1339;1349;1256;1263;1227;1358;1356;1415;1454;1408;1456;1484;1530;1493
57;958;987;1140;1282;1396;1340;1341;1257;1259;1226;1355;1361;1415;1453;1408;1459;1468;1534
58;978;948;983;1137;1282;1390;1349;1329;1255;1266;1225;1355;1359;1405;1441;1406;1455;1468
59;1010;974;947;976;1129;1281;1391;1350;1327;1265;1272;1217;1356;1350;1394;1438;1399;1446
60;972;997;976;938;980;1122;1279;1392;1344;1327;1264;1266;1215;1351;1350;1396;1428;1401
61;1206;968;990;966;937;983;1122;1271;1386;1338;1325;1253;1262;1214;1354;1337;1390;1413
62;1214;1191;960;991;966;939;985;1124;1263;1387;1329;1328;1242;1257;1197;1348;1333;1379
63;1213;1201;1185;950;990;960;940;984;1117;1256;1385;1330;1321;1239;1252;1185;1341;1330
64;1200;1201;1206;1181;951;976;957;938;987;1108;1237;1382;1327;1311;1234;1240;1183;1330
65;1192;1196;1198;1205;1166;949;975;954;940;972;1100;1228;1377;1320;1307;1228;1225;1176
66;1189;1177;1195;1187;1201;1153;936;968;945;935;971;1088;1222;1365;1308;1297;1223;1219
67;1144;1178;1165;1185;1172;1194;1153;932;960;931;930;957;1079;1218;1356;1299;1299;1216
68;1166;1128;1160;1154;1170;1169;1187;1137;927;956;923;926;956;1071;1217;1338;1284;1289
69;1077;1159;1110;1149;1143;1165;1150;1176;1129;921;954;918;915;945;1058;1197;1331;1272
70;1035;1067;1148;1099;1123;1127;1149;1148;1157;1125;906;946;915;906;940;1046;1186;1311
71;1182;1021;1053;1136;1090;1105;1106;1129;1140;1141;1107;895;933;906;892;929;1038;1179
72;994;1157;1008;1042;1127;1067;1086;1100;1111;1127;1127;1095;880;928;896;883;911;1028
73;987;969;1128;992;1026;1099;1051;1072;1081;1102;1108;1107;1076;868;910;891;872;897
74;1003;968;946;1102;977;999;1077;1039;1052;1074;1092;1088;1089;1058;850;891;882;872
75;892;982;952;929;1078;958;979;1064;1018;1040;1059;1078;1064;1072;1037;839;875;868
76;829;874;966;932;909;1059;935;962;1032;995;1015;1034;1047;1046;1054;1020;831;858
77;743;811;840;935;913;877;1027;916;935;1017;972;983;1015;1022;1024;1026;980;817
78;799;725;775;817;911;893;845;1006;885;901;992;948;954;993;994;998;1003;955
79;766;779;699;749;800;886;853;816;988;855;875;958;921;933;960;966;972;967
80;720;740;740;657;726;771;848;821;782;955;817;845;927;890;904;934;942;941
81;717;695;713;712;621;688;743;816;798;754;912;770;813;911;859;869;899;909
82;402;700;645;688;668;588;651;700;766;757;721;867;736;781;861;823;840;857
83;258;374;655;609;646;613;538;622;667;727;706;677;819;695;734;815;784;803
84;256;244;346;615;559;613;579;506;576;622;691;662;634;775;662;696;769;737
85;282;233;228;320;567;523;555;537;473;527;567;632;622;593;717;600;644;723
86;318;255;215;211;279;504;478;517;497;447;499;535;592;567;545;658;557;600
87;272;279;229;198;195;243;444;416;471;446;410;440;497;527;518;497;598;516
88;279;247;230;210;169;171;226;387;370;411;395;361;392;450;475;462;440;534
89;195;236;209;195;177;148;160;197;348;341;357;348;322;352;388;417;413;412
90;203;168;194;176;169;159;130;133;179;296;295;301;311;264;298;334;357;355
91;169;169;141;163;140;136;132;119;116;151;258;254;264;249;219;259;279;297
92;105;133;133;124;128;112;104;110;101;94;129;214;209;223;207;189;212;246
93;81;83;101;113;97;104;94;84;89;80;79;102;171;179;188;178;156;175
94;60;70;65;80;94;70;75;76;63;73;66;63;87;131;138;157;150;127
95;32;34;53;51;68;67;48;69;58;52;56;58;54;70;101;104;123;121
96;23;23;22;40;38;48;44;39;50;48;42;44;36;38;50;81;85;93
97;13;15;11;20;27;22;35;29;29;35;37;31;33;27;25;37;61;65
98;13;9;10;8;14;18;15;21;24;22;25;23;21;25;23;20;28;38
99;1;11;4;4;4;9;12;8;11;18;19;19;15;15;15;17;14;25
100 e oltre;9;4;13;10;8;9;12;17;20;24;26;29;30;37;31;34;31;28
Totale;103605;103163;103004;103010;102637;102089;102413;102453;102362;102368;102366;102165;102051;101757;101236;100673;100036;99617

"Ricostruzione della popolazione intercensuaria - Popolazione al 1° gennaio per età"
"Cittadinanza italiana - Provincia: Matera"
Età/Anno;2002;2003;2004;2005;2006;2007;2008;2009;2010;2011;2012;2013;2014;2015;2016;2017;2018;2019
Età;Totale
0;1892;1909;1910;1891;1702;1716;1671;1697;1539;1572;1534;1464;1422;1388;1302;1360;1255;1223
1;2033;1877;1901;1890;1870;1708;1724;1658;1682;1547;1554;1518;1456;1434;1364;1301;1357;1242
2;1920;2020;1887;1892;1884;1864;1706;1727;1647;1671;1544;1553;1504;1462;1438;1362;1307;1354
3;1912;1897;1989;1876;1876;1873;1855;1701;1716;1628;1669;1547;1561;1515;1480;1417;1367;1305
4;2001;1901;1895;1991;1877;1883;1863;1845;1690;1716;1630;1677;1555;1573;1511;1488;1406;1358
5;2027;1996;1893;1904;1984;1873;1882;1856;1845;1688;1710;1624;1666;1560;1573;1514;1498;1394
6;1993;2005;1985;1900;1898;1993;1871;1884;1863;1845;1688;1713;1620;1656;1565;1565;1502;1493
7;2023;1976;2003;1986;1900;1893;1995;1866;1881;1865;1844;1691;1718;1621;1667;1553;1571;1509
8;2145;2016;1973;2007;1977;1891;1897;1991;1874;1893;1865;1845;1688;1722;1625;1660;1563;1562
9;2280;2136;2012;1968;1999;1977;1886;1900;1986;1872;1889;1862;1844;1687;1725;1628;1661;1561
10;2352;2268;2129;2000;1956;1992;1981;1881;1909;1997;1871;1886;1866;1843;1695;1726;1631;1666
11;2509;2334;2263;2128;1999;1943;1988;1985;1882;1912;2001;1871;1889;1867;1862;1690;1725;1624
12;2372;2500;2321;2253;2117;1998;1935;1985;1985;1887;1922;1991;1866;1886;1862;1860;1680;1735
13;2427;2356;2485;2307;2248;2114;1999;1935;1991;1989;1884;1916;1997;1858;1886;1864;1850;1678
14;2439;2410;2361;2482;2299;2243;2113;2002;1940;1994;1988;1878;1922;1991;1852;1880;1863;1848
15;2389;2431;2404;2354;2465;2277;2240;2113;2006;1937;1995;1986;1891;1925;1989;1852;1885;1863
16;2531;2372;2429;2392;2351;2460;2275;2247;2120;2013;1938;1993;1991;1890;1923;1990;1851;1893
17;2617;2516;2364;2421;2384;2339;2459;2275;2247;2132;2015;1935;1998;1986;1893;1919;1994;1846
18;2677;2596;2506;2354;2425;2382;2336;2458;2279;2253;2133;2022;1946;2009;1989;1904;1928;2003
19;2727;2662;2587;2488;2342;2416;2381;2332;2445;2286;2255;2135;2024;1950;2007;1979;1899;1926
20;2852;2714;2633;2565;2472;2295;2398;2348;2322;2423;2278;2237;2129;2012;1949;1994;1966;1878
21;2849;2823;2688;2617;2534;2459;2258;2369;2330;2306;2425;2268;2225;2125;2003;1931;1982;1965
22;2907;2805;2793;2671;2600;2498;2424;2238;2353;2326;2306;2426;2256;2222;2108;1986;1918;1972
23;2982;2859;2771;2771;2639;2569;2479;2400;2222;2349;2312;2301;2422;2248;2202;2090;1982;1912
24;2958;2945;2822;2747;2718;2608;2550;2454;2374;2225;2336;2299;2279;2412;2242;2178;2077;1959
25;3139;2931;2907;2799;2718;2676;2568;2512;2415;2357;2215;2324;2289;2269;2398;2208;2152;2033
26;3133;3096;2919;2898;2749;2674;2636;2512;2476;2381;2325;2199;2278;2269;2230;2347;2180;2117
27;3146;3085;3070;2901;2892;2711;2627;2591;2456;2443;2356;2277;2175;2249;2232;2183;2304;2137
28;3163;3097;3057;3044;2875;2832;2662;2573;2548;2392;2415;2339;2236;2140;2209;2168;2141;2254
29;3092;3108;3068;3017;3009;2828;2798;2572;2520;2508;2350;2360;2307;2192;2114;2174;2151;2070
30;3051;3036;3073;3037;2970;2969;2779;2726;2531;2437;2467;2325;2304;2275;2161;2056;2119;2109
31;3030;3001;3004;3022;2972;2948;2895;2717;2684;2465;2408;2419;2288;2303;2236;2118;1985;2075
32;3023;2976;2934;2963;2955;2936;2868;2820;2679;2628;2418;2378;2388;2265;2276;2185;2072;1953
33;2996;2961;2940;2895;2914;2900;2904;2792;2782;2646;2593;2379;2338;2350;2231;2235;2150;2048
34;3017;2957;2892;2901;2851;2881;2832;2865;2754;2767;2627;2563;2357;2308;2323;2208;2183;2104
35;3070;2968;2917;2854;2868;2836;2838;2803;2862;2727;2734;2614;2541;2338;2268;2277;2179;2151
36;3039;3031;2916;2908;2834;2857;2812;2808;2781;2847;2716;2724;2579;2533;2329;2242;2248;2151
37;3185;3023;3011;2903;2892;2806;2853;2807;2794;2769;2836;2713;2710;2559;2530;2315;2227;2238
38;2956;3149;3016;2998;2880;2874;2802;2825;2774;2788;2778;2832;2704;2712;2538;2475;2303;2209
39;2919;2941;3136;3000;2974;2863;2860;2781;2839;2768;2789;2769;2827;2692;2698;2500;2477;2301
40;2959;2911;2928;3119;2971;2954;2860;2851;2782;2836;2746;2773;2764;2810;2705;2685;2498;2463
41;2884;2937;2889;2904;3103;2960;2930;2839;2863;2762;2833;2738;2766;2738;2803;2702;2677;2484
42;2884;2872;2927;2879;2885;3081;2955;2918;2838;2851;2760;2831;2740;2754;2727;2793;2701;2680
43;2722;2861;2861;2920;2856;2872;3070;2943;2916;2844;2856;2749;2814;2734;2756;2725;2778;2695
44;2686;2715;2851;2845;2908;2837;2867;3061;2936;2922;2841;2853;2748;2820;2736;2764;2713;2778
45;2851;2685;2697;2833;2824;2883;2840;2858;3044;2931;2921;2839;2842;2743;2816;2727;2766;2711
46;2672;2838;2677;2691;2830;2810;2871;2845;2851;3041;2924;2927;2840;2835;2750;2812;2739;2748
47;2685;2655;2817;2666;2686;2812;2806;2855;2847;2858;3047;2928;2934;2841;2838;2742;2811;2747
48;2440;2671;2654;2807;2650;2676;2812;2792;2848;2847;2860;3045;2943;2926;2847;2825;2734;2794
49;2460;2435;2666;2648;2816;2633;2675;2801;2793;2847;2842;2869;3052;2928;2928;2847;2820;2728
50;2474;2464;2427;2651;2647;2786;2636;2675;2792;2779;2845;2838;2874;3054;2927;2922;2847;2817
51;2667;2464;2451;2409;2651;2641;2785;2630;2676;2795;2766;2841;2827;2869;3052;2924;2919;2827
52;2710;2656;2455;2449;2406;2633;2627;2776;2629;2685;2795;2769;2839;2822;2857;3039;2904;2920
53;2788;2695;2640;2457;2448;2410;2635;2628;2752;2624;2678;2787;2772;2842;2826;2839;3042;2895
54;2551;2783;2680;2633;2450;2436;2401;2637;2636;2746;2629;2681;2790;2777;2835;2817;2827;3022
55;2298;2541;2775;2661;2623;2426;2424;2392;2636;2641;2736;2622;2673;2780;2771;2831;2815;2815
56;1937;2303;2539;2770;2639;2608;2416;2412;2382;2627;2627;2734;2623;2671;2774;2751;2817;2798
57;1886;1928;2296;2529;2778;2633;2590;2414;2401;2377;2628;2617;2725;2615;2667;2766;2733;2806
58;1881;1873;1916;2282;2517;2774;2633;2570;2399;2402;2374;2619;2619;2711;2605;2658;2752;2719
59;1959;1874;1867;1906;2266;2516;2774;2622;2561;2401;2389;2354;2611;2601;2695;2601;2637;2739
60;1844;1941;1861;1856;1899;2250;2505;2770;2607;2550;2393;2380;2343;2600;2595;2680;2577;2633
61;2298;1829;1921;1847;1853;1892;2251;2484;2754;2581;2536;2384;2368;2331;2594;2575;2666;2558
62;2310;2281;1814;1906;1847;1855;1888;2247;2465;2742;2567;2533;2365;2357;2313;2580;2554;2650
63;2256;2286;2257;1791;1898;1841;1848;1884;2228;2453;2727;2564;2511;2350;2342;2299;2564;2537
64;2280;2230;2275;2239;1787;1869;1828;1841;1877;2204;2426;2714;2536;2492;2330;2329;2291;2546
65;2226;2261;2212;2261;2212;1778;1857;1810;1827;1855;2182;2405;2689;2516;2474;2313;2321;2265
66;2175;2201;2236;2190;2256;2177;1756;1836;1787;1809;1837;2158;2389;2667;2495;2450;2290;2295
67;2243;2159;2164;2212;2168;2233;2166;1743;1809;1773;1796;1815;2124;2364;2639;2474;2442;2266
68;2177;2210;2117;2144;2177;2154;2210;2137;1720;1797;1754;1782;1800;2110;2350;2607;2443;2422
69;2131;2150;2158;2095;2111;2142;2114;2177;2109;1700;1790;1749;1764;1776;2069;2312;2570;2408
70;1948;2091;2115;2119;2060;2070;2108;2097;2138;2085;1677;1770;1734;1735;1760;2045;2296;2533
71;2165;1913;2050;2068;2083;2029;2033;2073;2064;2098;2058;1654;1740;1710;1713;1729;2018;2259
72;1837;2120;1873;2008;2033;2033;1982;1994;2033;2026;2066;2027;1622;1720;1684;1687;1694;1988
73;1834;1789;2045;1822;1967;1978;1991;1944;1950;2007;1981;2027;1988;1595;1683;1664;1664;1660
74;1842;1780;1751;1997;1776;1904;1933;1959;1906;1923;1975;1931;1989;1952;1557;1633;1635;1647
75;1669;1789;1729;1703;1947;1735;1859;1887;1903;1861;1885;1936;1882;1953;1905;1517;1597;1606
76;1540;1625;1756;1671;1645;1889;1687;1813;1831;1853;1804;1838;1872;1834;1908;1861;1487;1552
77;1392;1493;1569;1699;1619;1581;1820;1642;1733;1783;1794;1739;1783;1809;1776;1856;1794;1451
78;1422;1339;1426;1508;1634;1563;1520;1768;1578;1660;1729;1735;1679;1729;1753;1707;1797;1733
79;1323;1364;1271;1370;1454;1581;1495;1450;1714;1516;1593;1664;1671;1618;1648;1700;1643;1729
80;1200;1259;1294;1197;1315;1386;1512;1431;1368;1639;1443;1529;1590;1606;1554;1581;1635;1578
81;1159;1134;1189;1219;1120;1246;1327;1437;1377;1305;1546;1370;1461;1533;1541;1491;1508;1575
82;685;1100;1061;1142;1131;1048;1170;1254;1351;1300;1239;1449;1298;1385;1436;1457;1410;1433
83;414;633;1007;996;1053;1036;945;1094;1147;1263;1211;1155;1349;1223;1290;1349;1384;1324
84;448;389;572;929;899;979;954;879;1015;1060;1169;1122;1080;1257;1156;1205;1253;1284
85;473;405;355;531;863;830;894;879;812;944;950;1059;1036;1001;1153;1053;1104;1167
86;554;427;365;322;463;767;755;825;809;766;871;879;985;936;905;1047;970;1022
87;458;476;381;329;293;400;669;655;748;736;692;767;804;872;851;810;943;883
88;457;406;397;341;278;262;361;586;576;645;646;615;670;732;780;742;708;829
89;348;397;344;338;283;238;241;310;518;512;555;550;538;594;624;685;662;654
90;305;301;309;290;289;251;203;203;268;448;437;471;488;448;505;528;573;567
91;265;256;231;260;234;229;211;183;178;226;377;368;405;390;374;425;427;467
92;191;208;201;193;204;185;179;174;142;147;190;309;299;341;314;325;341;366
93;135;142;163;166;150;158;150;149;137;112;118;145;241;249;279;264;262;269
94;90;109;104;118;131;106;118;113;115;113;93;91;120;180;192;229;209;215
95;61;52;79;76;96;94;79;101;84;89;88;80;76;95;137;141;177;167
96;31;45;33;59;54;67;65;63;68;69;69;71;55;57;73;106;112;129
97;21;24;25;26;43;33;47;44;50;50;55;50;56;43;40;51;79;87
98;15;14;17;20;19;28;24;29;36;38;36;35;32;40;32;25;40;48
99;3;13;8;8;12;14;18;17;18;30;28;29;23;25;27;20;18;32
100 e oltre;11;6;17;15;13;18;22;29;31;38;49;50;53;55;47;48;40;34
Totale;202403;201492;200629;200135;199192;198165;197302;196381;195486;194871;194142;193266;192360;191447;190298;188752;187317;185773
Età/Anno;2002;2003;2004;2005;2006;2007;2008;2009;2010;2011;2012;2013;2014;2015;2016;2017;2018;2019
Età;Maschi
0;977;967;1016;941;881;934;870;876;784;788;777;750;745;683;686;679;663;596
1;1096;967;965;990;925;888;937;861;870;784;780;766;750;753;671;682;677;657
2;1005;1084;978;956;986;922;882;933;859;864;787;787;764;754;750;669;678;679
3;1005;994;1068;975;947;977;912;873;930;850;864;786;791;766;763;739;670;681
4;1014;1003;996;1073;982;949;970;901;873;934;854;868;794;798;759;764;740;662
5;1021;1008;995;1001;1077;981;945;965;906;873;928;854;866;798;793;757;771;733
6;1011;1016;1000;997;996;1083;984;948;966;908;873;927;852;861;799;794;755;761
7;999;1005;1015;1000;1003;993;1080;980;950;973;909;871;928;850;868;792;794;757
8;1096;996;1001;1022;992;1002;994;1081;985;954;972;909;871;928;852;862;796;789
9;1202;1097;997;998;1018;995;999;993;1076;988;952;972;905;873;930;852;868;790
10;1212;1196;1091;989;992;1016;999;995;994;1086;988;952;975;901;876;932;857;871
11;1315;1202;1196;1092;990;984;1017;1002;996;993;1088;990;955;975;913;878;937;851
12;1223;1313;1194;1194;1086;991;982;1016;1001;997;998;1081;990;955;969;913;869;943
13;1221;1218;1307;1188;1193;1087;993;979;1019;1001;995;1000;1082;988;955;973;905;869
14;1293;1210;1222;1302;1177;1189;1089;998;981;1018;999;995;1003;1077;982;950;975;901
15;1240;1287;1205;1218;1286;1172;1187;1089;999;980;1015;997;999;1002;1081;984;952;977
16;1299;1235;1289;1202;1220;1278;1168;1191;1093;1005;980;1014;998;996;1003;1083;980;956
17;1353;1292;1231;1284;1199;1215;1274;1165;1187;1097;1004;979;1014;999;1000;1001;1084;974
18;1376;1339;1283;1229;1289;1193;1211;1273;1164;1190;1096;1009;986;1018;1004;999;998;1091
19;1358;1363;1336;1268;1222;1280;1193;1214;1265;1172;1192;1097;1009;988;1020;994;995;992
20;1501;1346;1350;1322;1256;1195;1269;1176;1213;1254;1166;1184;1090;1004;989;1015;986;980
21;1455;1485;1333;1338;1303;1253;1174;1253;1169;1199;1249;1165;1182;1084;995;985;1008;984
22;1470;1430;1474;1322;1328;1290;1224;1164;1247;1165;1203;1247;1156;1180;1076;988;978;1007
23;1546;1449;1412;1463;1306;1307;1280;1208;1153;1241;1154;1205;1242;1154;1166;1068;985;973
24;1456;1521;1432;1394;1432;1286;1294;1261;1192;1155;1239;1153;1195;1237;1145;1153;1061;977
25;1605;1441;1487;1414;1388;1411;1268;1280;1243;1184;1152;1234;1139;1185;1235;1129;1135;1038
26;1557;1596;1440;1481;1389;1358;1376;1256;1264;1229;1168;1154;1208;1126;1168;1206;1118;1114
27;1635;1521;1581;1434;1485;1363;1339;1349;1238;1252;1220;1143;1133;1191;1109;1139;1187;1098
28;1612;1607;1524;1574;1414;1454;1344;1317;1321;1217;1244;1221;1130;1113;1164;1084;1123;1162
29;1581;1594;1590;1505;1560;1390;1435;1299;1307;1302;1195;1208;1187;1111;1099;1153;1085;1077
30;1546;1560;1584;1569;1490;1542;1350;1405;1285;1258;1280;1177;1177;1166;1096;1071;1129;1066
31;1515;1541;1545;1566;1537;1479;1520;1324;1385;1261;1242;1253;1156;1178;1143;1073;1033;1101
32;1477;1485;1507;1526;1535;1513;1465;1480;1306;1371;1241;1225;1249;1141;1163;1107;1056;1018
33;1508;1445;1469;1482;1501;1520;1495;1422;1459;1290;1352;1211;1201;1228;1121;1140;1092;1029
34;1485;1469;1407;1453;1460;1481;1477;1470;1385;1442;1266;1341;1210;1183;1213;1112;1110;1066
35;1473;1451;1441;1387;1429;1445;1446;1452;1473;1362;1418;1263;1333;1203;1169;1181;1095;1098
36;1483;1459;1435;1438;1384;1436;1425;1424;1434;1466;1364;1423;1240;1331;1197;1157;1168;1081
37;1605;1481;1454;1428;1437;1375;1428;1415;1416;1426;1460;1366;1418;1232;1332;1188;1148;1152
38;1500;1579;1473;1435;1414;1428;1374;1408;1400;1418;1431;1456;1358;1422;1226;1300;1185;1135
39;1418;1502;1569;1466;1422;1408;1422;1367;1409;1399;1418;1431;1448;1352;1410;1203;1301;1176
40;1435;1420;1498;1556;1454;1414;1409;1426;1370;1414;1391;1409;1433;1442;1350;1399;1212;1292
41;1378;1417;1406;1481;1545;1442;1397;1400;1426;1359;1409;1384;1404;1423;1435;1355;1396;1197
42;1440;1373;1410;1405;1470;1530;1438;1390;1408;1419;1361;1394;1387;1398;1415;1421;1358;1401
43;1352;1427;1371;1410;1399;1466;1526;1433;1398;1412;1423;1359;1384;1384;1393;1419;1420;1355
44;1248;1351;1423;1367;1404;1389;1464;1526;1433;1404;1416;1426;1362;1391;1384;1401;1410;1428
45;1392;1248;1342;1410;1355;1393;1390;1458;1518;1431;1406;1416;1414;1358;1391;1371;1405;1409
46;1322;1384;1244;1343;1409;1353;1382;1394;1458;1509;1428;1414;1416;1410;1366;1388;1377;1392
47;1340;1311;1371;1239;1338;1400;1351;1366;1397;1457;1513;1429;1419;1418;1411;1371;1385;1379
48;1233;1333;1310;1361;1237;1331;1396;1338;1360;1398;1455;1512;1441;1416;1423;1402;1362;1382
49;1210;1233;1327;1307;1376;1227;1331;1388;1333;1360;1397;1462;1521;1434;1418;1426;1395;1353
50;1201;1218;1223;1319;1307;1366;1237;1333;1374;1328;1358;1399;1465;1522;1431;1419;1424;1398
51;1290;1196;1207;1213;1317;1304;1368;1237;1329;1374;1321;1355;1390;1461;1521;1429;1419;1411
52;1349;1284;1190;1200;1209;1308;1289;1361;1235;1332;1375;1317;1350;1385;1455;1511;1423;1419
53;1395;1340;1280;1196;1196;1211;1308;1287;1354;1226;1324;1375;1317;1350;1387;1442;1512;1417
54;1267;1392;1333;1283;1194;1189;1203;1305;1295;1352;1227;1329;1385;1321;1347;1384;1439;1499
55;1159;1258;1390;1325;1278;1177;1178;1195;1302;1301;1348;1222;1325;1379;1316;1341;1382;1428
56;954;1166;1258;1388;1312;1271;1174;1173;1184;1299;1293;1350;1225;1324;1376;1309;1336;1372
57;931;943;1161;1255;1394;1306;1262;1172;1166;1182;1302;1285;1346;1218;1319;1370;1304;1324
58;906;927;935;1153;1243;1394;1300;1253;1161;1163;1181;1293;1288;1339;1216;1315;1361;1292
59;955;903;924;931;1144;1243;1393;1289;1247;1157;1150;1166;1287;1277;1330;1216;1302;1354
60;873;947;888;921;921;1135;1235;1389;1280;1238;1153;1148;1159;1277;1272;1314;1199;1291
61;1093;863;933;884;919;912;1137;1223;1378;1259;1229;1153;1141;1151;1268;1262;1308;1194
62;1098;1092;856;918;884;919;907;1130;1211;1367;1254;1227;1147;1133;1143;1258;1247;1300
63;1045;1086;1075;843;911;882;913;906;1118;1206;1355;1249;1214;1134;1124;1138;1250;1233
64;1083;1031;1072;1060;839;896;873;910;896;1105;1199;1347;1230;1204;1120;1116;1131;1241
65;1035;1068;1018;1060;1048;832;885;858;897;888;1091;1187;1330;1218;1188;1109;1121;1114
66;988;1025;1044;1006;1059;1027;825;873;845;884;872;1078;1176;1320;1206;1172;1092;1104
67;1100;983;1000;1030;998;1041;1017;817;856;846;875;864;1053;1156;1301;1193;1164;1073
68;1012;1083;958;991;1010;989;1026;1006;798;848;835;865;852;1048;1143;1285;1175;1155
69;1056;993;1048;947;970;980;968;1003;987;784;841;835;857;837;1019;1127;1257;1153
70;913;1026;968;1020;938;947;961;954;985;967;776;829;826;838;824;1007;1122;1240
71;983;893;999;933;993;925;932;947;928;961;956;763;812;811;827;803;990;1096
72;844;963;866;968;907;966;898;899;925;904;942;937;745;797;794;811;787;972
73;847;822;918;831;943;881;940;874;874;908;878;923;919;730;779;778;801;768
74;839;813;806;897;800;907;858;920;856;855;886;847;904;900;711;748;758;786
75;777;808;779;777;870;778;881;825;885;823;832;861;821;885;874;682;727;744
76;713;751;791;742;739;831;755;851;800;858;791;810;829;794;856;847;660;699
77;650;684;729;765;708;707;795;728;798;767;822;758;775;792;757;832;819;637
78;624;616;654;691;724;672;676;764;695;759;738;787;727;743;763;714;797;783
79;558;587;574;623;654;696;644;635;727;663;718;707;750;686;694;738;676;764
80;481;520;556;542;591;615;665;612;587;686;628;684;664;716;650;653;699;642
81;442;441;477;509;501;560;584;622;581;552;637;602;648;623;682;622;614;673
82;283;401;417;455;464;463;520;554;585;543;519;585;564;605;575;634;570;580
83;157;259;353;389;408;424;409;474;480;536;505;479;532;530;557;534;600;521
84;192;146;227;316;342;367;376;375;439;438;478;460;446;484;496;510;484;548
85;191;172;127;213;297;308;341;343;341;417;383;429;414;408;438;454;461;444
86;236;172;150;111;186;264;278;310;313;320;372;344;395;369;360;391;414;423
87;186;197;152;131;98;159;226;240;279;290;283;327;307;347;333;313;346;368
88;178;159;167;131;109;91;137;200;206;236;251;254;278;282;306;280;269;296
89;153;161;135;143;106;90;81;114;170;171;199;202;216;242;236;268;250;243
90;102;133;116;114;120;92;73;70;90;152;142;171;177;184;207;194;216;212
91;96;87;90;97;94;93;79;64;62;75;119;114;142;142;155;166;148;170
92;86;75;68;69;76;73;75;64;41;53;61;95;90;119;107;136;129;120
93;54;59;62;53;53;54;56;65;48;32;39;43;70;70;92;86;106;94
94;30;39;39;38;37;36;43;37;53;40;27;28;33;49;54;73;59;88
95;29;18;26;25;28;27;31;32;26;37;32;22;22;25;36;37;55;46
96;8;22;11;19;16;19;21;24;18;21;27;27;19;19;23;25;27;37
97;8;9;14;6;16;11;12;15;21;15;18;19;23;16;15;14;18;22
98;2;5;7;12;5;10;9;8;12;16;11;12;11;15;9;5;12;10
99;2;2;4;4;8;5;6;9;7;12;9;10;8;10;12;3;4;7
100 e oltre;2;2;4;6;6;10;10;12;11;14;23;21;23;18;16;14;9;6
Totale;99550;99091;98673;98348;97908;97471;97045;96543;96054;95769;95397;95063;94637;94161;93596;92784;92140;91261
Età/Anno;2002;2003;2004;2005;2006;2007;2008;2009;2010;2011;2012;2013;2014;2015;2016;2017;2018;2019
Età;Femmine
0;915;942;894;950;821;782;801;821;755;784;757;714;677;705;616;681;592;627
1;937;910;936;900;945;820;787;797;812;763;774;752;706;681;693;619;680;585
2;915;936;909;936;898;942;824;794;788;807;757;766;740;708;688;693;629;675
3;907;903;921;901;929;896;943;828;786;778;805;761;770;749;717;678;697;624
4;987;898;899;918;895;934;893;944;817;782;776;809;761;775;752;724;666;696
5;1006;988;898;903;907;892;937;891;939;815;782;770;800;762;780;757;727;661
6;982;989;985;903;902;910;887;936;897;937;815;786;768;795;766;771;747;732
7;1024;971;988;986;897;900;915;886;931;892;935;820;790;771;799;761;777;752
8;1049;1020;972;985;985;889;903;910;889;939;893;936;817;794;773;798;767;773
9;1078;1039;1015;970;981;982;887;907;910;884;937;890;939;814;795;776;793;771
10;1140;1072;1038;1011;964;976;982;886;915;911;883;934;891;942;819;794;774;795
11;1194;1132;1067;1036;1009;959;971;983;886;919;913;881;934;892;949;812;788;773
12;1149;1187;1127;1059;1031;1007;953;969;984;890;924;910;876;931;893;947;811;792
13;1206;1138;1178;1119;1055;1027;1006;956;972;988;889;916;915;870;931;891;945;809
14;1146;1200;1139;1180;1122;1054;1024;1004;959;976;989;883;919;914;870;930;888;947
15;1149;1144;1199;1136;1179;1105;1053;1024;1007;957;980;989;892;923;908;868;933;886
16;1232;1137;1140;1190;1131;1182;1107;1056;1027;1008;958;979;993;894;920;907;871;937
17;1264;1224;1133;1137;1185;1124;1185;1110;1060;1035;1011;956;984;987;893;918;910;872
18;1301;1257;1223;1125;1136;1189;1125;1185;1115;1063;1037;1013;960;991;985;905;930;912
19;1369;1299;1251;1220;1120;1136;1188;1118;1180;1114;1063;1038;1015;962;987;985;904;934
20;1351;1368;1283;1243;1216;1100;1129;1172;1109;1169;1112;1053;1039;1008;960;979;980;898
21;1394;1338;1355;1279;1231;1206;1084;1116;1161;1107;1176;1103;1043;1041;1008;946;974;981
22;1437;1375;1319;1349;1272;1208;1200;1074;1106;1161;1103;1179;1100;1042;1032;998;940;965
23;1436;1410;1359;1308;1333;1262;1199;1192;1069;1108;1158;1096;1180;1094;1036;1022;997;939
24;1502;1424;1390;1353;1286;1322;1256;1193;1182;1070;1097;1146;1084;1175;1097;1025;1016;982
25;1534;1490;1420;1385;1330;1265;1300;1232;1172;1173;1063;1090;1150;1084;1163;1079;1017;995
26;1576;1500;1479;1417;1360;1316;1260;1256;1212;1152;1157;1045;1070;1143;1062;1141;1062;1003
27;1511;1564;1489;1467;1407;1348;1288;1242;1218;1191;1136;1134;1042;1058;1123;1044;1117;1039
28;1551;1490;1533;1470;1461;1378;1318;1256;1227;1175;1171;1118;1106;1027;1045;1084;1018;1092
29;1511;1514;1478;1512;1449;1438;1363;1273;1213;1206;1155;1152;1120;1081;1015;1021;1066;993
30;1505;1476;1489;1468;1480;1427;1429;1321;1246;1179;1187;1148;1127;1109;1065;985;990;1043
31;1515;1460;1459;1456;1435;1469;1375;1393;1299;1204;1166;1166;1132;1125;1093;1045;952;974
32;1546;1491;1427;1437;1420;1423;1403;1340;1373;1257;1177;1153;1139;1124;1113;1078;1016;935
33;1488;1516;1471;1413;1413;1380;1409;1370;1323;1356;1241;1168;1137;1122;1110;1095;1058;1019
34;1532;1488;1485;1448;1391;1400;1355;1395;1369;1325;1361;1222;1147;1125;1110;1096;1073;1038
35;1597;1517;1476;1467;1439;1391;1392;1351;1389;1365;1316;1351;1208;1135;1099;1096;1084;1053
36;1556;1572;1481;1470;1450;1421;1387;1384;1347;1381;1352;1301;1339;1202;1132;1085;1080;1070
37;1580;1542;1557;1475;1455;1431;1425;1392;1378;1343;1376;1347;1292;1327;1198;1127;1079;1086
38;1456;1570;1543;1563;1466;1446;1428;1417;1374;1370;1347;1376;1346;1290;1312;1175;1118;1074
39;1501;1439;1567;1534;1552;1455;1438;1414;1430;1369;1371;1338;1379;1340;1288;1297;1176;1125
40;1524;1491;1430;1563;1517;1540;1451;1425;1412;1422;1355;1364;1331;1368;1355;1286;1286;1171
41;1506;1520;1483;1423;1558;1518;1533;1439;1437;1403;1424;1354;1362;1315;1368;1347;1281;1287
42;1444;1499;1517;1474;1415;1551;1517;1528;1430;1432;1399;1437;1353;1356;1312;1372;1343;1279
43;1370;1434;1490;1510;1457;1406;1544;1510;1518;1432;1433;1390;1430;1350;1363;1306;1358;1340
44;1438;1364;1428;1478;1504;1448;1403;1535;1503;1518;1425;1427;1386;1429;1352;1363;1303;1350
45;1459;1437;1355;1423;1469;1490;1450;1400;1526;1500;1515;1423;1428;1385;1425;1356;1361;1302
46;1350;1454;1433;1348;1421;1457;1489;1451;1393;1532;1496;1513;1424;1425;1384;1424;1362;1356
47;1345;1344;1446;1427;1348;1412;1455;1489;1450;1401;1534;1499;1515;1423;1427;1371;1426;1368
48;1207;1338;1344;1446;1413;1345;1416;1454;1488;1449;1405;1533;1502;1510;1424;1423;1372;1412
49;1250;1202;1339;1341;1440;1406;1344;1413;1460;1487;1445;1407;1531;1494;1510;1421;1425;1375
50;1273;1246;1204;1332;1340;1420;1399;1342;1418;1451;1487;1439;1409;1532;1496;1503;1423;1419
51;1377;1268;1244;1196;1334;1337;1417;1393;1347;1421;1445;1486;1437;1408;1531;1495;1500;1416
52;1361;1372;1265;1249;1197;1325;1338;1415;1394;1353;1420;1452;1489;1437;1402;1528;1481;1501
53;1393;1355;1360;1261;1252;1199;1327;1341;1398;1398;1354;1412;1455;1492;1439;1397;1530;1478
54;1284;1391;1347;1350;1256;1247;1198;1332;1341;1394;1402;1352;1405;1456;1488;1433;1388;1523
55;1139;1283;1385;1336;1345;1249;1246;1197;1334;1340;1388;1400;1348;1401;1455;1490;1433;1387
56;983;1137;1281;1382;1327;1337;1242;1239;1198;1328;1334;1384;1398;1347;1398;1442;1481;1426
57;955;985;1135;1274;1384;1327;1328;1242;1235;1195;1326;1332;1379;1397;1348;1396;1429;1482
58;975;946;981;1129;1274;1380;1333;1317;1238;1239;1193;1326;1331;1372;1389;1343;1391;1427
59;1004;971;943;975;1122;1273;1381;1333;1314;1244;1239;1188;1324;1324;1365;1385;1335;1385
60;971;994;973;935;978;1115;1270;1381;1327;1312;1240;1232;1184;1323;1323;1366;1378;1342
61;1205;966;988;963;934;980;1114;1261;1376;1322;1307;1231;1227;1180;1326;1313;1358;1364
62;1212;1189;958;988;963;936;981;1117;1254;1375;1313;1306;1218;1224;1170;1322;1307;1350
63;1211;1200;1182;948;987;959;935;978;1110;1247;1372;1315;1297;1216;1218;1161;1314;1304
64;1197;1199;1203;1179;948;973;955;931;981;1099;1227;1367;1306;1288;1210;1213;1160;1305
65;1191;1193;1194;1201;1164;946;972;952;930;967;1091;1218;1359;1298;1286;1204;1200;1151
66;1187;1176;1192;1184;1197;1150;931;963;942;925;965;1080;1213;1347;1289;1278;1198;1191
67;1143;1176;1164;1182;1170;1192;1149;926;953;927;921;951;1071;1208;1338;1281;1278;1193
68;1165;1127;1159;1153;1167;1165;1184;1131;922;949;919;917;948;1062;1207;1322;1268;1267
69;1075;1157;1110;1148;1141;1162;1146;1174;1122;916;949;914;907;939;1050;1185;1313;1255
70;1035;1065;1147;1099;1122;1123;1147;1143;1153;1118;901;941;908;897;936;1038;1174;1293
71;1182;1020;1051;1135;1090;1104;1101;1126;1136;1137;1102;891;928;899;886;926;1028;1163
72;993;1157;1007;1040;1126;1067;1084;1095;1108;1122;1124;1090;877;923;890;876;907;1016
73;987;967;1127;991;1024;1097;1051;1070;1076;1099;1103;1104;1069;865;904;886;863;892
74;1003;967;945;1100;976;997;1075;1039;1050;1068;1089;1084;1085;1052;846;885;877;861
75;892;981;950;926;1077;957;978;1062;1018;1038;1053;1075;1061;1068;1031;835;870;862
76;827;874;965;929;906;1058;932;962;1031;995;1013;1028;1043;1040;1052;1014;827;853
77;742;809;840;934;911;874;1025;914;935;1016;972;981;1008;1017;1019;1024;975;814
78;798;723;772;817;910;891;844;1004;883;901;991;948;952;986;990;993;1000;950
79;765;777;697;747;800;885;851;815;987;853;875;957;921;932;954;962;967;965
80;719;739;738;655;724;771;847;819;781;953;815;845;926;890;904;928;936;936
81;717;693;712;710;619;686;743;815;796;753;909;768;813;910;859;869;894;902
82;402;699;644;687;667;585;650;700;766;757;720;864;734;780;861;823;840;853
83;257;374;654;607;645;612;536;620;667;727;706;676;817;693;733;815;784;803
84;256;243;345;613;557;612;578;504;576;622;691;662;634;773;660;695;769;736
85;282;233;228;318;566;522;553;536;471;527;567;630;622;593;715;599;643;723
86;318;255;215;211;277;503;477;515;496;446;499;535;590;567;545;656;556;599
87;272;279;229;198;195;241;443;415;469;446;409;440;497;525;518;497;597;515
88;279;247;230;210;169;171;224;386;370;409;395;361;392;450;474;462;439;533
89;195;236;209;195;177;148;160;196;348;341;356;348;322;352;388;417;412;411
90;203;168;193;176;169;159;130;133;178;296;295;300;311;264;298;334;357;355
91;169;169;141;163;140;136;132;119;116;151;258;254;263;248;219;259;279;297
92;105;133;133;124;128;112;104;110;101;94;129;214;209;222;207;189;212;246
93;81;83;101;113;97;104;94;84;89;80;79;102;171;179;187;178;156;175
94;60;70;65;80;94;70;75;76;62;73;66;63;87;131;138;156;150;127
95;32;34;53;51;68;67;48;69;58;52;56;58;54;70;101;104;122;121
96;23;23;22;40;38;48;44;39;50;48;42;44;36;38;50;81;85;92
97;13;15;11;20;27;22;35;29;29;35;37;31;33;27;25;37;61;65
98;13;9;10;8;14;18;15;21;24;22;25;23;21;25;23;20;28;38
99;1;11;4;4;4;9;12;8;11;18;19;19;15;15;15;17;14;25
100 e oltre;9;4;13;9;7;8;12;17;20;24;26;29;30;37;31;34;31;28
Totale;102853;102401;101956;101787;101284;100694;100257;99838;99432;99102;98745;98203;97723;97286;96702;95968;95177;94512

"Ricostruzione della popolazione intercensuaria - Popolazione al 1° gennaio per età"
"Cittadinanza straniera - Provincia: Matera"
Età/Anno;2002;2003;2004;2005;2006;2007;2008;2009;2010;2011;2012;2013;2014;2015;2016;2017;2018;2019
Età;Totale
0;22;30;30;49;47;40;64;70;84;81;86;112;93;117;136;126;134;138
1;20;24;31;33;44;51;50;66;74;88;86;84;123;96;123;142;130;131
2;18;23;22;30;42;46;59;48;65;85;93;92;86;129;98;122;135;131
3;23;18;24;29;29;40;59;56;55;66;90;98;97;87;129;105;118;133
4;25;30;22;27;33;32;43;66;62;67;71;94;105;98;93;122;105;129
5;21;30;42;25;30;36;41;54;68;67;80;76;106;98;96;105;115;120
6;23;28;32;45;29;29;44;43;59;82;82;83;79;115;107;102;102;107
7;19;30;33;35;44;33;38;52;44;69;90;80;84;78;113;107;101;106
8;24;27;36;38;35;47;42;38;58;49;75;93;92;79;75;113;106;106
9;24;22;34;37;44;35;52;50;40;62;55;80;100;91;72;75;104;106
10;17;25;26;44;41;43;43;60;54;42;69;59;82;98;85;73;82;106
11;24;20;31;30;47;48;45;51;60;58;51;74;61;79;85;90;76;87
12;24;24;26;33;28;47;58;57;59;68;62;60;70;58;80;84;96;79
13;23;27;30;30;39;34;53;70;59;65;76;63;64;67;58;84;81;112
14;19;21;29;30;31;46;41;57;72;67;71;81;68;62;70;64;93;86
15;24;21;27;35;35;34;53;47;63;80;75;72;79;69;59;70;81;96
16;29;33;30;33;46;34;41;77;55;69;94;79;79;86;72;64;89;91
17;39;36;39;38;44;47;45;60;86;65;81;96;92;99;95;81;107;112
18;59;59;43;47;46;49;62;59;72;103;78;86;103;103;111;119;113;121
19;26;55;61;48;46;43;65;81;85;87;118;90;94;124;110;139;161;145
20;30;27;53;49;47;47;64;81;94;97;107;131;112;109;132;156;151;184
21;27;26;37;51;45;38;83;83;96;107;112;141;144;132;120;152;155;191
22;25;20;35;37;42;47;68;94;100;109;129;145;164;156;154;139;173;175
23;26;15;32;39;48;42;84;80;117;114;130;158;182;181;161;167;158;187
24;46;28;36;30;50;40;64;104;93;142;131;157;183;196;191;185;196;186
25;34;30;52;39;27;53;72;83;120;126;167;156;189;197;215;197;191;216
26;46;26;58;49;50;32;81;103;96;143;150;189;179;198;200;237;212;221
27;43;37;44;64;51;43;56;90;122;124;169;173;219;192;215;225;245;228
28;52;36;61;51;79;45;87;89;105;133;138;184;186;223;215;234;228;254
29;59;55;56;79;58;80;80;104;107;120;160;167;189;198;240;215;241;251
30;61;58;82;79;85;54;134;116;117;117;164;181;185;204;226;256;220;256
31;51;56;74;97;80;87;99;153;120;129;136;179;196;196;208;240;265;233
32;48;55;68;73;102;78;121;127;154;153;147;154;197;205;214;231;246;281
33;45;39;73;77;75;97;142;178;142;170;174;170;167;205;208;226;247;254
34;45;38;48;74;77;75;137;153;164;163;186;205;181;176;207;222;233;253
35;45;46;40;58;76;65;95;131;158;165;160;200;222;183;176;215;213;241
36;47;47;68;51;62;69;93;108;125;164;158;180;200;225;197;183;229;209
37;53;45;67;70;61;59;90;119;119;137;171;174;185;203;224;200;197;226
38;40;57;59;71;71;60;91;121;122;141;143;177;185;182;212;224;208;205
39;35;39;71;60;74;73;98;108;121;127;148;160;178;193;174;205;226;206
40;45;36;54;74;76;77;105;119;123;134;140;174;166;181;191;182;210;223
41;34;39;55;63;83;71;92;144;127;140;137;148;178;170;179;197;180;216
42;18;33;50;62;72;73;88;112;153;133;144;146;160;179;163;191;191;189
43;27;23;42;48;59;63;93;95;102;154;144;145;150;171;165;175;192;196
44;30;28;32;50;47;56;88;98;98;102;169;164;153;155;167;161;175;207
45;22;32;42;37;53;44;80;95;89;98;98;178;174;158;147;167;172;176
46;18;21;38;44;38;47;62;85;101;90;102;105;188;171;152;141;173;171
47;16;20;34;41;45;45;59;71;91;112;95;101;116;187;170;154;140;175
48;25;17;33;37;41;42;56;75;75;104;118;98;114;112;187;168;156;147
49;13;24;22;36;35;41;68;66;77;79;100;120;106;117;111;192;169;156
50;6;12;31;29;37;29;52;77;66;78;82;109;118;111;118;107;184;187
51;16;5;18;37;27;39;38;54;82;76;82;88;116;109;108;121;106;187
52;12;14;9;20;41;29;45;46;62;85;72;94;87;116;110;110;117;104
53;12;13;22;11;21;39;35;50;45;66;90;81;91;86;112;119;112;119
54;10;15;21;21;16;24;41;36;53;43;72;88;83;88;90;107;119;113
55;7;8;19;22;21;17;31;43;40;50;53;72;86;83;86;86;105;123
56;6;8;12;25;23;18;22;34;44;43;48;54;75;86;80;82;82;98
57;7;9;12;13;28;25;19;22;32;47;44;55;56;79;83;84;77;84
58;4;6;10;14;16;24;28;21;25;36;47;47;50;55;75;86;85;80
59;7;4;10;11;14;15;22;31;21;29;42;47;50;45;52;75;90;82
60;6;5;4;9;12;13;15;23;31;23;32;44;49;45;46;56;72;83
61;1;7;4;4;8;12;13;16;22;30;27;30;46;53;42;43;58;70
62;5;3;6;7;5;8;12;14;13;23;31;31;32;43;46;39;47;55
63;4;4;5;6;9;3;10;14;14;13;25;34;32;32;45;38;38;45
64;5;4;6;6;7;9;5;12;13;15;14;26;40;31;34;39;37;37
65;3;5;6;7;6;9;10;7;16;11;15;14;29;42;29;33;37;37
66;5;3;6;5;7;6;12;12;8;15;12;13;13;28;38;27;34;39
67;2;6;3;7;4;4;6;12;12;9;15;11;16;14;25;37;32;33
68;2;2;5;3;7;6;5;8;10;12;9;15;12;17;14;23;36;32
69;2;3;1;6;4;7;6;3;9;10;9;9;13;10;16;17;26;34
70;0;2;2;3;6;6;5;8;5;9;10;9;11;14;8;15;19;28
71;0;1;2;2;5;5;7;6;7;5;7;9;10;11;11;7;17;22
72;1;0;1;2;2;5;6;7;6;8;4;6;8;9;10;12;8;19
73;0;2;1;1;2;3;3;6;7;8;8;5;8;8;9;9;15;8
74;0;1;1;2;1;2;3;4;5;8;8;7;6;7;8;9;9;17
75;0;2;2;3;1;1;2;3;3;5;8;7;6;7;7;8;8;8
76;2;1;2;3;3;1;3;0;2;3;5;8;7;9;4;6;8;8
77;2;2;1;2;2;3;2;2;0;2;4;5;8;8;8;4;5;7
78;1;3;3;0;2;2;1;2;2;0;2;3;4;8;7;9;5;6
79;2;2;4;2;0;2;2;1;1;2;0;2;3;3;7;7;8;4
80;1;2;2;4;2;0;1;2;1;2;2;0;2;3;2;7;9;8
81;2;2;2;3;4;2;0;1;2;1;3;2;1;2;3;2;6;9
82;0;1;1;1;2;5;1;0;0;1;1;3;2;3;1;3;2;5
83;1;0;1;2;1;2;4;2;0;0;0;1;2;2;3;0;4;3
84;0;1;1;3;2;1;2;5;0;0;0;0;0;2;2;3;0;5
85;0;0;0;3;2;1;2;2;5;0;0;2;0;0;2;1;3;0
86;1;0;0;0;3;2;1;2;2;4;0;0;2;0;0;2;1;2
87;0;1;0;0;0;3;2;1;2;1;4;0;1;2;0;0;1;1
88;1;0;1;0;1;0;3;2;0;2;1;3;0;2;1;0;1;1
89;0;1;0;1;0;1;0;2;1;0;1;1;2;0;1;0;1;1
90;0;0;1;0;1;0;0;0;1;1;0;1;0;2;0;1;0;0
91;0;0;0;0;0;1;0;0;0;0;1;0;1;1;2;0;1;0
92;0;0;0;0;0;0;1;0;0;0;0;0;0;1;0;2;0;1
93;0;0;1;0;0;0;0;1;0;0;0;0;0;0;1;0;1;0
94;0;0;0;1;0;0;0;0;2;0;0;0;0;0;0;1;0;1
95;0;0;0;0;1;0;0;0;0;1;0;0;0;0;0;0;1;0
96;0;0;0;0;0;0;0;0;0;0;1;0;0;0;0;0;0;1
97;0;0;0;0;0;0;0;0;0;0;0;1;0;0;0;0;0;0
98;0;0;0;0;0;0;0;0;0;0;0;0;1;0;0;0;0;0
99;0;0;0;0;0;0;0;0;0;0;0;0;0;1;0;0;0;0
100 e oltre;0;0;0;1;1;1;0;0;0;0;0;0;0;0;1;1;0;0
Totale;1745;1796;2403;2708;2946;2942;4106;4941;5374;6024;6701;7449;8084;8466;8735;9262;9748;10362
Età/Anno;2002;2003;2004;2005;2006;2007;2008;2009;2010;2011;2012;2013;2014;2015;2016;2017;2018;2019
Età;Maschi
0;9;21;12;24;31;22;28;40;43;38;48;60;51;47;63;69;64;65
1;8;9;22;12;22;33;29;33;42;45;41;47;62;55;49;71;70;62
2;9;11;8;20;17;26;42;28;32;52;46;45;47;64;49;51;68;68
3;12;9;13;12;18;15;34;35;31;33;56;47;45;51;64;59;50;69
4;14;13;9;14;13;19;19;38;40;40;34;58;54;47;55;61;58;56
5;13;15;24;11;16;15;24;23;37;41;45;43;62;54;50;57;55;60
6;11;18;16;25;14;18;19;28;28;42;51;47;44;61;59;53;54;54
7;10;16;20;22;24;15;18;22;26;34;46;49;47;42;59;58;53;53
8;11;14;19;24;22;27;20;17;24;27;38;47;51;45;41;57;58;55
9;12;9;21;18;29;23;29;23;19;28;33;41;49;50;42;41;50;57
10;8;14;11;27;22;28;26;32;24;20;31;34;38;48;45;43;45;52
11;11;12;15;14;27;26;28;25;32;29;27;31;32;39;38;46;43;47
12;16;15;18;17;13;24;29;31;28;39;28;34;30;30;39;38;49;43
13;16;15;17;21;19;19;29;37;32;31;42;29;37;30;31;43;37;57
14;9;13;16;21;23;23;20;30;39;35;32;42;31;35;32;31;49;38
15;12;12;15;21;25;27;27;25;35;46;37;32;41;33;32;33;44;51
16;18;19;20;20;29;22;27;37;29;40;54;40;38;44;34;34;49;50
17;27;24;24;26;26;32;27;41;40;37;50;55;47;58;51;42;66;64
18;42;45;27;29;30;31;37;39;52;46;43;56;61;57;74;79;74;76
19;20;41;47;29;30;28;38;48;48;57;51;49;57;71;59;90;111;100
20;17;24;40;33;25;32;30;47;52;52;66;54;58;65;80;96;103;130
21;17;14;24;36;28;17;40;39;54;62;58;71;59;72;75;99;96;135
22;13;10;22;23;24;27;24;47;49;59;73;69;82;71;77;86;116;107
23;15;10;19;22;28;21;48;30;65;55;66;82;78;95;79;86;95;127
24;24;14;24;18;26;23;28;55;34;74;62;80;93;88;101;95;110;110
25;18;15;31;25;12;28;38;42;60;52;83;79;92;105;106;108;102;127
26;26;14;32;29;32;15;45;45;44;73;64;95;94;103;109;129;116;125
27;26;18;27;26;31;25;24;44;54;59;87;75;111;103;114;129;138;128
28;37;19;30;29;34;22;48;36;44;58;63;102;86;116;127;124;128;148
29;32;32;27;35;32;32;43;56;46;48;68;77;107;92;127;124;132;140
30;30;25;44;36;34;29;48;58;56;55;75;85;82;115;115;140;128;140
31;27;29;34;56;39;35;43;61;53;59;63;91;90;89;121;120;146;134
32;25;25;32;34;63;36;47;53;58;73;69;70;101;97;101;138;128;158
33;29;22;41;39;30;51;49;68;48;77;78;96;84;110;104;109;144;136
34;26;24;25;39;35;29;57;59;65;62;85;95;103;87;112;110;108;149
35;33;28;27;31;37;28;38;62;64;72;69;100;106;103;86;118;110;118
36;30;36;42;29;32;33;37;44;58;71;74;75;100;107;111;93;124;113
37;32;28;49;40;36;29;38;46;46;64;80;86;78;104;105;111;106;119
38;25;37;34;48;37;34;40;57;46;52;67;81;92;81;105;106;115;107
39;22;22;45;36;43;36;46;48;49;47;52;80;86;93;81;102;110;112
40;25;24;31;47;50;43;48;58;50;51;51;63;83;86;89;87;99;104
41;19;23;34;35;54;49;51;69;59;56;51;62;60;82;85;94;86;105
42;14;18;26;36;41;49;53;59;70;62;55;59;63;60;84;89;95;92
43;10;18;22;24;34;34;53;44;49;64;63;58;64;64;57;88;86;101
44;16;12;20;27;22;28;39;47;43;48;72;66;62;69;67;53;84;91
45;15;20;15;22;28;21;36;42;41;43;43;78;66;66;66;65;59;85
46;5;13;22;18;20;27;27;41;41;39;42;44;80;61;62;66;74;60
47;6;9;21;25;19;22;32;31;42;44;42;45;46;82;62;64;64;75
48;14;8;18;22;20;16;24;39;32;45;46;42;47;44;80;55;67;65
49;7;13;9;20;22;18;20;24;36;31;43;47;43;51;43;81;58;72
50;3;8;16;10;19;18;21;24;19;36;32;47;44;46;51;40;78;66
51;9;3;8;17;10;22;21;16;27;21;41;36;51;38;44;55;40;80
52;6;7;6;8;19;11;23;24;18;27;20;44;37;46;36;41;50;41
53;9;6;6;7;9;15;11;28;23;18;29;20;46;35;44;42;40;49
54;5;11;7;5;8;8;16;12;28;20;19;27;22;46;35;40;44;41
55;4;4;13;10;6;7;9;16;12;27;24;20;26;22;42;32;37;45
56;3;5;5;13;11;6;8;10;15;13;26;23;19;25;22;40;33;31
57;4;7;7;5;16;12;6;7;8;16;15;26;20;23;23;21;38;32
58;1;4;8;6;8;14;12;9;8;9;15;18;22;22;23;23;21;39
59;1;1;6;10;7;7;12;14;8;8;9;18;18;19;23;22;26;21
60;5;2;1;6;10;6;6;12;14;8;8;10;18;17;19;26;22;24
61;0;5;2;1;5;9;5;6;12;14;9;8;11;19;14;19;26;21
62;3;1;4;4;2;5;8;7;4;11;15;9;8;10;19;13;21;26
63;2;3;2;4;6;2;5;8;7;4;12;19;8;9;11;14;11;19
64;2;2;3;4;4;6;3;5;7;6;4;11;19;8;10;12;14;12
65;2;2;2;3;4;6;7;5;6;6;6;4;11;20;8;9;12;12
66;3;2;3;2;3;3;7;7;5;5;6;5;4;10;19;8;9;11
67;1;4;2;4;2;2;2;6;5;5;6;5;8;4;7;19;11;10
68;1;1;4;2;4;2;2;2;5;5;5;6;4;8;4;7;20;10
69;0;1;1;5;2;4;2;1;2;5;4;5;5;4;8;5;8;17
70;0;0;1;3;5;2;3;3;1;2;5;4;4;5;4;7;7;10
71;0;0;0;1;5;4;2;3;3;1;2;5;5;4;5;4;7;6
72;0;0;0;0;1;5;4;2;3;3;1;1;5;4;4;5;4;7
73;0;0;0;0;0;1;3;4;2;5;3;2;1;5;3;4;6;3
74;0;0;0;0;0;0;1;4;3;2;5;3;2;1;4;3;4;6
75;0;1;0;0;0;0;1;1;3;3;2;4;3;3;1;4;3;2
76;0;1;1;0;0;0;0;0;1;3;3;2;3;3;2;0;4;3
77;1;0;1;1;0;0;0;0;0;1;4;3;1;3;3;2;0;4
78;0;1;0;0;1;0;0;0;0;0;1;3;2;1;3;4;2;1
79;1;0;2;0;0;1;0;0;0;0;0;1;3;2;1;3;3;2
80;0;1;0;2;0;0;0;0;0;0;0;0;1;3;2;1;3;3
81;2;0;1;1;2;0;0;0;0;0;0;0;1;1;3;2;1;2
82;0;0;0;0;1;2;0;0;0;1;0;0;0;2;1;3;2;1
83;0;0;0;0;0;1;2;0;0;0;0;0;0;0;2;0;4;3
84;0;0;0;1;0;0;1;3;0;0;0;0;0;0;0;2;0;4
85;0;0;0;1;1;0;0;1;3;0;0;0;0;0;0;0;2;0
86;1;0;0;0;1;1;0;0;1;3;0;0;0;0;0;0;0;1
87;0;1;0;0;0;1;1;0;0;1;3;0;1;0;0;0;0;0
88;1;0;1;0;1;0;1;1;0;0;1;3;0;2;0;0;0;0
89;0;1;0;1;0;1;0;1;1;0;0;1;2;0;1;0;0;0
90;0;0;0;0;1;0;0;0;0;1;0;0;0;2;0;1;0;0
91;0;0;0;0;0;1;0;0;0;0;1;0;0;0;2;0;1;0
92;0;0;0;0;0;0;1;0;0;0;0;0;0;0;0;2;0;1
93;0;0;1;0;0;0;0;1;0;0;0;0;0;0;0;0;1;0
94;0;0;0;1;0;0;0;0;1;0;0;0;0;0;0;0;0;1
95;0;0;0;0;1;0;0;0;0;1;0;0;0;0;0;0;0;0
96;0;0;0;0;0;0;0;0;0;0;1;0;0;0;0;0;0;0
97;0;0;0;0;0;0;0;0;0;0;0;1;0;0;0;0;0;0
98;0;0;0;0;0;0;0;0;0;0;0;0;1;0;0;0;0;0
99;0;0;0;0;0;0;0;0;0;0;0;0;0;1;0;0;0;0
100 e oltre;0;0;0;0;0;0;0;0;0;0;0;0;0;0;1;1;0;0
Totale;993;1034;1355;1485;1593;1547;1950;2326;2444;2758;3080;3487;3756;3995;4201;4557;4889;5257
Età/Anno;2002;2003;2004;2005;2006;2007;2008;2009;2010;2011;2012;2013;2014;2015;2016;2017;2018;2019
Età;Femmine
0;13;9;18;25;16;18;36;30;41;43;38;52;42;70;73;57;70;73
1;12;15;9;21;22;18;21;33;32;43;45;37;61;41;74;71;60;69
2;9;12;14;10;25;20;17;20;33;33;47;47;39;65;49;71;67;63
3;11;9;11;17;11;25;25;21;24;33;34;51;52;36;65;46;68;64
4;11;17;13;13;20;13;24;28;22;27;37;36;51;51;38;61;47;73
5;8;15;18;14;14;21;17;31;31;26;35;33;44;44;46;48;60;60
6;12;10;16;20;15;11;25;15;31;40;31;36;35;54;48;49;48;53
7;9;14;13;13;20;18;20;30;18;35;44;31;37;36;54;49;48;53
8;13;13;17;14;13;20;22;21;34;22;37;46;41;34;34;56;48;51
9;12;13;13;19;15;12;23;27;21;34;22;39;51;41;30;34;54;49
10;9;11;15;17;19;15;17;28;30;22;38;25;44;50;40;30;37;54
11;13;8;16;16;20;22;17;26;28;29;24;43;29;40;47;44;33;40
12;8;9;8;16;15;23;29;26;31;29;34;26;40;28;41;46;47;36
13;7;12;13;9;20;15;24;33;27;34;34;34;27;37;27;41;44;55
14;10;8;13;9;8;23;21;27;33;32;39;39;37;27;38;33;44;48
15;12;9;12;14;10;7;26;22;28;34;38;40;38;36;27;37;37;45
16;11;14;10;13;17;12;14;40;26;29;40;39;41;42;38;30;40;41
17;12;12;15;12;18;15;18;19;46;28;31;41;45;41;44;39;41;48
18;17;14;16;18;16;18;25;20;20;57;35;30;42;46;37;40;39;45
19;6;14;14;19;16;15;27;33;37;30;67;41;37;53;51;49;50;45
20;13;3;13;16;22;15;34;34;42;45;41;77;54;44;52;60;48;54
21;10;12;13;15;17;21;43;44;42;45;54;70;85;60;45;53;59;56
22;12;10;13;14;18;20;44;47;51;50;56;76;82;85;77;53;57;68
23;11;5;13;17;20;21;36;50;52;59;64;76;104;86;82;81;63;60
24;22;14;12;12;24;17;36;49;59;68;69;77;90;108;90;90;86;76
25;16;15;21;14;15;25;34;41;60;74;84;77;97;92;109;89;89;89
26;20;12;26;20;18;17;36;58;52;70;86;94;85;95;91;108;96;96
27;17;19;17;38;20;18;32;46;68;65;82;98;108;89;101;96;107;100
28;15;17;31;22;45;23;39;53;61;75;75;82;100;107;88;110;100;106
29;27;23;29;44;26;48;37;48;61;72;92;90;82;106;113;91;109;111
30;31;33;38;43;51;25;86;58;61;62;89;96;103;89;111;116;92;116
31;24;27;40;41;41;52;56;92;67;70;73;88;106;107;87;120;119;99
32;23;30;36;39;39;42;74;74;96;80;78;84;96;108;113;93;118;123
33;16;17;32;38;45;46;93;110;94;93;96;74;83;95;104;117;103;118
34;19;14;23;35;42;46;80;94;99;101;101;110;78;89;95;112;125;104
35;12;18;13;27;39;37;57;69;94;93;91;100;116;80;90;97;103;123
36;17;11;26;22;30;36;56;64;67;93;84;105;100;118;86;90;105;96
37;21;17;18;30;25;30;52;73;73;73;91;88;107;99;119;89;91;107
38;15;20;25;23;34;26;51;64;76;89;76;96;93;101;107;118;93;98
39;13;17;26;24;31;37;52;60;72;80;96;80;92;100;93;103;116;94
40;20;12;23;27;26;34;57;61;73;83;89;111;83;95;102;95;111;119
41;15;16;21;28;29;22;41;75;68;84;86;86;118;88;94;103;94;111
42;4;15;24;26;31;24;35;53;83;71;89;87;97;119;79;102;96;97
43;17;5;20;24;25;29;40;51;53;90;81;87;86;107;108;87;106;95
44;14;16;12;23;25;28;49;51;55;54;97;98;91;86;100;108;91;116
45;7;12;27;15;25;23;44;53;48;55;55;100;108;92;81;102;113;91
46;13;8;16;26;18;20;35;44;60;51;60;61;108;110;90;75;99;111
47;10;11;13;16;26;23;27;40;49;68;53;56;70;105;108;90;76;100
48;11;9;15;15;21;26;32;36;43;59;72;56;67;68;107;113;89;82
49;6;11;13;16;13;23;48;42;41;48;57;73;63;66;68;111;111;84
50;3;4;15;19;18;11;31;53;47;42;50;62;74;65;67;67;106;121
51;7;2;10;20;17;17;17;38;55;55;41;52;65;71;64;66;66;107
52;6;7;3;12;22;18;22;22;44;58;52;50;50;70;74;69;67;63
53;3;7;16;4;12;24;24;22;22;48;61;61;45;51;68;77;72;70
54;5;4;14;16;8;16;25;24;25;23;53;61;61;42;55;67;75;72
55;3;4;6;12;15;10;22;27;28;23;29;52;60;61;44;54;68;78
56;3;3;7;12;12;12;14;24;29;30;22;31;56;61;58;42;49;67
57;3;2;5;8;12;13;13;15;24;31;29;29;36;56;60;63;39;52
58;3;2;2;8;8;10;16;12;17;27;32;29;28;33;52;63;64;41
59;6;3;4;1;7;8;10;17;13;21;33;29;32;26;29;53;64;61
60;1;3;3;3;2;7;9;11;17;15;24;34;31;28;27;30;50;59
61;1;2;2;3;3;3;8;10;10;16;18;22;35;34;28;24;32;49
62;2;2;2;3;3;3;4;7;9;12;16;22;24;33;27;26;26;29
63;2;1;3;2;3;1;5;6;7;9;13;15;24;23;34;24;27;26
64;3;2;3;2;3;3;2;7;6;9;10;15;21;23;24;27;23;25
65;1;3;4;4;2;3;3;2;10;5;9;10;18;22;21;24;25;25
66;2;1;3;3;4;3;5;5;3;10;6;8;9;18;19;19;25;28
67;1;2;1;3;2;2;4;6;7;4;9;6;8;10;18;18;21;23
68;1;1;1;1;3;4;3;6;5;7;4;9;8;9;10;16;16;22
69;2;2;0;1;2;3;4;2;7;5;5;4;8;6;8;12;18;17
70;0;2;1;0;1;4;2;5;4;7;5;5;7;9;4;8;12;18
71;0;1;2;1;0;1;5;3;4;4;5;4;5;7;6;3;10;16
72;1;0;1;2;1;0;2;5;3;5;3;5;3;5;6;7;4;12
73;0;2;1;1;2;2;0;2;5;3;5;3;7;3;6;5;9;5
74;0;1;1;2;1;2;2;0;2;6;3;4;4;6;4;6;5;11
75;0;1;2;3;1;1;1;2;0;2;6;3;3;4;6;4;5;6
76;2;0;1;3;3;1;3;0;1;0;2;6;4;6;2;6;4;5
77;1;2;0;1;2;3;2;2;0;1;0;2;7;5;5;2;5;3
78;1;2;3;0;1;2;1;2;2;0;1;0;2;7;4;5;3;5
79;1;2;2;2;0;1;2;1;1;2;0;1;0;1;6;4;5;2
80;1;1;2;2;2;0;1;2;1;2;2;0;1;0;0;6;6;5
81;0;2;1;2;2;2;0;1;2;1;3;2;0;1;0;0;5;7
82;0;1;1;1;1;3;1;0;0;0;1;3;2;1;0;0;0;4
83;1;0;1;2;1;1;2;2;0;0;0;1;2;2;1;0;0;0
84;0;1;1;2;2;1;1;2;0;0;0;0;0;2;2;1;0;1
85;0;0;0;2;1;1;2;1;2;0;0;2;0;0;2;1;1;0
86;0;0;0;0;2;1;1;2;1;1;0;0;2;0;0;2;1;1
87;0;0;0;0;0;2;1;1;2;0;1;0;0;2;0;0;1;1
88;0;0;0;0;0;0;2;1;0;2;0;0;0;0;1;0;1;1
89;0;0;0;0;0;0;0;1;0;0;1;0;0;0;0;0;1;1
90;0;0;1;0;0;0;0;0;1;0;0;1;0;0;0;0;0;0
91;0;0;0;0;0;0;0;0;0;0;0;0;1;1;0;0;0;0
92;0;0;0;0;0;0;0;0;0;0;0;0;0;1;0;0;0;0
93;0;0;0;0;0;0;0;0;0;0;0;0;0;0;1;0;0;0
94;0;0;0;0;0;0;0;0;1;0;0;0;0;0;0;1;0;0
95;0;0;0;0;0;0;0;0;0;0;0;0;0;0;0;0;1;0
96;0;0;0;0;0;0;0;0;0;0;0;0;0;0;0;0;0;1
97;0;0;0;0;0;0;0;0;0;0;0;0;0;0;0;0;0;0
98;0;0;0;0;0;0;0;0;0;0;0;0;0;0;0;0;0;0
99;0;0;0;0;0;0;0;0;0;0;0;0;0;0;0;0;0;0
100 e oltre;0;0;0;1;1;1;0;0;0;0;0;0;0;0;0;0;0;0
Totale;752;762;1048;1223;1353;1395;2156;2615;2930;3266;3621;3962;4328;4471;4534;4705;4859;5105
