"Popolazione residente per età, sesso e stato civile al 1° gennaio 2021"
"Codice ripartizione";"Ripartizione";"Età";"Celibi";"Coniugati";"Divorziati";"Vedovi";"Uniti civilmente";"Maschi già in unione civile (per scioglimento unione)";"Maschi già in unione civile (per decesso del partner)";"Totale maschi";"Nubili";"Coniugate";"Divorziate";"Vedove";"Unite civilmente";"Femmine già in unione civile (per scioglimento unione)";"Femmine già in unione civile (per decesso del partner)";"Totale femmine";"Totale"
"3";"Centro";0;38663;0;0;0;0;0;0;38663;36570;0;0;0;0;0;0;36570;75233
"3";"Centro";1;40691;0;0;0;0;0;0;40691;38568;0;0;0;0;0;0;38568;79259
"3";"Centro";2;43290;0;0;0;0;0;0;43290;41239;0;0;0;0;0;0;41239;84529
"3";"Centro";3;45712;0;0;0;0;0;0;45712;43069;0;0;0;0;0;0;43069;88781
"3";"Centro";4;48027;0;0;0;0;0;0;48027;45469;0;0;0;0;0;0;45469;93496
"3";"Centro";5;49129;0;0;0;0;0;0;49129;46820;0;0;0;0;0;0;46820;95949
"3";"Centro";6;50428;0;0;0;0;0;0;50428;47467;0;0;0;0;0;0;47467;97895
"3";"Centro";7;51546;0;0;0;0;0;0;51546;48378;0;0;0;0;0;0;48378;99924
"3";"Centro";8;53773;0;0;0;0;0;0;53773;51421;0;0;0;0;0;0;51421;105194
"3";"Centro";9;54684;0;0;0;0;0;0;54684;51969;0;0;0;0;0;0;51969;106653
"3";"Centro";10;56325;0;0;0;0;0;0;56325;52966;0;0;0;0;0;0;52966;109291
"3";"Centro";11;56729;0;0;0;0;0;0;56729;53146;0;0;0;0;0;0;53146;109875
"3";"Centro";12;57559;0;0;0;0;0;0;57559;54409;0;0;0;0;0;0;54409;111968
"3";"Centro";13;57853;0;0;0;0;0;0;57853;53882;0;0;0;0;0;0;53882;111735
"3";"Centro";14;57074;0;0;0;0;0;0;57074;53759;0;0;0;0;0;0;53759;110833
"3";"Centro";15;56240;0;0;0;0;0;0;56240;52727;0;0;0;0;0;0;52727;108967
"3";"Centro";16;56274;0;0;0;0;0;0;56274;52618;7;0;0;0;0;0;52625;108899
"3";"Centro";17;55352;1;0;0;0;0;0;55353;51816;4;1;0;0;0;0;51821;107174
"3";"Centro";18;55183;3;0;0;0;0;0;55186;51391;31;0;0;0;0;0;51422;106608
"3";"Centro";19;55703;10;0;0;0;0;0;55713;51682;141;2;0;0;0;0;51825;107538
"3";"Centro";20;57672;49;0;1;0;0;0;57722;52465;372;3;0;0;0;0;52840;110562
"3";"Centro";21;57461;131;1;2;2;0;0;57597;51204;816;8;0;2;0;0;52030;109627
"3";"Centro";22;58949;184;4;1;2;0;0;59140;51383;1306;10;0;1;0;0;52700;111840
"3";"Centro";23;57905;354;2;0;5;0;0;58266;50800;1872;16;2;3;0;0;52693;110959
"3";"Centro";24;57703;620;10;6;6;0;0;58345;50214;2661;24;6;8;1;0;52914;111259
"3";"Centro";25;57172;1152;16;2;13;0;1;58356;49048;3861;60;7;8;3;0;52987;111343
"3";"Centro";26;56055;1655;25;1;12;0;0;57748;48604;5083;73;8;15;0;0;53783;111531
"3";"Centro";27;55883;2481;28;4;20;1;0;58417;47774;6944;113;10;21;2;0;54864;113281
"3";"Centro";28;57118;3794;64;7;25;0;0;61008;48047;9548;155;18;19;3;1;57791;118799
"3";"Centro";29;54864;5597;89;4;31;1;0;60586;45305;11929;240;24;15;3;0;57516;118102
"3";"Centro";30;54577;7985;141;1;37;1;0;62742;44036;15254;349;45;27;1;1;59713;122455
"3";"Centro";31;51438;10312;174;9;48;0;0;61981;41287;18572;474;50;37;1;0;60421;122402
"3";"Centro";32;50484;13376;249;14;52;1;0;64176;39401;22804;614;69;62;4;0;62954;127130
"3";"Centro";33;46662;15908;296;8;72;1;0;62947;36224;25219;766;85;62;2;0;62358;125305
"3";"Centro";34;43860;18815;416;15;60;3;0;63169;33877;28125;1007;102;47;2;1;63161;126330
"3";"Centro";35;43013;22070;586;15;79;4;0;65767;33189;31612;1218;121;73;3;0;66216;131983
"3";"Centro";36;41121;25938;707;39;81;0;1;67887;31515;34389;1415;152;67;1;0;67539;135426
"3";"Centro";37;39986;28901;843;41;79;4;1;69855;30313;37307;1706;180;61;2;1;69570;139425
"3";"Centro";38;38736;32280;1024;51;96;0;1;72188;29727;40130;2014;227;84;1;0;72183;144371
"3";"Centro";39;36660;34537;1168;47;90;1;0;72503;28245;42475;2405;276;66;1;0;73468;145971
"3";"Centro";40;35362;37516;1471;59;88;0;0;74496;27119;44819;2665;357;65;5;0;75030;149526
"3";"Centro";41;34741;40131;1819;77;98;2;0;76868;26822;47888;3239;487;65;2;0;78503;155371
"3";"Centro";42;35299;43520;2096;127;93;3;1;81139;27211;51485;3889;553;74;3;1;83216;164355
"3";"Centro";43;34483;46153;2428;124;107;3;0;83298;26296;54186;4360;644;75;1;1;85563;168861
"3";"Centro";44;33814;49487;2889;149;113;3;1;86456;26191;57646;4723;755;77;0;0;89392;175848
"3";"Centro";45;33968;53177;3290;225;122;1;0;90783;26169;61558;5586;892;79;3;0;94287;185070
"3";"Centro";46;33588;56589;3705;232;125;7;4;94250;25607;65264;6161;1079;87;0;0;98198;192448
"3";"Centro";47;31130;58412;4059;284;129;0;1;94015;24305;65972;6659;1205;78;0;0;98219;192234
"3";"Centro";48;29537;60369;4537;328;120;1;0;94892;22575;67754;7121;1413;73;1;0;98937;193829
"3";"Centro";49;27584;62172;4955;349;125;2;2;95189;21432;69127;7744;1613;55;1;1;99973;195162
"3";"Centro";50;25790;63199;5200;437;120;1;1;94748;19527;68549;8000;1864;51;1;0;97992;192740
"3";"Centro";51;23991;65416;5740;491;108;0;2;95748;19021;71359;8399;2161;58;2;0;101000;196748
"3";"Centro";52;22231;65581;5780;565;126;2;1;94286;17877;70664;8715;2527;55;1;0;99839;194125
"3";"Centro";53;20631;66510;6168;655;134;1;2;94101;16883;71580;9026;2813;48;0;2;100352;194453
"3";"Centro";54;19695;68343;6614;780;144;0;0;95576;15738;72105;8977;3167;39;0;1;100027;195603
"3";"Centro";55;18023;69886;6691;870;140;0;3;95613;15036;72284;9236;3437;46;0;0;100039;195652
"3";"Centro";56;16914;71389;6946;989;129;0;3;96370;13981;74278;9488;4118;54;3;2;101924;198294
"3";"Centro";57;14428;67452;6576;1121;124;3;1;89705;12315;70149;9035;4363;55;1;1;95919;185624
"3";"Centro";58;12901;65589;6371;1092;90;2;2;86047;11204;67197;8364;4781;42;0;1;91589;177636
"3";"Centro";59;11692;64700;6042;1206;105;0;2;83747;10612;65972;8135;5462;36;0;1;90218;173965
"3";"Centro";60;10448;62933;5634;1397;99;0;1;80512;9617;63795;7749;5927;41;0;0;87129;167641
"3";"Centro";61;9664;61220;5351;1440;84;1;4;77764;9010;61882;7171;6431;27;0;1;84522;162286
"3";"Centro";62;8658;58582;4938;1559;110;0;4;73851;8225;59486;6872;6858;28;0;1;81470;155321
"3";"Centro";63;7873;57763;4762;1606;77;1;1;72083;7671;58186;6332;7661;26;0;0;79876;151959
"3";"Centro";64;7378;57261;4381;1945;65;1;0;71031;6993;57015;6001;8513;24;0;2;78548;149579
"3";"Centro";65;6686;56155;4129;2056;54;0;0;69080;6654;55840;5577;8971;18;0;2;77062;146142
"3";"Centro";66;5929;55165;3847;2160;56;0;0;67157;6184;54446;5338;9766;16;0;0;75750;142907
"3";"Centro";67;5530;52670;3350;2362;37;0;0;63949;5602;50906;4712;10262;19;0;0;71501;135450
"3";"Centro";68;5057;51976;3267;2521;40;0;1;62862;5246;49508;4547;11091;16;0;1;70409;133271
"3";"Centro";69;4975;51665;3012;2673;56;0;1;62382;4814;48717;4374;12321;19;0;0;70245;132627
"3";"Centro";70;4622;52930;2971;3052;47;2;1;63625;4813;48971;4297;13780;18;0;0;71879;135504
"3";"Centro";71;4367;53140;2809;3461;32;0;1;63810;4658;48595;3934;15460;12;0;0;72659;136469
"3";"Centro";72;4367;55470;2594;3995;30;0;0;66456;4735;50225;3781;17871;9;1;1;76623;143079
"3";"Centro";73;4078;53898;2446;4320;34;0;0;64776;4344;47565;3610;19565;8;1;0;75093;139869
"3";"Centro";74;3806;51846;2137;4705;32;0;1;62527;4273;45309;3467;21112;6;0;1;74168;136695
"3";"Centro";75;2852;39791;1614;4033;18;0;0;48308;3310;33983;2574;18226;6;0;0;58099;106407
"3";"Centro";76;2757;38897;1494;4287;20;0;2;47457;3402;31947;2353;20104;8;0;1;57815;105272
"3";"Centro";77;2667;39088;1303;4648;21;0;0;47727;3399;31682;2184;22185;4;0;0;59454;107181
"3";"Centro";78;2626;36056;1195;4809;28;0;2;44716;3267;28314;2009;23047;5;1;1;56644;101360
"3";"Centro";79;2536;35365;1070;5125;21;0;0;44117;3283;27044;1827;25008;7;0;2;57171;101288
"3";"Centro";80;2606;37428;1038;6096;21;0;0;47189;3621;27263;1881;30209;3;0;0;62977;110166
"3";"Centro";81;2462;34937;829;6303;7;0;1;44539;3313;24142;1553;30906;2;0;1;59917;104456
"3";"Centro";82;2177;32437;778;6498;6;0;0;41896;3193;21041;1352;32362;1;0;0;57949;99845
"3";"Centro";83;1857;27191;657;6163;5;0;0;35873;2937;16794;1115;30917;0;0;0;51763;87636
"3";"Centro";84;1523;23062;471;5917;5;0;0;30978;2702;13376;970;29285;1;0;1;46335;77313
"3";"Centro";85;1492;21419;430;6177;4;0;2;29524;2612;11457;836;30285;1;0;0;45191;74715
"3";"Centro";86;1256;17948;346;5713;7;0;0;25270;2444;8929;664;28942;0;0;0;40979;66249
"3";"Centro";87;1034;15051;281;5454;6;0;0;21826;2149;6766;574;27358;0;0;0;36847;58673
"3";"Centro";88;853;11963;182;5013;1;0;0;18012;2050;5174;449;24849;0;0;0;32522;50534
"3";"Centro";89;743;10234;153;4790;2;0;1;15923;1844;3859;410;23869;0;0;0;29982;45905
"3";"Centro";90;597;8152;125;4488;4;0;0;13366;1757;2949;366;22667;0;0;0;27739;41105
"3";"Centro";91;446;5879;78;3661;0;0;0;10064;1354;1809;275;18407;0;0;0;21845;31909
"3";"Centro";92;345;4230;55;3034;0;0;0;7664;1294;1297;186;15686;0;0;0;18463;26127
"3";"Centro";93;239;2984;39;2597;1;0;0;5860;1050;879;158;13166;0;0;0;15253;21113
"3";"Centro";94;179;2009;27;2073;0;0;0;4288;892;592;128;10447;0;0;0;12059;16347
"3";"Centro";95;121;1271;20;1446;0;0;0;2858;666;352;102;8143;0;0;0;9263;12121
"3";"Centro";96;106;761;17;1231;0;0;0;2115;590;221;72;6104;0;0;0;6987;9102
"3";"Centro";97;51;514;4;868;0;0;0;1437;368;152;41;4527;0;0;0;5088;6525
"3";"Centro";98;40;282;4;607;0;0;0;933;264;109;42;3113;0;0;0;3528;4461
"3";"Centro";99;29;160;4;395;0;0;0;588;202;61;19;2254;0;0;0;2536;3124
"3";"Centro";100;43;172;4;426;0;0;0;645;296;73;24;2735;0;0;0;3128;3773
"3";"Centro";999;2698431;2681699;167066;151532;4180;53;53;5703014;2373043;2731009;252121;725463;2215;57;30;6083938;11786952
"5";"Isole";0;23560;0;0;0;0;0;0;23560;22070;0;0;0;0;0;0;22070;45630
"5";"Isole";1;24450;0;0;0;0;0;0;24450;23029;0;0;0;0;0;0;23029;47479
"5";"Isole";2;25522;0;0;0;0;0;0;25522;24159;0;0;0;0;0;0;24159;49681
"5";"Isole";3;26592;0;0;0;0;0;0;26592;24929;0;0;0;0;0;0;24929;51521
"5";"Isole";4;26765;0;0;0;0;0;0;26765;25440;0;0;0;0;0;0;25440;52205
"5";"Isole";5;27954;0;0;0;0;0;0;27954;26258;0;0;0;0;0;0;26258;54212
"5";"Isole";6;28188;0;0;0;0;0;0;28188;26579;0;0;0;0;0;0;26579;54767
"5";"Isole";7;28121;0;0;0;0;0;0;28121;26633;0;0;0;0;0;0;26633;54754
"5";"Isole";8;29332;0;0;0;0;0;0;29332;27991;0;0;0;0;0;0;27991;57323
"5";"Isole";9;29940;0;0;0;0;0;0;29940;28524;0;0;0;0;0;0;28524;58464
"5";"Isole";10;30785;0;0;0;0;0;0;30785;29352;0;0;0;0;0;0;29352;60137
"5";"Isole";11;31617;0;0;0;0;0;0;31617;29646;0;0;0;0;0;0;29646;61263
"5";"Isole";12;31880;0;0;0;0;0;0;31880;30239;0;0;0;0;0;0;30239;62119
"5";"Isole";13;31678;0;0;0;0;0;0;31678;30163;0;0;0;0;0;0;30163;61841
"5";"Isole";14;32739;0;0;0;0;0;0;32739;30176;0;0;0;0;0;0;30176;62915
"5";"Isole";15;33015;0;0;0;0;0;0;33015;30880;0;0;0;0;0;0;30880;63895
"5";"Isole";16;33197;4;1;1;0;0;0;33203;31025;1;1;2;0;0;0;31029;64232
"5";"Isole";17;33324;0;1;1;0;0;0;33326;31173;2;1;1;0;0;0;31177;64503
"5";"Isole";18;33197;2;0;3;0;0;0;33202;31097;47;0;1;0;0;0;31145;64347
"5";"Isole";19;34203;9;2;0;1;0;0;34215;31370;126;0;1;1;0;0;31498;65713
"5";"Isole";20;35523;55;3;2;1;0;0;35584;31478;320;0;1;0;0;0;31799;67383
"5";"Isole";21;35078;102;2;2;0;0;0;35184;31175;578;1;5;0;0;0;31759;66943
"5";"Isole";22;34008;178;3;2;0;0;0;34191;30304;970;2;3;0;0;0;31279;65470
"5";"Isole";23;33696;381;3;2;2;0;0;34084;29913;1501;10;0;2;0;0;31426;65510
"5";"Isole";24;33476;635;4;2;1;0;0;34118;29693;2165;13;1;1;0;0;31873;65991
"5";"Isole";25;33053;1081;4;0;2;0;0;34140;29034;3227;19;5;3;0;0;32288;66428
"5";"Isole";26;32862;1624;7;1;5;0;0;34499;28202;4517;31;6;3;0;0;32759;67258
"5";"Isole";27;32493;2522;20;4;10;0;0;35049;27749;6232;85;12;9;1;0;34088;69137
"5";"Isole";28;32665;3698;29;1;3;0;0;36396;27191;8117;91;14;9;0;0;35422;71818
"5";"Isole";29;31108;5068;51;4;10;1;0;36242;24833;10231;138;19;5;2;0;35228;71470
"5";"Isole";30;29751;6671;80;5;9;0;0;36516;23388;12257;185;22;13;0;0;35865;72381
"5";"Isole";31;28051;8355;94;7;11;0;0;36518;21368;14385;251;40;15;0;0;36059;72577
"5";"Isole";32;26632;10175;127;7;17;1;0;36959;19504;16481;283;59;17;1;0;36345;73304
"5";"Isole";33;24389;11799;144;13;8;0;0;36353;17715;17821;381;56;14;0;0;35987;72340
"5";"Isole";34;22507;13715;203;16;16;1;0;36458;16215;19347;470;76;12;0;1;36121;72579
"5";"Isole";35;21362;15351;274;19;14;0;0;37020;15049;21275;586;85;18;2;0;37015;74035
"5";"Isole";36;20353;17155;379;20;19;1;0;37927;14230;22743;773;115;10;1;0;37872;75799
"5";"Isole";37;18940;18446;399;29;18;0;0;37832;13024;24000;809;131;7;2;0;37973;75805
"5";"Isole";38;18441;20370;507;25;19;1;0;39363;12419;25823;994;183;20;0;1;39440;78803
"5";"Isole";39;17305;21420;543;36;20;2;0;39326;11658;26992;1098;210;23;0;0;39981;79307
"5";"Isole";40;16724;23736;635;46;22;0;0;41163;11146;28469;1276;238;16;0;0;41145;82308
"5";"Isole";41;15862;24475;803;71;24;0;0;41235;10758;29645;1398;274;15;0;0;42090;83325
"5";"Isole";42;15991;26428;890;82;14;1;0;43406;10531;31310;1608;336;15;0;0;43800;87206
"5";"Isole";43;15168;27589;1115;77;22;1;0;43972;10131;32344;1732;405;14;1;0;44627;88599
"5";"Isole";44;15173;29487;1274;94;8;0;0;46036;10118;34225;1934;479;10;1;0;46767;92803
"5";"Isole";45;14837;31232;1362;133;34;3;0;47601;9877;35654;2142;550;20;0;0;48243;95844
"5";"Isole";46;14559;32981;1579;139;19;0;0;49277;9848;37278;2278;751;13;0;0;50168;99445
"5";"Isole";47;13405;33308;1640;182;21;1;0;48557;9009;37221;2510;846;14;1;0;49601;98158
"5";"Isole";48;12760;33737;1760;201;29;0;0;48487;8651;37556;2555;951;8;0;0;49721;98208
"5";"Isole";49;11724;34684;1874;226;28;0;0;48536;8458;38984;2647;1028;9;1;0;51127;99663
"5";"Isole";50;10875;34942;1979;241;14;0;0;48051;8006;38564;2733;1206;16;1;0;50526;98577
"5";"Isole";51;10621;36766;2177;333;21;0;0;49918;7723;39823;2816;1424;5;2;0;51793;101711
"5";"Isole";52;9530;36622;2083;355;20;1;0;48611;7426;39302;2930;1597;6;0;0;51261;99872
"5";"Isole";53;9273;37757;2178;423;22;0;0;49653;7130;40064;2818;1830;8;1;0;51851;101504
"5";"Isole";54;8628;37932;2189;435;24;0;0;49208;7067;39960;2872;1990;6;0;0;51895;101103
"5";"Isole";55;7914;38118;2218;471;19;0;0;48740;6826;39661;2857;2338;4;1;0;51687;100427
"5";"Isole";56;7697;39535;2365;556;22;0;0;50175;6513;40611;2885;2665;4;0;1;52679;102854
"5";"Isole";57;6640;37766;2179;625;18;2;1;47231;6198;38749;2618;2909;5;0;1;50480;97711
"5";"Isole";58;6090;37603;2140;666;21;1;0;46521;5856;38417;2549;3310;4;0;0;50136;96657
"5";"Isole";59;5813;36673;1982;730;12;0;0;45210;5504;37632;2436;3478;4;0;0;49054;94264
"5";"Isole";60;5278;36948;1880;816;11;0;0;44933;5366;36968;2285;4016;3;0;0;48638;93571
"5";"Isole";61;4951;35382;1803;878;15;0;0;43029;4891;34997;2229;4352;0;0;0;46469;89498
"5";"Isole";62;4568;34386;1602;926;7;0;0;41489;4606;33825;2084;4770;1;0;0;45286;86775
"5";"Isole";63;4243;34381;1623;972;19;1;0;41239;4548;33599;1954;5294;4;0;0;45399;86638
"5";"Isole";64;3918;33667;1462;1062;17;2;0;40128;4269;32699;1743;5683;4;0;0;44398;84526
"5";"Isole";65;3692;33595;1462;1204;13;1;0;39967;4104;31584;1654;6171;2;1;0;43516;83483
"5";"Isole";66;3410;33248;1350;1344;10;0;0;39362;4048;31170;1664;6849;1;0;0;43732;83094
"5";"Isole";67;3061;30978;1267;1329;10;0;0;36645;3721;28229;1575;6838;0;0;0;40363;77008
"5";"Isole";68;3005;30584;1132;1455;3;1;0;36180;3651;27653;1426;7543;1;0;0;40274;76454
"5";"Isole";69;2784;30257;1090;1509;5;0;0;35645;3553;26486;1320;8157;1;0;0;39517;75162
"5";"Isole";70;2673;30666;1025;1803;3;0;0;36170;3687;26090;1409;9228;1;0;1;40416;76586
"5";"Isole";71;2465;30302;922;1860;4;0;1;35554;3346;25434;1155;10190;1;0;0;40126;75680
"5";"Isole";72;2472;30666;924;2125;6;0;1;36194;3550;25191;1160;11279;0;0;1;41181;77375
"5";"Isole";73;2225;29607;853;2201;1;0;1;34888;3364;23311;1064;12349;1;0;0;40089;74977
"5";"Isole";74;1916;26623;745;2233;4;0;0;31521;3123;20402;935;12214;3;0;0;36677;68198
"5";"Isole";75;1663;22709;527;2071;3;0;0;26973;2793;16763;732;11397;0;0;0;31685;58658
"5";"Isole";76;1538;21045;495;2151;6;0;0;25235;2666;15192;696;11951;0;0;1;30506;55741
"5";"Isole";77;1322;19234;450;2305;2;0;0;23313;2571;13722;582;12272;0;0;0;29147;52460
"5";"Isole";78;1289;18637;367;2435;0;0;0;22728;2464;12633;535;13233;0;1;0;28866;51594
"5";"Isole";79;1181;17424;339;2475;1;0;0;21420;2508;11248;531;13754;0;0;1;28042;49462
"5";"Isole";80;1318;18549;357;2982;0;0;0;23206;2711;11465;533;16499;0;0;0;31208;54414
"5";"Isole";81;1157;17079;294;3033;2;0;0;21565;2526;9706;448;16207;1;0;0;28888;50453
"5";"Isole";82;980;14871;241;2959;0;0;0;19051;2376;8032;410;15958;0;0;0;26776;45827
"5";"Isole";83;879;12381;181;2795;1;0;0;16237;2205;6358;324;14698;0;0;0;23585;39822
"5";"Isole";84;740;11174;149;2815;0;0;0;14878;2122;5199;293;14499;0;0;0;22113;36991
"5";"Isole";85;636;9647;143;2841;1;0;0;13268;2016;4199;227;14375;0;0;0;20817;34085
"5";"Isole";86;632;8666;106;2964;1;0;0;12369;1818;3467;245;14194;1;0;0;19725;32094
"5";"Isole";87;537;7444;88;2836;1;0;0;10906;1730;2629;198;13259;0;0;0;17816;28722
"5";"Isole";88;418;5604;72;2570;0;0;0;8664;1574;1932;156;11768;0;0;0;15430;24094
"5";"Isole";89;334;4570;41;2431;1;0;1;7378;1395;1380;140;10648;0;0;0;13563;20941
"5";"Isole";90;327;3814;46;2309;1;0;0;6497;1325;1057;128;10310;0;0;0;12820;19317
"5";"Isole";91;226;2621;35;1706;0;0;0;4588;1111;670;70;7956;1;0;0;9808;14396
"5";"Isole";92;179;1948;19;1476;0;0;0;3622;935;500;91;6662;0;0;0;8188;11810
"5";"Isole";93;128;1366;19;1131;0;0;0;2644;711;284;56;5155;0;0;0;6206;8850
"5";"Isole";94;103;883;12;958;0;0;0;1956;618;191;44;4234;0;0;0;5087;7043
"5";"Isole";95;83;570;5;688;0;0;0;1346;445;115;28;3163;0;0;0;3751;5097
"5";"Isole";96;46;371;0;525;1;0;0;943;340;97;23;2507;0;0;0;2967;3910
"5";"Isole";97;41;203;1;389;0;0;0;634;221;48;10;1671;0;0;0;1950;2584
"5";"Isole";98;18;128;3;289;0;0;0;438;175;42;7;1197;0;0;0;1421;1859
"5";"Isole";99;18;86;2;171;0;0;0;277;106;26;9;764;0;0;0;905;1182
"5";"Isole";100;34;100;2;222;0;0;0;358;184;35;7;1156;0;0;0;1382;1740
"5";"Isole";999;1453524;1532601;60436;77532;749;22;5;3124869;1281124;1539255;83996;394073;404;20;8;3298880;6423749
"2";"Nord-est";0;40905;0;0;0;0;0;0;40905;38448;0;0;0;0;0;0;38448;79353
"2";"Nord-est";1;42201;0;0;0;0;0;0;42201;39963;0;0;0;0;0;0;39963;82164
"2";"Nord-est";2;44716;0;0;0;0;0;0;44716;41897;0;0;0;0;0;0;41897;86613
"2";"Nord-est";3;46334;0;0;0;0;0;0;46334;43449;0;0;0;0;0;0;43449;89783
"2";"Nord-est";4;47947;0;0;0;0;0;0;47947;45477;0;0;0;0;0;0;45477;93424
"2";"Nord-est";5;49077;0;0;0;0;0;0;49077;46796;0;0;0;0;0;0;46796;95873
"2";"Nord-est";6;50265;0;0;0;0;0;0;50265;47646;0;0;0;0;0;0;47646;97911
"2";"Nord-est";7;51477;0;0;0;0;0;0;51477;48726;0;0;0;0;0;0;48726;100203
"2";"Nord-est";8;53550;0;0;0;0;0;0;53550;50421;0;0;0;0;0;0;50421;103971
"2";"Nord-est";9;54332;0;0;0;0;0;0;54332;51446;0;0;0;0;0;0;51446;105778
"2";"Nord-est";10;56307;0;0;0;0;0;0;56307;52717;0;0;0;0;0;0;52717;109024
"2";"Nord-est";11;56899;0;0;0;0;0;0;56899;53624;0;0;0;0;0;0;53624;110523
"2";"Nord-est";12;57517;0;0;0;0;0;0;57517;54059;0;0;0;0;0;0;54059;111576
"2";"Nord-est";13;57137;0;0;0;0;0;0;57137;53791;0;0;0;0;0;0;53791;110928
"2";"Nord-est";14;56927;0;0;0;0;0;0;56927;53697;0;0;0;0;0;0;53697;110624
"2";"Nord-est";15;56839;0;0;0;0;0;0;56839;52890;0;0;0;0;0;0;52890;109729
"2";"Nord-est";16;56734;1;0;0;0;0;0;56735;53362;5;0;0;0;0;0;53367;110102
"2";"Nord-est";17;55810;2;0;0;0;0;0;55812;52043;5;0;0;0;0;0;52048;107860
"2";"Nord-est";18;55929;4;0;0;0;0;0;55933;51599;40;1;0;0;0;0;51640;107573
"2";"Nord-est";19;56999;21;0;0;0;0;0;57020;51760;207;1;0;0;0;0;51968;108988
"2";"Nord-est";20;59064;52;5;0;1;1;0;59123;53231;617;4;0;0;0;0;53852;112975
"2";"Nord-est";21;58123;175;3;7;0;0;0;58308;52255;1271;13;2;3;0;0;53544;111852
"2";"Nord-est";22;59747;375;5;4;4;0;0;60135;51589;1993;20;3;0;0;0;53605;113740
"2";"Nord-est";23;59087;606;7;6;6;1;1;59714;51041;2817;23;1;5;1;0;53888;113602
"2";"Nord-est";24;58310;1008;14;2;11;1;0;59346;49895;3928;46;4;9;1;0;53883;113229
"2";"Nord-est";25;56885;1888;21;1;21;0;0;58816;47171;5588;80;11;7;2;0;52859;111675
"2";"Nord-est";26;55942;2607;41;5;12;0;0;58607;46700;7214;109;11;6;3;0;54043;112650
"2";"Nord-est";27;54805;3864;45;5;26;2;0;58747;45410;9124;194;14;15;0;0;54757;113504
"2";"Nord-est";28;55998;5484;83;3;26;0;0;61594;44983;12092;274;26;26;2;0;57403;118997
"2";"Nord-est";29;53593;7382;135;7;31;1;0;61149;42613;15105;309;27;26;0;0;58080;119229
"2";"Nord-est";30;52347;10213;187;3;52;1;0;62803;40267;18294;432;51;20;2;0;59066;121869
"2";"Nord-est";31;48605;12864;240;11;39;0;1;61760;37162;21486;631;43;58;4;0;59384;121144
"2";"Nord-est";32;46971;15420;329;8;46;1;1;62776;34773;24956;801;71;49;4;0;60654;123430
"2";"Nord-est";33;42626;18094;408;11;59;2;0;61200;31686;27006;933;70;68;3;0;59766;120966
"2";"Nord-est";34;40525;20362;536;14;78;1;0;61516;29687;29695;1149;98;48;3;0;60680;122196
"2";"Nord-est";35;39775;23415;695;21;52;0;0;63958;28905;32739;1468;142;72;4;1;63331;127289
"2";"Nord-est";36;37833;26221;769;23;65;2;0;64913;27307;34727;1707;166;52;0;0;63959;128872
"2";"Nord-est";37;36604;28765;983;31;74;2;0;66459;26585;36282;1993;201;67;0;0;65128;131587
"2";"Nord-est";38;35616;31487;1213;34;56;1;0;68407;26115;39201;2388;275;65;1;0;68045;136452
"2";"Nord-est";39;34357;33570;1471;65;66;1;0;69530;24875;40430;2573;285;55;1;0;68219;137749
"2";"Nord-est";40;34154;36149;1662;64;76;3;1;72109;24155;42516;3092;346;52;2;0;70163;142272
"2";"Nord-est";41;33677;38159;2014;63;72;2;2;73989;24248;45218;3540;401;47;1;0;73455;147444
"2";"Nord-est";42;35030;41547;2425;98;86;0;2;79188;25400;48149;4095;500;52;1;0;78197;157385
"2";"Nord-est";43;34567;44014;2749;104;90;3;0;81527;24909;51075;4656;584;49;2;0;81275;162802
"2";"Nord-est";44;34882;47148;3207;148;94;1;2;85482;24803;54112;5396;674;61;1;0;85047;170529
"2";"Nord-est";45;34862;50938;3845;182;106;3;1;89937;24782;57690;6050;795;62;1;0;89380;179317
"2";"Nord-est";46;35718;54878;4298;236;114;1;1;95246;25237;61028;6639;1064;51;3;1;94023;189269
"2";"Nord-est";47;33276;55893;4885;256;91;2;0;94403;23836;61904;7151;1083;71;1;0;94046;188449
"2";"Nord-est";48;32134;58295;5189;304;103;3;1;96029;22610;63007;7618;1353;59;0;0;94647;190676
"2";"Nord-est";49;30669;59743;5691;362;108;2;0;96575;21706;64738;8216;1474;65;1;1;96201;192776
"2";"Nord-est";50;28284;60869;6025;405;118;1;0;95702;20309;65083;8650;1632;43;0;1;95718;191420
"2";"Nord-est";51;27077;63635;6735;448;104;1;0;98000;19365;66933;8878;1933;54;1;0;97164;195164
"2";"Nord-est";52;25285;64172;6712;524;95;0;0;96788;18244;66904;9149;2218;41;0;2;96558;193346
"2";"Nord-est";53;23492;64963;7190;629;89;1;3;96367;17366;67334;9305;2455;38;0;3;96501;192868
"2";"Nord-est";54;22462;66413;7392;704;98;1;0;97070;16526;68280;9605;2836;38;3;2;97290;194360
"2";"Nord-est";55;20710;67361;7711;810;95;0;1;96688;15405;68477;9631;3232;39;0;2;96786;193474
"2";"Nord-est";56;19286;68838;7944;909;88;1;2;97068;14714;70162;9910;3659;40;0;0;98485;195553
"2";"Nord-est";57;16883;65364;7472;914;100;1;2;90736;13134;66520;9030;3773;28;0;0;92485;183221
"2";"Nord-est";58;14841;63145;7331;1092;84;0;1;86494;11890;64287;8559;4353;17;3;0;89109;175603
"2";"Nord-est";59;13927;62269;6947;1164;75;0;0;84382;11088;63021;8519;4737;27;1;1;87394;171776
"2";"Nord-est";60;12242;60524;6451;1206;79;1;1;80504;9926;60557;8042;5107;18;1;1;83652;164156
"2";"Nord-est";61;11251;59912;6256;1366;54;0;1;78840;9506;59752;7263;5798;21;0;2;82342;161182
"2";"Nord-est";62;9980;56672;5658;1431;62;0;0;73803;8447;56485;6679;6376;15;0;1;78003;151806
"2";"Nord-est";63;9385;55673;5266;1570;58;0;0;71952;8009;55657;6461;6783;21;0;0;76931;148883
"2";"Nord-est";64;8558;55137;5033;1688;50;0;0;70466;7372;54358;6042;7691;10;0;0;75473;145939
"2";"Nord-est";65;7812;53217;4589;1823;45;1;0;67487;6790;52306;5522;8030;15;1;0;72664;140151
"2";"Nord-est";66;7138;52079;4114;2044;48;0;1;65424;6168;50825;5233;8960;17;0;1;71204;136628
"2";"Nord-est";67;6448;50695;3699;2124;28;0;2;62996;5572;48802;4769;9444;11;0;1;68599;131595
"2";"Nord-est";68;6165;49260;3501;2430;35;0;3;61394;5260;48207;4330;10457;7;0;0;68261;129655
"2";"Nord-est";69;5880;48868;3248;2590;32;0;4;60622;4777;46332;4120;11336;10;0;1;66576;127198
"2";"Nord-est";70;5729;50565;3199;2908;25;0;1;62427;4749;48139;4115;13089;10;0;1;70103;132530
"2";"Nord-est";71;5213;50446;3002;3292;27;2;1;61983;4502;46388;3744;14393;6;0;2;69035;131018
"2";"Nord-est";72;5354;52070;2762;3742;27;0;1;63956;4471;47340;3687;16479;7;0;1;71985;135941
"2";"Nord-est";73;4958;50710;2523;4105;20;1;0;62317;4230;44871;3423;18069;2;0;1;70596;132913
"2";"Nord-est";74;4989;52484;2369;4635;20;1;1;64499;4298;45673;3191;20910;3;0;0;74075;138574
"2";"Nord-est";75;3255;35150;1650;3551;13;0;0;43619;2964;30455;2223;15974;2;0;1;51619;95238
"2";"Nord-est";76;3664;39841;1613;4233;6;0;0;49357;3361;32970;2107;20106;3;0;0;58547;107904
"2";"Nord-est";77;3635;38739;1422;4743;12;0;0;48551;3423;31374;2086;21818;2;0;0;58703;107254
"2";"Nord-est";78;3525;36412;1358;4846;15;0;1;46157;3545;29044;1900;22848;3;0;0;57340;103497
"2";"Nord-est";79;3438;35396;1219;5365;15;0;0;45433;3398;26634;1699;25110;0;0;1;56842;102275
"2";"Nord-est";80;3485;35528;1082;5993;4;0;0;46092;3579;26197;1591;28614;2;0;2;59985;106077
"2";"Nord-est";81;3194;33366;878;6199;3;0;2;43642;3437;22999;1456;29528;1;0;0;57421;101063
"2";"Nord-est";82;2783;30371;745;6168;4;0;1;40072;3308;19717;1250;30673;0;0;0;54948;95020
"2";"Nord-est";83;2326;25573;596;5988;2;1;0;34486;2970;15311;1005;28978;1;0;1;48266;82752
"2";"Nord-est";84;2014;21071;461;5465;4;0;0;29015;2780;12222;797;28117;0;0;0;43916;72931
"2";"Nord-est";85;1879;19829;411;5625;3;0;0;27747;2645;10229;694;29256;1;1;0;42826;70573
"2";"Nord-est";86;1626;16702;348;5529;2;0;0;24207;2550;8227;603;28413;0;0;0;39793;64000
"2";"Nord-est";87;1317;13592;252;5093;0;0;1;20255;2372;5983;483;25921;0;0;1;34760;55015
"2";"Nord-est";88;1125;10866;201;4708;0;1;0;16901;2137;4548;402;24626;0;0;2;31715;48616
"2";"Nord-est";89;931;9089;151;4345;0;0;0;14516;2080;3375;319;22802;0;0;1;28577;43093
"2";"Nord-est";90;817;7328;122;4017;2;0;1;12287;1973;2615;326;21851;0;0;0;26765;39052
"2";"Nord-est";91;587;5244;67;3300;0;0;0;9198;1612;1654;201;17819;0;0;0;21286;30484
"2";"Nord-est";92;482;3798;65;2787;1;0;0;7133;1418;1078;160;15602;1;0;0;18259;25392
"2";"Nord-est";93;324;2723;50;2366;0;0;0;5463;1264;736;142;13304;0;0;0;15446;20909
"2";"Nord-est";94;220;1769;22;1829;0;0;0;3840;969;438;101;10575;0;0;0;12083;15923
"2";"Nord-est";95;167;1162;11;1433;0;0;0;2773;850;289;79;8409;0;0;0;9627;12400
"2";"Nord-est";96;121;729;17;1128;0;0;0;1995;641;162;57;6146;0;0;0;7006;9001
"2";"Nord-est";97;68;439;14;793;0;0;0;1314;486;103;43;4660;0;0;0;5292;6606
"2";"Nord-est";98;51;252;6;510;0;0;0;819;316;54;21;3327;0;0;0;3718;4537
"2";"Nord-est";99;30;146;3;356;0;0;0;535;249;24;19;2303;0;0;0;2595;3130
"2";"Nord-est";100;26;140;4;407;0;0;0;577;311;31;15;2799;0;0;0;3156;3733
"2";"Nord-est";999;2738123;2601240;189052;143408;3307;51;44;5675225;2324503;2633421;259238;693104;1774;55;35;5912130;11587355
"1";"Nord-ovest";0;54446;0;0;0;0;0;0;54446;51618;0;0;0;0;0;0;51618;106064
"1";"Nord-ovest";1;56971;0;0;0;0;0;0;56971;54626;0;0;0;0;0;0;54626;111597
"1";"Nord-ovest";2;59739;0;0;0;0;0;0;59739;56796;0;0;0;0;0;0;56796;116535
"1";"Nord-ovest";3;63023;0;0;0;0;0;0;63023;59646;0;0;0;0;0;0;59646;122669
"1";"Nord-ovest";4;65303;0;0;0;0;0;0;65303;62136;0;0;0;0;0;0;62136;127439
"1";"Nord-ovest";5;68013;0;0;0;0;0;0;68013;63539;0;0;0;0;0;0;63539;131552
"1";"Nord-ovest";6;68536;0;0;0;0;0;0;68536;65211;0;0;0;0;0;0;65211;133747
"1";"Nord-ovest";7;70536;0;0;0;0;0;0;70536;66203;0;0;0;0;0;0;66203;136739
"1";"Nord-ovest";8;72924;0;0;0;0;0;0;72924;68830;0;0;0;0;0;0;68830;141754
"1";"Nord-ovest";9;74351;0;0;0;0;0;0;74351;69586;0;0;0;0;0;0;69586;143937
"1";"Nord-ovest";10;76469;0;0;0;0;0;0;76469;71615;0;0;0;0;0;0;71615;148084
"1";"Nord-ovest";11;78027;0;0;0;0;0;0;78027;73869;0;0;0;0;0;0;73869;151896
"1";"Nord-ovest";12;78529;0;0;0;0;0;0;78529;74001;0;0;0;0;0;0;74001;152530
"1";"Nord-ovest";13;77964;0;0;0;0;0;0;77964;73022;0;0;0;0;0;0;73022;150986
"1";"Nord-ovest";14;78092;0;0;0;0;0;0;78092;73089;0;0;0;0;0;0;73089;151181
"1";"Nord-ovest";15;76766;0;0;0;0;0;0;76766;71730;0;0;0;0;0;0;71730;148496
"1";"Nord-ovest";16;76194;2;2;0;0;0;0;76198;72028;9;3;0;0;0;0;72040;148238
"1";"Nord-ovest";17;75501;0;4;0;0;0;0;75505;70309;7;2;0;0;0;0;70318;145823
"1";"Nord-ovest";18;74738;2;2;1;0;0;0;74743;69794;45;5;0;0;0;0;69844;144587
"1";"Nord-ovest";19;76515;13;6;0;0;0;0;76534;70685;225;6;0;0;0;0;70916;147450
"1";"Nord-ovest";20;79671;45;4;0;1;0;0;79721;71859;696;8;1;0;0;0;72564;152285
"1";"Nord-ovest";21;79624;203;10;0;3;0;0;79840;70139;1384;21;5;2;1;0;71552;151392
"1";"Nord-ovest";22;81562;327;14;0;6;0;0;81909;69797;2252;19;1;8;1;0;72078;153987
"1";"Nord-ovest";23;79926;571;9;0;4;0;0;80510;69479;3220;40;3;10;2;0;72754;153264
"1";"Nord-ovest";24;79132;1026;21;1;26;1;0;80207;68130;4476;58;8;11;0;0;72683;152890
"1";"Nord-ovest";25;77191;1893;32;1;20;0;0;79137;66158;6355;96;9;11;1;0;72630;151767
"1";"Nord-ovest";26;76464;2753;50;1;31;3;0;79302;65037;8796;147;15;22;2;0;74019;153321
"1";"Nord-ovest";27;75867;4192;72;2;43;2;0;80178;64123;11461;236;19;34;2;0;75875;156053
"1";"Nord-ovest";28;77183;6272;90;4;49;2;0;83600;62851;15235;303;25;35;5;0;78454;162054
"1";"Nord-ovest";29;73984;8882;176;9;46;0;0;83097;59838;19245;404;36;33;2;0;79558;162655
"1";"Nord-ovest";30;72436;12477;258;12;82;3;1;85269;56442;24336;644;43;57;3;0;81525;166794
"1";"Nord-ovest";31;67961;16351;374;11;81;3;0;84781;52480;28592;840;64;59;7;0;82042;166823
"1";"Nord-ovest";32;66204;20784;466;22;106;3;0;87585;48880;33939;1099;87;86;2;0;84093;171678
"1";"Nord-ovest";33;60457;24321;620;15;112;1;0;85526;43558;37774;1350;127;89;7;0;82905;168431
"1";"Nord-ovest";34;56932;28427;780;17;123;6;1;86286;40742;40826;1742;135;80;1;0;83526;169812
"1";"Nord-ovest";35;54929;32419;1048;29;134;0;0;88559;39116;44949;2217;169;79;3;0;86533;175092
"1";"Nord-ovest";36;52310;36561;1268;35;85;3;0;90262;37122;48087;2447;204;106;6;1;87973;178235
"1";"Nord-ovest";37;49885;40800;1583;42;135;2;1;92448;35667;51536;2941;298;102;1;0;90545;182993
"1";"Nord-ovest";38;48888;44866;1870;54;113;5;0;95796;34403;55432;3402;344;100;7;0;93688;189484
"1";"Nord-ovest";39;46902;47146;2232;81;135;4;1;96501;33280;57005;3947;433;83;3;0;94751;191252
"1";"Nord-ovest";40;45326;50229;2528;97;118;3;0;98301;31840;59677;4545;484;90;3;1;96640;194941
"1";"Nord-ovest";41;44102;53550;2939;108;155;7;1;100862;31024;62418;5055;581;97;4;0;99179;200041
"1";"Nord-ovest";42;45187;58028;3594;155;136;2;2;107104;31284;67368;5901;708;85;4;0;105350;212454
"1";"Nord-ovest";43;45008;62347;4056;189;167;3;3;111773;31557;71197;6769;835;103;5;1;110467;222240
"1";"Nord-ovest";44;45218;66089;4781;216;140;1;0;116445;31097;75371;7585;993;87;8;1;115142;231587
"1";"Nord-ovest";45;45863;71951;5562;261;170;1;1;123809;31674;80885;8818;1195;116;2;0;122690;246499
"1";"Nord-ovest";46;45402;76277;6532;322;207;1;1;128742;31055;84716;9694;1324;97;3;2;126891;255633
"1";"Nord-ovest";47;43003;78037;6979;354;191;2;1;128567;29545;85802;10191;1528;93;2;1;127162;255729
"1";"Nord-ovest";48;41245;81563;7596;462;170;2;2;131040;27983;87896;11214;1770;87;1;0;128951;259991
"1";"Nord-ovest";49;39145;83414;8357;524;179;5;4;131628;26255;89589;11697;2088;79;5;1;129714;261342
"1";"Nord-ovest";50;36010;84665;8721;592;183;3;6;130180;24575;89800;12307;2365;93;5;0;129145;259325
"1";"Nord-ovest";51;34562;88341;9554;650;184;3;1;133295;23966;93347;12974;2749;64;1;0;133101;266396
"1";"Nord-ovest";52;32630;89584;9707;803;202;7;1;132934;22135;93490;13203;3191;79;6;0;132104;265038
"1";"Nord-ovest";53;30559;89827;10146;864;181;1;2;131580;21369;93851;13528;3701;79;2;1;132531;264111
"1";"Nord-ovest";54;29247;92955;10763;1125;181;2;1;134274;20225;95909;13827;4056;64;0;0;134081;268355
"1";"Nord-ovest";55;27034;93414;11120;1182;194;0;2;132946;19188;95974;13892;4777;73;2;2;133908;266854
"1";"Nord-ovest";56;24836;95248;11210;1323;162;1;2;132782;18108;96481;14049;5244;60;1;1;133944;266726
"1";"Nord-ovest";57;21517;89497;10473;1427;166;0;3;123083;15887;91378;13036;5720;55;0;0;126076;249159
"1";"Nord-ovest";58;19162;85637;9764;1600;157;1;2;116323;14373;87713;12220;6401;49;1;1;120758;237081
"1";"Nord-ovest";59;17473;84404;9532;1577;162;0;4;113152;13442;85494;11667;7103;43;1;1;117751;230903
"1";"Nord-ovest";60;15521;82263;8844;1800;121;0;4;108553;12346;82700;11074;7786;40;0;0;113946;222499
"1";"Nord-ovest";61;14350;80429;8448;1916;112;2;4;105261;11355;80704;10433;8551;39;1;1;111084;216345
"1";"Nord-ovest";62;13072;77542;7669;2185;110;3;1;100582;10243;77212;9609;9169;32;1;4;106270;206852
"1";"Nord-ovest";63;12163;76597;7421;2231;91;0;0;98503;9671;75907;9040;10080;34;1;1;104734;203237
"1";"Nord-ovest";64;11090;75520;6849;2499;79;0;5;96042;8979;74260;8567;10998;27;0;0;102831;198873
"1";"Nord-ovest";65;10204;73162;6183;2688;92;0;0;92329;8306;72743;7900;12094;22;1;2;101068;193397
"1";"Nord-ovest";66;9658;72081;5887;2979;70;0;2;90677;7752;70496;7339;13393;16;2;1;98999;189676
"1";"Nord-ovest";67;8781;69980;5143;3262;64;1;4;87235;7033;67406;6620;14229;15;0;0;95303;182538
"1";"Nord-ovest";68;8570;69284;5053;3517;67;0;0;86491;7002;66348;6336;15465;25;0;2;95178;181669
"1";"Nord-ovest";69;7951;68006;4564;3806;53;0;4;84384;6440;65383;5930;17123;15;0;1;94892;179276
"1";"Nord-ovest";70;7994;71008;4304;4428;57;0;4;87795;6439;66874;5713;19439;15;0;3;98483;186278
"1";"Nord-ovest";71;7472;71260;3942;4917;58;0;3;87652;6284;65794;5486;21742;12;0;1;99319;186971
"1";"Nord-ovest";72;7411;73384;3875;5607;62;1;2;90342;6350;66450;5432;25105;15;0;1;103353;193695
"1";"Nord-ovest";73;6643;71138;3580;5898;52;0;2;87313;6107;62651;5103;26744;11;0;2;100618;187931
"1";"Nord-ovest";74;6345;70375;3341;6571;35;0;1;86668;5820;61196;4899;29642;8;0;2;101567;188235
"1";"Nord-ovest";75;4639;50928;2266;5354;27;0;0;63214;4418;42784;3243;24640;4;0;0;75089;138303
"1";"Nord-ovest";76;4712;53290;2129;6187;30;0;0;66348;4669;44270;3279;28693;5;0;0;80916;147264
"1";"Nord-ovest";77;4490;50809;1867;6488;22;0;1;63677;4680;41608;3041;30521;2;0;0;79852;143529
"1";"Nord-ovest";78;4523;49917;1717;6976;26;0;0;63159;4647;39626;2936;33313;5;0;0;80527;143686
"1";"Nord-ovest";79;4423;48500;1600;7690;24;0;1;62238;4906;37507;2653;36590;1;0;0;81657;143895
"1";"Nord-ovest";80;4471;50590;1593;8925;16;0;1;65596;5173;37046;2515;42284;5;0;1;87024;152620
"1";"Nord-ovest";81;4052;47378;1318;9265;17;0;0;62030;5174;32927;2235;43752;2;0;2;84092;146122
"1";"Nord-ovest";82;3605;42942;1172;9516;12;0;0;57247;4885;28430;2087;44784;1;0;0;80187;137434
"1";"Nord-ovest";83;2913;35789;926;8939;14;0;1;48582;4497;22348;1634;42511;1;0;0;70991;119573
"1";"Nord-ovest";84;2385;29814;695;8370;4;0;2;41270;4082;17312;1380;40248;1;0;0;63023;104293
"1";"Nord-ovest";85;2264;26835;636;8371;6;0;1;38113;4115;14749;1228;41622;0;0;0;61714;99827
"1";"Nord-ovest";86;1882;22244;461;7893;8;0;1;32489;3780;11456;976;39316;2;0;1;55531;88020
"1";"Nord-ovest";87;1571;18100;361;7340;7;0;0;27379;3628;8814;855;36957;1;0;1;50256;77635
"1";"Nord-ovest";88;1347;15022;296;6875;2;0;0;23542;3391;6652;708;35207;0;0;0;45958;69500
"1";"Nord-ovest";89;1075;12133;211;6128;7;0;0;19554;3151;5070;575;32214;1;0;0;41011;60565
"1";"Nord-ovest";90;875;9877;185;5555;4;0;2;16498;3032;3700;519;29945;0;0;0;37196;53694
"1";"Nord-ovest";91;657;6845;129;4590;0;0;0;12221;2516;2391;381;24893;0;0;1;30182;42403
"1";"Nord-ovest";92;461;4754;84;3700;2;0;0;9001;2122;1644;307;20303;3;0;0;24379;33380
"1";"Nord-ovest";93;366;3409;50;3045;0;0;0;6870;1753;1012;241;16802;0;0;0;19808;26678
"1";"Nord-ovest";94;248;2106;38;2259;0;0;0;4651;1306;622;160;13280;0;0;1;15369;20020
"1";"Nord-ovest";95;172;1402;26;1704;0;0;0;3304;1032;430;122;10106;0;0;0;11690;14994
"1";"Nord-ovest";96;131;776;16;1189;1;0;0;2113;790;256;95;7549;0;0;0;8690;10803
"1";"Nord-ovest";97;81;445;9;915;0;0;0;1450;623;148;64;5546;0;0;0;6381;7831
"1";"Nord-ovest";98;66;261;3;578;0;0;0;908;403;78;59;3976;0;0;0;4516;5424
"1";"Nord-ovest";99;26;156;2;382;0;0;0;566;315;43;37;2672;0;0;0;3067;3633
"1";"Nord-ovest";100;26;139;5;384;0;0;0;554;402;49;34;3475;0;0;0;3960;4514
"1";"Nord-ovest";999;3691360;3591880;267803;207090;6092;90;89;7764404;3123633;3641334;374994;991598;2960;118;42;8134679;15899083
"4";"Sud";0;50838;0;0;0;0;0;0;50838;47838;0;0;0;0;0;0;47838;98676
"4";"Sud";1;52656;0;0;0;0;0;0;52656;50114;0;0;0;0;0;0;50114;102770
"4";"Sud";2;54839;0;0;0;0;0;0;54839;51374;0;0;0;0;0;0;51374;106213
"4";"Sud";3;57080;0;0;0;0;0;0;57080;54405;0;0;0;0;0;0;54405;111485
"4";"Sud";4;58575;0;0;0;0;0;0;58575;55336;0;0;0;0;0;0;55336;113911
"4";"Sud";5;59419;0;0;0;0;0;0;59419;56313;0;0;0;0;0;0;56313;115732
"4";"Sud";6;60295;0;0;0;0;0;0;60295;56416;0;0;0;0;0;0;56416;116711
"4";"Sud";7;60809;0;0;0;0;0;0;60809;58008;0;0;0;0;0;0;58008;118817
"4";"Sud";8;64040;0;0;0;0;0;0;64040;59777;0;0;0;0;0;0;59777;123817
"4";"Sud";9;65342;0;0;0;0;0;0;65342;61321;0;0;0;0;0;0;61321;126663
"4";"Sud";10;67312;0;0;0;0;0;0;67312;63344;0;0;0;0;0;0;63344;130656
"4";"Sud";11;68310;0;0;0;0;0;0;68310;64390;0;0;0;0;0;0;64390;132700
"4";"Sud";12;69076;0;0;0;0;0;0;69076;65794;0;0;0;0;0;0;65794;134870
"4";"Sud";13;70140;0;0;0;0;0;0;70140;66373;0;0;0;0;0;0;66373;136513
"4";"Sud";14;70928;0;0;0;0;0;0;70928;66699;0;0;0;0;0;0;66699;137627
"4";"Sud";15;71589;0;0;0;0;0;0;71589;67439;0;0;0;0;0;0;67439;139028
"4";"Sud";16;73671;4;0;0;0;0;0;73675;69628;5;1;0;0;0;0;69634;143309
"4";"Sud";17;74149;3;1;0;0;0;0;74153;70148;12;0;0;0;0;0;70160;144313
"4";"Sud";18;73701;7;2;0;0;0;0;73710;69295;39;4;0;0;0;0;69338;143048
"4";"Sud";19;75848;23;4;1;0;0;0;75876;70530;187;0;0;0;0;0;70717;146593
"4";"Sud";20;77736;58;3;2;0;0;0;77799;71456;446;2;0;0;1;0;71905;149704
"4";"Sud";21;77374;152;8;7;1;0;0;77542;69725;948;8;4;4;0;0;70689;148231
"4";"Sud";22;77290;379;5;2;1;0;0;77677;69308;1718;11;4;1;1;0;71043;148720
"4";"Sud";23;76128;624;7;7;2;0;0;76768;68123;2598;13;3;1;0;0;70738;147506
"4";"Sud";24;75563;1083;15;3;6;0;0;76670;67700;4017;20;8;3;1;0;71749;148419
"4";"Sud";25;73899;1861;16;3;6;0;0;75785;66111;6021;39;6;6;0;0;72183;147968
"4";"Sud";26;73535;3003;17;6;12;0;0;76573;64159;8640;71;15;4;0;0;72889;149462
"4";"Sud";27;73092;4593;33;12;8;0;0;77738;62247;12225;122;21;12;0;0;74627;152365
"4";"Sud";28;73196;7172;39;7;13;0;0;80427;60662;17128;150;26;10;0;0;77976;158403
"4";"Sud";29;69087;9893;70;10;14;0;0;79074;55321;21635;228;41;8;2;0;77235;156309
"4";"Sud";30;65614;13919;109;18;16;3;0;79679;50566;26399;354;59;16;1;0;77395;157074
"4";"Sud";31;61065;17548;165;16;26;0;0;78820;45362;31823;462;76;11;2;0;77736;156556
"4";"Sud";32;57874;22323;224;24;19;0;0;80464;41268;37438;584;90;21;0;1;79402;159866
"4";"Sud";33;52504;26129;277;25;27;0;0;78962;36248;40523;725;137;14;1;0;77648;156610
"4";"Sud";34;47888;30284;391;40;37;1;0;78641;32260;44120;881;173;19;0;0;77453;156094
"4";"Sud";35;44518;34911;449;31;30;2;0;79941;29693;47982;1052;199;11;1;0;78938;158879
"4";"Sud";36;41809;38818;601;52;20;0;0;81300;27610;52300;1297;267;21;1;0;81496;162796
"4";"Sud";37;38833;42352;710;59;31;0;0;81985;25052;54951;1524;271;12;1;0;81811;163796
"4";"Sud";38;36843;46330;869;72;32;1;0;84147;23846;58931;1691;389;14;2;0;84873;169020
"4";"Sud";39;34019;48580;936;86;34;0;0;83655;21968;60809;1921;466;11;1;0;85176;168831
"4";"Sud";40;32430;52382;1208;97;26;2;1;86146;20522;62973;2183;539;7;0;0;86224;172370
"4";"Sud";41;31017;56049;1313;138;43;0;0;88560;19637;66771;2540;620;28;1;0;89597;178157
"4";"Sud";42;30113;59566;1571;151;27;0;0;91428;18781;69556;2938;808;17;1;0;92101;183529
"4";"Sud";43;29048;62294;1812;199;43;1;0;93397;18508;72576;3094;957;21;0;0;95156;188553
"4";"Sud";44;28311;66431;2105;236;38;1;0;97122;18556;75759;3449;1167;11;0;0;98942;196064
"4";"Sud";45;27306;69652;2362;286;43;0;0;99649;17741;78762;3813;1376;9;0;0;101701;201350
"4";"Sud";46;26106;72937;2563;320;35;1;0;101962;17255;82440;4038;1623;15;1;1;105373;207335
"4";"Sud";47;23821;72635;2748;393;35;2;0;99634;16182;81486;4274;1843;24;0;0;103809;203443
"4";"Sud";48;22435;74269;2741;438;29;1;0;99913;15495;82180;4417;2029;8;1;0;104130;204043
"4";"Sud";49;21363;75719;3101;517;35;0;1;100736;14915;83882;4563;2472;19;1;0;105852;206588
"4";"Sud";50;19425;76406;3035;585;38;1;0;99490;14174;83242;4606;2663;15;1;0;104701;204191
"4";"Sud";51;18714;79759;3290;670;35;0;0;102468;14037;86023;4839;3182;10;1;1;108093;210561
"4";"Sud";52;17352;80556;3345;754;33;0;0;102040;13570;85876;4765;3606;14;1;1;107833;209873
"4";"Sud";53;16280;82685;3507;809;33;0;0;103314;13196;87183;4930;4033;19;1;0;109362;212676
"4";"Sud";54;15225;83858;3486;1037;31;2;0;103639;12801;87704;4867;4535;9;0;0;109916;213555
"4";"Sud";55;14052;84752;3621;1146;32;2;0;103605;12229;87669;4883;5136;10;0;0;109927;213532
"4";"Sud";56;13451;87381;3710;1324;39;0;0;105905;12226;88672;4936;6086;9;1;2;111932;217837
"4";"Sud";57;11743;81808;3430;1419;26;1;1;98428;11031;83464;4512;6307;5;1;0;105320;203748
"4";"Sud";58;10740;80603;3238;1458;28;0;0;96067;10590;81478;4188;7049;8;0;0;103313;199380
"4";"Sud";59;9834;79530;3109;1588;29;0;0;94090;9990;80029;4125;7792;7;0;1;101944;196034
"4";"Sud";60;9016;77573;3116;1703;24;0;0;91432;9476;76756;3971;8619;11;1;1;98835;190267
"4";"Sud";61;8200;76442;2822;1915;23;0;0;89402;9210;74538;3643;9239;7;0;0;96637;186039
"4";"Sud";62;7423;72089;2593;1980;13;1;0;84099;8368;70328;3479;9757;2;0;0;91934;176033
"4";"Sud";63;6967;72444;2636;2246;21;0;0;84314;7984;69478;3390;10775;2;0;1;91630;175944
"4";"Sud";64;6129;70597;2341;2317;12;1;0;81397;7379;66913;3018;11539;1;0;0;88850;170247
"4";"Sud";65;5845;70763;2218;2498;10;1;2;81337;7196;65546;2936;12740;3;0;1;88422;169759
"4";"Sud";66;5464;69269;2046;2765;14;0;0;79558;6891;63774;2674;13917;2;2;1;87261;166819
"4";"Sud";67;4777;64963;1965;2868;13;0;0;74586;6252;58483;2518;14174;3;0;0;81430;156016
"4";"Sud";68;4459;63167;1746;3049;13;0;0;72434;6178;55414;2415;15136;5;0;0;79148;151582
"4";"Sud";69;4068;63620;1654;3416;7;0;0;72765;5941;54952;2279;16834;3;1;1;80011;152776
"4";"Sud";70;3916;64864;1636;3694;6;1;0;74117;6108;54629;2200;18571;1;2;0;81511;155628
"4";"Sud";71;3743;64184;1495;4002;12;0;1;73437;5937;53102;2070;20282;0;1;2;81394;154831
"4";"Sud";72;3601;64745;1330;4624;6;1;0;74307;6033;52748;1957;23210;2;0;0;83950;158257
"4";"Sud";73;3330;60512;1260;4865;3;0;1;69971;5682;47939;1685;24068;1;0;1;79376;149347
"4";"Sud";74;2981;57778;1131;5299;14;1;1;67205;5292;44794;1605;25694;0;0;0;77385;144590
"4";"Sud";75;2212;45820;879;4616;7;0;0;53534;4556;34313;1229;22170;0;0;0;62268;115802
"4";"Sud";76;2045;40734;710;4555;8;0;1;48053;4012;29545;1028;22184;0;0;0;56769;104822
"4";"Sud";77;1930;39846;643;4923;4;0;1;47347;4274;28559;959;24384;1;0;0;58177;105524
"4";"Sud";78;1792;37782;574;5303;4;0;0;45455;4057;26164;904;25469;0;0;1;56595;102050
"4";"Sud";79;1688;34830;529;5449;1;0;1;42498;3906;23446;811;26082;1;0;0;54246;96744
"4";"Sud";80;1762;36748;490;6416;3;0;1;45420;4214;23415;810;30623;1;0;0;59063;104483
"4";"Sud";81;1534;34175;433;6641;1;0;0;42784;4095;21406;694;31584;1;0;0;57780;100564
"4";"Sud";82;1215;29521;390;6587;3;0;0;37716;3867;17711;562;30579;0;0;0;52719;90435
"4";"Sud";83;1189;26092;285;6577;0;0;0;34143;3506;14794;540;30256;0;0;0;49096;83239
"4";"Sud";84;1087;21897;247;6378;1;0;1;29611;3193;11972;438;29220;0;0;0;44823;74434
"4";"Sud";85;904;20018;207;6534;0;0;0;27663;3126;10287;400;29178;0;0;1;42992;70655
"4";"Sud";86;833;16669;128;6390;1;0;0;24021;2958;8049;329;27897;0;0;0;39233;63254
"4";"Sud";87;721;14336;128;6105;1;0;0;21291;2735;6535;319;26504;0;0;0;36093;57384
"4";"Sud";88;555;11354;79;5611;0;0;0;17599;2426;4973;243;23999;0;0;1;31642;49241
"4";"Sud";89;456;9018;73;5247;1;0;1;14796;2167;3814;220;21714;1;0;0;27916;42712
"4";"Sud";90;406;7333;62;4910;0;0;0;12711;2009;2947;185;20472;0;0;0;25613;38324
"4";"Sud";91;299;5202;42;3846;1;0;1;9391;1714;1890;146;16152;0;0;1;19903;29294
"4";"Sud";92;199;3642;42;3222;0;0;0;7105;1353;1392;107;13519;0;0;0;16371;23476
"4";"Sud";93;191;2563;22;2665;0;0;0;5441;1155;882;82;11172;0;0;0;13291;18732
"4";"Sud";94;123;1610;19;2083;0;0;0;3835;902;596;64;8483;0;0;0;10045;13880
"4";"Sud";95;87;1077;11;1457;0;0;0;2632;712;416;54;6434;0;0;0;7616;10248
"4";"Sud";96;61;701;5;1133;0;0;0;1900;523;272;34;4748;0;0;0;5577;7477
"4";"Sud";97;45;458;6;823;0;0;0;1332;377;151;19;3591;0;0;0;4138;5470
"4";"Sud";98;29;302;4;565;0;0;0;900;290;132;16;2494;0;0;0;2932;3832
"4";"Sud";99;31;156;4;369;0;0;0;560;207;75;7;1717;0;0;0;2006;2566
"4";"Sud";100;56;211;6;440;0;0;0;713;291;118;14;2281;0;0;0;2704;3417
"4";"Sud";999;3046619;3284426;96253;170134;1240;27;15;6598714;2681215;3321868;143174;793539;512;33;19;6940360;13539074
